﻿{
	"TryCount": 5,
	"GoodCount": 3,
	"c": 100, "go": [3.905,3.605,1.667], "gu": [0,0,0,1,1],
	"r": {
		"2": {"c": 100, "go": [1,0,0.5], "gu": [255,255,255,255,0],
			"r": {
				"2": {"c": 100, "go": [0,0,1], "gu": [255,255,255,255,2]}
			}
		},
		"8": {"c": 100, "go": [1,0,0.5], "gu": [255,255,255,0,255],
			"r": {
				"8": {"c": 100, "go": [0,0,1], "gu": [255,255,255,2,255]}
			}
		},
		"10": {"c": 100, "go": [2,0,1], "gu": [255,255,255,0,0],
			"r": {
				"2": {"c": 100, "go": [0,0,1], "gu": [255,255,255,255,2]},
				"8": {"c": 100, "go": [0,0,1], "gu": [255,255,255,2,255]},
				"10": {"c": 100, "go": [0,0,2], "gu": [255,255,255,2,2]}
			}
		},
		"17": {"c": 100, "go": [1,1,0], "gu": [255,255,1,255,0]},
		"18": {"c": 100, "go": [1,0,1], "gu": [255,255,2,255,0]},
		"20": {"c": 100, "go": [1,1,0], "gu": [255,255,1,0,255]},
		"21": {"c": 100, "go": [2,1,0.667], "gu": [255,255,1,0,0],
			"r": {
				"2": {"c": 100, "go": [0,0,1], "gu": [255,255,255,255,2]},
				"8": {"c": 100, "go": [0,0,1], "gu": [255,255,255,2,255]}
			}
		},
		"24": {"c": 100, "go": [1,0,1], "gu": [255,255,2,0,255]},
		"26": {"c": 100, "go": [2,0,1.667], "gu": [255,255,2,0,0],
			"r": {
				"2": {"c": 100, "go": [0,0,1], "gu": [255,255,255,255,2]},
				"8": {"c": 100, "go": [0,0,1], "gu": [255,255,255,2,255]}
			}
		},
		"32": {"c": 100, "go": [0,1,0.5], "gu": [255,255,1,255,255],
			"r": {
				"32": {"c": 100, "go": [0,0,1], "gu": [255,255,2,255,255]}
			}
		},
		"33": {"c": 100, "go": [0,1,1], "gu": [255,255,1,255,2]},
		"34": {"c": 100, "go": [0,0,2], "gu": [255,255,2,255,2]},
		"36": {"c": 100, "go": [0,1,1], "gu": [255,255,1,2,255]},
		"37": {"c": 100, "go": [0,1,2], "gu": [255,255,1,2,2]},
		"40": {"c": 100, "go": [0,0,2], "gu": [255,255,2,2,255]},
		"42": {"c": 100, "go": [0,0,3], "gu": [255,255,2,2,2]},
		"65": {"c": 100, "go": [1,1,0], "gu": [255,1,255,255,0]},
		"66": {"c": 100, "go": [1,0,1], "gu": [255,2,255,255,0]},
		"68": {"c": 100, "go": [1,1,0], "gu": [255,1,255,0,255]},
		"69": {"c": 100, "go": [2,1,0.667], "gu": [255,1,255,0,0],
			"r": {
				"2": {"c": 100, "go": [0,0,1], "gu": [255,255,255,255,2]},
				"8": {"c": 100, "go": [0,0,1], "gu": [255,255,255,2,255]}
			}
		},
		"72": {"c": 100, "go": [1,0,1], "gu": [255,2,255,0,255]},
		"74": {"c": 100, "go": [2,0,1.667], "gu": [255,2,255,0,0],
			"r": {
				"2": {"c": 100, "go": [0,0,1], "gu": [255,255,255,255,2]},
				"8": {"c": 100, "go": [0,0,1], "gu": [255,255,255,2,255]}
			}
		},
		"81": {"c": 100, "go": [1,2,0.667], "gu": [255,1,1,255,0],
			"r": {
				"32": {"c": 100, "go": [0,0,1], "gu": [255,255,2,255,255]},
				"128": {"c": 100, "go": [0,0,1], "gu": [255,2,255,255,255]}
			}
		},
		"82": {"c": 100, "go": [1,0,2], "gu": [255,2,2,255,0]},
		"84": {"c": 100, "go": [1,2,0.667], "gu": [255,1,1,0,255],
			"r": {
				"32": {"c": 100, "go": [0,0,1], "gu": [255,255,2,255,255]},
				"128": {"c": 100, "go": [0,0,1], "gu": [255,2,255,255,255]}
			}
		},
		"85": {"c": 100, "go": [2,2,1.333], "gu": [255,1,1,0,0],
			"r": {
				"2": {"c": 100, "go": [0,0,1], "gu": [255,255,255,255,2]},
				"8": {"c": 100, "go": [0,0,1], "gu": [255,255,255,2,255]},
				"32": {"c": 100, "go": [0,0,1], "gu": [255,255,2,255,255]},
				"34": {"c": 100, "go": [0,0,2], "gu": [255,255,2,255,2]},
				"40": {"c": 100, "go": [0,0,2], "gu": [255,255,2,2,255]},
				"128": {"c": 100, "go": [0,0,1], "gu": [255,2,255,255,255]},
				"130": {"c": 100, "go": [0,0,2], "gu": [255,2,255,255,2]},
				"136": {"c": 100, "go": [0,0,2], "gu": [255,2,255,2,255]}
			}
		},
		"88": {"c": 100, "go": [1,0,2], "gu": [255,2,2,0,255]},
		"90": {"c": 100, "go": [2,0,2.667], "gu": [255,2,2,0,0],
			"r": {
				"2": {"c": 100, "go": [0,0,1], "gu": [255,255,255,255,2]},
				"8": {"c": 100, "go": [0,0,1], "gu": [255,255,255,2,255]}
			}
		},
		"128": {"c": 100, "go": [0,1,0.5], "gu": [255,1,255,255,255],
			"r": {
				"128": {"c": 100, "go": [0,0,1], "gu": [255,2,255,255,255]}
			}
		},
		"129": {"c": 100, "go": [0,1,1], "gu": [255,1,255,255,2]},
		"130": {"c": 100, "go": [0,0,2], "gu": [255,2,255,255,2]},
		"132": {"c": 100, "go": [0,1,1], "gu": [255,1,255,2,255]},
		"133": {"c": 100, "go": [0,1,2], "gu": [255,1,255,2,2]},
		"136": {"c": 100, "go": [0,0,2], "gu": [255,2,255,2,255]},
		"138": {"c": 100, "go": [0,0,3], "gu": [255,2,255,2,2]},
		"160": {"c": 100, "go": [0,2,1], "gu": [255,1,1,255,255],
			"r": {
				"32": {"c": 100, "go": [0,0,1], "gu": [255,255,2,255,255]},
				"128": {"c": 100, "go": [0,0,1], "gu": [255,2,255,255,255]},
				"160": {"c": 100, "go": [0,0,2], "gu": [255,2,2,255,255]}
			}
		},
		"161": {"c": 100, "go": [0,2,1.667], "gu": [255,1,1,255,2],
			"r": {
				"32": {"c": 100, "go": [0,0,1], "gu": [255,255,2,255,255]},
				"128": {"c": 100, "go": [0,0,1], "gu": [255,2,255,255,255]}
			}
		},
		"162": {"c": 100, "go": [0,0,3], "gu": [255,2,2,255,2]},
		"164": {"c": 100, "go": [0,2,1.667], "gu": [255,1,1,2,255],
			"r": {
				"32": {"c": 100, "go": [0,0,1], "gu": [255,255,2,255,255]},
				"128": {"c": 100, "go": [0,0,1], "gu": [255,2,255,255,255]}
			}
		},
		"165": {"c": 100, "go": [0,2,2.667], "gu": [255,1,1,2,2],
			"r": {
				"32": {"c": 100, "go": [0,0,1], "gu": [255,255,2,255,255]},
				"128": {"c": 100, "go": [0,0,1], "gu": [255,2,255,255,255]}
			}
		},
		"168": {"c": 100, "go": [0,0,3], "gu": [255,2,2,2,255]},
		"170": {"c": 100, "go": [0,0,4], "gu": [255,2,2,2,2]},
		"257": {"c": 100, "go": [1,1,0], "gu": [1,255,255,255,0]},
		"258": {"c": 100, "go": [1,0,1], "gu": [2,255,255,255,0]},
		"260": {"c": 100, "go": [1,1,0], "gu": [1,255,255,0,255]},
		"261": {"c": 100, "go": [2,1,0.667], "gu": [1,255,255,0,0],
			"r": {
				"2": {"c": 100, "go": [0,0,1], "gu": [255,255,255,255,2]},
				"8": {"c": 100, "go": [0,0,1], "gu": [255,255,255,2,255]}
			}
		},
		"264": {"c": 100, "go": [1,0,1], "gu": [2,255,255,0,255]},
		"266": {"c": 100, "go": [2,0,1.667], "gu": [2,255,255,0,0],
			"r": {
				"2": {"c": 100, "go": [0,0,1], "gu": [255,255,255,255,2]},
				"8": {"c": 100, "go": [0,0,1], "gu": [255,255,255,2,255]}
			}
		},
		"273": {"c": 100, "go": [1,2,0.667], "gu": [1,255,1,255,0],
			"r": {
				"32": {"c": 100, "go": [0,0,1], "gu": [255,255,2,255,255]},
				"512": {"c": 100, "go": [0,0,1], "gu": [2,255,255,255,255]}
			}
		},
		"274": {"c": 100, "go": [1,0,2], "gu": [2,255,2,255,0]},
		"276": {"c": 100, "go": [1,2,0.667], "gu": [1,255,1,0,255],
			"r": {
				"32": {"c": 100, "go": [0,0,1], "gu": [255,255,2,255,255]},
				"512": {"c": 100, "go": [0,0,1], "gu": [2,255,255,255,255]}
			}
		},
		"277": {"c": 100, "go": [2,2,1.333], "gu": [1,255,1,0,0],
			"r": {
				"2": {"c": 100, "go": [0,0,1], "gu": [255,255,255,255,2]},
				"8": {"c": 100, "go": [0,0,1], "gu": [255,255,255,2,255]},
				"32": {"c": 100, "go": [0,0,1], "gu": [255,255,2,255,255]},
				"34": {"c": 100, "go": [0,0,2], "gu": [255,255,2,255,2]},
				"40": {"c": 100, "go": [0,0,2], "gu": [255,255,2,2,255]},
				"512": {"c": 100, "go": [0,0,1], "gu": [2,255,255,255,255]},
				"514": {"c": 100, "go": [0,0,2], "gu": [2,255,255,255,2]},
				"520": {"c": 100, "go": [0,0,2], "gu": [2,255,255,2,255]}
			}
		},
		"280": {"c": 100, "go": [1,0,2], "gu": [2,255,2,0,255]},
		"282": {"c": 100, "go": [2,0,2.667], "gu": [2,255,2,0,0],
			"r": {
				"2": {"c": 100, "go": [0,0,1], "gu": [255,255,255,255,2]},
				"8": {"c": 100, "go": [0,0,1], "gu": [255,255,255,2,255]}
			}
		},
		"321": {"c": 100, "go": [1,2,0.667], "gu": [1,1,255,255,0],
			"r": {
				"128": {"c": 100, "go": [0,0,1], "gu": [255,2,255,255,255]},
				"512": {"c": 100, "go": [0,0,1], "gu": [2,255,255,255,255]}
			}
		},
		"322": {"c": 100, "go": [1,0,2], "gu": [2,2,255,255,0]},
		"324": {"c": 100, "go": [1,2,0.667], "gu": [1,1,255,0,255],
			"r": {
				"128": {"c": 100, "go": [0,0,1], "gu": [255,2,255,255,255]},
				"512": {"c": 100, "go": [0,0,1], "gu": [2,255,255,255,255]}
			}
		},
		"325": {"c": 100, "go": [2,2,1.333], "gu": [1,1,255,0,0],
			"r": {
				"2": {"c": 100, "go": [0,0,1], "gu": [255,255,255,255,2]},
				"8": {"c": 100, "go": [0,0,1], "gu": [255,255,255,2,255]},
				"128": {"c": 100, "go": [0,0,1], "gu": [255,2,255,255,255]},
				"130": {"c": 100, "go": [0,0,2], "gu": [255,2,255,255,2]},
				"136": {"c": 100, "go": [0,0,2], "gu": [255,2,255,2,255]},
				"512": {"c": 100, "go": [0,0,1], "gu": [2,255,255,255,255]},
				"514": {"c": 100, "go": [0,0,2], "gu": [2,255,255,255,2]},
				"520": {"c": 100, "go": [0,0,2], "gu": [2,255,255,2,255]}
			}
		},
		"328": {"c": 100, "go": [1,0,2], "gu": [2,2,255,0,255]},
		"330": {"c": 100, "go": [2,0,2.667], "gu": [2,2,255,0,0],
			"r": {
				"2": {"c": 100, "go": [0,0,1], "gu": [255,255,255,255,2]},
				"8": {"c": 100, "go": [0,0,1], "gu": [255,255,255,2,255]}
			}
		},
		"337": {"c": 100, "go": [1,3,1.286], "gu": [1,1,1,255,0],
			"r": {
				"32": {"c": 100, "go": [0,0,1], "gu": [255,255,2,255,255]},
				"128": {"c": 100, "go": [0,0,1], "gu": [255,2,255,255,255]},
				"160": {"c": 100, "go": [0,0,2], "gu": [255,2,2,255,255]},
				"512": {"c": 100, "go": [0,0,1], "gu": [2,255,255,255,255]},
				"544": {"c": 100, "go": [0,0,2], "gu": [2,255,2,255,255]},
				"640": {"c": 100, "go": [0,0,2], "gu": [2,2,255,255,255]}
			}
		},
		"338": {"c": 100, "go": [1,0,3], "gu": [2,2,2,255,0]},
		"340": {"c": 100, "go": [1,3,1.286], "gu": [1,1,1,0,255],
			"r": {
				"32": {"c": 100, "go": [0,0,1], "gu": [255,255,2,255,255]},
				"128": {"c": 100, "go": [0,0,1], "gu": [255,2,255,255,255]},
				"160": {"c": 100, "go": [0,0,2], "gu": [255,2,2,255,255]},
				"512": {"c": 100, "go": [0,0,1], "gu": [2,255,255,255,255]},
				"544": {"c": 100, "go": [0,0,2], "gu": [2,255,2,255,255]},
				"640": {"c": 100, "go": [0,0,2], "gu": [2,2,255,255,255]}
			}
		},
		"341": {"c": 100, "go": [2,3,1.952], "gu": [1,1,1,0,0],
			"r": {
				"2": {"c": 100, "go": [0,0,1], "gu": [255,255,255,255,2]},
				"8": {"c": 100, "go": [0,0,1], "gu": [255,255,255,2,255]},
				"32": {"c": 100, "go": [0,0,1], "gu": [255,255,2,255,255]},
				"34": {"c": 100, "go": [0,0,2], "gu": [255,255,2,255,2]},
				"40": {"c": 100, "go": [0,0,2], "gu": [255,255,2,2,255]},
				"128": {"c": 100, "go": [0,0,1], "gu": [255,2,255,255,255]},
				"130": {"c": 100, "go": [0,0,2], "gu": [255,2,255,255,2]},
				"136": {"c": 100, "go": [0,0,2], "gu": [255,2,255,2,255]},
				"160": {"c": 100, "go": [0,0,2], "gu": [255,2,2,255,255]},
				"162": {"c": 100, "go": [0,0,3], "gu": [255,2,2,255,2]},
				"168": {"c": 100, "go": [0,0,3], "gu": [255,2,2,2,255]},
				"512": {"c": 100, "go": [0,0,1], "gu": [2,255,255,255,255]},
				"514": {"c": 100, "go": [0,0,2], "gu": [2,255,255,255,2]},
				"520": {"c": 100, "go": [0,0,2], "gu": [2,255,255,2,255]},
				"544": {"c": 100, "go": [0,0,2], "gu": [2,255,2,255,255]},
				"546": {"c": 100, "go": [0,0,3], "gu": [2,255,2,255,2]},
				"552": {"c": 100, "go": [0,0,3], "gu": [2,255,2,2,255]},
				"640": {"c": 100, "go": [0,0,2], "gu": [2,2,255,255,255]},
				"642": {"c": 100, "go": [0,0,3], "gu": [2,2,255,255,2]},
				"648": {"c": 100, "go": [0,0,3], "gu": [2,2,255,2,255]}
			}
		},
		"344": {"c": 100, "go": [1,0,3], "gu": [2,2,2,0,255]},
		"346": {"c": 100, "go": [2,0,3.667], "gu": [2,2,2,0,0],
			"r": {
				"2": {"c": 100, "go": [0,0,1], "gu": [255,255,255,255,2]},
				"8": {"c": 100, "go": [0,0,1], "gu": [255,255,255,2,255]}
			}
		},
		"512": {"c": 100, "go": [0,1,0.5], "gu": [1,255,255,255,255],
			"r": {
				"512": {"c": 100, "go": [0,0,1], "gu": [2,255,255,255,255]}
			}
		},
		"513": {"c": 100, "go": [0,1,1], "gu": [1,255,255,255,2]},
		"514": {"c": 100, "go": [0,0,2], "gu": [2,255,255,255,2]},
		"516": {"c": 100, "go": [0,1,1], "gu": [1,255,255,2,255]},
		"517": {"c": 100, "go": [0,1,2], "gu": [1,255,255,2,2]},
		"520": {"c": 100, "go": [0,0,2], "gu": [2,255,255,2,255]},
		"522": {"c": 100, "go": [0,0,3], "gu": [2,255,255,2,2]},
		"544": {"c": 100, "go": [0,2,1], "gu": [1,255,1,255,255],
			"r": {
				"32": {"c": 100, "go": [0,0,1], "gu": [255,255,2,255,255]},
				"512": {"c": 100, "go": [0,0,1], "gu": [2,255,255,255,255]},
				"544": {"c": 100, "go": [0,0,2], "gu": [2,255,2,255,255]}
			}
		},
		"545": {"c": 100, "go": [0,2,1.667], "gu": [1,255,1,255,2],
			"r": {
				"32": {"c": 100, "go": [0,0,1], "gu": [255,255,2,255,255]},
				"512": {"c": 100, "go": [0,0,1], "gu": [2,255,255,255,255]}
			}
		},
		"546": {"c": 100, "go": [0,0,3], "gu": [2,255,2,255,2]},
		"548": {"c": 100, "go": [0,2,1.667], "gu": [1,255,1,2,255],
			"r": {
				"32": {"c": 100, "go": [0,0,1], "gu": [255,255,2,255,255]},
				"512": {"c": 100, "go": [0,0,1], "gu": [2,255,255,255,255]}
			}
		},
		"549": {"c": 100, "go": [0,2,2.667], "gu": [1,255,1,2,2],
			"r": {
				"32": {"c": 100, "go": [0,0,1], "gu": [255,255,2,255,255]},
				"512": {"c": 100, "go": [0,0,1], "gu": [2,255,255,255,255]}
			}
		},
		"552": {"c": 100, "go": [0,0,3], "gu": [2,255,2,2,255]},
		"554": {"c": 100, "go": [0,0,4], "gu": [2,255,2,2,2]},
		"640": {"c": 100, "go": [0,2,1], "gu": [1,1,255,255,255],
			"r": {
				"128": {"c": 100, "go": [0,0,1], "gu": [255,2,255,255,255]},
				"512": {"c": 100, "go": [0,0,1], "gu": [2,255,255,255,255]},
				"640": {"c": 100, "go": [0,0,2], "gu": [2,2,255,255,255]}
			}
		},
		"641": {"c": 100, "go": [0,2,1.667], "gu": [1,1,255,255,2],
			"r": {
				"128": {"c": 100, "go": [0,0,1], "gu": [255,2,255,255,255]},
				"512": {"c": 100, "go": [0,0,1], "gu": [2,255,255,255,255]}
			}
		},
		"642": {"c": 100, "go": [0,0,3], "gu": [2,2,255,255,2]},
		"644": {"c": 100, "go": [0,2,1.667], "gu": [1,1,255,2,255],
			"r": {
				"128": {"c": 100, "go": [0,0,1], "gu": [255,2,255,255,255]},
				"512": {"c": 100, "go": [0,0,1], "gu": [2,255,255,255,255]}
			}
		},
		"645": {"c": 100, "go": [0,2,2.667], "gu": [1,1,255,2,2],
			"r": {
				"128": {"c": 100, "go": [0,0,1], "gu": [255,2,255,255,255]},
				"512": {"c": 100, "go": [0,0,1], "gu": [2,255,255,255,255]}
			}
		},
		"648": {"c": 100, "go": [0,0,3], "gu": [2,2,255,2,255]},
		"650": {"c": 100, "go": [0,0,4], "gu": [2,2,255,2,2]},
		"672": {"c": 100, "go": [0,3,1.5], "gu": [1,1,1,255,255],
			"r": {
				"32": {"c": 100, "go": [0,0,1], "gu": [255,255,2,255,255]},
				"128": {"c": 100, "go": [0,0,1], "gu": [255,2,255,255,255]},
				"160": {"c": 100, "go": [0,0,2], "gu": [255,2,2,255,255]},
				"512": {"c": 100, "go": [0,0,1], "gu": [2,255,255,255,255]},
				"544": {"c": 100, "go": [0,0,2], "gu": [2,255,2,255,255]},
				"640": {"c": 100, "go": [0,0,2], "gu": [2,2,255,255,255]},
				"672": {"c": 100, "go": [0,0,3], "gu": [2,2,2,255,255]}
			}
		},
		"673": {"c": 100, "go": [0,3,2.286], "gu": [1,1,1,255,2],
			"r": {
				"32": {"c": 100, "go": [0,0,1], "gu": [255,255,2,255,255]},
				"128": {"c": 100, "go": [0,0,1], "gu": [255,2,255,255,255]},
				"160": {"c": 100, "go": [0,0,2], "gu": [255,2,2,255,255]},
				"512": {"c": 100, "go": [0,0,1], "gu": [2,255,255,255,255]},
				"544": {"c": 100, "go": [0,0,2], "gu": [2,255,2,255,255]},
				"640": {"c": 100, "go": [0,0,2], "gu": [2,2,255,255,255]}
			}
		},
		"674": {"c": 100, "go": [0,0,4], "gu": [2,2,2,255,2]},
		"676": {"c": 100, "go": [0,3,2.286], "gu": [1,1,1,2,255],
			"r": {
				"32": {"c": 100, "go": [0,0,1], "gu": [255,255,2,255,255]},
				"128": {"c": 100, "go": [0,0,1], "gu": [255,2,255,255,255]},
				"160": {"c": 100, "go": [0,0,2], "gu": [255,2,2,255,255]},
				"512": {"c": 100, "go": [0,0,1], "gu": [2,255,255,255,255]},
				"544": {"c": 100, "go": [0,0,2], "gu": [2,255,2,255,255]},
				"640": {"c": 100, "go": [0,0,2], "gu": [2,2,255,255,255]}
			}
		},
		"677": {"c": 100, "go": [0,3,3.286], "gu": [1,1,1,2,2],
			"r": {
				"32": {"c": 100, "go": [0,0,1], "gu": [255,255,2,255,255]},
				"128": {"c": 100, "go": [0,0,1], "gu": [255,2,255,255,255]},
				"160": {"c": 100, "go": [0,0,2], "gu": [255,2,2,255,255]},
				"512": {"c": 100, "go": [0,0,1], "gu": [2,255,255,255,255]},
				"544": {"c": 100, "go": [0,0,2], "gu": [2,255,2,255,255]},
				"640": {"c": 100, "go": [0,0,2], "gu": [2,2,255,255,255]}
			}
		},
		"680": {"c": 100, "go": [0,0,4], "gu": [2,2,2,2,255]},
		"682": {"c": 100, "go": [0,0,5], "gu": [2,2,2,2,2]}
	}

}
