﻿{
    "API.GEXChampionship": "Umístění cechu v CE bylo updatováno",
    "API.GEXPlayer": "Umístění členů v CE bylo updatováno",
    "API.LGGildMember": "__player__'s Velkolepé budovy byly poslány",
    "API.LGInvest": "Investice vašich VB bylo posláno",
    "Boxes.Calculator.ActiveRecurringQuest": "Aktivovaný opakujicí se úkol:",
    "Boxes.Calculator.AvailableFP": "Dostupně body výzkumu",
    "Boxes.Calculator.BPs": "Plánky",
    "Boxes.Calculator.Commitment": "Náklady",
    "Boxes.Calculator.Done": "Hotovo",
    "Boxes.Calculator.FP": "BV",
    "Boxes.Calculator.LGNotConnected": "Budova není připojena",
    "Boxes.Calculator.LGNotOpen": "Další úroveň není odemčená",
    "Boxes.Calculator.LevelWarning": "Upozornění! Zvýšení úrovně budovy",
    "Boxes.Calculator.Profit": "Zisk",
    "Boxes.Calculator.Step": "Úroveň ",
    "Boxes.Calculator.Title": "Kalkulačka bodů výzkumu",
    "Boxes.Calculator.Up2LevelUp": "Do nové úrovně",
    "Boxes.Campagne.AlreadyDone": " Již dobyto!",
    "Boxes.Campagne.DescInStock": "K dispozici",
    "Boxes.Campagne.DescRequired": "Požadováno",
    "Boxes.Campagne.Resource": "Zboží",
    "Boxes.Campagne.Reward": "Celková odměna ",
    "Boxes.Campagne.Title": "Náklady na dobytí ",
    "Boxes.CityMap.Desc1": "K naplánování vašeho města potřebujeme poslat data na foe-rechner.de",
    "Boxes.CityMap.SubmitSuccess": "Data byla přijata... Nyní navštivte ",
    "Boxes.CityMap.TitleSend": "Vložit data",
    "Boxes.HiddenRewards.Disappears": "Zmizí",
    "Boxes.HiddenRewards.NoEvents": "Nejsou žádné příhody",
    "Boxes.HiddenRewards.Title": "Skryté příhody",
    "Boxes.Negotiation.Average": "Ø Množství",
    "Boxes.Negotiation.Canceled": "Vzdát",
    "Boxes.Negotiation.Chance": "Šance",
    "Boxes.Negotiation.Person": "D",
    "Boxes.Negotiation.Success": "Úspěch",
    "Boxes.Negotiation.Title": "Pomocník s vyjednáváním",
    "Boxes.Negotiation.TryEnd": "Skoro",
    "Boxes.Negotiation.WrongGoods": "Špatné zboží! Vyberte jiné",
    "Boxes.Outpost.DescInStock": "K dispozici",
    "Boxes.Outpost.DescRequired": "Vyžadováno",
    "Boxes.Outpost.ExpansionsSum": "Rozšíření",
    "Boxes.Outpost.Title": "Kulturní továrny",
    "Boxes.Outpost.TitleBuildings": "Budova",
    "Boxes.Outpost.TitleFree": "Vyzkoumáno",
    "Boxes.Outpost.TitleShort": "Zboží - ",
    "Boxes.Outpost.infoLine": "__runNumber__. run, Bonus x4 Šance: __chanceX4__%",
    "Boxes.Outpost.nextTile": "Další rozšíření",
    "Boxes.OwnpartCalculator.BPs": "Plánky",
    "Boxes.OwnpartCalculator.CopyValues": "Kopírovat hodnoty",
    "Boxes.OwnpartCalculator.Deposit": "Vklad",
    "Boxes.OwnpartCalculator.Done": "Hotovo",
    "Boxes.OwnpartCalculator.IndividualName": "Jméno přispěvatele",
    "Boxes.OwnpartCalculator.LGTotalFP": "Body výzkumu celkově",
    "Boxes.OwnpartCalculator.Levels": "Úrovně",
    "Boxes.OwnpartCalculator.Meds": "Medaile",
    "Boxes.OwnpartCalculator.Note": "Poznámka",
    "Boxes.OwnpartCalculator.OldLevel": "Předchozí úroveň",
    "Boxes.OwnpartCalculator.Order": "Pořadí",
    "Boxes.OwnpartCalculator.OutputScheme": "Výstup",
    "Boxes.OwnpartCalculator.OwnPart": "Vlastní příspěvek",
    "Boxes.OwnpartCalculator.OwnPartRemaining": "Zbývající",
    "Boxes.OwnpartCalculator.PatronPart": "Příspěvek ostatních",
    "Boxes.OwnpartCalculator.Place": "Místo",
    "Boxes.OwnpartCalculator.Step": "Úroveň",
    "Boxes.OwnpartCalculator.Title": "Kalkulačka spolupráce",
    "Boxes.OwnpartCalculator.YourName": "Vaše jméno",
    "Boxes.Productions.AdjacentBuildings": "Sousední budovy",
    "Boxes.Productions.Happiness": "Spokojenost",
    "Boxes.Productions.Headings.all": "Celkem",
    "Boxes.Productions.Headings.amount": "Množství",
    "Boxes.Productions.Headings.boost": "Bonus",
    "Boxes.Productions.Headings.culture": "Kulturní budovy",
    "Boxes.Productions.Headings.decoration": "Dekorace",
    "Boxes.Productions.Headings.earning": "Příjem",
    "Boxes.Productions.Headings.goods": "Továrny",
    "Boxes.Productions.Headings.greatbuilding": "Velkolepé budovy",
    "Boxes.Productions.Headings.main_building": "Radnice",
    "Boxes.Productions.Headings.number": "Číslo",
    "Boxes.Productions.Headings.production": "Dílny",
    "Boxes.Productions.Headings.random_production": "Náhodná produkce",
    "Boxes.Productions.Headings.street": "Ulice",
    "Boxes.Productions.ModeGroups": "Skupiny",
    "Boxes.Productions.ModeSingle": "Samostatné",
    "Boxes.Productions.SearchInput": "Hledat budovu...",
    "Boxes.Productions.Title": "Přehled produkce",
    "Boxes.Productions.Total": "Celkem: ",
    "Boxes.Settings.Active": "Aktivováno",
    "Boxes.Settings.Inactive": "Deaktivováno",
    "Boxes.Settings.Title": "Nastavení",
    "Boxes.Technologies.DescInStock": "K dispozici",
    "Boxes.Technologies.DescRequired": "Požadováno",
    "Boxes.Technologies.NoTechs": "Dokončili jste dobu",
    "Boxes.Technologies.Resource": "Zdroj",
    "Boxes.Technologies.Title": "Náklady na výzkum",
    "Boxes.Units.Attack": "Útok",
    "Boxes.Units.Bind": "Závislá",
    "Boxes.Units.Defend": "Obrana",
    "Boxes.Units.NextUnitsIn": "Příští(ch) __count__ jednotek se rekrutuje za <span class=\"alca-countdown\"></span> at __harvest__ hodin",
    "Boxes.Units.Quantity": "Množství",
    "Boxes.Units.Title": "Armáda",
    "Boxes.Units.Unbind": "Nezávislá",
    "Boxes.Units.Unit": "Jednotka",
    "Eras.0": "Bez doby",
    "Eras.1": "Doba kamenná",
    "Eras.10": "Moderní doba",
    "Eras.11": "Postmoderní doba",
    "Eras.12": "Současnost",
    "Eras.13": "Zítra",
    "Eras.14": "Budoucnost",
    "Eras.15": "Ledová budoucnost",
    "Eras.16": "Oceánská budoucnost",
    "Eras.17": "Virtuální budoucnost",
    "Eras.18": "Kolonizace Marsu",
    "Eras.19": "Kolonizace pásu planetek",
    "Eras.2": "Doba bronzová",
    "Eras.3": "Doba železná",
    "Eras.4": "Raný středověk",
    "Eras.5": "Vrcholný středověk",
    "Eras.6": "Pozdní středověk",
    "Eras.7": "Koloniální doba",
    "Eras.8": "Průmyslový věk",
    "Eras.9": "Doba pokroku",
    "Global.BoxTitle": "FoE Helfer",
    "HiddenRewards.Positions.cityRoadBig": "Dvouproudá silnice",
    "HiddenRewards.Positions.cityRoadSmall": "Cesta",
    "HiddenRewards.Positions.guildExpedition": "Cechovní expedice",
    "HiddenRewards.Positions.nature": "V přírodě",
    "HiddenRewards.Positions.shore": "Na pobřeží",
    "HiddenRewards.Positions.water": "Na hladině",
    "HiddenRewards.Table.expires": "Čas obnovení",
    "HiddenRewards.Table.position": "Umístění",
    "HiddenRewards.Table.type": "Druh",
    "Local": "cs-CZ",
    "Menu.Calculator.Desc": "Počítá odměny za přispívání bodů výzkumu.",
    "Menu.Calculator.Title": "Kalkulačka bodů výzkumu",
    "Menu.Calculator.Warning": "Nejprve přispějte do něčí velkolepé budovy!",
    "Menu.Campagne.Desc": "Přehled potřebných surovin na vyjednávání",
    "Menu.Campagne.Title": "Mapa území",
    "Menu.Campagne.Warning": "Vyberte nejprve provincii!",
    "Menu.Chat.Desc": "Popovídejte si s kamarády z cechu",
    "Menu.Chat.Title": "Cechovní chat",
    "Menu.HiddenRewards.Desc": "Přehled skrytých odměn",
    "Menu.HiddenRewards.Title": "Skryté příhody",
    "Menu.Info.Desc": "Ukazuje co se událo \"background\"<br><em>Fills up with info ...</em>",
    "Menu.Negotiation.Desc": "Zlepšete svoji šanci během vyjednávání",
    "Menu.Negotiation.Title": "Pomocník s vyjednáváním",
    "Menu.Negotiation.Warning": "Začněte vyjednávat!",
    "Menu.OutP.Desc": "Přehled potřebných surovin",
    "Menu.OutP.DescWarningBuildings": "<em id='outPW' class='tooltip-error'>Disabled: Otevřete osadu first!<br></em>Overview of the required resources",
    "Menu.OutP.DescWarningOutpostData": "<em id='outPW' class='tooltip-error'>Disabled: Začněte osadu a aktualizujte hru (F5)",
    "Menu.OutP.Title": "Osada",
    "Menu.OwnpartCalculator.Desc": "Připravte si plán, kolik Vám kamarádi přispějí do budovy",
    "Menu.OwnpartCalculator.Title": "Kalkulačka spolupráce",
    "Menu.OwnpartCalculator.Warning": "Nejprve otevřete jednu svoji velkolepou budovu!",
    "Menu.Productions.Desc": "Zobrazuje výroby ve všech dílnách.",
    "Menu.Productions.Title": "Výroba v dílnách",
    "Menu.Settings.Desc": "Něco málo z nastavení",
    "Menu.Settings.Title": "Nastavení",
    "Menu.Technologies.Desc": "Náklady na výzkum",
    "Menu.Technologies.Title": "Technologie",
    "Menu.Technologies.Warning": "Nejprve otevřte výzkum technologií",
    "Menu.Unit.Desc": "Všechny vaše armády na jednom místě",
    "Menu.Unit.Title": "Armády",
    "Menu.Unit.Warning": "Otevřete vaši \"Army Organization\" <br>Button \"U\"",
    "Settings.AutomaticNegotiation.Desc": "Má být pomocník otvírán automaticky po zahájení vyjednávání a poté automaticky zavírán?",
    "Settings.AutomaticNegotiation.Title": "Pomocník s vyjednáváním",
    "Settings.ChangeLanguage.Desc": "Který jazyk, kromě toho poznaného, má být zvolen?",
    "Settings.ChangeLanguage.Title": "Změnit jazyk",
    "Settings.GlobalSend.Desc": "Pokud chcete dlouhodobě sledovat vaše data zapněte.",
    "Settings.GlobalSend.Title": "Přenos dat foe-rechner.de",
    "Settings.MenuLength.Desc": "Kolik položek má obsahovat menu?<br> Prázdné okno nebo \"0\" znamená automatickou výšku.",
    "Settings.MenuLength.Title": "Výška menu",
    "Settings.ResetBoxPositions.Button": "Návrat!",
    "Settings.ResetBoxPositions.Desc": "Má se nastavení vrátit na původní?",
    "Settings.ResetBoxPositions.Title": "Návrat k původnímu nastavení",
    "Settings.SendGEXInfo.Desc": "Při otevření umístění cechu a pořadí hráčů se údaje odešlou na foe-rechner.de",
    "Settings.SendGEXInfo.Title": "Vyhodnocení CE",
    "Settings.SendGildMemberLGInfo.Desc": "Po zapnutí se po každé návštěvě měst členů vašeho cechu odešlou data o jejich velkolepých budovách na foe-rechner.de",
    "Settings.SendGildMemberLGInfo.Title": "Velkolepé budovy členů cechu",
    "Settings.SendInvestigations.Desc": "Otevření radnice'> 'Novinky'> 'Velkolepé budovy' se opošlou data o investování VB na foe-rechner.de",
    "Settings.SendInvestigations.Title": "Investování VB",
    "Settings.SendPlayersMotivation.Desc": "Záznamy odesílat na foe-rechner.de",
    "Settings.SendPlayersMotivation.Title": "Motivace",
    "Settings.ShowTavernBadge.Desc": "Notifikace když přítel odemkne nové vylepšení krčmy.",
    "Settings.ShowTavernBadge.Title": "Ukázat odznaky krčmy",
    "Settings.Version.Desc": "<p>Verze rozšíření pro Chrome</p><a target='_blank' href='https://foe-rechner.de/extension/update?v=__version__&lang=__language__'  class='game-cursor'>Changelog</a>",
    "Settings.Version.GuildId": "Id cechu:",
    "Settings.Version.PlayerId": "Id hráče:",
    "Settings.Version.Title": "Verze",
    "Settings.Version.World": "Svět:",
    "_Language": "Český"
}
