﻿{
    "API.GEXChampionship": "Die GEX-Gilden Platzierung wurde aktualisiert",
    "API.GEXPlayer": "Die GE Platzierungen der Mitglieder wurden aktualisiert",
    "API.LGGildMember": "__player__'s LG wurden übermittelt",
    "API.LGInvest": "Deine LG Investitionen wurden aktualisiert",
    "API.UpdateSuccess": "Update durchgeführt!",
    "Boxes.Alerts.Form.Antiques.Auction": "Auktionsende",
    "Boxes.Alerts.Form.Antiques.Cooldown": "Neue Auktion",
    "Boxes.Alerts.Form.Antiques.Dealer": "Antiquitätenhändler",
    "Boxes.Alerts.Form.Antiques.Exchange": "Neue Angebote",
    "Boxes.Alerts.Form.Battleground": "Gildengefechts-Provinzen",
    "Boxes.Alerts.Form.Body": "Inhalt",
    "Boxes.Alerts.Form.Create": "Erstellen",
    "Boxes.Alerts.Form.CreateAlert": "Alarm erstellen",
    "Boxes.Alerts.Form.CreateAllSectors": "Für alle Sektoren erstellen",
    "Boxes.Alerts.Form.CreateNewAlert": "Neuen Alarm erstellen",
    "Boxes.Alerts.Form.Datetime": "Datum &amp; Uhrzeit",
    "Boxes.Alerts.Form.Delete": "Löschen",
    "Boxes.Alerts.Form.Discard": "Verwerfen",
    "Boxes.Alerts.Form.Edit": "Bearbeiten",
    "Boxes.Alerts.Form.EditAlert": "Alarm bearbeiten",
    "Boxes.Alerts.Form.Expiration": "Ablaufzeit",
    "Boxes.Alerts.Form.Expired": "Abgelaufen",
    "Boxes.Alerts.Form.Expires": "Läuft ab",
    "Boxes.Alerts.Form.Neighborhood": "Nachbarschaft",
    "Boxes.Alerts.Form.Persistence": "Geöffnet bleiben",
    "Boxes.Alerts.Form.Persistence.Description": "Soll die Benachrichtigung geöffnet bleiben bis der Spieler sie schließt oder auf die Benachrichtigung klickt",
    "Boxes.Alerts.Form.Persistence.Off": "Aus",
    "Boxes.Alerts.Form.Persistence.On": "Ein",
    "Boxes.Alerts.Form.Persistent": "Bleibt geöffnet",
    "Boxes.Alerts.Form.Preset.Now": "Jetzt",
    "Boxes.Alerts.Form.Presets": "Voreinstellungen",
    "Boxes.Alerts.Form.Preview": "Vorschau",
    "Boxes.Alerts.Form.Repeat": "Wiederholen",
    "Boxes.Alerts.Form.Repeat.Every": "oder alle",
    "Boxes.Alerts.Form.Repeat.Never": "nie",
    "Boxes.Alerts.Form.Save": "Speichern",
    "Boxes.Alerts.Form.Tag": "Tag",
    "Boxes.Alerts.Form.Tag.Description": "Tags können verwendet werden um Benachrichtigungen zu gruppieren (eine neue Benachrichtigung mit einem Tag ersetzt eine ältere Benachrichtigung mit demselben Tag)",
    "Boxes.Alerts.Form.Title": "Titel",
    "Boxes.Alerts.Permissions.Default": "Aktiviere Benachrichtigungen in deinem Browser um dieses Feature zu nutzen",
    "Boxes.Alerts.Permissions.Denied": "Benachrichtigungen wurden deaktiviert. Um Benachrichtigungen in deinem Browser zu aktivieren rufe die Adresse chrome://settings/content/notifications auf und aktualisiere die Seite.",
    "Boxes.Alerts.Permissions.Enable": "Aktivieren",
    "Boxes.Alerts.Permissions.Refresh": "Aktualisieren",
    "Boxes.Alerts.Preferences.Auction.Info": "Automatisch einen neuen Timer erstellen sobald ich ein Gebot im Antiquitätenhändler abgebe",
    "Boxes.Alerts.Preferences.Auction.Title": "Antiquitätenhändler Auktion",
    "Boxes.Alerts.Preferences.Battlegrounds.Info": "Sendet sofort eine Benachrichtigung bei hoher Aktivität in den Gildengefechten (z.B. 10 Angriffe auf einen einzelnen Sektor innerhalb von 5 Sekunden). Dies funktioniert nur wenn die Gildengefechte im Spiel geöffnet bleiben!",
    "Boxes.Alerts.Preferences.Battlegrounds.Title": "Gildengefechte überwachen",
    "Boxes.Alerts.Preferences.ComingSoon": "Demnächst verfügbar...  ",
    "Boxes.Alerts.Preferences.Early.Info": "Automatisch generierte Benachrichtigungen (Antiquitätenhändler, Gildengefechte etc.) werden um diese Zeit vor dem Ereignis ausgelöst. Beispiel: 30 bedeutet die Benachrichtigung für ablaufende Auktionen. Erscheint 30 Sekunden bevor die Auktion abläuft.",
    "Boxes.Alerts.Preferences.Early.Title": "Benachr. um x früher",
    "Boxes.Alerts.Preferences.InGame.Info": "Benachrichtigungen im Spiel anzeigen anstatt der Desktop Benachrichtigung wenn das Spielfenster den Fokus hat",
    "Boxes.Alerts.Preferences.InGame.Title": "Benachrichtigungen im Spiel",
    "Boxes.Alerts.Preferences.MenuIcon.Info": "Zeige den nächsten Countdown als Overlay des Hauptmenü icons",
    "Boxes.Alerts.Preferences.MenuIcon.Title": "Countdown im Hauptmenü",
    "Boxes.Alerts.Preferences.Start.Info": "Zeige eine Liste der Timer, die während du offline warst abgelaufen sind (seit das Fenster des Spiels geschlossen wurde)",
    "Boxes.Alerts.Preferences.Start.Title": "Übersicht der abgelaufenen Timer beim Start",
    "Boxes.Alerts.Preferences.Suggestions.Info": "Timer Vorschläge anzeigen (z.B. beim Klicken auf einen Gildengefechte Sektor oder Einsammel eine Gebäude Produktion)",
    "Boxes.Alerts.Preferences.Suggestions.Title": "Alarm Vorschläge",
    "Boxes.Alerts.Tabs.Alerts": "Alarme",
    "Boxes.Alerts.Tabs.Preferences": "Einstellungen",
    "Boxes.Alerts.Time.15m": "15m",
    "Boxes.Alerts.Time.1d": "1d",
    "Boxes.Alerts.Time.1h": "1h",
    "Boxes.Alerts.Time.1m": "1m",
    "Boxes.Alerts.Time.4h": "4h",
    "Boxes.Alerts.Time.5m": "5m",
    "Boxes.Alerts.Time.8h": "8h",
    "Boxes.Api.Title": "Extension API Einstellungen",
    "Boxes.BattleAssist.Text": "Deine Armee hat nur Agenten. Heile entweder Einheiten mit Diamanten oder ziehe dich zurück!",
    "Boxes.BattleAssist.Title": "Stopp!",
    "Boxes.Calculator.ActiveRecurringQuest": "Aktiver Schleifenquest:",
    "Boxes.Calculator.ArkBonus": "Arche Bonus",
    "Boxes.Calculator.AvailableFP": "Verfügbare Forgepunkte",
    "Boxes.Calculator.BPs": "BPs",
    "Boxes.Calculator.Commitment": "Einsatz",
    "Boxes.Calculator.Done": "abgeschlossen",
    "Boxes.Calculator.FP": "FP",
    "Boxes.Calculator.FriendlyInvestment": "Fördern mit:",
    "Boxes.Calculator.HelpLink": "https://foe-rechner.de/docs/1/kostenrechner/",
    "Boxes.Calculator.LGNotConnected": "Das Gebäude ist nicht mit einer Straße verbunden",
    "Boxes.Calculator.LGNotOpen": "Die nächste Stufe ist derzeit noch nicht freigeschaltet",
    "Boxes.Calculator.LevelWarning": "ACHTUNG! Levelt das LG!",
    "Boxes.Calculator.MaxLevel": "Max. Level",
    "Boxes.Calculator.Meds": "Meds",
    "Boxes.Calculator.Profit": "Differenz",
    "Boxes.Calculator.Step": "Stufe ",
    "Boxes.Calculator.TTForderCosts": "Einsatz = __nettoreward__<small>(Netto Mäzen)</small> * __forderfactor__%<small>(Fördern mit)</small> = __costs__",
    "Boxes.Calculator.TTForderFPStockLow": "ACHTUNG: FP Vorrat is zu niedrig<br>Du hast nur __fpstock__ von __costs__FP<br>Das sind __tooless__FP zu wenig",
    "Boxes.Calculator.TTForderNegativeProfit": "Platz ist nicht sicher. __fpcount__FP müssen zusätzlich zum Absichern gezahlt werden<br>Gesamt zum Absichern: __totalfp__FP",
    "Boxes.Calculator.TTLevelWarning": "__fpcount__FP passen nicht mehr hinein<br>Maximale Einzahlung: __totalfp__FP",
    "Boxes.Calculator.TTLoss": "Ertrag = __nettoreward__<small>(Netto Mäzen)</small> * __arcfactor__%<small>(Arche Bonus)</small> = __bruttoreward__<br>Einsatz: __costs__ - Platz sicher ab: __safe__<br>Verlust = __costs__<small>(Einsatz)</small> - __bruttoreward__<small>(Ertrag)</small> = __loss__",
    "Boxes.Calculator.TTLossSelf": "Ertrag = __nettoreward__<small>(Netto Mäzen)</small> * __arcfactor__%<small>(Arche Bonus)</small> = __bruttoreward__<br>Bezahlt: __paid__<br>Verlust = __paid__<small>(Bezahlt)</small> - __bruttoreward__<small>(Ertrag)</small> = __loss__",
    "Boxes.Calculator.TTPaidTooLess": "Du hast __paid__FP statt __topay__FP bezahlt. Das sind __tooless__FP zu wenig.",
    "Boxes.Calculator.TTPaidTooMuch": "Du hast __paid__FP statt __topay__FP bezahlt. Das sind __toomuch__FP zu viel.",
    "Boxes.Calculator.TTProfit": "Ertrag = __nettoreward__<small>(Netto Mäzen)</small> * __arcfactor__%<small>(Arche Bonus)</small> = __bruttoreward__<br>Einsatz: __costs__ - Platz sicher ab: __safe__<br>Differenz = __bruttoreward__<small>(Ertrag)</small> - __costs__<small>(Einsatz)</small> = __profit__",
    "Boxes.Calculator.TTProfitSelf": "Ertrag = __nettoreward__<small>(Netto Mäzen)</small> * __arcfactor__%<small>(Arche Bonus)</small> = __bruttoreward__<br>Bezahlt: __paid__<br>Differenz = __bruttoreward__<small>(Ertrag)</small> - __paid__<small>(Bezahlt)</small> = __profit__",
    "Boxes.Calculator.Title": "Kostenrechner",
    "Boxes.Calculator.Up2LevelUp": "Bis zum leveln",
    "Boxes.Campagne.AlreadyDone": " Bereits erobert!",
    "Boxes.Campagne.DescInStock": "Vorhanden",
    "Boxes.Campagne.DescRequired": "Benötigt",
    "Boxes.Campagne.DescStillMissing": "<span style='color:#29b206'>Überschuss</span> / <span style='color:#ff4040'>Fehlt</span>",
    "Boxes.Campagne.Resource": "Ressource",
    "Boxes.Campagne.Reward": "Gesamtbelohnung ",
    "Boxes.Campagne.Title": "Eroberungskosten für ",
    "Boxes.CityMap.CavalierPerspecitve": "Kavalier Perspektive",
    "Boxes.CityMap.Desc1": "Um deine Stadt planen zu können müssen wir deine Daten zu foe-rechner.de schicken. Dort kannst du dich dann austoben.",
    "Boxes.CityMap.Desc2": "Abschicken",
    "Boxes.CityMap.FreeArea": "Freie Fläche: ",
    "Boxes.CityMap.NormalPerspecitve": "Normal",
    "Boxes.CityMap.ShowSubmitBox": "zeige Übermittlungs Box",
    "Boxes.CityMap.SubmitSuccess": "Die Daten wurden übermittelt... Geh nun zu ",
    "Boxes.CityMap.TitleSend": "Daten übermitteln",
    "Boxes.CityMap.WholeArea": "Gesamte Fläche: ",
    "Boxes.CityMap.YourCity": "Deine Stadt",
    "Boxes.EventChests.Chance": "Chance",
    "Boxes.EventChests.Cost": "Kosten",
    "Boxes.EventChests.CostPerPrize": "Kosten/Preis",
    "Boxes.EventChests.CostPerStep": "Kosten/Schritt",
    "Boxes.EventChests.MainPrize": "Großer Preis",
    "Boxes.EventChests.MainPrizeTitle": "Preis des Tages: ",
    "Boxes.EventChests.Steps": "Schritte",
    "Boxes.EventChests.Title": "Event Auswahlassistent",
    "Boxes.Gildfights.Fights": "Kämpfe",
    "Boxes.Gildfights.LastSnapshot": " - letzter Snapshot vor __time__",
    "Boxes.Gildfights.Negotiations": "Verhandlungen",
    "Boxes.Gildfights.Player": "Spieler",
    "Boxes.Gildfights.Title": "Spieler Übersicht",
    "Boxes.Gildfights.Total": "Gesamt",
    "Boxes.GreatBuildings.ArcBonus": "Fördern mit",
    "Boxes.GreatBuildings.Cost": "Kosten",
    "Boxes.GreatBuildings.CostPerDailyFP": "Kosten / tgl. FP",
    "Boxes.GreatBuildings.DailyFP": "FP / Tag",
    "Boxes.GreatBuildings.FPCostGoods": "FP Kosten für Güter",
    "Boxes.GreatBuildings.GreatBulding": "Bauwerk",
    "Boxes.GreatBuildings.HelpLink": "https://foe-rechner.de/docs/1/lg-investitionen/",
    "Boxes.GreatBuildings.HideNewGBs": "Nicht gebaute LG ausblenden",
    "Boxes.GreatBuildings.Level": "Stufe",
    "Boxes.GreatBuildings.RewardPerDay": "Mäzen FP von fremden LG/Tag",
    "Boxes.GreatBuildings.Suggestion2": "Vorschlag 2",
    "Boxes.GreatBuildings.SuggestionDescription": "Bauwerke oben in der Liste sind besser",
    "Boxes.GreatBuildings.SuggestionTitle": "FP produzierende legendäre Bauwerke im Vergleich",
    "Boxes.GreatBuildings.TTGoodCosts": "Du hast dieses legendäre Bauwerk noch nicht gebaut. Dies sind die FP Kosten für den Kauf der benötigten Güter",
    "Boxes.GreatBuildings.TTGoodCostsColumn": "Diese Spalte enthält die FP Kosten zum Kaufen der jeweiligen Gütersets (betrifft nur legendäre Bauwerk, die du noch nicht errichtet hast)",
    "Boxes.GreatBuildings.TTRewardPerDay": "Optional: Wie viele FP bekommst du per Tag als Mäzenbelohnungen? Diese Information wird benutzt um die Rentabilität von weiteren Archelveln zu berechnen",
    "Boxes.GreatBuildings.Title": "LG Investitionen",
    "Boxes.HiddenRewards.Disappears": "Verschwindet",
    "Boxes.HiddenRewards.NoEvents": "Keine Ereignisse vorhanden",
    "Boxes.HiddenRewards.Title": "Ereignisse",
    "Boxes.Infobox.Filter": "Filter",
    "Boxes.Infobox.FilterAuction": "Auktion",
    "Boxes.Infobox.FilterGex": "GEX",
    "Boxes.Infobox.FilterGildFights": "Gildengefechte",
    "Boxes.Infobox.FilterLevel": "Level-Up",
    "Boxes.Infobox.FilterMessage": "Nachricht",
    "Boxes.Infobox.FilterTrade": "Handel",
    "Boxes.Infobox.Messages.Auction": "<strong>__player__</strong> hat gerade __amount__ Münzen geboten",
    "Boxes.Infobox.Messages.GEX": "<strong>__player__</strong> hat gerade __points__ Punkte in der GEX bekommen.",
    "Boxes.Infobox.Messages.GildFightOccupied": "Provinz <span style=\"color:#ffb539\">__provinceName__</span> wurde von <span style=\"color:__attackerColor__;text-shadow: 0 1px 1px __attackerShadow__\">__attackerName__</span> übernommen und ist bis __untilOccupied__ Uhr gesperrt",
    "Boxes.Infobox.Messages.LevelUp": "__player__'s __building__ hat gerade Stufe __level__ erreicht.<br>Du hast Platz <strong>__rank__</strong> belegt und erhältst <strong>__fps__ FP</strong>.",
    "Boxes.Infobox.Messages.MsgBuilding": "__building__ - Stufe __level__",
    "Boxes.Infobox.Messages.Trade": "<strong>__player__</strong> hat dein Angebot angenommen.<br>Du hast __needValue__ __need__ für __offerValue__ __offer__ bekommen.",
    "Boxes.Infobox.Messages.Welcome": "Herzlich willkommen in der <strong>Infobox</strong>! Solange du dieses Fenster geöffnet hast, wird es nach und nach mit Ereignissen gefüllt, die im Hintergrund ablaufen (unter anderem Chatnachrichten, GG-Angriffe und Auktionsgebote beim Antiquitätenhändler)",
    "Boxes.Infobox.ResetBox": "Box leeren",
    "Boxes.Infobox.Title": "Infobox",
    "Boxes.Infobox.UnknownConversation": "Unbekannte Unterhaltung",
    "Boxes.Investment.AllUpToDate": "Alles aktuell",
    "Boxes.Investment.AllUpToDateDesc": "Alle Spieler dieser Seite wurden bereits erfasst",
    "Boxes.Investment.CurrReward": "Aktueller Gewinn: ",
    "Boxes.Investment.InvestBar": "Investierte FP: ",
    "Boxes.Investment.PlayerFound": "Spieler gefunden",
    "Boxes.Investment.PlayerFoundCount": "__count__ neues Spieler-Ereigniss wurden gefunden",
    "Boxes.Investment.PlayerFoundCounter": "__count__ neue Spieler-Ereignisse wurden gefunden",
    "Boxes.Investment.Title": "Investitionen",
    "Boxes.Investment.TotalFP": "Lager + Umlauf + Gewinn: ",
    "Boxes.Kits.Extensions": "Erweiterungen",
    "Boxes.Kits.InStock": "Im Lager",
    "Boxes.Kits.KitName": "Kit-Name",
    "Boxes.Kits.Name": "Name",
    "Boxes.Kits.SelectionKit": "Auswahl - Kit",
    "Boxes.Kits.Title": "Gebäude- / Auswahl-Kits",
    "Boxes.Kits.ToggleButtonActive": "Verstecke fehlende Stücke",
    "Boxes.Kits.ToggleButtonInActive": "Zeige fehlende Stücke",
    "Boxes.Kits.UpgradeKit": "Upgrade-Kit",
    "Boxes.Market.AllGoods": "Alle Güter",
    "Boxes.Market.MaxResults": "Max Ergebnisse",
    "Boxes.Market.MinQuantity": "min. Menge",
    "Boxes.Market.Need": "Bedarf",
    "Boxes.Market.NeedColumn": "Bedarf",
    "Boxes.Market.Offer": "Angebot",
    "Boxes.Market.OfferColumn": "Angebot",
    "Boxes.Market.OnlyAffordable": "Nur akzeptierbare Angebote",
    "Boxes.Market.PageColumn": "Seite",
    "Boxes.Market.PlayerColumn": "Spieler",
    "Boxes.Market.RateColumn": "Kurs",
    "Boxes.Market.Rating": "Bewertung",
    "Boxes.Market.TTMinQuantity": "Stelle die Mindestmenge der Güter ein. Dieser Filter greift nicht für Gildenmitglieder",
    "Boxes.Market.Title": "Marktübersicht",
    "Boxes.Market.TradeAdvantage": "Vor­teil­haft",
    "Boxes.Market.TradeDisadvantage": "Nachteilig",
    "Boxes.Market.TradeFair": "Fair",
    "Boxes.Market.TradeFairStock": "Fair (bei niedrigerem Lagerbestand)",
    "Boxes.Market.TradeForEqual": "Gleiches",
    "Boxes.Market.TradeForGoods": "Zeitalter (Angebot)",
    "Boxes.Market.TradeForHigher": "Höheres",
    "Boxes.Market.TradeForLower": "Geringeres",
    "Boxes.Market.TradePartner": "Handelspartner",
    "Boxes.Market.TradePartnerFriend": "Freunde",
    "Boxes.Market.TradePartnerGuild": "Gilden Mitglieder",
    "Boxes.Market.TradePartnerNeighbor": "Nachbarn",
    "Boxes.Negotiation.Average": "Ø Menge",
    "Boxes.Negotiation.Canceled": "Verhandlung wurde abgebrochen",
    "Boxes.Negotiation.Chance": "Chance",
    "Boxes.Negotiation.DragDrop": "Du kannst die Icons der Durchschnittsanzeige selber via Drag&Drop neu anordnen um die Reihenfolge vor dem 1. Versuch festzulegen.",
    "Boxes.Negotiation.GoodsCritical": "ACHTUNG: Der Gütervorrat ist kritisch!",
    "Boxes.Negotiation.GoodsLow": "ACHTUNG: Der Gütervorrat ist knapp!",
    "Boxes.Negotiation.HelpLink": "https://foe-rechner.de/docs/1/verhandlungsassistent/",
    "Boxes.Negotiation.Person": "Person",
    "Boxes.Negotiation.Round": "Runde",
    "Boxes.Negotiation.SaveCurrentEraGoods": "Aktuelle Güter sparen",
    "Boxes.Negotiation.SaveMedals": "Medaillen sparen",
    "Boxes.Negotiation.Stock": "Lager:",
    "Boxes.Negotiation.Success": "Erfolg",
    "Boxes.Negotiation.TableLoadError": "Fehler beim Laden der Verhandlungtabelle",
    "Boxes.Negotiation.Title": "Verhandlungassistent",
    "Boxes.Negotiation.TryEnd": "Versuche zu Ende",
    "Boxes.Negotiation.WrongGoods": "Falsche Güter ausgewählt, bitte manuell fertig spielen",
    "Boxes.Negotiation.confirmGoodsMissmatch": "Ok",
    "Boxes.Notice.DeleteGroup": "Gruppe und Seiten löschen",
    "Boxes.Notice.DeleteItem": "Seite löschen",
    "Boxes.Notice.DummyHeading": "Deine Überschrift",
    "Boxes.Notice.Edit": "Bearbeiten",
    "Boxes.Notice.GlobalSendRequired": "Dieses Modul funktioniert nur mit eingeschalteter Option \"Übermittlung an foe-rechner.de\".<br>Bitte aktivere diese Option um die Notizen benutzen zu können.",
    "Boxes.Notice.GroupName": "Gruppenname",
    "Boxes.Notice.HelpLink": "https://foe-rechner.de/docs/1/notizen/",
    "Boxes.Notice.NewGroup": "Gruppe",
    "Boxes.Notice.NewGroupDesc": "Lege zuerst eine Gruppe an... ",
    "Boxes.Notice.NewSide": "Seite",
    "Boxes.Notice.Save": "Speichern",
    "Boxes.Notice.SideName": "Seitenname",
    "Boxes.Notice.Sorting": "Sortierung",
    "Boxes.Notice.Title": "Notizen",
    "Boxes.Outpost.DescInStock": "Vorhanden",
    "Boxes.Outpost.DescRequired": "Benötigt",
    "Boxes.Outpost.DescStillMissing": "<span style='color:#29b206'>Überschuss</span> / <span style='color:#ff4040'>Fehlt</span>",
    "Boxes.Outpost.ExpansionsSum": "Erweiterungen",
    "Boxes.Outpost.ShowSums": "Summen anzeigen:",
    "Boxes.Outpost.Title": "Güter des Außenpostens",
    "Boxes.Outpost.TitleBuildings": "Gebäude",
    "Boxes.Outpost.TitleFree": "Frei",
    "Boxes.Outpost.TitleShort": "Güterübersicht - ",
    "Boxes.Outpost.infoLine": "__runNumber__. Durchlauf, Bonus x4 Chance: __chanceX4__%",
    "Boxes.Outpost.nextTile": "nächste Erweiterung",
    "Boxes.Outpost.tileNotPlanned": "aus",
    "Boxes.OwnpartCalculator.All": "Alle",
    "Boxes.OwnpartCalculator.Arc": "Arche",
    "Boxes.OwnpartCalculator.Auto": "Auto",
    "Boxes.OwnpartCalculator.BPs": "BPs",
    "Boxes.OwnpartCalculator.BuildingName": "Gebäude",
    "Boxes.OwnpartCalculator.CopyValues": "Werte kopieren",
    "Boxes.OwnpartCalculator.Deposit": "Einzahlen",
    "Boxes.OwnpartCalculator.Done": "Erledigt",
    "Boxes.OwnpartCalculator.Ext": "Ext",
    "Boxes.OwnpartCalculator.HelpLink": "https://foe-rechner.de/docs/1/eigenanteilsrechner/",
    "Boxes.OwnpartCalculator.IndividualName": "Individueller LG Name",
    "Boxes.OwnpartCalculator.LGTotalFP": "LG Gesamt-FP",
    "Boxes.OwnpartCalculator.Levels": "Leveln",
    "Boxes.OwnpartCalculator.Meds": "Meds",
    "Boxes.OwnpartCalculator.NoPlaceSafe": "Kein Platz sicher",
    "Boxes.OwnpartCalculator.Note": "Merken",
    "Boxes.OwnpartCalculator.OldLevel": "Altes Level",
    "Boxes.OwnpartCalculator.Order": "Reihenfolge",
    "Boxes.OwnpartCalculator.OutputScheme": "Ausgabe Schema",
    "Boxes.OwnpartCalculator.OwnPart": "Eigenanteil",
    "Boxes.OwnpartCalculator.OwnPartRemaining": "Verbleibend",
    "Boxes.OwnpartCalculator.PatronPart": "Mäzen Anteil",
    "Boxes.OwnpartCalculator.Place": "Platz",
    "Boxes.OwnpartCalculator.PlayerName": "Spieler",
    "Boxes.OwnpartCalculator.PowerLeveling": "Powerleveln",
    "Boxes.OwnpartCalculator.Scheme": "Schema",
    "Boxes.OwnpartCalculator.Step": "Stufe",
    "Boxes.OwnpartCalculator.Title": "Eigenanteilsrechner",
    "Boxes.OwnpartCalculator.YourName": "Dein Name",
    "Boxes.PowerLeveling.DoubleCollection": "Doppelernte",
    "Boxes.PowerLeveling.Level": "Level",
    "Boxes.PowerLeveling.MaxLevel": "Max. Level",
    "Boxes.PowerLeveling.OwnPartBrutto": "Eigenanteil Brutto",
    "Boxes.PowerLeveling.OwnPartNetto": "Eigenanteil Netto",
    "Boxes.PowerLeveling.OwnPartSum": "Summe Eigenanteil",
    "Boxes.PowerLeveling.P1": "Platz1",
    "Boxes.PowerLeveling.P2": "Platz2",
    "Boxes.PowerLeveling.P3": "Platz3",
    "Boxes.PowerLeveling.P4": "Platz4",
    "Boxes.PowerLeveling.P5": "Platz5",
    "Boxes.PowerLeveling.Title": "Powerleveln",
    "Boxes.Production.SizeTT": "Größe enthält den durchschnittlichen Platzbedarf für Straßen von __streetnettosize__ Feldern",
    "Boxes.Productions.AdjacentBuildings": "Angrenzende Gebäude",
    "Boxes.Productions.GoodEraTotal": "Gesamt",
    "Boxes.Productions.GuildGoods": "Gildengüter",
    "Boxes.Productions.GuildPower": "Gildenmacht",
    "Boxes.Productions.Happiness": "Zufriedenheit",
    "Boxes.Productions.Headings.all": "Alle",
    "Boxes.Productions.Headings.amount": "Menge",
    "Boxes.Productions.Headings.area": "Fläche",
    "Boxes.Productions.Headings.boost": "Boost",
    "Boxes.Productions.Headings.culture": "Kulturelle Gebäude",
    "Boxes.Productions.Headings.decoration": "Dekorationen",
    "Boxes.Productions.Headings.earning": "Ernte",
    "Boxes.Productions.Headings.efficiency": "Effizienz",
    "Boxes.Productions.Headings.era": "Zeitalter",
    "Boxes.Productions.Headings.goods": "Gütergebäude",
    "Boxes.Productions.Headings.greatbuilding": "Legendäre Bauwerke",
    "Boxes.Productions.Headings.main_building": "Rathaus",
    "Boxes.Productions.Headings.name": "Name",
    "Boxes.Productions.Headings.number": "Anzahl",
    "Boxes.Productions.Headings.production": "Produktionsgebäude",
    "Boxes.Productions.Headings.random_production": "Zufalls Produktionen",
    "Boxes.Productions.Headings.residential": "Wohngebäude",
    "Boxes.Productions.Headings.size": "Größe",
    "Boxes.Productions.Headings.street": "Straßen",
    "Boxes.Productions.ModeCurrent": "Aktuell",
    "Boxes.Productions.ModeDaily": "Tagesprod.",
    "Boxes.Productions.ModeGroups": "Gruppiert",
    "Boxes.Productions.ModeSingle": "Einzeln",
    "Boxes.Productions.NoAsteroidDataWarning": "Güter vom Asteroidengürtel sind nicht inkludiert. Bitte besuche deinen Asteroidengürtel Außenposten und öffne das Fenster erneut",
    "Boxes.Productions.NoMarsDataWarning": "Güter vom Mars sind nicht inkludiert. Bitte besuche deinen Mars Außenposten und öffne das Fenster erneut",
    "Boxes.Productions.SearchInput": "Gebäude Suche... ",
    "Boxes.Productions.TTGoodsEra": "Diese Spalte zeigt das Zeitalter des Gebäudes, nicht das Zeitalter der produzierten Güter",
    "Boxes.Productions.Title": "Produktions Übersicht",
    "Boxes.Productions.Total": "Gesamt: ",
    "Boxes.Settings.Active": "Aktiv",
    "Boxes.Settings.Inactive": "Inaktiv",
    "Boxes.Settings.Title": "Einstellungen",
    "Boxes.Stats.BtnAll": "Alles",
    "Boxes.Stats.BtnAllPlayableEras": "Nur Zeitalter",
    "Boxes.Stats.BtnAllPlayableErasTitle": "Wähle alle spielbaren Zeitalter (außer: \"Kein Zeitalter\", Spezielle)",
    "Boxes.Stats.BtnAllTittle": "Zeitalter + kein Zeitalter + Spezielle",
    "Boxes.Stats.BtnChartType.delta": "Delta",
    "Boxes.Stats.BtnChartType.line": "Linien",
    "Boxes.Stats.BtnChartType.streamgraph": "Stream",
    "Boxes.Stats.BtnChartTypeTitle.delta": "Diagramm erhöhen / verringern",
    "Boxes.Stats.BtnChartTypeTitle.line": "Linien diagramm",
    "Boxes.Stats.BtnChartTypeTitle.streamgraph": "Stream-Diagramm",
    "Boxes.Stats.BtnLastEras": "letzte 2",
    "Boxes.Stats.BtnLastErasTitle": "Zeige das aktuelle und das vorhergehende Zeitalter",
    "Boxes.Stats.BtnMyEra": "Aktuelles",
    "Boxes.Stats.BtnNoEra": "Ohne",
    "Boxes.Stats.BtnSource.statsGBGPlayers": "Gildengefechte",
    "Boxes.Stats.BtnSource.statsRewards": "Belohnungen",
    "Boxes.Stats.BtnSource.statsTreasureClanD": "Gildenkasse - täglich",
    "Boxes.Stats.BtnSource.statsTreasureClanH": "Gildenkasse",
    "Boxes.Stats.BtnSource.statsTreasurePlayerD": "Güter - täglich",
    "Boxes.Stats.BtnSource.statsTreasurePlayerH": "Güter",
    "Boxes.Stats.BtnSource.statsUnitsD": "Armeen - täglich",
    "Boxes.Stats.BtnSource.statsUnitsH": "Armeen - stündlich",
    "Boxes.Stats.BtnToggleAnnotations": "GvG Aktionen",
    "Boxes.Stats.BtnToggleAnnotationsTitle": "Zeigt eine Abnahme der Güter auf der GvG-Karte.",
    "Boxes.Stats.BtnToggleGroupBy": "Gruppieren",
    "Boxes.Stats.BtnToggleGroupByTitle": "nach Namen gruppieren",
    "Boxes.Stats.Era": "Zeitalter",
    "Boxes.Stats.HelpLink": "https://foe-rechner.de/docs/1/statistiken/",
    "Boxes.Stats.Period.all": "Alle",
    "Boxes.Stats.Period.last30days": "letzten 30 Tage",
    "Boxes.Stats.Period.last7days": "letzten 7 Tage",
    "Boxes.Stats.Period.sinceTuesday": "seit Dienstag",
    "Boxes.Stats.Period.thisMonth": "diesen Monat",
    "Boxes.Stats.Period.today": "Heute",
    "Boxes.Stats.PeriodTitle.all": "Gesamter Zeitraum",
    "Boxes.Stats.PeriodTitle.last30days": "In den letzten 30 Tagen gesammelt",
    "Boxes.Stats.PeriodTitle.last7days": "In den letzten 7 Tagen gesammelt",
    "Boxes.Stats.PeriodTitle.sinceTuesday": "Seit letzten Dienstag gesammelt (die GEX startet Dienstags)",
    "Boxes.Stats.PeriodTitle.thisMonth": "Diesen Monat gesammelt",
    "Boxes.Stats.PeriodTitle.today": "Heute gesammelt",
    "Boxes.Stats.Rewards.Source.__event": "Event",
    "Boxes.Stats.Rewards.Source.battlegrounds_conquest": "Gildengefechte",
    "Boxes.Stats.Rewards.Source.diplomaticGifts": "Diplomatische Geschenke",
    "Boxes.Stats.Rewards.Source.guildExpedition": "GEX",
    "Boxes.Stats.Rewards.Source.spoilsOfWar": "Kriegsbeute",
    "Boxes.Stats.Rewards.SourceTitle.__event": "Eventbelohnungen",
    "Boxes.Stats.Rewards.SourceTitle.battlegrounds_conquest": "Belohnungen von den Gildengefechten",
    "Boxes.Stats.Rewards.SourceTitle.diplomaticGifts": "Vom Weltfraumfrachter gesammelte diplomatische Geschenke",
    "Boxes.Stats.Rewards.SourceTitle.guildExpedition": "Belohnungen von der Gildenexpedition, die vom Relikttempel erzeugt wurden",
    "Boxes.Stats.Rewards.SourceTitle.spoilsOfWar": "Kriegsbeute durch die Burg Himeji",
    "Boxes.Stats.SourceTitle.statsGBGPlayers": "Punktestände der Spieler der Gildengefechte",
    "Boxes.Stats.SourceTitle.statsRewards": "Deine Belohnungen der Burg Himej, Relikttempel und Gildengefechten",
    "Boxes.Stats.SourceTitle.statsTreasureClanD": "Gildenkasse - täglich",
    "Boxes.Stats.SourceTitle.statsTreasureClanH": "Gildenkasse - stündlich",
    "Boxes.Stats.SourceTitle.statsTreasurePlayerD": "Deine Güter - täglich",
    "Boxes.Stats.SourceTitle.statsTreasurePlayerH": "Deine Güter - stündlich",
    "Boxes.Stats.SourceTitle.statsUnitsD": "Deine Einheiten - täglich",
    "Boxes.Stats.SourceTitle.statsUnitsH": "Deine Einheiten - stündlich",
    "Boxes.Stats.Title": "Statistiken",
    "Boxes.Technologies.DescInStock": "Vorhanden",
    "Boxes.Technologies.DescRequired": "Benötigt",
    "Boxes.Technologies.DescStillMissing": "<span style='color:#29b206'>Überschuss</span> / <span style='color:#ff4040'>Fehlt</span>",
    "Boxes.Technologies.NoTechs": "Du bist am Ende des Zeitalters angelangt",
    "Boxes.Technologies.Resource": "Ressource",
    "Boxes.Technologies.Title": "Forschungskosten für",
    "Boxes.Treasury.Action": "Nachricht",
    "Boxes.Treasury.Amount": "Menge",
    "Boxes.Treasury.DateTime": "Datum/Uhrzeit",
    "Boxes.Treasury.Era": "Zeitalter",
    "Boxes.Treasury.Export": "Exportieren",
    "Boxes.Treasury.Message": "Bitte scrolle durch alle Seiten die exportiert werden sollen und drücke den Export Button",
    "Boxes.Treasury.PlayerID": "Spieler-ID",
    "Boxes.Treasury.PlayerName": "Spieler",
    "Boxes.Treasury.Reset": "Zurücksetzen",
    "Boxes.Treasury.Resource": "Gut",
    "Boxes.Treasury.RowNumber": "Verarbeitete Datensätze",
    "Boxes.Treasury.Title": "Gildenkassenprotokoll-Export",
    "Boxes.Units.AlcaHarvest": "Dein Alcatraz ist bereit zur Ernte!",
    "Boxes.Units.Attack": "Angriff",
    "Boxes.Units.Bind": "Gebunden",
    "Boxes.Units.Defend": "Verteidigung",
    "Boxes.Units.NextUnitsIn": "Die nächsten __count__ Einheiten kommen in <span class=\"alca-countdown\"></span> um __harvest__ Uhr",
    "Boxes.Units.NotFilled": "nicht gefüllt",
    "Boxes.Units.Proportionally": "Anteilig",
    "Boxes.Units.Quantity": "Anzahl",
    "Boxes.Units.ReadyToLoot": "Bereit zur Ernte!",
    "Boxes.Units.Status": "Status",
    "Boxes.Units.Title": "Armee Übersicht",
    "Boxes.Units.Unbind": "Ungebunden",
    "Boxes.Units.Unit": "Einheit",
    "Date": "DD.MM.YYYY",
    "DateTime": "DD.MM.YYYY HH:mm [Uhr]",
    "Eras.0": "Kein Zeitalter",
    "Eras.1": "Steinzeit",
    "Eras.10": "Moderne",
    "Eras.11": "Postmoderne",
    "Eras.12": "Gegenwart",
    "Eras.13": "Morgen",
    "Eras.14": "Zukunft",
    "Eras.15": "Arktische Zukunft",
    "Eras.16": "Ozeanische Zukunft",
    "Eras.17": "Virtuelle Zukunft",
    "Eras.18": "Raumfahrt: Mars",
    "Eras.19": "Raumfahrt: Asteroidengürtel",
    "Eras.2": "Bronzezeit",
    "Eras.20": "Raumfahrt: Venus",
    "Eras.3": "Eisenzeit",
    "Eras.4": "Frühes Mittelalter",
    "Eras.5": "Hochmittelalter",
    "Eras.6": "Spätes Mittelalter",
    "Eras.7": "Kolonialzeit",
    "Eras.8": "Industriezeitalter",
    "Eras.9": "Jahrhundertwende",
    "Global.BoxTitle": "FoE Helfer",
    "HiddenRewards.Positions.cityRoadBig": "zweispurige Strasse",
    "HiddenRewards.Positions.cityRoadSmall": "einspurige Strasse",
    "HiddenRewards.Positions.guildExpedition": "Gildenexpedition",
    "HiddenRewards.Positions.nature": "Natur",
    "HiddenRewards.Positions.shore": "Küste",
    "HiddenRewards.Positions.water": "im Wasser",
    "HiddenRewards.Table.expires": "Verschwindet am/um",
    "HiddenRewards.Table.position": "Position",
    "HiddenRewards.Table.type": "Typ",
    "Kits.Sets.AbandonedAsylum": "Verlassene Anstalt",
    "Kits.Sets.AltarGarden": "Altargarten",
    "Kits.Sets.ArtExhibition": "Kunstausstellung",
    "Kits.Sets.CelticForest": "Keltischer Wald",
    "Kits.Sets.CherrySet": "Kirschfarten Set",
    "Kits.Sets.CiderMill": "Apfelmühle",
    "Kits.Sets.ClassicGardenSet": "Klassischer Garten",
    "Kits.Sets.Colossus": "Koloss",
    "Kits.Sets.CrowsNest": "Großer Leuchtturm",
    "Kits.Sets.FountainSet": "Brunnen Set",
    "Kits.Sets.GardenSet": "Garten Set",
    "Kits.Sets.GrandBridge": "Große Brücke",
    "Kits.Sets.Graveyard": "Friedhof",
    "Kits.Sets.GreaterRuneStone": "Großer Runenstein",
    "Kits.Sets.GuardPost": "Wachposten",
    "Kits.Sets.HallOfFame": "Ruhmeshalle",
    "Kits.Sets.Hippodrome": "Hippodrom",
    "Kits.Sets.IndianPalace": "Indischer Palast Set",
    "Kits.Sets.Obelisk": "Obelisk",
    "Kits.Sets.Pagoda": "Pagode",
    "Kits.Sets.Piazza": "Piazza Set",
    "Kits.Sets.PillarOfHeroes": "Monument der Helden",
    "Kits.Sets.Pirate": "Piratenschiff",
    "Kits.Sets.Royal": "Königliches Schiff",
    "Kits.Sets.SeptemberCottage": "September Häuschen",
    "Kits.Sets.ShipKit": "Schiffs Kit",
    "Kits.Sets.StatueOfHonor": "Ehrenstatue",
    "Kits.Sets.TholosOfIdols": "Tholos der Idole",
    "Kits.Sets.TimelessDojo": "Zeitloses Dojo",
    "Kits.Sets.Trader": "Handelsschiff",
    "Kits.Sets.WinnersPlaza": "Siegerplatz",
    "Kits.Sets.WinterSpire": "Winterdom",
    "Kits.Sets.WinterTrain": "Winterzug",
    "Kits.Sets.WinterVillageSet": "Winterdorf Set",
    "Kits.Sets.Winterdeco": "Winterdeko",
    "Kits.Sets.WorldsFair": "Weltausstellung",
    "Local": "de-DE",
    "Menu.Calculator.Desc": "Rechnet für Dich alle Plätze aus und ermittelt snipe-bare FPs",
    "Menu.Calculator.Title": "Kostenrechner",
    "Menu.Calculator.Warning": "Deaktiviert: Öffne zuerst das LG eines anderen Spielers!",
    "Menu.Campagne.Desc": "Übersicht über die benötigten Ressourcen",
    "Menu.Campagne.Title": "Kampagne",
    "Menu.Campagne.Warning": "Deaktiviert: Besuche zuerst eine Provinz!",
    "Menu.Chat.Desc": "In Echtzeit mit allen quatschen",
    "Menu.Chat.Title": "Gilden Live-Chat",
    "Menu.Citymap.Desc": "Zeigt deine Stadt schematisch von oben",
    "Menu.Citymap.Title": "Stadtübersicht",
    "Menu.HiddenRewards.Desc": "Übersicht der Ereignisse auf der Map",
    "Menu.HiddenRewards.Title": "Ereignisse",
    "Menu.Info.Desc": "Zeigt dir alle Dinge an die im \"Hintergrund\" passieren.<br><em>Füllt sich nach und nach mit Infos...</em>",
    "Menu.Info.Title": "Infobox",
    "Menu.Kits.Desc": "Listet alle vorhandenen Gebäude-, Upgrade- und Auswahlkits auf",
    "Menu.Kits.Title": "Gebäude-Kits",
    "Menu.Market.Desc": "Handel auf dem Markt filtern",
    "Menu.Market.Title": "Markt Filter",
    "Menu.Market.Warning": "Bitte öffne zuerst den Markt",
    "Menu.Negotiation.Desc": "Macht dir präzise Vorschläge für Verhandlungen",
    "Menu.Negotiation.Title": "Verhandlungassistent",
    "Menu.Negotiation.Warning": "Deaktiviert: Starte zuerst eine neue Verhandlung!",
    "Menu.Notice.Desc": "Mach dir Notizen für alles, was du nicht vergessen willst.",
    "Menu.Notice.Title": "Notizen",
    "Menu.OutP.Desc": "Übersicht über die benötigten Ressourcen",
    "Menu.OutP.DescWarningBuildings": "<em id='outPW' class='tooltip-error'>Deaktiviert: Besuche zuerst den Außenposten!<br></em>Übersicht über die benötigten Ressourcen",
    "Menu.OutP.DescWarningOutpostData": "<em id='outPW' class='tooltip-error'>Deaktiviert: Starte zuerst einen Außenposten und lade das Spiel neu (F5)</em>",
    "Menu.OutP.Title": "Außenposten",
    "Menu.OwnpartCalculator.Desc": "Zahlplan erstellen, externe Plätze berechnen und Werte kopieren",
    "Menu.OwnpartCalculator.Title": "Eigenanteilsrechner",
    "Menu.OwnpartCalculator.Warning": "Deaktiviert: Öffne zuerst eines deiner Legendären Bauwerke!",
    "Menu.Productions.Desc": "Zeigt die derzeitige Anzahl aller Produktionen an.",
    "Menu.Productions.Title": "Produktions Übersicht",
    "Menu.Settings.Desc": "Hier stellst du ein paar Kleinigkeiten ein",
    "Menu.Settings.Title": "Einstellungen",
    "Menu.Stats.Desc": "Güter, Einheiten, Belohnungen, Gildengefechte",
    "Menu.Stats.Title": "Statistiken",
    "Menu.Technologies.Desc": "Kosten für Forschung berechnen",
    "Menu.Technologies.Title": "Technologien",
    "Menu.Technologies.Warning": "Deaktiviert: Öffne zuerst das Forschungsmenü!",
    "Menu.Unit.Desc": "Alle deine Armeen auf einen Blick",
    "Menu.Unit.Title": "Armeen",
    "Menu.Unit.Warning": "Öffne erst 1x deine \"Armee-Organisation\"<br>Taste \"U\"",
    "Menu.greatbuildings.Desc": "Welches FP produzierende LG solltest du als nächstes ausbauen?",
    "Menu.greatbuildings.Title": "LG Investitionen",
    "Settings.About.Desc": "Der FoE Helper ist eine kostenlose Browser-Erweiterung für Forge of Empires, die von Spielern für Spieler entwickelt wurde. Das Tool ist nicht mit InnoGames verbunden.",
    "Settings.About.RatingDesc": "Gefällt dir, was du siehst? Dann würden wir uns über eine Rezension im Store freuen!",
    "Settings.About.RatingTitle": "Bewerte die Extension",
    "Settings.About.Title": "Über FoE Helfer",
    "Settings.About.TranslateDesc": "Du kannst bei der Übersetzung der Erweiterung helfen, indem du dich für unser Übersetzungstool anmeldest: ",
    "Settings.About.TranslateTitle": "Übersetzungen",
    "Settings.AutomaticNegotiation.Desc": "Soll der Assistent automatisch mit einer Verhandlung geöffnet und bei Abbruch geschlossen werden? Gilt nicht für Gildengefechte.",
    "Settings.AutomaticNegotiation.Title": "Verhandlungsassistent",
    "Settings.ChangeLanguage.Desc": "Welche Sprache, statt der erkannten, soll genutzt werden?",
    "Settings.ChangeLanguage.Title": "Sprache wechseln",
    "Settings.Entry.About": "Über uns",
    "Settings.Entry.AutomaticNegotiation": "Verhandlungsassitent",
    "Settings.Entry.ChangeLanguage": "Sprache wechseln",
    "Settings.Entry.ExportSettings": "Import / Export",
    "Settings.Entry.GlobalSend": "Übermittlungen",
    "Settings.Entry.Help": "Hilfe",
    "Settings.Entry.MenuLength": "Menü Länge",
    "Settings.Entry.ResetBoxPositions": "Boxen Koordinaten",
    "Settings.Entry.SendGEXInfo": "GEX Stände",
    "Settings.Entry.SendGildMemberLGInfo": "Gildenmitglieder",
    "Settings.Entry.SendInvestigations": "FP Investitionen",
    "Settings.Entry.SendPlayersMotivation": "Motivationen",
    "Settings.Entry.ShowGuildTreasuryLogExport": "Gilden Kassen Export",
    "Settings.Entry.ShowInvestments": "FP Investitionen",
    "Settings.Entry.ShowMarketFilter": "Marktplatz Filter",
    "Settings.Entry.ShowOwnPartOnAllGBs": "Eigenanteilsrechner",
    "Settings.Entry.ShowTavernBadge": "Tavern Badge",
    "Settings.Entry.Version": "Version",
    "Settings.ExportImport.Error": "Das ist keine gültige Einstellungs-Datei!",
    "Settings.ExportImport.Reload": "Das Spiel wird nun mit den importierten Einstellungen neu geladen.",
    "Settings.ExportSettings.Button": "Extension Einstellungen",
    "Settings.ExportSettings.Desc": "Sichern oder wiederherstellen der Extension Einstellungen",
    "Settings.ExportSettings.Title": "Export / Import der Einstellungen",
    "Settings.ExportSettings.ViewExport": "Export: ",
    "Settings.ExportSettings.ViewImport": "Import: ",
    "Settings.GlobalSend.Desc": "Wenn Du mit deiner Gilde Daten tracken möchtest, aktiviere diesen Punkt.<br>Für eine autarke Extension einfach deaktiveren",
    "Settings.GlobalSend.Title": "Übermittlung an foe-rechner.de",
    "Settings.Help.Desc": "Hier kannst du Hilfe und Infos bekommen:",
    "Settings.Help.Discord": "Discord: tritt unserem Server bei, um über die Extension zu diskutieren, zum Chatten und für Support.",
    "Settings.Help.Forums": "Forum: bei Problemen oder Ideen für den Helfer kannst du dich hier melden.",
    "Settings.Help.Github": "GitHub: für konkrete Ideen und Bug Reports und die Entwicklung des Helfers.",
    "Settings.Help.Title": "Hilfe und Community",
    "Settings.Help.Website": "Website: Informationen zum Helfer und seinen Funktionen, sowie weitere Features.",
    "Settings.MenuLength.Desc": "Wie viele Elemente soll das Menü hoch sein?<br> Leer oder \"0\" ist automatische Höhe.",
    "Settings.MenuLength.Title": "Menü Länge",
    "Settings.ResetBoxPositions.Button": "Löschen!",
    "Settings.ResetBoxPositions.Desc": "Sollen alle Box Koordinaten zurückgesetzt werden?",
    "Settings.ResetBoxPositions.Title": "Box Koordinaten",
    "Settings.SendGEXInfo.Desc": "Übermittelt beim Klicken in der GEX auf Platzierungen oder Rangliste die Daten",
    "Settings.SendGEXInfo.Title": "GEX Auswertungen",
    "Settings.SendGildMemberLGInfo.Desc": "Beim Besuchen von anderen Gildenmitgliedern werden sämtliche LG Daten an foe-rechner.de geschickt, wenn Global aktivert",
    "Settings.SendGildMemberLGInfo.Title": "LG Daten anderer Gildenmitglieder",
    "Settings.SendInvestigations.Desc": "Beim Betreten des 'Rathauses' > 'Neuigkeiten' > 'Legendäre Bauwerke' werden die FP Investionen übermittelt",
    "Settings.SendInvestigations.Title": "FP Investitionen",
    "Settings.SendPlayersMotivation.Desc": "Sollen beim Aufrufen der Events die Moppel-Aktivitäten übertragen werden?",
    "Settings.SendPlayersMotivation.Title": "Moppel Aktivität",
    "Settings.ShowGuildTreasuryLogExport.Desc": "Zeigt ein Tool zum Exportieren von Gildenkassen-Protokollen in eine .csv-Datei, wenn das Gildenkassen-Protokollfenster geöffnet wird",
    "Settings.ShowGuildTreasuryLogExport.Title": "Exportwerkzeug für Gildenkassenprotokolle anzeigen",
    "Settings.ShowInvestments.Desc": "Beim Betreten des 'Rathauses' > 'Neuigkeiten' > 'Legendäre Bauwerke' wird eine Übersicht der FP Investitionen angzeigt",
    "Settings.ShowInvestments.Title": "LG Investitionen Übersicht anzeigen",
    "Settings.ShowMarketFilter.Desc": "Zeigt ein Tool zum Filtern von Angeboten bei der Öffnung der Marktübersicht",
    "Settings.ShowMarketFilter.Title": "Marktfilter-Tool anzeigen",
    "Settings.ShowOwnPartOnAllGBs.Desc": "Den EA Rechner auch bei legendären Bauwerken von anderen Spielern anzeigen",
    "Settings.ShowOwnPartOnAllGBs.Title": "EA Rechner immer anzeigen",
    "Settings.ShowTavernBadge.Desc": "Sobald ein Boost in der Taverne aktiviert wird, erscheint ein global verschiebbarer Counter",
    "Settings.ShowTavernBadge.Title": "Tavernen Badge anzeigen",
    "Settings.Tab.About": "Über",
    "Settings.Tab.Boxes": "Boxen",
    "Settings.Tab.Extension": "Erweiterung",
    "Settings.Tab.Sending": "Übermittlung",
    "Settings.Version.Desc": "Die unten stehenden Daten können markiert werden, um sie zu kopieren.",
    "Settings.Version.GuildId": "Gilden Id:",
    "Settings.Version.Link": "<a target='_blank' href='https://foe-rechner.de/extension/update?v=__version__&lang=de'  class='game-cursor'>Letzter Changelog</a>",
    "Settings.Version.PlayerId": "Spieler Id:",
    "Settings.Version.Title": "Version",
    "Settings.Version.World": "Welt:",
    "_Language": "Deutsch"
}
