﻿{
    "API.GEXChampionship": "ΕΣ Κατάταξη Συντεχνίας, ενημερώθηκε",
    "API.GEXPlayer": "ΕΣ Κατάταξη Μέλους, ενημερώθηκε",
    "API.LGGildMember": "__player__ Πληροφορίες ΜΚ, ενημερώθηκαν",
    "API.LGInvest": "Οι Επενδύσεις σου σε ΜΚ, ενημερώθηκαν",
    "API.UpdateSuccess": "Οι Πληροφορίες Ενημερώθηκαν Επιτυχώς!",
    "Boxes.Alerts.Form.Antiques.Auction": "Πλειστηριασμός",
    "Boxes.Alerts.Form.Antiques.Cooldown": "Χρόνος Παύσης Πλειστηριασμού",
    "Boxes.Alerts.Form.Antiques.Dealer": "Παλαιοπώλης",
    "Boxes.Alerts.Form.Antiques.Exchange": "Καθημερινή ανταλλαγή",
    "Boxes.Alerts.Form.Battleground": "Πεδία Μάχης",
    "Boxes.Alerts.Form.Body": "Σώμα",
    "Boxes.Alerts.Form.Create": "Δημιουργία",
    "Boxes.Alerts.Form.CreateAlert": "Δημιουργία Ειδοποίησης",
    "Boxes.Alerts.Form.CreateAllSectors": "Δημιουργία Για Όλους τους Τομείς",
    "Boxes.Alerts.Form.CreateNewAlert": "Δημιουργία Νέας Ειδοποίησης",
    "Boxes.Alerts.Form.Datetime": "Ημερομηνία &amp; Ώρα",
    "Boxes.Alerts.Form.Delete": "Διαγραφή",
    "Boxes.Alerts.Form.Discard": "Απόρριψη",
    "Boxes.Alerts.Form.Edit": "Επεξεργασία",
    "Boxes.Alerts.Form.EditAlert": "Επεξεργασία Ειδοποίησης",
    "Boxes.Alerts.Form.Expiration": "Λήξη",
    "Boxes.Alerts.Form.Expired": "Έληξε",
    "Boxes.Alerts.Form.Expires": "Λήγει",
    "Boxes.Alerts.Form.Neighborhood": "Γειτονιά",
    "Boxes.Alerts.Form.Persistence": "Επιμονή",
    "Boxes.Alerts.Form.Persistence.Description": "Η ειδοποίηση να παραμείνει ανοιχτή έως ότου ο χρήστης απορρίψει ή κάνει κλικ στην ειδοποίηση",
    "Boxes.Alerts.Form.Persistence.Off": "Εκτός",
    "Boxes.Alerts.Form.Persistence.On": "Εντός",
    "Boxes.Alerts.Form.Persistent": "Επίμονο",
    "Boxes.Alerts.Form.Preset.Now": "Τώρα",
    "Boxes.Alerts.Form.Presets": "Προεπιλογές",
    "Boxes.Alerts.Form.Preview": "Προεπισκόπηση",
    "Boxes.Alerts.Form.Repeat": "Επανάληψη",
    "Boxes.Alerts.Form.Repeat.Every": "ή κάθε",
    "Boxes.Alerts.Form.Repeat.Never": "ποτέ",
    "Boxes.Alerts.Form.Save": "Αποθήκευση",
    "Boxes.Alerts.Form.Tag": "Ετικέτα",
    "Boxes.Alerts.Form.Tag.Description": "Ετικέτες μπορούν να χρησιμοποιηθούν για να ομαδοποιήσουν ειδοποιήσεις (μια νέα ειδοποίηση με υφιστάμενη ετικέτα, θα αντικαταστήσει μια παλαιότερη ειδοποίηση με την ίδια ετικέτα)",
    "Boxes.Alerts.Form.Title": "Τίτλος",
    "Boxes.Alerts.Permissions.Default": "Ενεργοποιήστε τις ειδοποιήσεις στο πρόγραμμα περιήγησης σας για να χρησιμοποιήσετε αυτήν τη δυνατότητα",
    "Boxes.Alerts.Permissions.Denied": "Οι ειδοποιήσεις έχουν απενεργοποιηθεί. Για να ενεργοποιήσετε τις ειδοποιήσεις, στις ρυθμίσεις του προγράμματος περιήγησης σας μεταβείτε στο chrome: // settings / content / notifications και στη συνέχεια, ανανεώστε αυτήν τη σελίδα.",
    "Boxes.Alerts.Permissions.Enable": "Ενεργοποίση",
    "Boxes.Alerts.Permissions.Refresh": "Ανανέωση",
    "Boxes.Alerts.Preferences.Auction.Info": "Δημιουργήστε αυτόματα μια νέα ειδοποίηση όταν υποβάλω προσφορά στη Δημοπρασία Παλαιοπώλη",
    "Boxes.Alerts.Preferences.Auction.Title": "Δημοπρασία Παλαιοπώλη",
    "Boxes.Alerts.Preferences.Battlegrounds.Info": "Στείλτε μια άμεση ειδοποίηση όταν υπάρχει υψηλή δραστηριότητα στα Πεδία Μάχης Συντεχνιών (για παράδειγμα, 10 μάχες σε έναν τομέα εντός 5 δευτερολέπτων). Λάβετε υπόψη ότι αυτή η δυνατότητα λειτουργεί μόνο όταν τα Πεδία Μάχης Συντεχνιών είναι ανοιχτά στο παιχνίδι!",
    "Boxes.Alerts.Preferences.Battlegrounds.Title": "Ανιχνευτής Πεδίων Μάχης Συντεχνιών",
    "Boxes.Alerts.Preferences.ComingSoon": "Προσεχώς...  ",
    "Boxes.Alerts.Preferences.Early.Info": "Οι χρόνοι ειδοποίησης που δημιουργούνται αυτόματα (Παλαιοπώλης, Πεδία Μάχης Συντεχνιών κλπ.) θα χρησιμοποιήσουν αυτή τη τιμή για να στείλουν ειδοποίηση προτού συμβεί πραγματικά το συμβάν. Για παράδειγμα, ορίζοντας αυτήν την τιμή στα 30 (δευτερόλεπτα), οι ειδοποιήσεις δημοπρασίας θα εμφανίζονται 30 δευτερόλεπτα πριν από τη λήξη της δημοπρασίας!",
    "Boxes.Alerts.Preferences.Early.Title": "Χρόνος Ειδοποίησης",
    "Boxes.Alerts.Preferences.InGame.Info": "Εμφάνιση ειδοποίησης εντός παιχνιδιού αντί για την ειδοποίηση στην επιφάνειας εργασίας, όταν το παράθυρο του παιχνιδιού είναι ενεργό",
    "Boxes.Alerts.Preferences.InGame.Title": "Ειδοποίηση εντός παιχνιδιού",
    "Boxes.Alerts.Preferences.MenuIcon.Info": "Εμφάνιση της επόμενης αντίστροφης μέτρησης ως επικάλυψη του εικονίδιου Κύριου Μενού",
    "Boxes.Alerts.Preferences.MenuIcon.Title": "Αντίστροφη μέτρηση Κύριου Μενού",
    "Boxes.Alerts.Preferences.Start.Info": "Εμφάνιση λίστας ειδοποιήσεων που έληξαν εκτός σύνδεσης (αφότου το παράθυρο του παιχνιδιού έκλεισε)",
    "Boxes.Alerts.Preferences.Start.Title": "Σύνοψη Ειδοποιήσεων που έληξαν, κατά την Έναρξη",
    "Boxes.Alerts.Preferences.Suggestions.Info": "Εμφάνιση προτάσεων ειδοποίησης (για παράδειγμα, όταν κάνετε κλικ σε έναν τομέα μάχης ή συλλέγετε μια παραγωγή κτιρίων)",
    "Boxes.Alerts.Preferences.Suggestions.Title": "Προτάσεις Ειδοποίησης",
    "Boxes.Alerts.Tabs.Alerts": "Ειδοποιήσεις",
    "Boxes.Alerts.Tabs.Preferences": "Προτιμήσεις",
    "Boxes.Alerts.Time.15m": "15λ",
    "Boxes.Alerts.Time.1d": "1μ",
    "Boxes.Alerts.Time.1h": "1ώ",
    "Boxes.Alerts.Time.1m": "1λ",
    "Boxes.Alerts.Time.4h": "4ώ",
    "Boxes.Alerts.Time.5m": "5λ",
    "Boxes.Alerts.Time.8h": "8ώ",
    "Boxes.Api.Title": "Ρυθμίσεις API επέκτασης",
    "Boxes.BattleAssist.Text": "Ο στρατός σας έχει μόνο Κακοποιούς. Είτε θεραπεύστε μονάδες χρησιμοποιώντας διαμάντια είτε υποχωρήστε!",
    "Boxes.BattleAssist.Title": "Προειδοποίηση!",
    "Boxes.Calculator.ActiveRecurringQuest": "Ενεργή επαναλαμβανόμενη αποστολή:",
    "Boxes.Calculator.ArkBonus": "Μπόνους Θόλου",
    "Boxes.Calculator.AvailableFP": "Διαθέσιμοι FP",
    "Boxes.Calculator.BPs": "Σχέδια",
    "Boxes.Calculator.Commitment": "Κόστος",
    "Boxes.Calculator.Done": "Ολοκληρώθηκε",
    "Boxes.Calculator.FP": "FP",
    "Boxes.Calculator.FriendlyInvestment": "Φιλική επένδυση:",
    "Boxes.Calculator.HelpLink": "https://foe-rechner.de/docs/2/cost-calculator/",
    "Boxes.Calculator.LGNotConnected": "Αυτό το Μεγάλο Κτίριο δεν συνδέεται με δρόμο.",
    "Boxes.Calculator.LGNotOpen": "Το επόμενο επίπεδο του Μεγάλου Κτιρίου είναι επί του παρόντος ΚΛΕΙΔΩΜΕΝΟ.",
    "Boxes.Calculator.LevelWarning": "Προειδοποίηση! Αναβάθμιση αυτού του μεγάλου κτιρίου!",
    "Boxes.Calculator.MaxLevel": "Μέγιστο επίπεδο",
    "Boxes.Calculator.Meds": "Μετάλλια",
    "Boxes.Calculator.Profit": "Διαφορά",
    "Boxes.Calculator.Step": "Επίπεδο ",
    "Boxes.Calculator.TTForderCosts": "Κόστος = __nettoreward__<small>(Ανταμοιβή)</small> X __forderfactor__%<small>(Φιλική επένδυση;;)</small> = __costs__",
    "Boxes.Calculator.TTForderFPStockLow": "ΠΡΟΣΟΧΗ: Δεν υπάρχουν αρκετά πακέτα FP σε απόθεμα! <br> Έχετε μόνο __fpstock__ από __costs__FP <br> Δηλαδή __tooless__FP λιγότερα",
    "Boxes.Calculator.TTForderNegativeProfit": "Η θέση δεν είναι εξασφαλισμένη. Πρέπει να προστεθούν __fpcount__ επιπλέον FP. <br> Σύνολο για να εξασφαλιστεί η θέση: __totalfp__FP",
    "Boxes.Calculator.TTLevelWarning": "Προσθήκη __fpcount__ FP παραπάνω! <br> Μέγιστη επένδυση: __totalfp__ FP",
    "Boxes.Calculator.TTLoss": "Συν.Ανταμοιβή = __nettoreward__ <small>(Ανταμοιβή)</small> X __arcfactor__% <small>(Μπόνους Θόλου)</small> = __bruttoreward__<br>Κόστος: __costs__ - Θέση κλειδωμένη στη: __safe__<br>Απώλειες = __costs__ <small>(Κόστος)</small> - __bruttoreward__ <small>(Ανταμοιβή)</small> = __loss__",
    "Boxes.Calculator.TTLossSelf": "Συν.Ανταμοιβή = __nettoreward__<small>(Ανταμοιβή)</small> * __arcfactor__% <small>(Μπόνους Θόλου)</small> = __bruttoreward__<br>Πληρώθηκε: __paid__<br>Απώλειες = __paid__ <small>(Πληρώθηκε)</small> - __bruttoreward__ <small>(Ανταμοιβή)</small> = __loss__",
    "Boxes.Calculator.TTPaidTooLess": "Πληρώσατε __paid__ FP αντί __topay__ FP. Αυτό είναι __tooless__FP λιγότερα.",
    "Boxes.Calculator.TTPaidTooMuch": "Πληρώσατε __paid__ FP αντί __topay__ FP. Αυτό είναι __toomuch__FP περισσότερα.",
    "Boxes.Calculator.TTProfit": "Συν.Ανταμοιβή = __nettoreward__ <small>(Ανταμοιβή)</small> X __arcfactor __% <small>(Μπόνους Θόλου)</small> = __bruttoreward__<br>Κόστος: __costs__ - Θέση κλειδωμένη στη: __safe__ <br>Κέρδος = __bruttoreward__ <small>(Ανταμοιβή)</small> - __costs__ <small>(Κόστος)</small> = __profit__",
    "Boxes.Calculator.TTProfitSelf": "Συν.Ανταμοιβή = __nettoreward__ <small>(Ανταμοιβή)</small> * __arcfactor __% <small>(Μπόνους Θόλου)</small> = __bruttoreward__ <br>Πληρωμή: __paid__<br>Κέρδος = __bruttoreward__ <small>(Ανταμοιβή)</ small> - __paid__ <small>(Πληρωμή)</small> = __profit__",
    "Boxes.Calculator.Title": "Υπολογιστής Κόστους ΜΚ",
    "Boxes.Calculator.Up2LevelUp": "Υπόλοιπο FP για επόμενο επίπεδο",
    "Boxes.Campagne.AlreadyDone": " Ήδη κατακτήθηκε! Μπράβο :)",
    "Boxes.Campagne.DescInStock": "Σε απόθεμα",
    "Boxes.Campagne.DescRequired": "Απαιτείται",
    "Boxes.Campagne.DescStillMissing": "<span style = 'color: # 29b206'> Υπόλοιπο </span> / <span style = 'color: # ff4040'> Απαιτείται </span>",
    "Boxes.Campagne.Resource": "Είδος Πόρου",
    "Boxes.Campagne.Reward": "Ανταμοιβές ",
    "Boxes.Campagne.Title": "Κόστος Πόρων Τομέα ",
    "Boxes.CityMap.CavalierPerspecitve": "Πλαϊνή όψη",
    "Boxes.CityMap.Desc1": "Για να μπορέσετε να σχεδιάσετε την πόλη σας, πρέπει να μεταφέρουμε τα δεδομένα σας στο foe-rechner.de",
    "Boxes.CityMap.Desc2": "Υποβολή",
    "Boxes.CityMap.FreeArea": "Διαθέσιμα τετράγωνα: ",
    "Boxes.CityMap.NormalPerspecitve": "Κάτοψη",
    "Boxes.CityMap.ShowSubmitBox": "Εμφάνιση πλαισίου υποβολής",
    "Boxes.CityMap.SubmitSuccess": "Τα δεδομένα μεταφέρθηκαν με επιτυχία ... Τώρα επισκεφθείτε ",
    "Boxes.CityMap.TitleSend": "Υποβολή δεδομένων",
    "Boxes.CityMap.WholeArea": "Σύνολο τετραγώνων: ",
    "Boxes.CityMap.YourCity": "Η πόλη σου",
    "Boxes.EventChests.Chance": "Πιθανότητα",
    "Boxes.EventChests.Cost": "Κόστοι",
    "Boxes.EventChests.CostPerPrize": "Κόστος/Βραβείο",
    "Boxes.EventChests.CostPerStep": "Κόστος/Βήμα",
    "Boxes.EventChests.MainPrize": "Κύρια Ανταμοιβή",
    "Boxes.EventChests.MainPrizeTitle": "Ημερήσια Ανταμοιβή: ",
    "Boxes.EventChests.Steps": "Βήματα",
    "Boxes.EventChests.Title": "Βοηθός Επιλογής Βήματος Εκδήλωσης",
    "Boxes.Gildfights.Fights": "Μάχες",
    "Boxes.Gildfights.LastSnapshot": " - Τελευταίο στιγμιότυπο: __time__ πριν",
    "Boxes.Gildfights.Negotiations": "Διαπραγματεύσεις",
    "Boxes.Gildfights.Player": "Μέλος Συντεχνίας",
    "Boxes.Gildfights.Title": "Επισκόπηση ΠΜΣ",
    "Boxes.Gildfights.Total": "Σύνολο",
    "Boxes.GreatBuildings.ArcBonus": "Φιλική επένδυση",
    "Boxes.GreatBuildings.Cost": "Κόστοι",
    "Boxes.GreatBuildings.CostPerDailyFP": "Κόστος / Ημερήσιοι FP",
    "Boxes.GreatBuildings.DailyFP": "Ημερήσιοι FP",
    "Boxes.GreatBuildings.FPCostGoods": "Κόστος FP για αγαθά",
    "Boxes.GreatBuildings.GreatBulding": "Μεγάλο Κτίριο",
    "Boxes.GreatBuildings.HelpLink": "https://foe-rechner.de/docs/2/gb-investments/",
    "Boxes.GreatBuildings.HideNewGBs": "Απόκρυψη μη ανεγερμένων ΜΚ",
    "Boxes.GreatBuildings.Level": "Επίπεδο",
    "Boxes.GreatBuildings.RewardPerDay": "FP Ανταμοιβές / Ημέρα από άλλους παίκτες",
    "Boxes.GreatBuildings.Suggestion2": "Πρόταση 2",
    "Boxes.GreatBuildings.SuggestionDescription": "Τα κτίρια στην κορυφή της λίστας είναι αποδοτικότερα",
    "Boxes.GreatBuildings.SuggestionTitle": "FP ΜΚ Ανταμοιβή ανά Επένδυση συγκριτικά",
    "Boxes.GreatBuildings.TTGoodCosts": "Δεν έχετε χτίσει ακόμα αυτό το Μεγάλο Κτίριο. Αυτό είναι το κόστος FP για την αγορά των απαραίτητων αγαθών",
    "Boxes.GreatBuildings.TTGoodCostsColumn": "Παραθέτει το κόστος FP για την αγορά των απαραίτητων αγαθών (ισχύει μόνο για Μεγάλα Κτίρια που δεν έχετε κατασκευάσει ακόμα)",
    "Boxes.GreatBuildings.TTRewardPerDay": "Προαιρετικά: Πόσες ανταμοιβές FP λαμβάνετε ανά ημέρα; Αυτές οι πληροφορίες χρησιμοποιούνται για τον υπολογισμό κέρδους στα επόμενα επίπεδα Θόλου",
    "Boxes.GreatBuildings.Title": "Επενδύσεις σε ΜΚ",
    "Boxes.HiddenRewards.Disappears": "Εξαφάνιση",
    "Boxes.HiddenRewards.HelpLink": ";;;",
    "Boxes.HiddenRewards.NoEvents": "Δεν εμφανίζονται Περιστατικά.",
    "Boxes.HiddenRewards.Title": "Επισκόπηση Περιστατικών",
    "Boxes.Infobox.Filter": "Φίλτρο",
    "Boxes.Infobox.FilterAuction": "Δημοπρασία",
    "Boxes.Infobox.FilterGex": "ΕΣ (Εκστρατεία Συντεχνίας)",
    "Boxes.Infobox.FilterGildFights": "ΠΜΣ (Πεδία Μάχης Συντεχνιών)",
    "Boxes.Infobox.FilterLevel": "ΜΚ (Μεγάλο Κτίριο)",
    "Boxes.Infobox.FilterMessage": "Μήνυμα",
    "Boxes.Infobox.FilterTrade": "Ανταλλαγή",
    "Boxes.Infobox.Messages.Auction": "<strong> __player__ </strong> μόλις υπέβαλε προσφορά για __amount__ Εμπορικά Νομίσματα.",
    "Boxes.Infobox.Messages.GEX": "<strong> __player__ </strong> μόλις συνέβαλε __points__ ΕΣ πόντους.",
    "Boxes.Infobox.Messages.GildFightOccupied": "<span style = \"color: # ffb539\"> __ ProvinceName__ </span> κατακτήθηκε από <span style = \"color: __ attackerColor __; text-shadow: 0 1px 1px __attackerShadow __\"> __ attackerName__ </span> και κλειδώθηκε έως __untilOccupied__.",
    "Boxes.Infobox.Messages.LevelUp": "__player__ __building__ μόλις αναβαθμίστηκε στο επίπεδο __level__.<br>Κατέκτησες <strong>__rank__ </strong> θέση και έλαβες <strong>__fps__</strong> FP ανταμοιβή.",
    "Boxes.Infobox.Messages.MsgBuilding": "__building__ - Επίπεδο __level__",
    "Boxes.Infobox.Messages.Trade": "<strong>__player__</strong> δέχτηκε την προσφορά σου __offerValue__ __offer__ για __needValue__ __need__.",
    "Boxes.Infobox.Messages.Welcome": "Καλώς ορίσατε στο <strong> Παράθυρο Πληροφοριών </strong>! Ενώ αυτό το παράθυρο παραμένει ανοιχτό, σταδιακά θα γεμίσει με συμβάντα που συμβαίνουν στο παρασκήνιο (όπως μηνύματα συνομιλίας, επιθέσεις σε ΠΜΣ και προσφορές δημοπρασίας)",
    "Boxes.Infobox.ResetBox": "Εκκαθάριση Όλων",
    "Boxes.Infobox.Title": "Παράθυρο Επισκόπησης Πληροφοριών",
    "Boxes.Infobox.UnknownConversation": "Άγνωστη Συνομιλία",
    "Boxes.Investment.AllUpToDate": "Το Ιστορικό συμβάντων ενημερώθηκε προηγουμένως",
    "Boxes.Investment.AllUpToDateDesc": "Όλα τα γεγονότα / αλληλεπιδράσεις παικτών σε αυτήν τη σελίδα έχουν ενημερωθεί προηγουμένως",
    "Boxes.Investment.CurrReward": "Τρέχον κέρδος: ",
    "Boxes.Investment.InvestBar": "Επενδυθέντα FP: ",
    "Boxes.Investment.PlayerFound": "Βρέθηκε νέο Ιστορικό Συμβάντων",
    "Boxes.Investment.PlayerFoundCount": "Βρέθηκαν __count__ νέα γεγονότα παίκτη",
    "Boxes.Investment.PlayerFoundCounter": "Βρέθηκαν __count__ νέα γεγονότα παίκτη",
    "Boxes.Investment.Title": "Περίληψη Επενδύσεων FP",
    "Boxes.Investment.TotalFP": "Απόθεμα + Επένδυση + Κέρδος = ",
    "Boxes.Kits.Extensions": "Επεκτάσεις",
    "Boxes.Kits.InStock": "Σε Απόθεμα",
    "Boxes.Kits.KitName": "Τύπος Αντικειμένου",
    "Boxes.Kits.Name": "Κτίριο",
    "Boxes.Kits.SelectionKit": "Σετ επιλογής",
    "Boxes.Kits.Title": "Σε Απόθεμα Σετ, Αναβαθμίσεις και Κιτ",
    "Boxes.Kits.ToggleButtonActive": "Απόκρυψη κομματιών που λείπουν",
    "Boxes.Kits.ToggleButtonInActive": "Εμφάνιση κομματιών που λείπουν",
    "Boxes.Kits.UpgradeKit": "Κιτ Αναβάθμισης",
    "Boxes.Market.AllGoods": "Όλα τα Αγαθά",
    "Boxes.Market.MaxResults": "Μέγιστα αποτελέσματα",
    "Boxes.Market.MinQuantity": "Ελάχ. Ποσ.",
    "Boxes.Market.Need": "Ανάγκη",
    "Boxes.Market.NeedColumn": "Ανάγκη",
    "Boxes.Market.Offer": "Προσφορά",
    "Boxes.Market.OfferColumn": "Προσφορά",
    "Boxes.Market.OnlyAffordable": "Μόνο αποδεκτές Προσφορές",
    "Boxes.Market.PageColumn": "Σελίδα",
    "Boxes.Market.PlayerColumn": "Παίκτης",
    "Boxes.Market.RateColumn": "Αναλογία",
    "Boxes.Market.Rating": "Εκτίμηση",
    "Boxes.Market.TTMinQuantity": "Επιλέξτε το ελάχιστο ποσό προσφερόμενων αγαθών. Αυτό το φίλτρο ΔΕΝ ισχύει για συναλλαγές μεταξύ μελών της Συντεχνίας",
    "Boxes.Market.Title": "Φίλτρο αγοράς",
    "Boxes.Market.TradeAdvantage": "Πλεονέκτημα",
    "Boxes.Market.TradeDisadvantage": "Μειονέκτημα",
    "Boxes.Market.TradeFair": "Δίκαιη",
    "Boxes.Market.TradeFairStock": "Δίκαιη (σε χαμηλότερο απόθεμα)",
    "Boxes.Market.TradeForEqual": "Ίσο",
    "Boxes.Market.TradeForGoods": "Προσφορά Εποχής",
    "Boxes.Market.TradeForHigher": "Υψηλότερο",
    "Boxes.Market.TradeForLower": "Χαμηλότερο",
    "Boxes.Market.TradePartner": "Συνεταίροι",
    "Boxes.Market.TradePartnerFriend": "Φίλοι",
    "Boxes.Market.TradePartnerGuild": "Σύντεχνοι",
    "Boxes.Market.TradePartnerNeighbor": "Γείτονες",
    "Boxes.Negotiation.Average": "<strong>Πόροι<br><br><span style='color:#29b206'>Κόστος</span></strong>",
    "Boxes.Negotiation.Canceled": "Η διαπραγμάτευση ακυρώθηκε",
    "Boxes.Negotiation.Chance": "Πιθανότητα",
    "Boxes.Negotiation.DragDrop": "Σύρετε & αποθέστε τα εικονίδια πόρων από πάνω, για να αναδιατάξετε τον μέσο όρο απεικόνισης, καθορίζοντας νέες ακολουθίες από την πρώτη προσπάθεια.",
    "Boxes.Negotiation.GoodsCritical": "ΠΡΟΕΙΔΟΠΟΙΗΣΗ!: Αποθέματα αγαθών σε ΚΡΙΣΙΜΕΣ ποσότητες!",
    "Boxes.Negotiation.GoodsLow": "ΠΡΟΣΟΧΗ: ΧΑΜΗΛΟ απόθεμα αγαθών!",
    "Boxes.Negotiation.HelpLink": "https://foe-rechner.de/docs/2/negotioation-helper",
    "Boxes.Negotiation.Person": "Άτομο",
    "Boxes.Negotiation.Round": "Γύρος",
    "Boxes.Negotiation.SaveCurrentEraGoods": "Αποθήκευση τρέχοντων αγαθών;",
    "Boxes.Negotiation.SaveMedals": "Αποθήκευση μεταλλίων;",
    "Boxes.Negotiation.Stock": "Απόθεμα:",
    "Boxes.Negotiation.Success": "Επιτυχία",
    "Boxes.Negotiation.TableLoadError": "Σφάλμα κατά τη φόρτωση του Πίνακα Διαπραγματεύσεων",
    "Boxes.Negotiation.Title": "Πίνακας Διαπραγματεύσεων",
    "Boxes.Negotiation.TryEnd": "Όχι άλλες προσπάθειες",
    "Boxes.Negotiation.WrongGoods": "Επιλέχθηκαν λανθασμένα προϊόντα, ολοκληρώστε χειροκίνητα",
    "Boxes.Negotiation.confirmGoodsMissmatch": "ΟΚ",
    "Boxes.Notice.DeleteGroup": "Διαγραφή ομάδας και θέσης",
    "Boxes.Notice.DeleteItem": "Διαγραφή θέσης",
    "Boxes.Notice.DummyHeading": "Ο τίτλος σας",
    "Boxes.Notice.Edit": "Επεξεργασία",
    "Boxes.Notice.GlobalSendRequired": "Αυτή η ενότητα λειτουργεί μόνο με ενεργοποιημένο το \"Transmission to foe-rechner.de\". <br> Ενεργοποιήστε αυτήν την επιλογή για να χρησιμοποιήσετε τις σημειώσεις.",
    "Boxes.Notice.GroupName": "Όνομα ομάδας",
    "Boxes.Notice.HelpLink": "https://foe-rechner.de/docs/2/notes",
    "Boxes.Notice.NewGroup": "Ομάδα",
    "Boxes.Notice.NewGroupDesc": "Δημιουργήστε πρώτα μια ομάδα... ",
    "Boxes.Notice.NewSide": "Θέση",
    "Boxes.Notice.Save": "Αποθήκευση",
    "Boxes.Notice.SideName": "Όνομα θέσης",
    "Boxes.Notice.Sorting": "Ταξινόμηση",
    "Boxes.Notice.Title": "Σημειώσεις",
    "Boxes.Outpost.DescInStock": "Τρέχον απόθεμα",
    "Boxes.Outpost.DescRequired": "Σύνολο",
    "Boxes.Outpost.DescStillMissing": "<span style='color:#29b206'>Πλεόνασμα</span> / <span style='color:#ff4040'>Απαιτείται</span>",
    "Boxes.Outpost.ExpansionsSum": "Επεκτάσεις",
    "Boxes.Outpost.ShowSums": "Εμφάνιση αθροισμάτων:",
    "Boxes.Outpost.Title": "Αγαθά Αποικίας",
    "Boxes.Outpost.TitleBuildings": "Κτίριο",
    "Boxes.Outpost.TitleFree": "Ολοκληρώθηκε",
    "Boxes.Outpost.TitleShort": "Επισκόπηση πόρων  - ",
    "Boxes.Outpost.infoLine": "Τρέχον Επίπεδο = __runNumber__; Bonus Chance (x4) = __chanceX4__%",
    "Boxes.Outpost.nextTile": "Επόμενη Επέκταση",
    "Boxes.Outpost.tileNotPlanned": "εκτός",
    "Boxes.OwnpartCalculator.All": "Όλα",
    "Boxes.OwnpartCalculator.Arc": "Θόλος",
    "Boxes.OwnpartCalculator.Auto": "Αυτόματο",
    "Boxes.OwnpartCalculator.BPs": "Σχέδια",
    "Boxes.OwnpartCalculator.BuildingName": "Κτίριο",
    "Boxes.OwnpartCalculator.CopyValues": "Αντιγραφή τιμών",
    "Boxes.OwnpartCalculator.Deposit": "FP",
    "Boxes.OwnpartCalculator.Done": "Ολοκληρώθηκε",
    "Boxes.OwnpartCalculator.Ext": "Εξωτ.",
    "Boxes.OwnpartCalculator.HelpLink": "https://foe-rechner.de/docs/2/gb-calculator/",
    "Boxes.OwnpartCalculator.IndividualName": "μεμονωμένο όνομα ΜΚ",
    "Boxes.OwnpartCalculator.LGTotalFP": "Συνολικά απαιτούμενοι FP",
    "Boxes.OwnpartCalculator.Levels": "επίπεδα",
    "Boxes.OwnpartCalculator.Meds": "Μετάλλια",
    "Boxes.OwnpartCalculator.NoPlaceSafe": "Όχι εξασφαλισμένη θέση",
    "Boxes.OwnpartCalculator.Note": "Σημείωση",
    "Boxes.OwnpartCalculator.OldLevel": "Παλαιό επίπεδο",
    "Boxes.OwnpartCalculator.Order": "Ακολουθία",
    "Boxes.OwnpartCalculator.OutputScheme": "Σχέδιο παραγωγής",
    "Boxes.OwnpartCalculator.OwnPart": "Συνεισφορά Ιδιοκτήτη",
    "Boxes.OwnpartCalculator.OwnPartRemaining": "Υπόλοιπο συνεισφοράς Ιδιοκτήτη",
    "Boxes.OwnpartCalculator.PatronPart": "Συνεισφορά άλλων",
    "Boxes.OwnpartCalculator.Place": "Θέση",
    "Boxes.OwnpartCalculator.PlayerName": "Παίκτης",
    "Boxes.OwnpartCalculator.PowerLeveling": "Ισχυρή αναβάθμιση",
    "Boxes.OwnpartCalculator.Scheme": "Πλάνο",
    "Boxes.OwnpartCalculator.Step": "Επίπεδο",
    "Boxes.OwnpartCalculator.Title": "Υπολογιστής ΜΚ",
    "Boxes.OwnpartCalculator.YourName": "Το Όνομά σου",
    "Boxes.PowerLeveling.DoubleCollection": "Διπλή Συλλογή",
    "Boxes.PowerLeveling.Level": "Επίπεδο",
    "Boxes.PowerLeveling.MaxLevel": "Μέγιστο Επίπεδο",
    "Boxes.PowerLeveling.OwnPartBrutto": "Δική σας συνεισφορά ακαθάριστο (με μπόνους)",
    "Boxes.PowerLeveling.OwnPartNetto": "Δική σας συνεισφορά καθαρό (χωρίς μπόνους)",
    "Boxes.PowerLeveling.OwnPartSum": "Δική σας συνεισφορά συνολικά",
    "Boxes.PowerLeveling.P1": "Θέση1",
    "Boxes.PowerLeveling.P2": "Θέση2",
    "Boxes.PowerLeveling.P3": "Θέση3",
    "Boxes.PowerLeveling.P4": "Θέση4",
    "Boxes.PowerLeveling.P5": "Θέση5",
    "Boxes.PowerLeveling.Title": "Ισχυρή αναβάθμιση",
    "Boxes.Production.SizeTT": "Μέγεθος συμπεριλαμβανομένης της μέσης απαίτησης χώρου στο δρόμο __streetnettosize__ τετράγωνων",
    "Boxes.Productions.AdjacentBuildings": "Γειτονικά Κτίρια",
    "Boxes.Productions.GoodEraTotal": "Σύνολο",
    "Boxes.Productions.GuildGoods": "Αγαθά Συντεχνίας",
    "Boxes.Productions.GuildPower": "Ισχύς Συντεχνίας",
    "Boxes.Productions.Happiness": "Ευτυχία",
    "Boxes.Productions.Headings.all": "Όλα",
    "Boxes.Productions.Headings.amount": "Ποσ.",
    "Boxes.Productions.Headings.area": "Περιοχή",
    "Boxes.Productions.Headings.boost": "Ώθηση",
    "Boxes.Productions.Headings.culture": "Πολιτιστικά Κτίρια",
    "Boxes.Productions.Headings.decoration": "Διακοσμητικά",
    "Boxes.Productions.Headings.earning": "Κερδίζετε",
    "Boxes.Productions.Headings.efficiency": "Απόδοση",
    "Boxes.Productions.Headings.era": "Εποχή",
    "Boxes.Productions.Headings.goods": "Κτίρια Αγαθών",
    "Boxes.Productions.Headings.greatbuilding": "Μεγάλα Κτίρια",
    "Boxes.Productions.Headings.main_building": "Δημαρχείο",
    "Boxes.Productions.Headings.name": "Αντικείμενο",
    "Boxes.Productions.Headings.number": "Ποσ.",
    "Boxes.Productions.Headings.production": "Κτίριο Παραγωγής",
    "Boxes.Productions.Headings.random_production": "Τυχαίες Παραγωγές",
    "Boxes.Productions.Headings.residential": "Οικιστικά Κτίρια",
    "Boxes.Productions.Headings.size": "Μέγεθος",
    "Boxes.Productions.Headings.street": "Οδοί",
    "Boxes.Productions.ModeCurrent": "Τρέχον",
    "Boxes.Productions.ModeDaily": "Ημερήσια Παραγωγή.",
    "Boxes.Productions.ModeGroups": "Ομάδα",
    "Boxes.Productions.ModeSingle": "Λίστα",
    "Boxes.Productions.NoAsteroidDataWarning": "Δεν περιλαμβάνονται προϊόντα από την Ζώνη Αστεροειδών. Επισκεφθείτε την αποικία της Ζώνης Αστεροειδών και ανοίξτε ξανά τον διάλογο",
    "Boxes.Productions.NoMarsDataWarning": "Δεν περιλαμβάνονται προϊόντα από τον Άρη. Επισκεφτείτε την αποικία στον Άρη και ανοίξτε ξανά τον διάλογο",
    "Boxes.Productions.SearchInput": "Αναζήτηση κτιρίου... ",
    "Boxes.Productions.TTGoodsEra": "Αυτή η στήλη δείχνει την εποχή του κτιρίου και όχι την εποχή των παραγόμενων προϊόντων",
    "Boxes.Productions.Title": "Τρέχουσα Επισκόπηση Παραγωγής (Ημερήσια)",
    "Boxes.Productions.Total": "Σύνολο: ",
    "Boxes.Settings.Active": "Ενεργό",
    "Boxes.Settings.Inactive": "Ανενεργό",
    "Boxes.Settings.Title": "Ρυθμίσεις",
    "Boxes.Stats.BtnAll": "Όλα",
    "Boxes.Stats.BtnAllPlayableEras": "Όλες οι Εποχές",
    "Boxes.Stats.BtnAllPlayableErasTitle": "Επιλέξτε όλες τις Εποχές (χωρίς: Καμία Εποχή, Ειδική)",
    "Boxes.Stats.BtnAllTittle": "Εποχές + Καμία Εποχή + Ειδική",
    "Boxes.Stats.BtnChartType.delta": "Διαφορά",
    "Boxes.Stats.BtnChartType.line": "Γραμμικό",
    "Boxes.Stats.BtnChartType.streamgraph": "Ροή",
    "Boxes.Stats.BtnChartTypeTitle.delta": "Αύξηση/μείωση γράφημα",
    "Boxes.Stats.BtnChartTypeTitle.line": "Γραμμικό γράφημα",
    "Boxes.Stats.BtnChartTypeTitle.streamgraph": "Ροϊκό γράφημα",
    "Boxes.Stats.BtnLastEras": "Τελευταίες 2 Εποχές",
    "Boxes.Stats.BtnLastErasTitle": "Επιλέξτε τρέχουσες και προηγούμενες εποχές",
    "Boxes.Stats.BtnMyEra": "Η Εποχή μου",
    "Boxes.Stats.BtnNoEra": "Καμία Εποχή",
    "Boxes.Stats.BtnSource.statsGBGPlayers": "ΠΜΣ",
    "Boxes.Stats.BtnSource.statsRewards": "Ανταμοιβές",
    "Boxes.Stats.BtnSource.statsTreasureClanD": "Ημερήσιο Θησαυροφυλάκιο Συντεχνίας",
    "Boxes.Stats.BtnSource.statsTreasureClanH": "Ωριαίο Θησαυροφυλάκιο Συντεχνίας",
    "Boxes.Stats.BtnSource.statsTreasurePlayerD": "Ημερήσιο Θησαυροφυλάκιο",
    "Boxes.Stats.BtnSource.statsTreasurePlayerH": "Θησαυρός",
    "Boxes.Stats.BtnSource.statsUnitsD": "Ημερήσιες Μονάδες",
    "Boxes.Stats.BtnSource.statsUnitsH": "Ωριαίες Μονάδες",
    "Boxes.Stats.BtnToggleAnnotations": "ΣεΣ Σχολιασμοί",
    "Boxes.Stats.BtnToggleAnnotationsTitle": "Εμφάνιση μείωσης αγαθών στο χάρτη ΣεΣ.",
    "Boxes.Stats.BtnToggleGroupBy": "Ομαδοποίηση ανά Εποχή",
    "Boxes.Stats.BtnToggleGroupByTitle": "Ομαδοποίηση ανά Όνομα",
    "Boxes.Stats.Era": "Εποχή",
    "Boxes.Stats.HelpLink": "https://foe-rechner.de/docs/2/statistics/",
    "Boxes.Stats.Period.all": "Όλα",
    "Boxes.Stats.Period.last30days": "Τελευταίες 30 Ημέρες",
    "Boxes.Stats.Period.last7days": "Τελευταίες 7 Ημέρες",
    "Boxes.Stats.Period.sinceTuesday": "Έως Τρίτη",
    "Boxes.Stats.Period.thisMonth": "Τρέχον Μήνα",
    "Boxes.Stats.Period.today": "Σήμερα",
    "Boxes.Stats.PeriodTitle.all": "Από την ημερομηνία εγγραφής",
    "Boxes.Stats.PeriodTitle.last30days": "Συλλογικά τελευταίες 30 ημέρες",
    "Boxes.Stats.PeriodTitle.last7days": "Συλλογικά τελευταίες 7 ημέρες",
    "Boxes.Stats.PeriodTitle.sinceTuesday": "Συλλογικά από την Τρίτη (ΕΣ ξεκινά κάθε Τρίτη)",
    "Boxes.Stats.PeriodTitle.thisMonth": "Συλλογικά αυτόν τον μήνα",
    "Boxes.Stats.PeriodTitle.today": "Συλλογικά Σήμερα",
    "Boxes.Stats.Rewards.Source.__event": "Εκδήλωση",
    "Boxes.Stats.Rewards.Source.battlegrounds_conquest": "ΠΜΣ",
    "Boxes.Stats.Rewards.Source.diplomaticGifts": "Διπλωματικά Δώρα",
    "Boxes.Stats.Rewards.Source.guildExpedition": "ΕΣ",
    "Boxes.Stats.Rewards.Source.spoilsOfWar": "Λάφυρα Πολέμου",
    "Boxes.Stats.Rewards.SourceTitle.__event": "Ανταμοιβές από Εποχιακές ή Ειδικές Εκδηλώσεις",
    "Boxes.Stats.Rewards.SourceTitle.battlegrounds_conquest": "ΠΜΣ Ανταμοιβές",
    "Boxes.Stats.Rewards.SourceTitle.diplomaticGifts": "Διπλωματικά δώρα (Διαστημικός Μεταφορέας)",
    "Boxes.Stats.Rewards.SourceTitle.guildExpedition": "ΕΣ Ανταμοιβές Κειμηλίων (Ναός των Κειμηλίων)",
    "Boxes.Stats.Rewards.SourceTitle.spoilsOfWar": "Ανταμοιβές Λάφυρων Πολέμου (Κάστρο Χιμέτζι)",
    "Boxes.Stats.SourceTitle.statsGBGPlayers": "ΠΜΣ Πίνακας αποτελεσμάτων παίκτη",
    "Boxes.Stats.SourceTitle.statsRewards": "Οι ανταμοιβές σας από το Κάστρο Χιμέτζι, Ναός των Κειμηλίων, ΠΜΣ",
    "Boxes.Stats.SourceTitle.statsTreasureClanD": "Ημερήσιο Θησαυροφυλάκιο Συντεχνίας",
    "Boxes.Stats.SourceTitle.statsTreasureClanH": "Ωριαίο Θησαυροφυλάκιο Συντεχνίας",
    "Boxes.Stats.SourceTitle.statsTreasurePlayerD": "Ημερήσιο Θησαυροφυλάκιο",
    "Boxes.Stats.SourceTitle.statsTreasurePlayerH": "Ωριαίο Θησαυροφυλάκιο",
    "Boxes.Stats.SourceTitle.statsUnitsD": "Ημερήσιες Μονάδες",
    "Boxes.Stats.SourceTitle.statsUnitsH": "Ωριαίες Μονάδες",
    "Boxes.Stats.Title": "Στατιστικά",
    "Boxes.Technologies.DescInStock": "Διαθέσιμα",
    "Boxes.Technologies.DescRequired": "Απαιτείται",
    "Boxes.Technologies.DescStillMissing": "<span style='color:#29b206'>Υπολειπόμενα</span> / <span style='color:#ff4040'>Απαιτείται</span>",
    "Boxes.Technologies.NoTechs": "Φτάσατε στο τέλος αυτής της Εποχής",
    "Boxes.Technologies.Resource": "Πόροι",
    "Boxes.Technologies.Title": "Έξοδα έρευνας Τεχνολογικού δέντρου",
    "Boxes.Treasury.Action": "Μήνυμα",
    "Boxes.Treasury.Amount": "Ποσό",
    "Boxes.Treasury.DateTime": "Ημερομηνία/Ώρα",
    "Boxes.Treasury.Era": "Εποχή",
    "Boxes.Treasury.Export": "Εξαγωγή",
    "Boxes.Treasury.Message": "Μετακινηθείτε σε όλες τις σελίδες και πατήστε το κουμπί Εξαγωγής",
    "Boxes.Treasury.PlayerID": "ID Παίκτη",
    "Boxes.Treasury.PlayerName": "Όνομα παίκτη",
    "Boxes.Treasury.Reset": "Επαναφορά",
    "Boxes.Treasury.Resource": "Καλό",
    "Boxes.Treasury.RowNumber": "Επεξεργασία σειρών",
    "Boxes.Treasury.Title": "Εξαγωγή καταγραφής Θησαυροφυλακίου Συντεχνίας",
    "Boxes.Units.AlcaHarvest": "Το Αλκατράζ σας είναι έτοιμο για συλλογή!",
    "Boxes.Units.Attack": "Επίθεση%",
    "Boxes.Units.Bind": "Δεσμευμένες",
    "Boxes.Units.Defend": "Άμυνα%",
    "Boxes.Units.NextUnitsIn": "Οι επόμενες __count__ μονάδες Αλκατράζ θα ολοκληρωθούν σε <span class = \"alca-countdown\"> </span> στις __harvest__ ώ",
    "Boxes.Units.NotFilled": "Κενή θέση",
    "Boxes.Units.Proportionally": "Ποσοστό",
    "Boxes.Units.Quantity": "Ποσότητα",
    "Boxes.Units.ReadyToLoot": "Έτοιμο για λεηλασία!",
    "Boxes.Units.Status": "Κατάσταση",
    "Boxes.Units.Title": "Επισκόπηση Μονάδων",
    "Boxes.Units.Unbind": "Αδέσμευτες",
    "Boxes.Units.Unit": "Μονάδα",
    "Date": "ΗΗ-ΜΜΜ-ΧΧ",
    "DateTime": "ΗΗ-ΜΜΜ-ΧΧ @ ΩΩ:μμ:δδ α",
    "Eras.0": "Καμία Εποχή",
    "Eras.1": "Λίθινη Εποχή",
    "Eras.10": "Προοδευτική Εποχή",
    "Eras.11": "Μεταμοντέρνα Εποχή",
    "Eras.12": "Σύγχρονη Εποχή",
    "Eras.13": "Εποχή Αύριο",
    "Eras.14": "Εποχή Μέλλον",
    "Eras.15": "Εποχή Αρκτικό Μέλλον",
    "Eras.16": "Εποχή Ωκεάνιο Μέλλον",
    "Eras.17": "Εποχή Εικονικό Μέλλον",
    "Eras.18": "Άρης Εποχή του Διαστήματος",
    "Eras.19": "Ζώνη Αστεροειδών Εποχή του Διαστήματος",
    "Eras.2": "Εποχή του Χαλκού",
    "Eras.20": "Αφροδίτη Εποχή του Διαστήματος",
    "Eras.3": "Εποχή του Σιδήρου",
    "Eras.4": "Εποχή Πρώιμου Μεσαίωνα",
    "Eras.5": "Εποχή Μέσου Μεσαίωνα",
    "Eras.6": "Εποχή Ύστερου Μεσαίωνα",
    "Eras.7": "Αποικιακή Εποχή",
    "Eras.8": "Βιομηχανική Εποχή",
    "Eras.9": "Προοδευτική Εποχή",
    "Global.BoxTitle": "Βοηθός FoE",
    "HiddenRewards.Positions.cityRoadBig": "Δρόμος 2 λωρίδων",
    "HiddenRewards.Positions.cityRoadSmall": "Δρόμος μονής λωρίδας",
    "HiddenRewards.Positions.guildExpedition": "Κειμήλια - ΕΣ",
    "HiddenRewards.Positions.nature": "Δάσος",
    "HiddenRewards.Positions.shore": "Παραλία",
    "HiddenRewards.Positions.water": "Νερό",
    "HiddenRewards.Table.expires": "Κατάσταση",
    "HiddenRewards.Table.position": "Τοποθεσία",
    "HiddenRewards.Table.type": "Τύπος",
    "Kits.Sets.AbandonedAsylum": "Εγκαταλελειμμένο Άσυλο",
    "Kits.Sets.AltarGarden": "Κήπος του Βωμού",
    "Kits.Sets.ArtExhibition": "Έκθεση Τέχνης",
    "Kits.Sets.CelticForest": "Κελτικό Δάσος",
    "Kits.Sets.CherrySet": "Σετ Κερασόκηπου",
    "Kits.Sets.CiderMill": "Εργοστάσιο Χυμού Μήλου",
    "Kits.Sets.ClassicGardenSet": "Σετ Κλασσικού Κήπου",
    "Kits.Sets.Colossus": "Κολοσσός",
    "Kits.Sets.CrowsNest": "Φωλιά του Κορακιού",
    "Kits.Sets.FountainSet": "Σετ Σιντριβανιού",
    "Kits.Sets.GardenSet": "Σετ Κήπου",
    "Kits.Sets.GrandBridge": "Μεγάλη Γέφυρα",
    "Kits.Sets.Graveyard": "Νεκροταφείο",
    "Kits.Sets.GreaterRuneStone": "Μεγαλύτερη Ρουνική Λίθος",
    "Kits.Sets.GuardPost": "Φρουρός Οικισμού",
    "Kits.Sets.HallOfFame": "Αίθουσα της Δόξας",
    "Kits.Sets.Hippodrome": "Ιππόδρομος",
    "Kits.Sets.IndianPalace": "Σετ Ινδικού Παλατιού",
    "Kits.Sets.Obelisk": "Οβελίσκος",
    "Kits.Sets.Pagoda": "Παγόδα",
    "Kits.Sets.Piazza": "Σετ Πιάτσας",
    "Kits.Sets.PillarOfHeroes": "Στύλοι Ηρώων",
    "Kits.Sets.Pirate": "Πειρατικό Πλοίο (Euro 2004)",
    "Kits.Sets.Royal": "Βασιλικό Πλοίο",
    "Kits.Sets.SeptemberCottage": "Εξοχικό του Σεπτέμβρη",
    "Kits.Sets.ShipKit": "Κιτ Πλοίου",
    "Kits.Sets.StatueOfHonor": "Ανδριάντας",
    "Kits.Sets.TholosOfIdols": "Θόλος Ινδαλμάτων",
    "Kits.Sets.TimelessDojo": "Αιώνιο Ντότζο",
    "Kits.Sets.Trader": "Εμπορικό Πλοίο",
    "Kits.Sets.WinnersPlaza": "Πλατεία Νικητών",
    "Kits.Sets.WinterSpire": "Χειμερινό Κωδωνοστάσιο",
    "Kits.Sets.WinterTrain": "Χειμερινό Τρένο",
    "Kits.Sets.WinterVillageSet": "Σετ Χειμερινού Χωριού",
    "Kits.Sets.Winterdeco": "Κιτ Χειμερινής Διακόσμησης",
    "Kits.Sets.WorldsFair": "Παγκόσμια Έκθεση",
    "Local": "el-GR",
    "Menu.Calculator.Desc": "Υπολογίζει όλες τις θέσεις στα Μεγάλα Κτίρια",
    "Menu.Calculator.Title": "Υπολογιστής Κόστους ΜΚ",
    "Menu.Calculator.Warning": "Απενεργοποιημένο: Ανοίξτε πρώτα το Μεγάλο κτίριο ενός άλλου παίκτη!",
    "Menu.Campagne.Desc": "Εμφανίζει πόρους που απαιτούνται για να κατακτηθεί ένας τομέας στον Χάρτη Ηπείρων.",
    "Menu.Campagne.Title": "Επισκόπηση Χάρτη Ηπείρων",
    "Menu.Campagne.Warning": "Απενεργοποιημένο: Επισκεφτείτε πρώτα έναν τομέα (M)!",
    "Menu.Chat.Desc": "Μιλήστε σε πραγματικό χρόνο με όλους",
    "Menu.Chat.Title": "Συνομιλία Συντεχνίας",
    "Menu.Citymap.Desc": "Εμφανίζει ένα σχεδιάγραμμα της πόλης σας",
    "Menu.Citymap.Title": "Επισκόπηση Πόλης",
    "Menu.HiddenRewards.Desc": "Εμφανίζει τύπους Περιστατικών, ώρες και τοποθεσίες",
    "Menu.HiddenRewards.HelpLink": "https://foe-rechner.de/docs/2/incidents",
    "Menu.HiddenRewards.Title": "Περιστατικά",
    "Menu.Info.Desc": "Εμφανίζει γεγονότα που συμβαίνουν στο \"παρασκήνιο\".<br><em>Συμπληρώνεται με πληροφορίες ...  </em>",
    "Menu.Info.Title": "Πλαίσιο πληροφοριών",
    "Menu.Kits.Desc": "Εμφανίζει όλα τα Σετ κτιρίων, Αναβαθμίσεων και Κιτ επιλογής.",
    "Menu.Kits.Title": "Σετ, Αναβαθμίσεις & Κιτ",
    "Menu.Market.Desc": "Φίλτρο συναλλαγών Αγοράς",
    "Menu.Market.Title": "Φίλτρο Αγοράς",
    "Menu.Market.Warning": "Ανοίξτε πρώτα την Αγορά",
    "Menu.Negotiation.Desc": "Επιλέξτε πόρους για επιτυχείς διαπραγματεύσεις.",
    "Menu.Negotiation.Title": "Βοηθός Διαπραγματεύσεων",
    "Menu.Negotiation.Warning": "Απενεργοποιημένο: Ξεκινήστε πρώτα μια διαπραγμάτευση!",
    "Menu.Notice.Desc": "Κρατήστε σημειώσεις για οτιδήποτε δεν θέλετε να ξεχάσετε.",
    "Menu.Notice.Title": "Σημειώσεις",
    "Menu.OutP.Desc": "Εμφανίζει τους πόρους που απαιτούνται (κατά είδος) για την Αποικία σας.",
    "Menu.OutP.DescWarningBuildings": "<em id='outPW' class='tooltip-error'>Απενεργοποιήθηκε: Ξεκινήστε πρώτα μια Αποικία!<br></em>Εμφανίζει τους πόρους που απαιτούνται (ανά στοιχείο) για την Αποικία σας.",
    "Menu.OutP.DescWarningOutpostData": "<em id='outPW' class='tooltip-error'>Απενεργοποιήθηκε: Ξεκινήστε μια Αποικία και φορτώστε ξανά το παιχνίδι (F5)",
    "Menu.OutP.Title": "Επισκόπηση Αποικίας",
    "Menu.OwnpartCalculator.Desc": "Δημιουργήστε πρόγραμμα πληρωμής, υπολογίστε εξωτερικές θέσεις και αντιγράψτε τις τιμές για τα ΜΚ σας",
    "Menu.OwnpartCalculator.Title": "Υπολογιστής ΜΚ",
    "Menu.OwnpartCalculator.Warning": "Απενεργοποιήθηκε: Ανοίξτε πρώτα ένα από τα Μεγάλα Κτίρια σας!",
    "Menu.Productions.Desc": "Εμφανίζει τις τρέχουσες καθημερινές σας παραγωγές.",
    "Menu.Productions.Title": "Επισκόπηση παραγωγής",
    "Menu.Settings.Desc": "Διαμόρφωση Βοηθού FoE",
    "Menu.Settings.Title": "Ρυθμίσεις",
    "Menu.Stats.Desc": "Εμφανίζει τα στατιστικά του παιχνιδιού για αγαθά, μονάδες, ανταμοιβές, ΠΜΣ",
    "Menu.Stats.Title": "Στατιστικά",
    "Menu.Technologies.Desc": "Δείτε και υπολογίστε το κόστος έρευνας στο Τεχνολογικό Δέντρο",
    "Menu.Technologies.Title": "Τεχνολογικό Δέντρο",
    "Menu.Technologies.Warning": "Απενεργοποιημένο: Ανοίξτε πρώτα το Τεχνολογικό Δέντρο (R)!",
    "Menu.Unit.Desc": "Εμφάνιση της τρέχουσας κατάστασης όλων των στρατιωτικών μονάδων σας",
    "Menu.Unit.Title": "Επισκόπηση στρατιωτικών μονάδων",
    "Menu.Unit.Warning": "Απενεργοποιημένο: Ανοίξτε πρώτα τη διαχείριση στρατού σας (U)!",
    "Menu.greatbuildings.Desc": "Ποιο Μεγάλο Κτίριο που παράγει FP θα πρέπει να κάνετε αναβάθμιση στη συνέχεια;",
    "Menu.greatbuildings.Title": "Επένδυση ΜΚ",
    "Settings.About.Desc": "Το FoE Helper είναι μια δωρεάν επέκταση προγράμματος περιήγησης για το Forge of Empires που αναπτύχθηκε για παίκτες από παίκτες. Το εργαλείο δεν σχετίζεται με την InnoGames.",
    "Settings.About.RatingDesc": "Αν σας αρέσει αυτό που βλέπετε και τι κάνουμε, αφήστε μια καλή κριτική στο Store!",
    "Settings.About.RatingTitle": "Βαθμολογήστε την Επέκταση",
    "Settings.About.Title": "Σχετικά με το FoE Helper",
    "Settings.About.TranslateDesc": "Μπορείτε να βοηθήσετε στη μετάφραση της επέκτασης εγγραφείτε στο εργαλείο μετάφρασης: ",
    "Settings.About.TranslateTitle": "Μετάφραση",
    "Settings.AutomaticNegotiation.Desc": "Αυτόματο Άνοιγμα/Κλείσιμο του Βοηθού Διαπραγμάτευσης κατά τη διαπραγμάτευση;",
    "Settings.AutomaticNegotiation.Title": "Βοηθός διαπραγματεύσεων",
    "Settings.ChangeLanguage.Desc": "Επιλέξτε τη γλώσσα που προτιμάτε από την αναπτυσσόμενη λίστα>",
    "Settings.ChangeLanguage.Title": "Αλλαγή Γλώσσας",
    "Settings.Entry.About": "Σχετικά",
    "Settings.Entry.AutomaticNegotiation": "Βοηθός διαπραγματεύσεων",
    "Settings.Entry.ChangeLanguage": "Γλώσσα",
    "Settings.Entry.ExportSettings": "Εισαγωγή / Εξαγωγή",
    "Settings.Entry.GlobalSend": "Υποβολές",
    "Settings.Entry.Help": "Βοήθεια",
    "Settings.Entry.MenuLength": "Μήκος μενού",
    "Settings.Entry.ResetBoxPositions": "Συντεταγμένες Παράθυρου",
    "Settings.Entry.SendGEXInfo": "Αξιολογήσεις ΕΣ",
    "Settings.Entry.SendGildMemberLGInfo": "Κτίρια μελών Συντεχνίας",
    "Settings.Entry.SendInvestigations": "Επενδύσεις FP",
    "Settings.Entry.SendPlayersMotivation": "Δραστηριότητα Κινήτρων",
    "Settings.Entry.ShowInvestments": "Επενδύσεις FP",
    "Settings.Entry.ShowOwnPartOnAllGBs": "Υπολογιστής ΜΚ",
    "Settings.Entry.ShowTavernBadge": "Διακριτικό ταβέρνας",
    "Settings.Entry.Version": "Έκδοση",
    "Settings.ExportImport.Error": "Μη έγκυρο αρχείο ρυθμίσεων!",
    "Settings.ExportImport.Reload": "Το παιχνίδι θα ανανεωθεί με τις νέες ρυθμίσεις.",
    "Settings.ExportSettings.Button": "Ρυθμίσεις επέκτασης",
    "Settings.ExportSettings.Desc": "Αποθήκευση και επαναφορά ρυθμίσεων",
    "Settings.ExportSettings.Title": "Αποθήκευση και επαναφορά",
    "Settings.ExportSettings.ViewExport": "Εξαγωγή: ",
    "Settings.ExportSettings.ViewImport": "Εισαγωγή: ",
    "Settings.GlobalSend.Desc": "Αν θέλετε να παρακολουθείτε τα δεδομένα με τη Συντεχνία σας, ενεργοποιήστε αυτό το σημείο. <br> Για μια αυτόνομη επέκταση απλώς απενεργοποιήστε.",
    "Settings.GlobalSend.Title": "Μεταφόρτωση / Αποστολή δεδομένων στο foe-rechner.de",
    "Settings.Help.Desc": "Υπάρχουν διάφοροι τρόποι για να λάβετε υποστήριξη:",
    "Settings.Help.Discord": "Discord: εγγραφείτε στο κανάλι μας για γενικές συζητήσεις σχετικά με την επέκταση, γενικές συζητήσεις και υποστήριξη.",
    "Settings.Help.Forums": "Φόρουμ: μεταβείτε εδώ για υποστήριξη και υποβολή ιδεών, καθώς και αναφορές σφαλμάτων.",
    "Settings.Help.Github": "GitHub: για περισσότερες τεχνικές αναφορές σφαλμάτων, συγκεκριμένες ιδέες και βοήθεια στην ανάπτυξη.",
    "Settings.Help.Title": "Βοήθεια και Κοινότητα",
    "Settings.Help.Website": "Ιστότοπος: Πληροφορίες σχετικά με την επέκταση και τεκμηρίωση των χαρακτηριστικών της.",
    "Settings.MenuLength.Desc": "Πόσα στοιχεία ψηλά πρέπει να είναι το μενού; <br> Κενό ή \"0\" σημαίνει αυτόματο ύψος.",
    "Settings.MenuLength.Title": "Ύψος μενού",
    "Settings.ResetBoxPositions.Button": "Διαγραφή!",
    "Settings.ResetBoxPositions.Desc": "Να γίνει επαναφορά όλων των συντεταγμένων παραθύρων;",
    "Settings.ResetBoxPositions.Title": "Συντεταγμένες Παραθύρων",
    "Settings.SendGEXInfo.Desc": "Όταν κάνετε κλικ στο ΕΣ σε τοποθετήσεις ή ταξινομήσεις, τα δεδομένα μεταφέρονται",
    "Settings.SendGEXInfo.Title": "ΕΣ αξιολογήσεις",
    "Settings.SendGildMemberLGInfo.Desc": "Όταν επισκέπτεστε άλλα μέλη της Συντεχνίας, ανεβάστε τα δεδομένα ΜΚ στο foe-rechner.de.",
    "Settings.SendGildMemberLGInfo.Title": "Ανεβάστε τα δεδομένα Μεγάλων Κτιρίων μελών της συντεχνίας",
    "Settings.SendInvestigations.Desc": "Ανεβάστε τα δεδομένα επένδυσης FP κατά την είσοδο στην καρτέλα «Δημαρχείο»> «Ειδήσεις»> «Μεγάλα κτίρια».",
    "Settings.SendInvestigations.Title": "Αποστολή επενδύσεων FP",
    "Settings.SendPlayersMotivation.Desc": "Να μεταφερθούν οι δραστηριότητες κινήτρου όταν καλούνται τα γεγονότα;",
    "Settings.SendPlayersMotivation.Title": "Δραστηριότητα Κινήτρων",
    "Settings.ShowGuildTreasuryLogExport.Desc": "Εμφανίζει ένα εργαλείο για την εξαγωγή αρχείων καταγραφής Θησαυροφυλακίου Συντεχνίας σε αρχείο .csv κατά το άνοιγμα του παραθύρου του αρχείου καταγραφής Θησαυροφυλακίου Συντεχνίας",
    "Settings.ShowGuildTreasuryLogExport.Title": "Εμφάνιση εργαλείου εξαγωγής αρχείου καταγραφής Θησαυροφυλακίου Συντεχνίας",
    "Settings.ShowInvestments.Desc": "Εμφάνιση αθροισμάτων των επενδυτικών σας δεδομένων FP κατά την είσοδο στην καρτέλα \"Δημαρχείο\"> \"Ειδήσεις\"> \"Μεγάλα κτίρια\".",
    "Settings.ShowInvestments.Title": "Εμφάνιση ποσών επένδυσης FP",
    "Settings.ShowMarketFilter.Desc": "Εμφανίζει εργαλείο για φιλτράρισμα συναλλαγών κατά το άνοιγμα της Αγοράς",
    "Settings.ShowMarketFilter.Title": "Εμφάνιση εργαλείου φίλτρου Αγοράς",
    "Settings.ShowOwnPartOnAllGBs.Desc": "Δείχνει τον υπολογιστή ΜΚ και για μεγάλα κτίρια άλλων παικτών",
    "Settings.ShowOwnPartOnAllGBs.Title": "Εμφάνιση Υπολογιστή ΜΚ για όλα τα ΜΚ",
    "Settings.ShowTavernBadge.Desc": "Μόλις ενεργοποιηθεί επιπλέον κίνηση στην ταβέρνα, εμφανίζεται ένας χρονομετρητής.",
    "Settings.ShowTavernBadge.Title": "Εμφάνιση σήματος ταβέρνας",
    "Settings.Tab.About": "Σχετικά",
    "Settings.Tab.Boxes": "Παράθυρα",
    "Settings.Tab.Extension": "Γενικά",
    "Settings.Tab.Sending": "Μεταφορά δεδομένων",
    "Settings.Version.Desc": "Τα παρακάτω δεδομένα μπορούν να επιλεγούν για αντιγραφή.",
    "Settings.Version.GuildId": "Αναγνωριστικό Συντεχνίας:",
    "Settings.Version.Link": "<a target='_blank' href='https://foe-rechner.de/extension/update?v=__version__&lang=en'  class='game-cursor'>Τελευταία Αναφορά</a>",
    "Settings.Version.PlayerId": "Αναγνωριστικό Παίκτη:",
    "Settings.Version.Title": "Έκδοση",
    "Settings.Version.World": "Κόσμος:",
    "_Language": "Ελληνικά"
}
