﻿{
    "API.GEXChampionship": "GE Guild Ranking info has been updated",
    "API.GEXPlayer": "GE Members Ranking info has been updated",
    "API.LGGildMember": "__player__'s GB info has been updated",
    "API.LGInvest": "Your great building Investment info has been updated",
    "API.UpdateSuccess": "Info Updated Successfully!",
    "Boxes.Alerts.Form.Antiques.Auction": "Auction",
    "Boxes.Alerts.Form.Antiques.Cooldown": "Auction Cooldown",
    "Boxes.Alerts.Form.Antiques.Dealer": "Antiques Dealer",
    "Boxes.Alerts.Form.Antiques.Exchange": "daily exchange",
    "Boxes.Alerts.Form.Battleground": "Battleground Provinces",
    "Boxes.Alerts.Form.Body": "Body",
    "Boxes.Alerts.Form.Create": "Create",
    "Boxes.Alerts.Form.CreateAlert": "Create Alert",
    "Boxes.Alerts.Form.CreateAllSectors": "Create For All Sectors",
    "Boxes.Alerts.Form.CreateNewAlert": "Create New Alert",
    "Boxes.Alerts.Form.Datetime": "Date &amp; Time",
    "Boxes.Alerts.Form.Delete": "Delete",
    "Boxes.Alerts.Form.Discard": "Discard",
    "Boxes.Alerts.Form.Edit": "Edit",
    "Boxes.Alerts.Form.EditAlert": "Edit Alert",
    "Boxes.Alerts.Form.Expiration": "Expiration",
    "Boxes.Alerts.Form.Expired": "Expired",
    "Boxes.Alerts.Form.Expires": "Expires",
    "Boxes.Alerts.Form.Neighborhood": "Neighborhood",
    "Boxes.Alerts.Form.Persistence": "Persistence",
    "Boxes.Alerts.Form.Persistence.Description": "Should the notification remain open until the user dismisses or clicks the notification",
    "Boxes.Alerts.Form.Persistence.Off": "Off",
    "Boxes.Alerts.Form.Persistence.On": "On",
    "Boxes.Alerts.Form.Persistent": "Persistent",
    "Boxes.Alerts.Form.Preset.Now": "Now",
    "Boxes.Alerts.Form.Presets": "Presets",
    "Boxes.Alerts.Form.Preview": "Preview",
    "Boxes.Alerts.Form.Repeat": "Repeat",
    "Boxes.Alerts.Form.Repeat.Every": "or every",
    "Boxes.Alerts.Form.Repeat.Never": "never",
    "Boxes.Alerts.Form.Save": "Save",
    "Boxes.Alerts.Form.Tag": "Tag",
    "Boxes.Alerts.Form.Tag.Description": "Tags can be used to group notifications (a new notification with a given tag will replace an older notification with the same tag)",
    "Boxes.Alerts.Form.Title": "Title",
    "Boxes.Alerts.Permissions.Default": "Enable notifications in your browser to use this feature",
    "Boxes.Alerts.Permissions.Denied": "Notifications have been disabled. To enable notifications in your browser settings navigate to chrome://settings/content/notifications and then refresh this page.",
    "Boxes.Alerts.Permissions.Enable": "Enable",
    "Boxes.Alerts.Permissions.Refresh": "Refresh",
    "Boxes.Alerts.Preferences.Auction.Info": "Automatically create a new alert when I make a bid in the Antiques Dealer Auction",
    "Boxes.Alerts.Preferences.Auction.Title": "Antiques Dealer Auction",
    "Boxes.Alerts.Preferences.Battlegrounds.Info": "Send an instant alert when there is a high activity in the Guild Battlegrounds (for example, 10 fights in a single sector within 5 seconds). Please note that this function works only when the Guild Battlegrounds are open in game!",
    "Boxes.Alerts.Preferences.Battlegrounds.Title": "Guild Battlegrounds Tracker",
    "Boxes.Alerts.Preferences.ComingSoon": "Coming Soon…  ",
    "Boxes.Alerts.Preferences.Early.Info": "Automatically generated alert times (Antiques Dealer, Guild Battlegrounds etc) will use this offset to send notification before the event actually happens. For example, setting this value to 30 (seconds), Auction alerts will be displayed 30s before the auction actually ends!",
    "Boxes.Alerts.Preferences.Early.Title": "Notify Early Offset",
    "Boxes.Alerts.Preferences.InGame.Info": "Show in-game notification instead of the native Desktop notification when the game window is focused",
    "Boxes.Alerts.Preferences.InGame.Title": "In-game Notifications",
    "Boxes.Alerts.Preferences.MenuIcon.Info": "Show the next alert countdown as an overlay of the Main Menu icon",
    "Boxes.Alerts.Preferences.MenuIcon.Title": "Main Menu Countdown",
    "Boxes.Alerts.Preferences.Start.Info": "Display a list of Alerts which expired while offline (since the game window was closed)",
    "Boxes.Alerts.Preferences.Start.Title": "Expired Alert Summary at Start",
    "Boxes.Alerts.Preferences.Suggestions.Info": "Display alert suggestions (for example, when clicking on a Battleground sector, or collecting a building production)",
    "Boxes.Alerts.Preferences.Suggestions.Title": "Alert Suggestions",
    "Boxes.Alerts.Tabs.Alerts": "Alerts",
    "Boxes.Alerts.Tabs.Preferences": "Preferences",
    "Boxes.Alerts.Time.15m": "15m",
    "Boxes.Alerts.Time.1d": "1d",
    "Boxes.Alerts.Time.1h": "1h",
    "Boxes.Alerts.Time.1m": "1m",
    "Boxes.Alerts.Time.4h": "4h",
    "Boxes.Alerts.Time.5m": "5m",
    "Boxes.Alerts.Time.8h": "8h",
    "Boxes.Api.Title": "Extension API Settings",
    "Boxes.BattleAssist.Text": "Your army has only Rogues. Either heal units using diamonds or retreat!",
    "Boxes.BattleAssist.Title": "Warning!",
    "Boxes.Calculator.ActiveRecurringQuest": "Active recurring quest:",
    "Boxes.Calculator.ArkBonus": "Your Arc Bonus",
    "Boxes.Calculator.AvailableFP": "Available FPs",
    "Boxes.Calculator.BPs": "BPs",
    "Boxes.Calculator.Commitment": "Cost",
    "Boxes.Calculator.Done": "done",
    "Boxes.Calculator.FP": "FP",
    "Boxes.Calculator.FriendlyInvestment": "Friendly invest:",
    "Boxes.Calculator.HelpLink": "https://foe-rechner.de/docs/2/cost-calculator/",
    "Boxes.Calculator.LGNotConnected": "This great building is not connected to a road.",
    "Boxes.Calculator.LGNotOpen": "This great buildings's next level is currently LOCKED.",
    "Boxes.Calculator.LevelWarning": "Warning! Leveling this great building!",
    "Boxes.Calculator.MaxLevel": "Max level",
    "Boxes.Calculator.Meds": "Meds",
    "Boxes.Calculator.Profit": "Difference",
    "Boxes.Calculator.Step": "Level ",
    "Boxes.Calculator.TTForderCosts": "Cost = __nettoreward__<small>(Net Reward)</small> X __forderfactor__%<small>(Friendly invest??)</small> = __costs__",
    "Boxes.Calculator.TTForderFPStockLow": "ATTENTION: Not enough FP Packs in stock!<br>You only have __fpstock__ of __costs__FP<br>That is __tooless__FPs too few",
    "Boxes.Calculator.TTForderNegativeProfit": "Spot is not safe. __fpcount__ additional FPs must be added.<br>Total to make spot safe: __totalfp__FPs",
    "Boxes.Calculator.TTLevelWarning": "Adding __fpcount__ FPs too many!<br>Maximum investment: __totalfp__ FPs",
    "Boxes.Calculator.TTLoss": "Reward = __nettoreward__ <small>(Net Reward)</small> X __arcfactor__% <small>(Arc Bonus)</small> = __bruttoreward__<br>Cost: __costs__ - Place locked at: __safe__<br>Loss = __costs__ <small>(Cost)</small> - __bruttoreward__ <small>(Reward)</small> = __loss__",
    "Boxes.Calculator.TTLossSelf": "Reward = __nettoreward__<small>(Net Reward)</small> * __arcfactor__% <small>(Arc Bonus)</small> = __bruttoreward__<br>Paid: __paid__<br>Loss = __paid__ <small>(Paid)</small> - __bruttoreward__ <small>(Reward)</small> = __loss__",
    "Boxes.Calculator.TTPaidTooLess": "You paid __paid__ FPs instead of __topay__ FPs. That is __tooless__FPs too few.",
    "Boxes.Calculator.TTPaidTooMuch": "You paid __paid__ FPs instead of __topay__ FPs. That is __toomuch__FP too many.",
    "Boxes.Calculator.TTProfit": "Reward = __nettoreward__ <small>(Net Reward)</small> X __arcfactor__% <small>(Arc Bonus)</small> = __bruttoreward__<br>Cost: __costs__ - Place locked at: __safe__<br>Profit = __bruttoreward__ <small>(Reward)</small> - __costs__ <small>(Cost)</small> = __profit__",
    "Boxes.Calculator.TTProfitSelf": "Reward = __nettoreward__ <small>(Net Reward)</small> * __arcfactor__% <small>(Arc Bonus)</small> = __bruttoreward__<br>Paid: __paid__<br>Profit = __bruttoreward__ <small>(Reward)</small> - __paid__ <small>(Paid)</small> = __profit__",
    "Boxes.Calculator.Title": "GB Cost Calculator",
    "Boxes.Calculator.Up2LevelUp": "Remaining FPs to level",
    "Boxes.Campagne.AlreadyDone": " Already conquered! Well done :)",
    "Boxes.Campagne.DescInStock": "In Stock",
    "Boxes.Campagne.DescRequired": "Required",
    "Boxes.Campagne.DescStillMissing": "<span style='color:#29b206'>Remaining</span> / <span style='color:#ff4040'>Needed</span>",
    "Boxes.Campagne.Resource": "Resource Item",
    "Boxes.Campagne.Reward": "Rewards ",
    "Boxes.Campagne.Title": "Sector Resource Costs ",
    "Boxes.CityMap.CavalierPerspecitve": "Side View",
    "Boxes.CityMap.Desc1": "To be able to plan your city, we need to transfer your data to foe-rechner.de",
    "Boxes.CityMap.Desc2": "Submit",
    "Boxes.CityMap.FreeArea": "Available Squares: ",
    "Boxes.CityMap.NormalPerspecitve": "Top View",
    "Boxes.CityMap.ShowSubmitBox": "Show submit box",
    "Boxes.CityMap.SubmitSuccess": "Data was transferred successfully…  Now visit ",
    "Boxes.CityMap.TitleSend": "Submit data",
    "Boxes.CityMap.WholeArea": "Total Squares: ",
    "Boxes.CityMap.YourCity": "Your city",
    "Boxes.EventChests.Chance": "Chance",
    "Boxes.EventChests.Cost": "Costs",
    "Boxes.EventChests.CostPerPrize": "Cost/Prize",
    "Boxes.EventChests.CostPerStep": "Cost/Step",
    "Boxes.EventChests.MainPrize": "Main Prize",
    "Boxes.EventChests.MainPrizeTitle": "Daily Special: ",
    "Boxes.EventChests.Steps": "Steps",
    "Boxes.EventChests.Title": "Event Chest Selection Helper",
    "Boxes.Gildfights.Fights": "Fights",
    "Boxes.Gildfights.LastSnapshot": " - Last snapshot: __time__ ago",
    "Boxes.Gildfights.Negotiations": "Negotiations",
    "Boxes.Gildfights.Player": "Guild Member",
    "Boxes.Gildfights.Title": "GBG Overview",
    "Boxes.Gildfights.Total": "Total",
    "Boxes.GreatBuildings.ArcBonus": "Friendly invest",
    "Boxes.GreatBuildings.Cost": "Costs",
    "Boxes.GreatBuildings.CostPerDailyFP": "Cost / daily FP",
    "Boxes.GreatBuildings.DailyFP": "Daily FP",
    "Boxes.GreatBuildings.FPCostGoods": "FP costs for goods",
    "Boxes.GreatBuildings.GreatBulding": "Great building",
    "Boxes.GreatBuildings.HelpLink": "https://foe-rechner.de/docs/2/gb-investments/",
    "Boxes.GreatBuildings.HideNewGBs": "Hide not built GBs",
    "Boxes.GreatBuildings.Level": "Level",
    "Boxes.GreatBuildings.RewardPerDay": "FP Rewards/day from other players",
    "Boxes.GreatBuildings.Suggestion2": "Suggestion 2",
    "Boxes.GreatBuildings.SuggestionDescription": "Buildings at the top of the list are best",
    "Boxes.GreatBuildings.SuggestionTitle": "FP GB ROI compared",
    "Boxes.GreatBuildings.TTGoodCosts": "You have not built this great building yet. This are the FP costs for buying the needed goods",
    "Boxes.GreatBuildings.TTGoodCostsColumn": "Lists the FP costs for buying the needed goods (applies only to great buildings you have not built yet)",
    "Boxes.GreatBuildings.TTRewardPerDay": "Optional: How many FP rewards do you get per day? This information is used to calculate profitablity for further arc levels",
    "Boxes.GreatBuildings.Title": "GB investment",
    "Boxes.HiddenRewards.Disappears": "Disappears",
    "Boxes.HiddenRewards.HelpLink": "???",
    "Boxes.HiddenRewards.NoEvents": "No Incidents displayed.",
    "Boxes.HiddenRewards.Title": "Incidents Overview",
    "Boxes.Infobox.Filter": "Filter",
    "Boxes.Infobox.FilterAuction": "Auction",
    "Boxes.Infobox.FilterGex": "GE",
    "Boxes.Infobox.FilterGildFights": "GBG",
    "Boxes.Infobox.FilterLevel": "GB",
    "Boxes.Infobox.FilterMessage": "Message",
    "Boxes.Infobox.FilterTrade": "Trade",
    "Boxes.Infobox.Messages.Auction": "'<strong>__player__</strong> has just placed a bid for __amount__ Trade Coins.",
    "Boxes.Infobox.Messages.GEX": "<strong>__player__</strong> has just contributed __points__ GE points.",
    "Boxes.Infobox.Messages.GildFightOccupied": "<span style=\"color:#ffb539\">__provinceName__</span> was captured by <span style=\"color:__attackerColor__;text-shadow: 0 1px 1px __attackerShadow__\">__attackerName__</span> and is locked until __untilOccupied__.",
    "Boxes.Infobox.Messages.LevelUp": "__player__'s __building__ has just reached level __level__.<br>You took <strong>__rank__ </strong> place and received <strong>__fps__</strong> FPs in profit.",
    "Boxes.Infobox.Messages.MsgBuilding": "__building__ - Level __level__",
    "Boxes.Infobox.Messages.Trade": "<strong>__player__</strong> accepted your trade of __offerValue__ __offer__ for __needValue__ __need__.",
    "Boxes.Infobox.Messages.Welcome": "Welcome to the <strong>Infobox</strong>! While this window remains open, it will gradually fill up with events that occur in the silence (such as chat messages, attacks in GBG and auction bids)",
    "Boxes.Infobox.ResetBox": "Clear All",
    "Boxes.Infobox.Title": "Infobox Overview Window",
    "Boxes.Infobox.UnknownConversation": "Unknown Conversation",
    "Boxes.Investment.AllUpToDate": "Event History page previoulsy updated",
    "Boxes.Investment.AllUpToDateDesc": "All player events/intertactions on this page have been previoulsy updated",
    "Boxes.Investment.CurrReward": "Current Profit: ",
    "Boxes.Investment.InvestBar": "Invested FPs: ",
    "Boxes.Investment.PlayerFound": "New Event History found",
    "Boxes.Investment.PlayerFoundCount": "__count__ new player Events were found",
    "Boxes.Investment.PlayerFoundCounter": "__count__ new player Events were found",
    "Boxes.Investment.Title": "Your FP Investments Summary",
    "Boxes.Investment.TotalFP": "Stock + Invested + Profit = ",
    "Boxes.Kits.Extensions": "Extensions",
    "Boxes.Kits.InStock": "In Stock",
    "Boxes.Kits.KitName": "Item Type",
    "Boxes.Kits.Name": "Building",
    "Boxes.Kits.SelectionKit": "Selection - Kit",
    "Boxes.Kits.Title": "In Stock Sets, Upgrades and Kits",
    "Boxes.Kits.ToggleButtonActive": "Hide missing parts",
    "Boxes.Kits.ToggleButtonInActive": "Show missing parts",
    "Boxes.Kits.UpgradeKit": "Upgrade kit",
    "Boxes.Market.AllGoods": "All goods",
    "Boxes.Market.MaxResults": "Max results",
    "Boxes.Market.MinQuantity": "Min. Qty.",
    "Boxes.Market.Need": "Need",
    "Boxes.Market.NeedColumn": "Need",
    "Boxes.Market.Offer": "Offer",
    "Boxes.Market.OfferColumn": "Offer",
    "Boxes.Market.OnlyAffordable": "Only affordable Offers",
    "Boxes.Market.PageColumn": "Page",
    "Boxes.Market.PlayerColumn": "Player",
    "Boxes.Market.RateColumn": "Rate",
    "Boxes.Market.Rating": "Rating",
    "Boxes.Market.TTMinQuantity": "Select the minimum amount of goods offered. This filter does NOT apply to trades of guild members",
    "Boxes.Market.Title": "Market filter",
    "Boxes.Market.TradeAdvantage": "Advantage",
    "Boxes.Market.TradeDisadvantage": "Disadvantage",
    "Boxes.Market.TradeFair": "Fair",
    "Boxes.Market.TradeFairStock": "Fair (at lower stock)",
    "Boxes.Market.TradeForEqual": "Same",
    "Boxes.Market.TradeForGoods": "Offer Era",
    "Boxes.Market.TradeForHigher": "Higher",
    "Boxes.Market.TradeForLower": "Lower",
    "Boxes.Market.TradePartner": "Partners",
    "Boxes.Market.TradePartnerFriend": "Friends",
    "Boxes.Market.TradePartnerGuild": "Guild members",
    "Boxes.Market.TradePartnerNeighbor": "Neighbors",
    "Boxes.Negotiation.Average": "<strong>Resource<br><br><span style='color:#29b206'>Cost</span></strong>",
    "Boxes.Negotiation.Canceled": "Negotiation has been canceled",
    "Boxes.Negotiation.Chance": "Chance",
    "Boxes.Negotiation.DragDrop": "Drag & Drop the resource icons above to rearrange the average display yourself to determine a new sequences from the first attempt.",
    "Boxes.Negotiation.GoodsCritical": "WARNING!: Goods stock at CRITICAL level!",
    "Boxes.Negotiation.GoodsLow": "ATTENTION: Goods stock is LOW!",
    "Boxes.Negotiation.HelpLink": "https://foe-rechner.de/docs/2/negotioation-helper",
    "Boxes.Negotiation.Person": "Person",
    "Boxes.Negotiation.Round": "Round",
    "Boxes.Negotiation.SaveCurrentEraGoods": "Save current goods?",
    "Boxes.Negotiation.SaveMedals": "Save medals?",
    "Boxes.Negotiation.Stock": "Stock:",
    "Boxes.Negotiation.Success": "Success",
    "Boxes.Negotiation.TableLoadError": "Error loading the Negotiation Table",
    "Boxes.Negotiation.Title": "Negotiation Table",
    "Boxes.Negotiation.TryEnd": "No more attempts",
    "Boxes.Negotiation.WrongGoods": "Wrong goods selected, please finish manually",
    "Boxes.Negotiation.confirmGoodsMissmatch": "Ok",
    "Boxes.Notice.DeleteGroup": "Delete group and sites",
    "Boxes.Notice.DeleteItem": "Delete site",
    "Boxes.Notice.DummyHeading": "Your headline",
    "Boxes.Notice.Edit": "Edit",
    "Boxes.Notice.GlobalSendRequired": "This module only works with \"Transmission to foe-rechner.de\" switched on.<br>Please activate this option to use the notes.",
    "Boxes.Notice.GroupName": "Group name",
    "Boxes.Notice.HelpLink": "https://foe-rechner.de/docs/2/notes",
    "Boxes.Notice.NewGroup": "Group",
    "Boxes.Notice.NewGroupDesc": "Create a group first… ",
    "Boxes.Notice.NewSide": "Site",
    "Boxes.Notice.Save": "Save",
    "Boxes.Notice.SideName": "Site name",
    "Boxes.Notice.Sorting": "Sorting",
    "Boxes.Notice.Title": "Notes",
    "Boxes.Outpost.DescInStock": "Current Stock",
    "Boxes.Outpost.DescRequired": "Total",
    "Boxes.Outpost.DescStillMissing": "<span style='color:#29b206'>Surplus</span> / <span style='color:#ff4040'>Needed</span>",
    "Boxes.Outpost.ExpansionsSum": "Expansions",
    "Boxes.Outpost.ShowSums": "Show Sums:",
    "Boxes.Outpost.Title": "Settelment Goods",
    "Boxes.Outpost.TitleBuildings": "Building",
    "Boxes.Outpost.TitleFree": "Done",
    "Boxes.Outpost.TitleShort": "Resource Overview  - ",
    "Boxes.Outpost.infoLine": "Current LvL = __runNumber__; Bonus Chance (x4) = __chanceX4__%",
    "Boxes.Outpost.nextTile": "Next Expansion",
    "Boxes.Outpost.tileNotPlanned": "off",
    "Boxes.OwnpartCalculator.All": "All",
    "Boxes.OwnpartCalculator.Arc": "Arc",
    "Boxes.OwnpartCalculator.Auto": "Auto",
    "Boxes.OwnpartCalculator.BPs": "BPs",
    "Boxes.OwnpartCalculator.BuildingName": "Building",
    "Boxes.OwnpartCalculator.CopyValues": "Copy values",
    "Boxes.OwnpartCalculator.Deposit": "FPs",
    "Boxes.OwnpartCalculator.Done": "Done",
    "Boxes.OwnpartCalculator.Ext": "Ext",
    "Boxes.OwnpartCalculator.HelpLink": "https://foe-rechner.de/docs/2/gb-calculator/",
    "Boxes.OwnpartCalculator.IndividualName": "individual GB name",
    "Boxes.OwnpartCalculator.LGTotalFP": "Total FPs Required",
    "Boxes.OwnpartCalculator.Levels": "levels",
    "Boxes.OwnpartCalculator.Meds": "Meds",
    "Boxes.OwnpartCalculator.NoPlaceSafe": "No spot safe",
    "Boxes.OwnpartCalculator.Note": "Note",
    "Boxes.OwnpartCalculator.OldLevel": "Old level",
    "Boxes.OwnpartCalculator.Order": "Sequence",
    "Boxes.OwnpartCalculator.OutputScheme": "Output scheme",
    "Boxes.OwnpartCalculator.OwnPart": "Owner to Add",
    "Boxes.OwnpartCalculator.OwnPartRemaining": "Owner to Add Remaining",
    "Boxes.OwnpartCalculator.PatronPart": "Others to Add",
    "Boxes.OwnpartCalculator.Place": "Place",
    "Boxes.OwnpartCalculator.PlayerName": "Player",
    "Boxes.OwnpartCalculator.PowerLeveling": "Power leveling",
    "Boxes.OwnpartCalculator.Scheme": "Scheme",
    "Boxes.OwnpartCalculator.Step": "LvL",
    "Boxes.OwnpartCalculator.Title": "GB Calculator",
    "Boxes.OwnpartCalculator.YourName": "Your name",
    "Boxes.PowerLeveling.DoubleCollection": "Double Collection",
    "Boxes.PowerLeveling.Level": "Level",
    "Boxes.PowerLeveling.MaxLevel": "Max level",
    "Boxes.PowerLeveling.OwnPartBrutto": "Own part gross",
    "Boxes.PowerLeveling.OwnPartNetto": "Own part net",
    "Boxes.PowerLeveling.OwnPartSum": "Own part sum",
    "Boxes.PowerLeveling.P1": "Place1",
    "Boxes.PowerLeveling.P2": "Place2",
    "Boxes.PowerLeveling.P3": "Place3",
    "Boxes.PowerLeveling.P4": "Place4",
    "Boxes.PowerLeveling.P5": "Place5",
    "Boxes.PowerLeveling.Title": "Power leveling",
    "Boxes.Production.SizeTT": "Size including average street space requirement of __streetnettosize__ tiles",
    "Boxes.Productions.AdjacentBuildings": "Adjacent Buildings",
    "Boxes.Productions.GoodEraTotal": "Total",
    "Boxes.Productions.GuildGoods": "Guild goods",
    "Boxes.Productions.GuildPower": "Guild power",
    "Boxes.Productions.Happiness": "Happiness",
    "Boxes.Productions.Headings.all": "All",
    "Boxes.Productions.Headings.amount": "Qty",
    "Boxes.Productions.Headings.area": "Area",
    "Boxes.Productions.Headings.boost": "Boost",
    "Boxes.Productions.Headings.culture": "Cultural Buildings",
    "Boxes.Productions.Headings.decoration": "Decorations",
    "Boxes.Productions.Headings.earning": "Earning",
    "Boxes.Productions.Headings.efficiency": "Efficiency",
    "Boxes.Productions.Headings.era": "Era",
    "Boxes.Productions.Headings.goods": "Goods Buildings",
    "Boxes.Productions.Headings.greatbuilding": "Great Buildings",
    "Boxes.Productions.Headings.main_building": "Town Hall",
    "Boxes.Productions.Headings.name": "Item",
    "Boxes.Productions.Headings.number": "Qty",
    "Boxes.Productions.Headings.production": "Production Building",
    "Boxes.Productions.Headings.random_production": "Random Productions",
    "Boxes.Productions.Headings.residential": "Residential Buildings",
    "Boxes.Productions.Headings.size": "Size",
    "Boxes.Productions.Headings.street": "Roads",
    "Boxes.Productions.ModeCurrent": "Current",
    "Boxes.Productions.ModeDaily": "Daily prod.",
    "Boxes.Productions.ModeGroups": "Group",
    "Boxes.Productions.ModeSingle": "List",
    "Boxes.Productions.NoAsteroidDataWarning": "Goods from asteroid belt are not included. Please visit your asteroid belt outpost and open the box again",
    "Boxes.Productions.NoMarsDataWarning": "Goods from mars are not included. Please visit your mars outpost and open the box again",
    "Boxes.Productions.SearchInput": "Search building… ",
    "Boxes.Productions.TTGoodsEra": "This column shows the era of the building, not the era of the produced goods",
    "Boxes.Productions.Title": "Current Production Overview (daily)",
    "Boxes.Productions.Total": "Total: ",
    "Boxes.Settings.Active": "Active",
    "Boxes.Settings.Inactive": "Inactive",
    "Boxes.Settings.Title": "Settings",
    "Boxes.Stats.BtnAll": "All",
    "Boxes.Stats.BtnAllPlayableEras": "All Ages",
    "Boxes.Stats.BtnAllPlayableErasTitle": "Select all playable ages (without: No Age, Special)",
    "Boxes.Stats.BtnAllTittle": "Ages + No ages + Special",
    "Boxes.Stats.BtnChartType.delta": "Delta",
    "Boxes.Stats.BtnChartType.line": "Lines",
    "Boxes.Stats.BtnChartType.streamgraph": "Stream",
    "Boxes.Stats.BtnChartTypeTitle.delta": "Increase/decrease graph",
    "Boxes.Stats.BtnChartTypeTitle.line": "Line Chart",
    "Boxes.Stats.BtnChartTypeTitle.streamgraph": "Stream Chart",
    "Boxes.Stats.BtnLastEras": "Last 2 Ages",
    "Boxes.Stats.BtnLastErasTitle": "Select current and previous ages",
    "Boxes.Stats.BtnMyEra": "My Age",
    "Boxes.Stats.BtnNoEra": "No Age",
    "Boxes.Stats.BtnSource.statsGBGPlayers": "GBG",
    "Boxes.Stats.BtnSource.statsRewards": "Rewards",
    "Boxes.Stats.BtnSource.statsTreasureClanD": "Clan D. Treasure",
    "Boxes.Stats.BtnSource.statsTreasureClanH": "Clan H. Treasure",
    "Boxes.Stats.BtnSource.statsTreasurePlayerD": "Treasure Daily",
    "Boxes.Stats.BtnSource.statsTreasurePlayerH": "Treasure",
    "Boxes.Stats.BtnSource.statsUnitsD": "Units Daily",
    "Boxes.Stats.BtnSource.statsUnitsH": "Units Hourly",
    "Boxes.Stats.BtnToggleAnnotations": "GvG Annotations",
    "Boxes.Stats.BtnToggleAnnotationsTitle": "Show a decrease of goods on GvG map.",
    "Boxes.Stats.BtnToggleGroupBy": "Group by Ages",
    "Boxes.Stats.BtnToggleGroupByTitle": "group by name",
    "Boxes.Stats.Era": "Era",
    "Boxes.Stats.HelpLink": "https://foe-rechner.de/docs/2/statistics/",
    "Boxes.Stats.Period.all": "All",
    "Boxes.Stats.Period.last30days": "Last 30 days",
    "Boxes.Stats.Period.last7days": "Last 7 days",
    "Boxes.Stats.Period.sinceTuesday": "Since Tuesday",
    "Boxes.Stats.Period.thisMonth": "This Month",
    "Boxes.Stats.Period.today": "Today",
    "Boxes.Stats.PeriodTitle.all": "During all the time",
    "Boxes.Stats.PeriodTitle.last30days": "Collected last 30 days",
    "Boxes.Stats.PeriodTitle.last7days": "Collected last 7 days",
    "Boxes.Stats.PeriodTitle.sinceTuesday": "Collected since Tuesday (GE starts on Tuesday)",
    "Boxes.Stats.PeriodTitle.thisMonth": "Collected this month",
    "Boxes.Stats.PeriodTitle.today": "Collected Today",
    "Boxes.Stats.Rewards.Source.__event": "Event",
    "Boxes.Stats.Rewards.Source.battlegrounds_conquest": "GBG",
    "Boxes.Stats.Rewards.Source.diplomaticGifts": "Diplomatic Gifts",
    "Boxes.Stats.Rewards.Source.guildExpedition": "GE",
    "Boxes.Stats.Rewards.Source.spoilsOfWar": "Spoils of War",
    "Boxes.Stats.Rewards.SourceTitle.__event": "Rewards from Seasonal or Special Events",
    "Boxes.Stats.Rewards.SourceTitle.battlegrounds_conquest": "GBG Rewards",
    "Boxes.Stats.Rewards.SourceTitle.diplomaticGifts": "Diplomatic Gifts (Space Carrier)",
    "Boxes.Stats.Rewards.SourceTitle.guildExpedition": "GE Relic Rewards (Temple of Relic)",
    "Boxes.Stats.Rewards.SourceTitle.spoilsOfWar": "Spoils of War Rewards (Himeji Castle)",
    "Boxes.Stats.SourceTitle.statsGBGPlayers": "GBG players' Scoreboard",
    "Boxes.Stats.SourceTitle.statsRewards": "Your Rewards from Himeji Castle, Temple of Relics, Guild Battleground",
    "Boxes.Stats.SourceTitle.statsTreasureClanD": "Clan's Daily Treasure",
    "Boxes.Stats.SourceTitle.statsTreasureClanH": "Clan's Treasure Hourly",
    "Boxes.Stats.SourceTitle.statsTreasurePlayerD": "Your Treasure Daily",
    "Boxes.Stats.SourceTitle.statsTreasurePlayerH": "Your Treasure Hourly",
    "Boxes.Stats.SourceTitle.statsUnitsD": "Units Daily",
    "Boxes.Stats.SourceTitle.statsUnitsH": "Your Units Hourly",
    "Boxes.Stats.Title": "Statistics",
    "Boxes.Technologies.DescInStock": "Available",
    "Boxes.Technologies.DescRequired": "Required",
    "Boxes.Technologies.DescStillMissing": "<span style='color:#29b206'>Remaining</span> / <span style='color:#ff4040'>Needed</span>",
    "Boxes.Technologies.NoTechs": "You have reached the end of this era",
    "Boxes.Technologies.Resource": "Resource",
    "Boxes.Technologies.Title": "Tech Tree Research Costs",
    "Boxes.Treasury.Action": "Message",
    "Boxes.Treasury.Amount": "Amount",
    "Boxes.Treasury.DateTime": "Date/Time",
    "Boxes.Treasury.Era": "Era",
    "Boxes.Treasury.Export": "Export",
    "Boxes.Treasury.Message": "Please scroll through all the pages and press the export button",
    "Boxes.Treasury.PlayerID": "Player ID",
    "Boxes.Treasury.PlayerName": "Player name",
    "Boxes.Treasury.Reset": "Reset",
    "Boxes.Treasury.Resource": "Good",
    "Boxes.Treasury.RowNumber": "Rows processed",
    "Boxes.Treasury.Title": "Guild treasury log export",
    "Boxes.Units.AlcaHarvest": "Your Alcatraz is ready to collect!",
    "Boxes.Units.Attack": "Attack%",
    "Boxes.Units.Bind": "Attached",
    "Boxes.Units.Defend": "Defense%",
    "Boxes.Units.NextUnitsIn": "The next __count__ Traz units will finish in <span class=\"alca-countdown\"></span> at __harvest__ hr",
    "Boxes.Units.NotFilled": "Slot Empty",
    "Boxes.Units.Proportionally": "Percentage",
    "Boxes.Units.Quantity": "Quantity",
    "Boxes.Units.ReadyToLoot": "Ready to loot!",
    "Boxes.Units.Status": "Status",
    "Boxes.Units.Title": "Unit Overview",
    "Boxes.Units.Unbind": "Unattached",
    "Boxes.Units.Unit": "Unit",
    "Date": "DD-MMM-YY",
    "DateTime": "DD-MMM-YY @ HH:mm:ss a",
    "Eras.0": "No age",
    "Eras.1": "Stone Age",
    "Eras.10": "Modern Era",
    "Eras.11": "Postmodern Era",
    "Eras.12": "Contemporary Era",
    "Eras.13": "Tomorrow Era",
    "Eras.14": "Future Era",
    "Eras.15": "Arctic Future",
    "Eras.16": "Oceanic Future",
    "Eras.17": "Virtual Future",
    "Eras.18": "Space Age Mars",
    "Eras.19": "Space Age Asteroid Belt",
    "Eras.2": "Bronze Age",
    "Eras.20": "Space Age Venus",
    "Eras.3": "Iron Age",
    "Eras.4": "Early Middle Age",
    "Eras.5": "High Middle Age",
    "Eras.6": "Late Middle Age",
    "Eras.7": "Colonial Age",
    "Eras.8": "Industrial Age",
    "Eras.9": "Progressive Era",
    "Global.BoxTitle": "FoE Helper",
    "HiddenRewards.Positions.cityRoadBig": "2-lane Road",
    "HiddenRewards.Positions.cityRoadSmall": "Single-lane Road",
    "HiddenRewards.Positions.guildExpedition": "Relic - GE",
    "HiddenRewards.Positions.nature": "Forest",
    "HiddenRewards.Positions.shore": "Beach",
    "HiddenRewards.Positions.water": "Water",
    "HiddenRewards.Table.expires": "Status",
    "HiddenRewards.Table.position": "Location",
    "HiddenRewards.Table.type": "Type",
    "Kits.Sets.AbandonedAsylum": "Abandoned Asylum",
    "Kits.Sets.AltarGarden": "Altar garden",
    "Kits.Sets.ArtExhibition": "Art exhibition",
    "Kits.Sets.CelticForest": "Celtic Forest",
    "Kits.Sets.CherrySet": "Cherrygarden Set",
    "Kits.Sets.CiderMill": "Cider Mill",
    "Kits.Sets.ClassicGardenSet": "Classic Garden set",
    "Kits.Sets.Colossus": "Colossus",
    "Kits.Sets.CrowsNest": "Crows Nest",
    "Kits.Sets.FountainSet": "Fountain set",
    "Kits.Sets.GardenSet": "Garden set",
    "Kits.Sets.GrandBridge": "Grand Bridge",
    "Kits.Sets.Graveyard": "Graveyard",
    "Kits.Sets.GreaterRuneStone": "Greater Rune Stone",
    "Kits.Sets.GuardPost": "Guard Post",
    "Kits.Sets.HallOfFame": "Hall of Fame",
    "Kits.Sets.Hippodrome": "Hippodrome",
    "Kits.Sets.IndianPalace": "Indian Palace set",
    "Kits.Sets.Obelisk": "Obelisk",
    "Kits.Sets.Pagoda": "Pagoda",
    "Kits.Sets.Piazza": "Piazza set",
    "Kits.Sets.PillarOfHeroes": "Pillar of Heroes",
    "Kits.Sets.Pirate": "Pirate ship",
    "Kits.Sets.Royal": "Royal ship",
    "Kits.Sets.SeptemberCottage": "September Cottage",
    "Kits.Sets.ShipKit": "Ship Kit",
    "Kits.Sets.StatueOfHonor": "Statue of Honor",
    "Kits.Sets.TholosOfIdols": "Tholos of Idols",
    "Kits.Sets.TimelessDojo": "Timeless Dojo",
    "Kits.Sets.Trader": "Trader ship",
    "Kits.Sets.WinnersPlaza": "Winners Plaza",
    "Kits.Sets.WinterSpire": "Winter Spire",
    "Kits.Sets.WinterTrain": "Winter train",
    "Kits.Sets.WinterVillageSet": "Winter Village set",
    "Kits.Sets.Winterdeco": "Winterdeco Kit",
    "Kits.Sets.WorldsFair": "Worlds Fair",
    "Local": "en-US",
    "Menu.Calculator.Desc": "Calculates all great building spots",
    "Menu.Calculator.Title": "GB Cost Calculator",
    "Menu.Calculator.Warning": "Disabled: Open another player's great building first!",
    "Menu.Campagne.Desc": "Displays Resources required to conquer a Campaign Map Sector.",
    "Menu.Campagne.Title": "Continent Map Overview",
    "Menu.Campagne.Warning": "Disabled: Visit a Sector first (M)!",
    "Menu.Chat.Desc": "Talk in real time with everyone",
    "Menu.Chat.Title": "Guild live chat",
    "Menu.Citymap.Desc": "Displays a schematics of your city",
    "Menu.Citymap.Title": "City Overview",
    "Menu.HiddenRewards.Desc": "Displays Incident types, times and locations",
    "Menu.HiddenRewards.HelpLink": "https://foe-rechner.de/docs/2/incidents",
    "Menu.HiddenRewards.Title": "Incidents",
    "Menu.Info.Desc": "Displays events that are happening in the \"background\".<br><em>Fills up with info…  </em>",
    "Menu.Info.Title": "Info Box",
    "Menu.Kits.Desc": "Displays all your in-stock building Sets, Upgrades and Selection Kits.",
    "Menu.Kits.Title": "Sets, Upgrades & Kits",
    "Menu.Market.Desc": "Filter trades in the market",
    "Menu.Market.Title": "Market filter",
    "Menu.Market.Warning": "Please open the market first",
    "Menu.Negotiation.Desc": "Select resources for successful negotiations.",
    "Menu.Negotiation.Title": "Negotiation Helper",
    "Menu.Negotiation.Warning": "Disabled: Start a negotiation first!",
    "Menu.Notice.Desc": "Take notes on anything you don't want to forget.",
    "Menu.Notice.Title": "Notes",
    "Menu.OutP.Desc": "Displays the resources required (by item) for your Settlement.",
    "Menu.OutP.DescWarningBuildings": "<em id='outPW' class='tooltip-error'>Disabled: Start a Settlement first!<br></em>Displays the resources required (by item) for your Settlement.",
    "Menu.OutP.DescWarningOutpostData": "<em id='outPW' class='tooltip-error'>Disabled: Start a Settlement and reload the game (F5)",
    "Menu.OutP.Title": "Settlement Overview",
    "Menu.OwnpartCalculator.Desc": "Create payment plan, calculate external spots and copy values for your GBs",
    "Menu.OwnpartCalculator.Title": "GB Calculator",
    "Menu.OwnpartCalculator.Warning": "Disabled: Open one of your great buildings first!",
    "Menu.Productions.Desc": "Displays your current daily productions.",
    "Menu.Productions.Title": "Production Overview",
    "Menu.Settings.Desc": "Configure FoE Helper",
    "Menu.Settings.Title": "Settings",
    "Menu.Stats.Desc": "Displays game stats on goods, units, rewards, GBG",
    "Menu.Stats.Title": "Statistics",
    "Menu.Technologies.Desc": "View and calculate Tech Tree research costs",
    "Menu.Technologies.Title": "Technology (Tech) Tree",
    "Menu.Technologies.Warning": "Disabled: Open your Tech Tree first (R)!",
    "Menu.Unit.Desc": "Display current status of all your military units",
    "Menu.Unit.Title": "Military Units Overview",
    "Menu.Unit.Warning": "Disabled: Open your Army Management first (U)!",
    "Menu.greatbuildings.Desc": "Which FP producing Great building should you upgrade next?",
    "Menu.greatbuildings.Title": "GB Investment",
    "Settings.About.Desc": "The FoE Helper is a free browser extension for Forge of Empires developed for players by players. The tool is not affiliated with InnoGames.",
    "Settings.About.RatingDesc": "If you like what you see and what we do, please leave a good review in the Store!",
    "Settings.About.RatingTitle": "Rate the Extension",
    "Settings.About.Title": "About FoE Helper",
    "Settings.About.TranslateDesc": "You can help translating the extension by signing up for our translation tool: ",
    "Settings.About.TranslateTitle": "Translation",
    "Settings.AutomaticNegotiation.Desc": "Automatically Open/Close the Negotiation Helper/Assistant when negotiating?",
    "Settings.AutomaticNegotiation.Title": "Negotiation helper",
    "Settings.ChangeLanguage.Desc": "Choose your prefered language from the drop-down list >",
    "Settings.ChangeLanguage.Title": "Change Language",
    "Settings.Entry.About": "About",
    "Settings.Entry.AutomaticNegotiation": "Negotiation helper",
    "Settings.Entry.ChangeLanguage": "Language",
    "Settings.Entry.ExportSettings": "Import / Export",
    "Settings.Entry.GlobalSend": "Übermittlungen",
    "Settings.Entry.Help": "Help",
    "Settings.Entry.MenuLength": "Menu Length",
    "Settings.Entry.ResetBoxPositions": "Box Coordinates",
    "Settings.Entry.SendGEXInfo": "GE evaluations",
    "Settings.Entry.SendGildMemberLGInfo": "Guild members building",
    "Settings.Entry.SendInvestigations": "FP Investments",
    "Settings.Entry.SendPlayersMotivation": "Motivation Activity",
    "Settings.Entry.ShowGuildTreasuryLogExport": "Guildtreasury export",
    "Settings.Entry.ShowInvestments": "FP Investment",
    "Settings.Entry.ShowMarketFilter": "Market filter",
    "Settings.Entry.ShowOwnPartOnAllGBs": "GB calculator",
    "Settings.Entry.ShowTavernBadge": "Tavern badge",
    "Settings.Entry.Version": "Version",
    "Settings.ExportImport.Error": "This is not a valid settings file!",
    "Settings.ExportImport.Reload": "The game will now reload with the imported settings.",
    "Settings.ExportSettings.Button": "Extension settings",
    "Settings.ExportSettings.Desc": "Saving and restoring the settings",
    "Settings.ExportSettings.Title": "Saving and restoring",
    "Settings.ExportSettings.ViewExport": "Export: ",
    "Settings.ExportSettings.ViewImport": "Import: ",
    "Settings.GlobalSend.Desc": "If you want to track data with your guild, activate this point.<br>For a self-sufficient extension simply disable.",
    "Settings.GlobalSend.Title": "Upload/Send data to foe-rechner.de",
    "Settings.Help.Desc": "There are several ways to get support:",
    "Settings.Help.Discord": "Discord: join our server for general discussions about the extension, chats and support.",
    "Settings.Help.Forums": "Forums: go here for support and submitting ideas, aswell as bug reports.",
    "Settings.Help.Github": "GitHub: for more technical bug reports, concrete ideas and helping with development.",
    "Settings.Help.Title": "Help and Community",
    "Settings.Help.Website": "Website: information on the extension and a documentation of it's features.",
    "Settings.MenuLength.Desc": "How many elements high should the menu be?<br>Empty or \"0\" means automatic height.",
    "Settings.MenuLength.Title": "Menu Length",
    "Settings.ResetBoxPositions.Button": "Delete!",
    "Settings.ResetBoxPositions.Desc": "Should all box coordinates be reset?",
    "Settings.ResetBoxPositions.Title": "Box Coordinates",
    "Settings.SendGEXInfo.Desc": "When clicking in the GE on placements or rankings the data transmitted",
    "Settings.SendGEXInfo.Title": "GE evaluations",
    "Settings.SendGildMemberLGInfo.Desc": "When visiting other guild members, upload GB data to foe-rechner.de.",
    "Settings.SendGildMemberLGInfo.Title": "Upload guild members' great building data",
    "Settings.SendInvestigations.Desc": "Upload your FP investment data when entering 'Town Hall'> 'News'> 'Great Buildings' tab.",
    "Settings.SendInvestigations.Title": "Send FP Investments",
    "Settings.SendPlayersMotivation.Desc": "Should the motivation activities be transferred when the events are called?",
    "Settings.SendPlayersMotivation.Title": "Motivation Activity",
    "Settings.ShowGuildTreasuryLogExport.Desc": "Shows a tool for exporting guild treasury logs into a .csv file when opening the guild treasury log window",
    "Settings.ShowGuildTreasuryLogExport.Title": "Show guild treasury log export tool",
    "Settings.ShowInvestments.Desc": "Show sums of your FP investment data when entering 'Town Hall'> 'News'> 'Great Buildings' tab.",
    "Settings.ShowInvestments.Title": "Show FP Investment sums",
    "Settings.ShowMarketFilter.Desc": "Shows a tool for filtering trades when opening the market",
    "Settings.ShowMarketFilter.Title": "Show market filter tool",
    "Settings.ShowOwnPartOnAllGBs.Desc": "Shows the 'GB calculator' also for great buildings of other players",
    "Settings.ShowOwnPartOnAllGBs.Title": "Show 'GB calculator' for all GBs",
    "Settings.ShowTavernBadge.Desc": "As soon as the extra move in the tavern is activated, a globally movable counter appears.",
    "Settings.ShowTavernBadge.Title": "Show tavern badge",
    "Settings.Tab.About": "About",
    "Settings.Tab.Boxes": "Boxes",
    "Settings.Tab.Extension": "General",
    "Settings.Tab.Sending": "Data transmission",
    "Settings.Version.Desc": "The data below can be marked to copy them.",
    "Settings.Version.GuildId": "Guild ID:",
    "Settings.Version.Link": "<a target='_blank' href='https://foe-rechner.de/extension/update?v=__version__&lang=en'  class='game-cursor'>Last Changelog</a>",
    "Settings.Version.PlayerId": "Player ID:",
    "Settings.Version.Title": "Version",
    "Settings.Version.World": "World:",
    "_Language": "English"
}
