﻿{
    "API.GEXChampionship": "Se ha actualizado el puesto del gremio en la EG",
    "API.GEXPlayer": "Se han actualizado los puestos de los miembros en la EG",
    "API.LGGildMember": "Los GEs de __player__ han sido transferidos",
    "API.LGInvest": "Tus inversiones en grandes edificios han sido transferidos",
    "API.UpdateSuccess": "Actualizacion realizada",
    "Boxes.Api.Title": "Configuración Extensión API ",
    "Boxes.BattleAssist.Title": "Pare!",
    "Boxes.Calculator.ActiveRecurringQuest": "Misión recurrente activa:",
    "Boxes.Calculator.ArkBonus": "Bonus del Arca",
    "Boxes.Calculator.AvailableFP": "Disponibles puntos forge",
    "Boxes.Calculator.BPs": "Plano",
    "Boxes.Calculator.Commitment": "Contribución",
    "Boxes.Calculator.Done": "Hecho",
    "Boxes.Calculator.FriendlyInvestment": "Inversión amistosa:",
    "Boxes.Calculator.LGNotConnected": "El edificio no esta conectado a una carretera",
    "Boxes.Calculator.LGNotOpen": "El próximo nivel no esta disponible todavía",
    "Boxes.Calculator.LevelWarning": "ATENCIÓN: sube el nivel del gran edificio!",
    "Boxes.Calculator.Meds": "Medallas",
    "Boxes.Calculator.Profit": "Ganancia",
    "Boxes.Calculator.Step": "Nivel",
    "Boxes.Calculator.TTForderCosts": "Costes = __nettoreward__<small>(premio neto)</small> * __forderfactor__%<small>(Inversores amistosos)</small> = __costs__",
    "Boxes.Calculator.TTForderFPStockLow": "ATENCION: El stock de FP es demasiado bajo<br>Sólo tienes __fpstock__ de __costs__FP<br>Esos son __tooless__FP de menos",
    "Boxes.Calculator.TTForderNegativeProfit": "El puesto no está asegurado. __fpcount__ FPs adicionales deben invertirse para asegurarlo<br>Total para asegurar el puesto: __totalfp__FP",
    "Boxes.Calculator.TTLevelWarning": "__fpcount__FP no entran<br>La inversión máxima es: __totalfp__FP",
    "Boxes.Calculator.TTLoss": "Premio = __nettoreward__<small>(premio neto)</small> * __arcfactor__%<small>(Bonus del Arca)</small> = __bruttoreward__<br>Cuesta: __costs__<br>Pérdida = __costs__<small>(cuesta)</small> - __bruttoreward__<small>(premio)</small> = __loss__",
    "Boxes.Calculator.TTLossSelf": "Premio = __nettoreward__<small>(premio neto)</small> * __arcfactor__%<small>(Bonus del Arca)</small> = __bruttoreward__<br>Pagado: __payed__<br>Pérdida = __payed__<small>(pagado)</small> - __bruttoreward__<small>(premio)</small> = __loss__",
    "Boxes.Calculator.TTProfit": "Premio = __nettoreward__<small>(premio neto)</small> * __arcfactor__%<small>(Bonus del Arca)</small> = __bruttoreward__<br>Cuesta: __costs__<br>Beneficio = __bruttoreward__<small>(premio)</small> - __costs__<small>(cuesta)</small> = __profit__",
    "Boxes.Calculator.TTProfitSelf": "Premio = __nettoreward__<small>(premio neto)</small> * __arcfactor__%<small>(Bonus del Arca)</small> = __bruttoreward__<br>Pagado: __payed__<br>Beneficio = __bruttoreward__<small>(premio)</small> - __payed__<small>(pagado)</small> = __profit__",
    "Boxes.Calculator.Title": "Calculador de costes",
    "Boxes.Calculator.Up2LevelUp": "Hasta el próximo nivel",
    "Boxes.Campagne.AlreadyDone": " Ya conquistado!",
    "Boxes.Campagne.DescInStock": "Disponible",
    "Boxes.Campagne.DescRequired": "Requerido",
    "Boxes.Campagne.DescStillMissing": "<span style='color:#29b206'>Sobrante</span> / <span style='color:#ff4040'>Faltan</span>",
    "Boxes.Campagne.Resource": "Recurso",
    "Boxes.Campagne.Reward": "Recompensa total ",
    "Boxes.Campagne.Title": "Coste de conquista para ",
    "Boxes.CityMap.CavalierPerspecitve": "Perspectiva caballera",
    "Boxes.CityMap.Desc1": "Para poder planificar tu ciudad necesitamos transferir tus datos a foe-rechner.de",
    "Boxes.CityMap.Desc2": "<button class='btn-default' id='submit-data' onclick='CityMap.SubmitData()'>Enviar</button>",
    "Boxes.CityMap.FreeArea": "Zonas sin uso: ",
    "Boxes.CityMap.NormalPerspecitve": "Estándar",
    "Boxes.CityMap.SubmitSuccess": "Los datos fueron transferidos con éxito.... Ahora visita ",
    "Boxes.CityMap.TitleSend": "Enviar datos",
    "Boxes.CityMap.WholeArea": "Área completa: ",
    "Boxes.CityMap.YourCity": "Tu ciudad",
    "Boxes.EventChests.Chance": "Probabilidad",
    "Boxes.EventChests.Cost": "Coste",
    "Boxes.EventChests.CostPerPrize": "Coste/Premio",
    "Boxes.EventChests.CostPerStep": "Cost/Paso",
    "Boxes.EventChests.MainPrize": "Precio habitual",
    "Boxes.EventChests.MainPrizeTitle": "Precio del día: ",
    "Boxes.EventChests.Steps": "Pasos",
    "Boxes.EventChests.Title": "Ayuda de selección de cofre del evento",
    "Boxes.Gildfights.Fights": "Combates",
    "Boxes.Gildfights.LastSnapshot": " - último snapshot __time__ ago",
    "Boxes.Gildfights.Negotiations": "Negociaciones",
    "Boxes.Gildfights.Player": "Jugador",
    "Boxes.Gildfights.Title": "Sobre el jugador",
    "Boxes.HiddenRewards.Disappears": "Desaparece",
    "Boxes.HiddenRewards.NoEvents": "Sin eventos actualmente",
    "Boxes.HiddenRewards.Title": "Premios ocultos",
    "Boxes.Infobox.Filter": "Filtro",
    "Boxes.Infobox.FilterAuction": "Subastas",
    "Boxes.Infobox.FilterGex": "EG",
    "Boxes.Infobox.FilterGildFights": "Gremio contra gremio",
    "Boxes.Infobox.FilterLevel": "Subidas de nivel",
    "Boxes.Infobox.FilterMessage": "Mensajes",
    "Boxes.Infobox.FilterTrade": "Comercio",
    "Boxes.Infobox.Messages.Auction": "<strong>__player__</strong> ha pujado ahora mismo __amount__ monedas",
    "Boxes.Infobox.Messages.GEX": "<strong>__player__</strong> ha conseguido __points__ puntos en la EG.",
    "Boxes.Infobox.Messages.GildFightOccupied": "La provincia <span style=\"color:#ffb539\">__provinceName__</span> fue tomada por <span style=\"color:__attackerColor__;text-shadow: 0 1px 1px __attackerShadow__\">__attackerName__</span> y está bloqueada hasta __untilOccupied__",
    "Boxes.Infobox.Messages.MsgBuilding": "__building__ - nivel __level__",
    "Boxes.Infobox.Messages.Trade": "<strong>__player__</strong> ha aceptado tu oferta.<br>Tienes __needValue__ __need__ por __offerValue__ __offer__",
    "Boxes.Infobox.ResetBox": "Limpiar historial de eventos",
    "Boxes.Infobox.Title": "Información de eventos",
    "Boxes.Investment.AllUpToDate": "Todo está actualizado",
    "Boxes.Investment.AllUpToDateDesc": "Todos los jugadores de esta página ya fueron registrados",
    "Boxes.Investment.CurrReward": "Ganancia actual: ",
    "Boxes.Investment.InvestBar": "FP invertidos: ",
    "Boxes.Investment.PlayerFound": "Encontrado jugador",
    "Boxes.Investment.PlayerFoundCount": "Se encontraron __count__ nuevos eventos de jugador",
    "Boxes.Investment.PlayerFoundCounter": "Se encontraron __count__ nuevos eventos de jugador",
    "Boxes.Investment.Title": "Inversión",
    "Boxes.Investment.TotalFP": "Stock + circulante + beneficio: ",
    "Boxes.Kits.Title": "Edificio - / Kits de Selección",
    "Boxes.Negotiation.Canceled": "Negociación cancelada",
    "Boxes.Negotiation.Chance": "Probabilidad",
    "Boxes.Negotiation.DragDrop": "Puedes reordenar los iconos usando drag & drop para determinar el orden del primer intento.",
    "Boxes.Negotiation.GoodsCritical": "ATENCIÓN: El stock de bienes está en estado crítico",
    "Boxes.Negotiation.GoodsLow": "ATENCIÓN: El stock de bienes está bajo",
    "Boxes.Negotiation.Person": "Persona",
    "Boxes.Negotiation.Round": "Ronda",
    "Boxes.Negotiation.Stock": "Almacén:",
    "Boxes.Negotiation.Success": "Acierto",
    "Boxes.Negotiation.TableLoadError": "Error cargando la tabla de negociación",
    "Boxes.Negotiation.Title": "Ayudante de negociación",
    "Boxes.Negotiation.TryEnd": "Se terminaron los intentos",
    "Boxes.Negotiation.WrongGoods": "Mercancía equivocada, por favor seguir a mano",
    "Boxes.Negotiation.confirmGoodsMissmatch": "OK",
    "Boxes.Outpost.DescInStock": "Disponible",
    "Boxes.Outpost.DescRequired": "Necesitado",
    "Boxes.Outpost.DescStillMissing": "<span style='color:#29b206'>Sobrante</span> / <span style='color:#ff4040'>Faltan</span>",
    "Boxes.Outpost.ExpansionsSum": "Expansiones",
    "Boxes.Outpost.Title": "Mercancias de los Asentamientos Culturales",
    "Boxes.Outpost.TitleBuildings": "Edificio",
    "Boxes.Outpost.TitleFree": "Libre",
    "Boxes.Outpost.TitleShort": "Resumen de mercancias - ",
    "Boxes.Outpost.nextTile": "próxima expansión",
    "Boxes.Outpost.tileNotPlanned": "off",
    "Boxes.OwnpartCalculator.Arc": "Arca",
    "Boxes.OwnpartCalculator.Auto": "Auto",
    "Boxes.OwnpartCalculator.BPs": "Plano",
    "Boxes.OwnpartCalculator.BuildingName": "Edificio",
    "Boxes.OwnpartCalculator.CopyValues": "Copiar valores",
    "Boxes.OwnpartCalculator.Deposit": "Ingresar",
    "Boxes.OwnpartCalculator.Done": "Listo",
    "Boxes.OwnpartCalculator.IndividualName": "Nombre de gran edificio individual",
    "Boxes.OwnpartCalculator.LGTotalFP": "Gran edificio FP en total",
    "Boxes.OwnpartCalculator.Levels": "Aumentar nivel",
    "Boxes.OwnpartCalculator.Meds": "Méds",
    "Boxes.OwnpartCalculator.NoPlaceSafe": "Ningún puesto está asegurado",
    "Boxes.OwnpartCalculator.Note": "Guadar",
    "Boxes.OwnpartCalculator.OldLevel": "Nivel viejo",
    "Boxes.OwnpartCalculator.Order": "Orden",
    "Boxes.OwnpartCalculator.OutputScheme": "Esquema del output",
    "Boxes.OwnpartCalculator.OwnPart": "Cuota propia",
    "Boxes.OwnpartCalculator.OwnPartRemaining": "quedan",
    "Boxes.OwnpartCalculator.PatronPart": "Parte del contribuyente",
    "Boxes.OwnpartCalculator.Place": "Puesto",
    "Boxes.OwnpartCalculator.PlayerName": "Jugador",
    "Boxes.OwnpartCalculator.Scheme": "Esquema",
    "Boxes.OwnpartCalculator.Step": "Nivel",
    "Boxes.OwnpartCalculator.Title": "Calculadora de cuota propia",
    "Boxes.OwnpartCalculator.YourName": "Tu nombre",
    "Boxes.Productions.AdjacentBuildings": "Edificios adyacentes",
    "Boxes.Productions.Happiness": "Felicidad",
    "Boxes.Productions.Headings.all": "Todos",
    "Boxes.Productions.Headings.amount": "Cantidad",
    "Boxes.Productions.Headings.boost": "Potenciado",
    "Boxes.Productions.Headings.culture": "Edificios culturales",
    "Boxes.Productions.Headings.decoration": "Decorativos",
    "Boxes.Productions.Headings.earning": "Recogida disponible a las",
    "Boxes.Productions.Headings.goods": "Edificios de bienes",
    "Boxes.Productions.Headings.greatbuilding": "Grandes Edificio",
    "Boxes.Productions.Headings.main_building": "Ayuntamiento",
    "Boxes.Productions.Headings.name": "Nombre",
    "Boxes.Productions.Headings.number": "Número",
    "Boxes.Productions.Headings.production": "Edificios de producción",
    "Boxes.Productions.Headings.random_production": "Producción casual",
    "Boxes.Productions.Headings.residential": "Edificios residenciales",
    "Boxes.Productions.Headings.street": "Calles",
    "Boxes.Productions.ModeGroups": "Agrupar",
    "Boxes.Productions.ModeSingle": "Uno por uno",
    "Boxes.Productions.SearchInput": "Edificio búsqueda...",
    "Boxes.Productions.Title": "Resumen de producción",
    "Boxes.Productions.Total": "Total: ",
    "Boxes.Settings.Active": "Activo",
    "Boxes.Settings.Inactive": "Inactivo",
    "Boxes.Settings.Title": "Ajustes",
    "Boxes.Stats.BtnAll": "Todas",
    "Boxes.Stats.BtnAllTittle": "Edades + Sin edades + Especial",
    "Boxes.Stats.BtnChartType.delta": "Delta",
    "Boxes.Stats.BtnChartType.line": "Líneas",
    "Boxes.Stats.BtnLastEras": "Últimas 2 edades",
    "Boxes.Stats.BtnMyEra": "Mi Edad",
    "Boxes.Stats.BtnNoEra": "No Edad",
    "Boxes.Stats.BtnSource.statsGBGPlayers": "Campos de batalla",
    "Boxes.Stats.BtnSource.statsRewards": "Recompensas",
    "Boxes.Technologies.DescInStock": "Disponible",
    "Boxes.Technologies.DescRequired": "Necesitado",
    "Boxes.Technologies.DescStillMissing": "<span style='color:#29b206'>Exceso</span> / <span style='color:#ff4040'>Perdido</span>",
    "Boxes.Technologies.NoTechs": "Has alcanzado el final de esta era",
    "Boxes.Technologies.Resource": "Recurso",
    "Boxes.Technologies.Title": "Coste de investigacion por",
    "Boxes.Units.AlcaHarvest": "Tu Alcatraz está listo para recoger!",
    "Boxes.Units.Attack": "Ataque",
    "Boxes.Units.Bind": "Atado",
    "Boxes.Units.Defend": "Defensa",
    "Boxes.Units.NextUnitsIn": "Las próximas __count__ unidades llegan <span class=\"alca-countdown\"></span> a las __harvest__ horas",
    "Boxes.Units.NotFilled": "no está lleno",
    "Boxes.Units.Proportionally": "En proporción",
    "Boxes.Units.Quantity": "Cantidad",
    "Boxes.Units.ReadyToLoot": "Listo para la recogida!",
    "Boxes.Units.Status": "Estado",
    "Boxes.Units.Title": "Resumen del ejército",
    "Boxes.Units.Unbind": "libre",
    "Boxes.Units.Unit": "Unidad",
    "DateTime": "DD.MM.YYYY HH:mm [Uhr]",
    "Eras.0": "Sin edad",
    "Eras.1": "Edad de Piedra",
    "Eras.10": "Edad Moderna",
    "Eras.11": "Edad PostModerna",
    "Eras.12": "Edad Contemporánea",
    "Eras.13": "El Mañana",
    "Eras.14": "El Futuro",
    "Eras.15": "Futuro Ártico",
    "Eras.16": "Futuro Oceánico",
    "Eras.17": "Futuro Virtual",
    "Eras.18": "Edad Espacial: Marciana",
    "Eras.19": "Edad Espacial: Ceres",
    "Eras.2": "Edad de Bronce",
    "Eras.20": "Era espacial de Venus",
    "Eras.3": "Edad de Hierro",
    "Eras.4": "Alta Edad Media",
    "Eras.5": "Plena Edad Media",
    "Eras.6": "Baja Edad Media",
    "Eras.7": "Edad Colonial",
    "Eras.8": "Edad Industrial ",
    "Eras.9": "Edad del Progreso",
    "Global.BoxTitle": "Ayudante de FoE",
    "HiddenRewards.Positions.cityRoadBig": "Carretera grande",
    "HiddenRewards.Positions.cityRoadSmall": "Carretera pequeña",
    "HiddenRewards.Positions.guildExpedition": "Expedición de gremio",
    "HiddenRewards.Positions.nature": "Naturaleza",
    "HiddenRewards.Positions.shore": "Costa",
    "HiddenRewards.Positions.water": "en el agua",
    "HiddenRewards.Table.expires": "Finaliza a ",
    "HiddenRewards.Table.position": "Posición",
    "HiddenRewards.Table.type": "Tipo",
    "Local": "es-ES",
    "Menu.Calculator.Desc": "Calcula todos los puestos para tí y determina si se pueden conseguir FPs",
    "Menu.Calculator.Title": "Calculador de costes",
    "Menu.Calculator.Warning": "Deshabilitado: Entra primero en un gran edificio de otro jugador!",
    "Menu.Campagne.Desc": "Vistazo de los recursos requeridos",
    "Menu.Campagne.Title": "Campaña",
    "Menu.Campagne.Warning": "Deshabilitado: Visita una provincia primero!",
    "Menu.Chat.Desc": "Chatea en tiempo real con todos",
    "Menu.Chat.Title": "Chat en vivo del gremio",
    "Menu.Citymap.Desc": "Muestra tu ciudad esquemáticamente desde arriba",
    "Menu.Citymap.Title": "Vista de la ciudad",
    "Menu.HiddenRewards.Desc": "Vistazo de premios ocultos",
    "Menu.HiddenRewards.Title": "Premios ocultos",
    "Menu.Info.Desc": "Te enseña todas las cosas que pasan en el \"fondo \"<br><em>Poco a poco se llena con información...</em>",
    "Menu.Kits.Desc": "Lista todos los edificios existentes y los kits de selección y actualización",
    "Menu.Kits.Title": "Kits para edificios",
    "Menu.Negotiation.Desc": "Te da sugerencias precisas para las negociaciones",
    "Menu.Negotiation.Title": "Asistente de negociaciones",
    "Menu.Negotiation.Warning": "Deshabilitado: Comienza primero una nueva negociación!",
    "Menu.OutP.Desc": "Resumen de los recursos necesarios",
    "Menu.OutP.DescWarningBuildings": "<em id='outPW' class='tooltip-error'>Deshabilitado: Primero visita el asentamiento cultural!<br></em>Resumen de los recursos necesitados",
    "Menu.OutP.DescWarningOutpostData": "<em id='outPW' class='tooltip-error'>Deshabilitado: Comienza primero un asentamiento cultural y vuelva a cargar el juego (F5)",
    "Menu.OutP.Title": "Asentamientos Culturales",
    "Menu.OwnpartCalculator.Desc": "Crear plan de pago, calcular puestos externos y copiar el valor",
    "Menu.OwnpartCalculator.Title": "Calculator cuata propia",
    "Menu.OwnpartCalculator.Warning": "Deshabilitado: Entra primero en un gran edificio tuyo!",
    "Menu.Productions.Desc": "Muestra la cantidad de las producciones actuales.",
    "Menu.Productions.Title": "Resumen de producción ",
    "Menu.Settings.Desc": "Aquí ajustas algunas cositas",
    "Menu.Settings.Title": "Ajustes",
    "Menu.Technologies.Desc": "Calcular costes de investigación",
    "Menu.Technologies.Title": "Tecnología",
    "Menu.Technologies.Warning": "Deshabilitado: Abre primero el árbol de tecnologías!",
    "Menu.Unit.Desc": "Todas tus tropas a simple vista",
    "Menu.Unit.Title": "Ejército",
    "Menu.Unit.Warning": "Abre primero 1x tu \"Gestión del Ejercito\"<br>tecla \"U\"",
    "Settings.AutomaticNegotiation.Desc": "¿Debe el asistente abrir automáticamente con una negociación y cerrar cuando se cancela?",
    "Settings.AutomaticNegotiation.Title": "Negociadores",
    "Settings.ChangeLanguage.Desc": "¿Qué idioma debe usarse en lugar del reconocido?",
    "Settings.ChangeLanguage.Title": "Cambiar idioma",
    "Settings.GlobalSend.Desc": "Si deseas realizar un seguimiento de datos con tu gremio, activa este punto.<br>Para una extensión autosuficiente, simplemente desactiva",
    "Settings.GlobalSend.Title": "Transmisión a foe-rechner.de",
    "Settings.MenuLength.Title": "Longitud del menú",
    "Settings.ResetBoxPositions.Button": "Borrar!",
    "Settings.ResetBoxPositions.Desc": "¿Quieres que todos las coordenadas sean restablecidas?",
    "Settings.ResetBoxPositions.Title": "Coordenadas del box",
    "Settings.SendGEXInfo.Desc": "Transmite los datos de EG al hacer clic en rankings o colocaciones",
    "Settings.SendGEXInfo.Title": "EG evaluaciones",
    "Settings.SendGildMemberLGInfo.Desc": "Cuando visitas otros miembros del gremio, todos los datos de los grandes edificios son transferidas a foe-rechner.de, si global esta activado",
    "Settings.SendGildMemberLGInfo.Title": "Datos de grandes edificios de otros miembros del gremio",
    "Settings.SendInvestigations.Desc": "Al entrar al 'Ayuntamiento' > 'Novedades' > 'Grandes edificios' seran transferidas las inversiones de FP",
    "Settings.SendInvestigations.Title": "FP inversiones",
    "Settings.SendPlayersMotivation.Desc": "¿Quieres que sean transferidas las actividades de motivar al iniciar?",
    "Settings.SendPlayersMotivation.Title": "Actividad de motivar",
    "Settings.ShowTavernBadge.Desc": "Tan pronto como se activa un potenciador en la taberna, aparece un contador, globalmente desplazable",
    "Settings.ShowTavernBadge.Title": "Mostrar placa de tabernas ",
    "Settings.Version.GuildId": "Id de Gremio:",
    "Settings.Version.PlayerId": "Id de jugador:",
    "Settings.Version.Title": "Versión",
    "Settings.Version.World": "Mundo:",
    "_Language": "Español"
}
