﻿{
    "API.GEXChampionship": "Le classement de l'Expédition de Guilde (EG) a été mis à jour",
    "API.GEXPlayer": "Le classement des contributions en Expédition de Guilde (EG) a été mis à jour",
    "API.LGGildMember": "Les informations à propos des GMs de __player__ ont été envoyées",
    "API.LGInvest": "Vos investissements GMs ont été mis à jour",
    "API.UpdateSuccess": "Mise à jour effectuée !",
    "Boxes.Alerts.Form.Antiques.Auction": "Enchère",
    "Boxes.Alerts.Form.Antiques.Cooldown": "Temps de recharge de l'enchère",
    "Boxes.Alerts.Form.Antiques.Dealer": "Vendeur d'antiquités",
    "Boxes.Alerts.Form.Antiques.Exchange": "Échange quotidien",
    "Boxes.Alerts.Form.Battleground": "Provinces des Champs de Bataille (CdB)",
    "Boxes.Alerts.Form.Body": "Corps",
    "Boxes.Alerts.Form.Create": "Créer",
    "Boxes.Alerts.Form.CreateAlert": "Créer une notification",
    "Boxes.Alerts.Form.CreateAllSectors": "Créer pour tous les secteurs",
    "Boxes.Alerts.Form.CreateNewAlert": "Créer une nouvelle notification",
    "Boxes.Alerts.Form.Datetime": "Date &amp; Heure",
    "Boxes.Alerts.Form.Delete": "Supprimer",
    "Boxes.Alerts.Form.Discard": "Annuler",
    "Boxes.Alerts.Form.Edit": "Modifier",
    "Boxes.Alerts.Form.EditAlert": "Modifier la notification",
    "Boxes.Alerts.Form.Expiration": "Échéance",
    "Boxes.Alerts.Form.Expired": "Expirée",
    "Boxes.Alerts.Form.Expires": "Expire",
    "Boxes.Alerts.Form.Neighborhood": "Voisinage",
    "Boxes.Alerts.Form.Persistence": "Persistance",
    "Boxes.Alerts.Form.Persistence.Description": "La notification doit elle rester ouverte jusqu'à ce que l'utilisateur la rejette ou clique sur la notification ?",
    "Boxes.Alerts.Form.Persistence.Off": "Non",
    "Boxes.Alerts.Form.Persistence.On": "Oui",
    "Boxes.Alerts.Form.Persistent": "Persistante",
    "Boxes.Alerts.Form.Preset.Now": "Maintenant",
    "Boxes.Alerts.Form.Presets": "Préconfigurations",
    "Boxes.Alerts.Form.Preview": "Aperçu",
    "Boxes.Alerts.Form.Repeat": "Répéter",
    "Boxes.Alerts.Form.Repeat.Every": "ou chaque",
    "Boxes.Alerts.Form.Repeat.Never": "Jamais",
    "Boxes.Alerts.Form.Save": "Enregistrer",
    "Boxes.Alerts.Form.Tag": "Étiquette",
    "Boxes.Alerts.Form.Tag.Description": "Les étiquettes peuvent être utilisées pour regrouper les notifications (une nouvelle notification avec une étiquette donnée remplacera une notification plus ancienne avec la même étiquette)",
    "Boxes.Alerts.Form.Title": "Titre",
    "Boxes.Alerts.Permissions.Default": "Activez les notifications dans votre navigateur pour utiliser cette fonctionnalité",
    "Boxes.Alerts.Permissions.Denied": "Les notifications ont été désactivées. Pour réactiver les notifications dans les paramètres de votre navigateur, accédez à chrome://settings/content/notifications, puis réactualisez cette page.",
    "Boxes.Alerts.Permissions.Enable": "Activer",
    "Boxes.Alerts.Permissions.Refresh": "Actualiser",
    "Boxes.Alerts.Preferences.Auction.Info": "Créer automatiquement une nouvelle notification lorsque je fais une enchère au vendeur d'antiquités",
    "Boxes.Alerts.Preferences.Auction.Title": "Enchère du vendeur d'antiquités",
    "Boxes.Alerts.Preferences.Battlegrounds.Info": "Envoyez une notification en cas d'activité élevée dans les Champs de Bataille de guilde (CdB), comme par exemple, 10 combats dans un même secteur en 5 secondes. Veuillez noter que cette fonction n'est active que lorsque les Champs de Bataille de guilde (CdB) sont ouverts dans le jeu !",
    "Boxes.Alerts.Preferences.Battlegrounds.Title": "Suivi du Champ de Bataille de guilde (CdB)",
    "Boxes.Alerts.Preferences.ComingSoon": "Prochainement…  ",
    "Boxes.Alerts.Preferences.Early.Info": "Les alertes générées automatiquement (Vendeur d'antiquités, Champs de Bataille de guilde, etc.) seront programmées avec un décalage pour vous avertir avant que l’événement n'intervienne. Par exemple, configurer cette valeur sur 30 (secondes), vous permettra d'être alerté 30 secondes avant la fin d'une enchère !",
    "Boxes.Alerts.Preferences.Early.Title": "Décalage entre alerte et événement (en secondes)",
    "Boxes.Alerts.Preferences.InGame.Info": "Afficher la notification dans le jeu au lieu de la notification native du bureau lorsque la fenêtre du jeu est active",
    "Boxes.Alerts.Preferences.InGame.Title": "Notifications dans le jeu",
    "Boxes.Alerts.Preferences.MenuIcon.Info": "Afficher le compte à rebours suivant en superposition de l'icône du menu principal",
    "Boxes.Alerts.Preferences.MenuIcon.Title": "Compte à rebours du menu principal",
    "Boxes.Alerts.Preferences.Start.Info": "Afficher une liste des notifications expirées hors ligne (depuis la fermeture de la fenêtre de jeu)",
    "Boxes.Alerts.Preferences.Start.Title": "Récapitulatif des notification expirées au démarrage",
    "Boxes.Alerts.Preferences.Suggestions.Info": "Afficher des suggestions de notification (par exemple, lorsque vous cliquez sur un secteur de champ de bataille ou lorsque vous collectez une production de bâtiment)",
    "Boxes.Alerts.Preferences.Suggestions.Title": "Suggestions de notifications",
    "Boxes.Alerts.Tabs.Alerts": "Notifications",
    "Boxes.Alerts.Tabs.Preferences": "Préférences",
    "Boxes.Alerts.Time.15m": "15m",
    "Boxes.Alerts.Time.1d": "1j",
    "Boxes.Alerts.Time.1h": "1h",
    "Boxes.Alerts.Time.1m": "1m",
    "Boxes.Alerts.Time.4h": "4h",
    "Boxes.Alerts.Time.5m": "5m",
    "Boxes.Alerts.Time.8h": "8h",
    "Boxes.Api.Title": "Serveur API personnel",
    "Boxes.BattleAssist.Text": "Votre armée est composée uniquement de Voyous. Soignez des unités (avec diamants) ou battez en retraite !",
    "Boxes.BattleAssist.Title": "STOP !",
    "Boxes.Calculator.ActiveRecurringQuest": "Quête récurrente active :",
    "Boxes.Calculator.ArkBonus": "Bonus de votre Arche",
    "Boxes.Calculator.AvailableFP": "PF disponibles",
    "Boxes.Calculator.BPs": "Plan",
    "Boxes.Calculator.Commitment": "Posés",
    "Boxes.Calculator.Done": "Terminée",
    "Boxes.Calculator.FP": "PF",
    "Boxes.Calculator.FriendlyInvestment": "Taux d'investissement (amis) :",
    "Boxes.Calculator.HelpLink": "https://foe-rechner.de/docs/2/cost-calculator/",
    "Boxes.Calculator.LGNotConnected": "Ce GM n'est pas relié à une route.",
    "Boxes.Calculator.LGNotOpen": "Le niveau suivant de ce GM est bloqué.",
    "Boxes.Calculator.LevelWarning": "ATTENTION : Élévation du GM à son niveau supérieur !",
    "Boxes.Calculator.MaxLevel": "Niveau max",
    "Boxes.Calculator.Meds": "Méd.",
    "Boxes.Calculator.Profit": "Gain",
    "Boxes.Calculator.Step": "Niveau ",
    "Boxes.Calculator.TTForderCosts": "Coût : <b>__costs__</b> PF<br><i>__nettoreward__ <small>(récompense)</small> x __forderfactor__% <small>(taux amis)</small></i>",
    "Boxes.Calculator.TTForderFPStockLow": "ATTENTION : Votre stock de PF est trop bas !<br>Vous avez seulement __fpstock__ sur les __costs__ PF demandés.<br>Il vous manque __tooless__ PF.",
    "Boxes.Calculator.TTForderNegativeProfit": "<br><b>Place non sécurisée !</b><br><br>Il manque <b>__fpcount__</b> PF pour la sécuriser.<br><br>Total pour sécuriser la place : <b>__totalfp__</b> PF",
    "Boxes.Calculator.TTLevelWarning": "__fpcount__ PF ne rentre pas dedans.<br>Investissement maximum : __totalfp__ PF",
    "Boxes.Calculator.TTLoss": "Récompense = __nettoreward__ <small>(base)</small> x __arcfactor__% <small>(bonus)</small> = __bruttoreward__ PF<br>Coût : __costs__ - Place sécurisée à : __safe__ PF<br>Perte : __costs__ <small>(Coût)</small> - __bruttoreward__ <small>(Récompense)</small> = __loss__ PF",
    "Boxes.Calculator.TTLossSelf": "Récompense : <b>__bruttoreward__</b> PF<br><i>__nettoreward__ <small>(base)</small> x __arcfactor__% <small>(bonus)</small></i><br><br>− Payé : <b>__paid__</b> PF<br><br>= <b>PERTE de __loss__ PF</b>",
    "Boxes.Calculator.TTPaidTooLess": "<br>Vous avez payé __paid__ PF au lieu de __topay__ PF.<br> Il manque <b>__tooless__</b> PF.",
    "Boxes.Calculator.TTPaidTooMuch": "<br>Vous avez payé __paid__ PF au lieu de __topay__ PF.<br> C'est <b>__toomuch__</b> PF de trop.",
    "Boxes.Calculator.TTProfit": "Récompense = __nettoreward__ <small>(base)</small> x __arcfactor__% <small>(bonus)</small> = __bruttoreward__ PF<br>Coût : __costs__ - Place sécurisée à : __safe__ PF<br>Gain : __bruttoreward__ <small>(récompense)</small> - __costs__ <small>(Coût)</small> = __profit__ PF",
    "Boxes.Calculator.TTProfitSelf": "Récompense : <b>__bruttoreward__</b> PF<br><i>__nettoreward__ <small>(base)</small> x __arcfactor__% <small>(bonus)</small></i><br><br>− Payé : <b>__paid__</b> PF<br><br>= <b>GAIN de __profit__ PF</b>",
    "Boxes.Calculator.Title": "Calculs GM externes",
    "Boxes.Calculator.Up2LevelUp": "Jusqu'au niveau suivant",
    "Boxes.Campagne.AlreadyDone": " Déjà conquis ! Bien joué :)",
    "Boxes.Campagne.DescInStock": "Disponible",
    "Boxes.Campagne.DescRequired": "Requis",
    "Boxes.Campagne.DescStillMissing": "<span style='color:#29b206'>Excès</span> / <span style='color:#ff4040'>Manquant</span>",
    "Boxes.Campagne.Resource": "Ressources",
    "Boxes.Campagne.Reward": "Récompense totale ",
    "Boxes.Campagne.Title": "Coûts de conquête pour ",
    "Boxes.CityMap.CavalierPerspecitve": "Perspective cavalière",
    "Boxes.CityMap.Desc1": "Pour être capable de cartographier votre cité, nous devons transférer vos données à foe-rechner.de",
    "Boxes.CityMap.Desc2": "<button class='btn-default' id='submit-data' onclick='CityMap.SubmitData()'>Envoyer</button>",
    "Boxes.CityMap.FreeArea": "Surface disponible : ",
    "Boxes.CityMap.NormalPerspecitve": "Standard",
    "Boxes.CityMap.ShowSubmitBox": "Montrer la fenêtre d'envoi",
    "Boxes.CityMap.SubmitSuccess": "Données transférées avec succès… Maintenant visitez ",
    "Boxes.CityMap.TitleSend": "Envoyer les données",
    "Boxes.CityMap.WholeArea": "Surface totale : ",
    "Boxes.CityMap.YourCity": "Votre cité",
    "Boxes.EventChests.Chance": "Chance",
    "Boxes.EventChests.Cost": "Coût",
    "Boxes.EventChests.CostPerPrize": "Coût / Prix",
    "Boxes.EventChests.CostPerStep": "Coût / Pas",
    "Boxes.EventChests.MainPrize": "Prix spécial",
    "Boxes.EventChests.MainPrizeTitle": "Prix du jour : ",
    "Boxes.EventChests.Steps": "Pas",
    "Boxes.EventChests.Title": "Événement : Aide à la sélection",
    "Boxes.Gildfights.Fights": "Batailles",
    "Boxes.Gildfights.LastSnapshot": " - Dernière capture il y a __time__",
    "Boxes.Gildfights.Negotiations": "Négociations",
    "Boxes.Gildfights.Player": "Membre",
    "Boxes.Gildfights.Title": "Activité de membre",
    "Boxes.Gildfights.Total": "Total",
    "Boxes.GreatBuildings.ArcBonus": "Taux d'investissement (amis)",
    "Boxes.GreatBuildings.Cost": "Coût en PF",
    "Boxes.GreatBuildings.CostPerDailyFP": "Ratio",
    "Boxes.GreatBuildings.DailyFP": "Gain PF/jour",
    "Boxes.GreatBuildings.FPCostGoods": "Coût PF en ressources",
    "Boxes.GreatBuildings.GreatBulding": "Grand Monument",
    "Boxes.GreatBuildings.HelpLink": "https://foe-rechner.de/docs/2/gb-investments/",
    "Boxes.GreatBuildings.HideNewGBs": "Masquer les GMs non construits",
    "Boxes.GreatBuildings.Level": "Niveau",
    "Boxes.GreatBuildings.RewardPerDay": "Gains PF / jour de la part des autres joueurs",
    "Boxes.GreatBuildings.Suggestion2": "Suggestion 2",
    "Boxes.GreatBuildings.SuggestionDescription": "Les GMs en haut de la liste sont les plus intéressants.",
    "Boxes.GreatBuildings.SuggestionTitle": "Comparaison PF / GM (retour sur investissement)",
    "Boxes.GreatBuildings.TTGoodCosts": "Vous n'avez pas encore construit ce GM. Ce sont les coûts en PF pour l'achat des ressources nécessaires.",
    "Boxes.GreatBuildings.TTGoodCostsColumn": "Répertorie les coûts en PF pour l'achat des ressources nécessaires (s'applique uniquement aux GMs que vous n'avez pas encore construits).",
    "Boxes.GreatBuildings.TTRewardPerDay": "Optionnel : Combien de récompenses en PFs recevez-vous par jour ? Cette information est utilisée pour calculer la rentabilité sur d'autres niveaux d'Arche plus élevés.",
    "Boxes.GreatBuildings.Title": "Investissement GM",
    "Boxes.HiddenRewards.Disappears": "Disparaîtra",
    "Boxes.HiddenRewards.HelpLink": "???",
    "Boxes.HiddenRewards.NoEvents": "Aucune récompense présente.",
    "Boxes.HiddenRewards.Title": "Récompenses cachées",
    "Boxes.Infobox.Filter": "Filtre",
    "Boxes.Infobox.FilterAuction": "Enchères",
    "Boxes.Infobox.FilterGex": "Expédition de guilde",
    "Boxes.Infobox.FilterGildFights": "Batailles de guilde",
    "Boxes.Infobox.FilterLevel": "Niveaux supérieurs",
    "Boxes.Infobox.FilterMessage": "Messages",
    "Boxes.Infobox.FilterTrade": "Commerce",
    "Boxes.Infobox.Messages.Auction": "<strong>__player__</strong> vient d'offrir __amount__ pièces.",
    "Boxes.Infobox.Messages.GEX": "<strong>__player__</strong> vient de recevoir __points__ points au GEX.",
    "Boxes.Infobox.Messages.GildFightOccupied": "La province <span style=\"color:#ffb539\">__provinceName__</span> a été prise par <span style=\"color:__attackerColor__;text-shadow: 0 1px 1px __attackerShadow__\">__attackerName__</span> et sera vérrouillée jusqu'à __untilOccupied__.",
    "Boxes.Infobox.Messages.LevelUp": "Le __building__ de __player__ vient juste d'atteindre le niveau __level__.<br>Tu as pris la <strong>__rank__th</strong> place et obtenu <strong>__fps__</strong> PF en retour.",
    "Boxes.Infobox.Messages.MsgBuilding": "<strong>__building__<strong> viens de passer au niveau __level__.",
    "Boxes.Infobox.Messages.Trade": "<strong>__player__</strong> a accepté votre offre.<br>Vous avez obtenu __needValue__ __need__ contre __offerValue__ __offer__.",
    "Boxes.Infobox.Messages.Welcome": "Bienvenue dans les <strong>infos techniques</strong> ! Tant que cette fenêtre reste ouverte, elle se remplira progressivement d'événements qui se produisent silencieusement (tels que les messages de chat, les attaques en CBG et les enchères)",
    "Boxes.Infobox.ResetBox": "Vider la boîte",
    "Boxes.Infobox.Title": "Infos Techniques",
    "Boxes.Infobox.UnknownConversation": "Conversation inconnue",
    "Boxes.Investment.AllUpToDate": "Tout est à jour",
    "Boxes.Investment.AllUpToDateDesc": "Tous les joueurs de cette page ont déjà été enregistrés",
    "Boxes.Investment.CurrReward": "Gains PF (actuel) : ",
    "Boxes.Investment.InvestBar": "PF investis : ",
    "Boxes.Investment.PlayerFound": "Joueur trouvé",
    "Boxes.Investment.PlayerFoundCount": "__count__ nouvel événement joueur a été trouvé",
    "Boxes.Investment.PlayerFoundCounter": "__count__ nouveaux événements joueur ont été trouvés",
    "Boxes.Investment.Title": "Investissements",
    "Boxes.Investment.TotalFP": "Total PF (stock + investis + gains) : ",
    "Boxes.Kits.Extensions": "Extensions",
    "Boxes.Kits.InStock": "En stock",
    "Boxes.Kits.KitName": "Nom du kit",
    "Boxes.Kits.Name": "Nom",
    "Boxes.Kits.SelectionKit": "Pack de sélection",
    "Boxes.Kits.Title": "Améliorations et Packs",
    "Boxes.Kits.ToggleButtonActive": "Masquer les parties manquantes",
    "Boxes.Kits.ToggleButtonInActive": "Afficher les parties manquantes",
    "Boxes.Kits.UpgradeKit": "Pack d'amélioration",
    "Boxes.Market.AllGoods": "Toutes ressources",
    "Boxes.Market.MaxResults": "Résultats max",
    "Boxes.Market.MinQuantity": "Qté Min.",
    "Boxes.Market.Need": "Besoin",
    "Boxes.Market.NeedColumn": "Besoin",
    "Boxes.Market.Offer": "Offre",
    "Boxes.Market.OfferColumn": "Offre",
    "Boxes.Market.OnlyAffordable": "Offres réalisables uniquement",
    "Boxes.Market.PageColumn": "Page",
    "Boxes.Market.PlayerColumn": "Marchand",
    "Boxes.Market.RateColumn": "Taux",
    "Boxes.Market.Rating": "Taux",
    "Boxes.Market.TTMinQuantity": "Sélectionnez la quantité minimale de produits offerts. Ce filtre ne s'applique PAS aux échanges de membres de guilde.",
    "Boxes.Market.Title": "Filtre de marché",
    "Boxes.Market.TradeAdvantage": "Avantageux",
    "Boxes.Market.TradeDisadvantage": "Désavantageux",
    "Boxes.Market.TradeFair": "Juste",
    "Boxes.Market.TradeFairStock": "Juste (avec stock faible)",
    "Boxes.Market.TradeForEqual": "Identique",
    "Boxes.Market.TradeForGoods": "Ère de l'offre",
    "Boxes.Market.TradeForHigher": "Plus haute",
    "Boxes.Market.TradeForLower": "Plus basse",
    "Boxes.Market.TradePartner": "Marchands",
    "Boxes.Market.TradePartnerFriend": "Amis",
    "Boxes.Market.TradePartnerGuild": "Membres de guilde",
    "Boxes.Market.TradePartnerNeighbor": "Voisins",
    "Boxes.Negotiation.Average": "Ordre préférentiel",
    "Boxes.Negotiation.Canceled": "La négociation a été annulée",
    "Boxes.Negotiation.Chance": "Chance",
    "Boxes.Negotiation.DragDrop": "Vous pouvez réorganiser vous-même les icônes de l'ordre préférentiel.<br>Utilisez le glisser-déposer pour déterminer l'ordre dès la première tentative.",
    "Boxes.Negotiation.GoodsCritical": "ATTENTION : votre stock de ressources est CRITIQUE !",
    "Boxes.Negotiation.GoodsLow": "ATTENTION : votre stock de ressources est FAIBLE !",
    "Boxes.Negotiation.HelpLink": "https://foe-rechner.de/docs/2/negotioation-helper",
    "Boxes.Negotiation.Person": "Personne",
    "Boxes.Negotiation.Round": "Tour",
    "Boxes.Negotiation.SaveCurrentEraGoods": "Économiser : les ressources de l'âge actuel",
    "Boxes.Negotiation.SaveMedals": "les médailles",
    "Boxes.Negotiation.Stock": "Stock :",
    "Boxes.Negotiation.Success": "Succès",
    "Boxes.Negotiation.TableLoadError": "Erreur de chargement de la table de négociations",
    "Boxes.Negotiation.Title": "Assistant de négociations",
    "Boxes.Negotiation.TryEnd": "Essayez de finir",
    "Boxes.Negotiation.WrongGoods": "Mauvais produits sélectionnés, veuillez terminer manuellement",
    "Boxes.Negotiation.confirmGoodsMissmatch": "OK",
    "Boxes.Notice.DeleteGroup": "Supprimer onglet",
    "Boxes.Notice.DeleteItem": "Supprimer page",
    "Boxes.Notice.DummyHeading": "Votre titre",
    "Boxes.Notice.Edit": "Editer",
    "Boxes.Notice.GlobalSendRequired": "Ce module ne fonctionne qu'avec l'option \"Envoi à foe-rechner.de\" activé.<br>Merci d'activer l'option pour utiliser les notes.",
    "Boxes.Notice.GroupName": "Nom d'onglet",
    "Boxes.Notice.HelpLink": "https://foe-rechner.de/docs/2/notes",
    "Boxes.Notice.NewGroup": "Onglet",
    "Boxes.Notice.NewGroupDesc": "Créez d'abord un onglet… ",
    "Boxes.Notice.NewSide": "Page",
    "Boxes.Notice.Save": "Sauver",
    "Boxes.Notice.SideName": "Nom de page",
    "Boxes.Notice.Sorting": "Tri",
    "Boxes.Notice.Title": "Notes",
    "Boxes.Outpost.DescInStock": "Disponible",
    "Boxes.Outpost.DescRequired": "Requis",
    "Boxes.Outpost.DescStillMissing": "<span style='color:#29b206'>Excès</span> / <span style='color:#ff4040'>Manquant</span>",
    "Boxes.Outpost.ExpansionsSum": "Extensions",
    "Boxes.Outpost.ShowSums": "Sommes cumulées :",
    "Boxes.Outpost.Title": "Ressources de la colonie",
    "Boxes.Outpost.TitleBuildings": "Bâtiment",
    "Boxes.Outpost.TitleFree": "Etat",
    "Boxes.Outpost.TitleShort": "Vue des ressources - ",
    "Boxes.Outpost.infoLine": "__runNumber__ productions en cours (__chanceX4__% de chance bonus x4)",
    "Boxes.Outpost.nextTile": "Prochaine expansion",
    "Boxes.Outpost.tileNotPlanned": "N/A",
    "Boxes.OwnpartCalculator.All": "Tous",
    "Boxes.OwnpartCalculator.Arc": "Arche",
    "Boxes.OwnpartCalculator.Auto": "Auto.",
    "Boxes.OwnpartCalculator.BPs": "Plans",
    "Boxes.OwnpartCalculator.BuildingName": "Bâtiment",
    "Boxes.OwnpartCalculator.CopyValues": "Copier les valeurs",
    "Boxes.OwnpartCalculator.Deposit": "À poser",
    "Boxes.OwnpartCalculator.Done": "Fait",
    "Boxes.OwnpartCalculator.Ext": "Ext.",
    "Boxes.OwnpartCalculator.HelpLink": "https://foe-rechner.de/docs/2/gb-calculator/",
    "Boxes.OwnpartCalculator.IndividualName": "Nom individuel",
    "Boxes.OwnpartCalculator.LGTotalFP": "Total PFs requis",
    "Boxes.OwnpartCalculator.Levels": "Niveaux",
    "Boxes.OwnpartCalculator.Meds": "Méd.",
    "Boxes.OwnpartCalculator.NoPlaceSafe": "Pas de place à coup sûr",
    "Boxes.OwnpartCalculator.Note": "Ne pas oublier",
    "Boxes.OwnpartCalculator.OldLevel": "Ancien niveau",
    "Boxes.OwnpartCalculator.Order": "Ordre",
    "Boxes.OwnpartCalculator.OutputScheme": "Schéma de sortie",
    "Boxes.OwnpartCalculator.OwnPart": "Contrib. perso",
    "Boxes.OwnpartCalculator.OwnPartRemaining": "Restant",
    "Boxes.OwnpartCalculator.PatronPart": "Contrib. externe",
    "Boxes.OwnpartCalculator.Place": "Place",
    "Boxes.OwnpartCalculator.PlayerName": "Joueur",
    "Boxes.OwnpartCalculator.PowerLeveling": "Niveaux",
    "Boxes.OwnpartCalculator.Scheme": "Schéma",
    "Boxes.OwnpartCalculator.Step": "Niveau",
    "Boxes.OwnpartCalculator.Title": "Calcul de PF pour mes GMs",
    "Boxes.OwnpartCalculator.YourName": "Votre nom",
    "Boxes.PowerLeveling.DoubleCollection": "Double récolte",
    "Boxes.PowerLeveling.Level": "Niveau",
    "Boxes.PowerLeveling.MaxLevel": "Niveau max",
    "Boxes.PowerLeveling.OwnPartBrutto": "Contrib. perso.",
    "Boxes.PowerLeveling.OwnPartNetto": "À poser",
    "Boxes.PowerLeveling.OwnPartSum": "Total à poser",
    "Boxes.PowerLeveling.P1": "P1",
    "Boxes.PowerLeveling.P2": "P2",
    "Boxes.PowerLeveling.P3": "P3",
    "Boxes.PowerLeveling.P4": "P4",
    "Boxes.PowerLeveling.P5": "P5",
    "Boxes.PowerLeveling.Title": "Niveaux GM",
    "Boxes.Production.SizeTT": "Taille, y compris l'espace moyen requis pour la route sur __streetnettosize__ cases",
    "Boxes.Productions.AdjacentBuildings": "bâtiment adjacent",
    "Boxes.Productions.GoodEraTotal": "Total",
    "Boxes.Productions.GuildGoods": "Trésorerie de guilde",
    "Boxes.Productions.GuildPower": "Puissance de guilde",
    "Boxes.Productions.Happiness": "Satisfaction",
    "Boxes.Productions.Headings.all": "Tous",
    "Boxes.Productions.Headings.amount": "Quantité",
    "Boxes.Productions.Headings.area": "Surface",
    "Boxes.Productions.Headings.boost": "Augmentation",
    "Boxes.Productions.Headings.culture": "Bâtiments culturels",
    "Boxes.Productions.Headings.decoration": "Décorations",
    "Boxes.Productions.Headings.earning": "Récolte",
    "Boxes.Productions.Headings.efficiency": "Efficacité",
    "Boxes.Productions.Headings.era": "Ère",
    "Boxes.Productions.Headings.goods": "Bâtiments de marchandises",
    "Boxes.Productions.Headings.greatbuilding": "Grands Monuments",
    "Boxes.Productions.Headings.main_building": "Hôtel de ville",
    "Boxes.Productions.Headings.name": "Nom",
    "Boxes.Productions.Headings.number": "Nombre",
    "Boxes.Productions.Headings.production": "Bâtiments de production",
    "Boxes.Productions.Headings.random_production": "Productions aléatoires",
    "Boxes.Productions.Headings.residential": "Bâtiments résidentiels",
    "Boxes.Productions.Headings.size": "Taille",
    "Boxes.Productions.Headings.street": "Routes",
    "Boxes.Productions.ModeCurrent": "En cours",
    "Boxes.Productions.ModeDaily": "Du jour",
    "Boxes.Productions.ModeGroups": "Grouper",
    "Boxes.Productions.ModeSingle": "Individuel",
    "Boxes.Productions.NoAsteroidDataWarning": "Les ressources provenant de la ceinture d'astéroïdes ne sont pas incluses. Veuillez visiter votre colonie de la ceinture d'astéroïdes et réessayer.",
    "Boxes.Productions.NoMarsDataWarning": "Les ressources provenant de mars ne sont pas incluses. Veuillez visiter votre colonie martienne et réessayer.",
    "Boxes.Productions.SearchInput": "Chercher un bâtiment… ",
    "Boxes.Productions.TTGoodsEra": "Cette colonne affiche l'ère du bâtiment, pas de la ressource produite",
    "Boxes.Productions.Title": "Vue d'ensemble des productions",
    "Boxes.Productions.Total": "Total : ",
    "Boxes.Settings.Active": "Actif",
    "Boxes.Settings.Inactive": "Inactif",
    "Boxes.Settings.Title": "Paramètres",
    "Boxes.Stats.BtnAll": "Tout",
    "Boxes.Stats.BtnAllPlayableEras": "Tout âge",
    "Boxes.Stats.BtnAllPlayableErasTitle": "Sélectionne tous les âges jouables (exclus : Sans âge, Spécial)",
    "Boxes.Stats.BtnAllTittle": "Tout âge + Sans âge + Spécial",
    "Boxes.Stats.BtnChartType.delta": "Différences",
    "Boxes.Stats.BtnChartType.line": "Lignes",
    "Boxes.Stats.BtnChartType.streamgraph": "Flux",
    "Boxes.Stats.BtnChartTypeTitle.delta": "Graphique des différences",
    "Boxes.Stats.BtnChartTypeTitle.line": "Graphique en lignes",
    "Boxes.Stats.BtnChartTypeTitle.streamgraph": "Graphique en flux",
    "Boxes.Stats.BtnLastEras": "2 derniers âges",
    "Boxes.Stats.BtnLastErasTitle": "Sélectionne l'âge actuel et l'âge précédent",
    "Boxes.Stats.BtnMyEra": "Âge actuel",
    "Boxes.Stats.BtnNoEra": "Sans âge",
    "Boxes.Stats.BtnSource.statsGBGPlayers": "Ch. de bataille",
    "Boxes.Stats.BtnSource.statsRewards": "Récompenses",
    "Boxes.Stats.BtnSource.statsTreasureClanD": "Tréso Guilde /J",
    "Boxes.Stats.BtnSource.statsTreasureClanH": "Tréso Guilde /H",
    "Boxes.Stats.BtnSource.statsTreasurePlayerD": "Ressources /J",
    "Boxes.Stats.BtnSource.statsTreasurePlayerH": "Ressources /H",
    "Boxes.Stats.BtnSource.statsUnitsD": "Unités /J",
    "Boxes.Stats.BtnSource.statsUnitsH": "Unités /H",
    "Boxes.Stats.BtnToggleAnnotations": "Indication GcG",
    "Boxes.Stats.BtnToggleAnnotationsTitle": "Montre la diminution des ressources sur la carte GcG.",
    "Boxes.Stats.BtnToggleGroupBy": "Grouper par âge",
    "Boxes.Stats.BtnToggleGroupByTitle": "Regrouper les ressources par âge",
    "Boxes.Stats.Era": "Ère",
    "Boxes.Stats.HelpLink": "https://foe-rechner.de/docs/2/statistics/",
    "Boxes.Stats.Period.all": "Toutes dates",
    "Boxes.Stats.Period.last30days": "30 derniers jours",
    "Boxes.Stats.Period.last7days": "7 derniers jours",
    "Boxes.Stats.Period.sinceTuesday": "Depuis mardi",
    "Boxes.Stats.Period.thisMonth": "Mois en cours",
    "Boxes.Stats.Period.today": "Aujourd'hui",
    "Boxes.Stats.PeriodTitle.all": "Collectés depuis toujours.",
    "Boxes.Stats.PeriodTitle.last30days": "Collectés sur les 30 derniers jours.",
    "Boxes.Stats.PeriodTitle.last7days": "Collectés sur les 7 derniers jours.",
    "Boxes.Stats.PeriodTitle.sinceTuesday": "Collectés depuis mardi (début de l'expédition de guilde).",
    "Boxes.Stats.PeriodTitle.thisMonth": "Collectés ce mois-ci.",
    "Boxes.Stats.PeriodTitle.today": "Collectés aujourd'hui.",
    "Boxes.Stats.Rewards.Source.__event": "Événements",
    "Boxes.Stats.Rewards.Source.battlegrounds_conquest": "Ch. de bataille",
    "Boxes.Stats.Rewards.Source.diplomaticGifts": "Transporteur",
    "Boxes.Stats.Rewards.Source.guildExpedition": "Exp. de guilde",
    "Boxes.Stats.Rewards.Source.spoilsOfWar": "Himeji",
    "Boxes.Stats.Rewards.SourceTitle.__event": "Récompenses des événements spéciaux ou saisonniers",
    "Boxes.Stats.Rewards.SourceTitle.battlegrounds_conquest": "Récompenses des champs de bataille de guilde",
    "Boxes.Stats.Rewards.SourceTitle.diplomaticGifts": "Récompenses des cadeaux diplomatiques octroyés par le Transporteur spatial",
    "Boxes.Stats.Rewards.SourceTitle.guildExpedition": "Récompenses des reliques de l'expédition de guilde récupérées grâce au Temple des reliques",
    "Boxes.Stats.Rewards.SourceTitle.spoilsOfWar": "Récompenses des butins de guerre octroyés par le Château d'Himeji",
    "Boxes.Stats.SourceTitle.statsGBGPlayers": "Scores des joueurs en champ de bataille de guilde",
    "Boxes.Stats.SourceTitle.statsRewards": "Répartition de vos récompenses : reliques sur les expéditions de guilde (Temple des reliques), butins de guerre (Château d'Himeji), cadeaux diplomatiques (Transporteur Spatial) et sur le champ de bataille des guildes",
    "Boxes.Stats.SourceTitle.statsTreasureClanD": "Evolution de la trésorerie de guilde par jour",
    "Boxes.Stats.SourceTitle.statsTreasureClanH": "Evolution de la trésorerie de guilde par heure",
    "Boxes.Stats.SourceTitle.statsTreasurePlayerD": "Evolution de vos ressources par jour",
    "Boxes.Stats.SourceTitle.statsTreasurePlayerH": "Evolution de vos ressources par heure",
    "Boxes.Stats.SourceTitle.statsUnitsD": "Evolution de vos unités par jour",
    "Boxes.Stats.SourceTitle.statsUnitsH": "Evolution de vos unités par heure",
    "Boxes.Stats.Title": "Statistiques",
    "Boxes.Technologies.DescInStock": "Disponible",
    "Boxes.Technologies.DescRequired": "Requis",
    "Boxes.Technologies.DescStillMissing": "<span style='color:#29b206'>Excès</span> / <span style='color:#ff4040'>Manquant</span>",
    "Boxes.Technologies.NoTechs": "Vous avez atteint la fin de cette ère.",
    "Boxes.Technologies.Resource": "Ressource",
    "Boxes.Technologies.Title": "Recherches technologiques",
    "Boxes.Treasury.Action": "Message",
    "Boxes.Treasury.Amount": "Montant",
    "Boxes.Treasury.DateTime": "Date/Heure",
    "Boxes.Treasury.Era": "Ère",
    "Boxes.Treasury.Export": "Export",
    "Boxes.Treasury.Message": "Veuillez faire défiler toutes les pages et appuyez sur le bouton d'export.",
    "Boxes.Treasury.PlayerID": "ID Joueur",
    "Boxes.Treasury.PlayerName": "Nom du joueur",
    "Boxes.Treasury.Reset": "Réinitialiser",
    "Boxes.Treasury.Resource": "Ressource",
    "Boxes.Treasury.RowNumber": "Lignes traitées",
    "Boxes.Treasury.Title": "Export journal trésorerie de guilde",
    "Boxes.Units.AlcaHarvest": "Votre Alcatraz est prêt à être collecté !",
    "Boxes.Units.Attack": "Attaque",
    "Boxes.Units.Bind": "Liée",
    "Boxes.Units.Defend": "Défense",
    "Boxes.Units.NextUnitsIn": "Les __count__ prochaines unités arriveront dans <span class=\"alca-countdown\"></span> à __harvest__",
    "Boxes.Units.NotFilled": "non rempli",
    "Boxes.Units.Proportionally": "En proportion",
    "Boxes.Units.Quantity": "Nombre",
    "Boxes.Units.ReadyToLoot": "Prêt à être collecté !",
    "Boxes.Units.Status": "Statut",
    "Boxes.Units.Title": "Aperçu de l'armée",
    "Boxes.Units.Unbind": "Non liée",
    "Boxes.Units.Unit": "Unité",
    "Date": "DD-MMM-YY",
    "DateTime": "DD.MM.YYYY HH:mm",
    "Eras.0": "Sans âge",
    "Eras.1": "Âge de Pierre",
    "Eras.10": "Ère Moderne",
    "Eras.11": "Ère Postmoderne",
    "Eras.12": "Ère Contemporaine",
    "Eras.13": "Demain",
    "Eras.14": "Ère du Futur",
    "Eras.15": "Futur arctique",
    "Eras.16": "Futur océanique",
    "Eras.17": "Futur virtuel",
    "Eras.18": "Ère Spatiale - Mars",
    "Eras.19": "Ère Spatiale - Ceinture d'astéroïdes",
    "Eras.2": "Âge du Bronze",
    "Eras.20": "Ère Spatiale - Vénus",
    "Eras.3": "Âge du Fer",
    "Eras.4": "Haut Moyen Âge",
    "Eras.5": "Moyen Âge Classique",
    "Eras.6": "Renaissance",
    "Eras.7": "Âge Colonial",
    "Eras.8": "Âge Industriel",
    "Eras.9": "Ère Progressiste",
    "Global.BoxTitle": "FoE Assistant",
    "HiddenRewards.Positions.cityRoadBig": "Rue à deux voies",
    "HiddenRewards.Positions.cityRoadSmall": "Route",
    "HiddenRewards.Positions.guildExpedition": "Expédition de guilde",
    "HiddenRewards.Positions.nature": "Nature",
    "HiddenRewards.Positions.shore": "Rivage",
    "HiddenRewards.Positions.water": "Dans l'eau",
    "HiddenRewards.Table.expires": "Echéance",
    "HiddenRewards.Table.position": "Position",
    "HiddenRewards.Table.type": "Type",
    "Kits.Sets.AbandonedAsylum": "Asile abandonné",
    "Kits.Sets.AltarGarden": "Jardin à autel",
    "Kits.Sets.ArtExhibition": "Exposition artistique",
    "Kits.Sets.CelticForest": "Forêt celtique",
    "Kits.Sets.CherrySet": "Ensemble du jardin de cerisiers",
    "Kits.Sets.CiderMill": "Cidrerie",
    "Kits.Sets.ClassicGardenSet": "Ensemble du jardin classique",
    "Kits.Sets.Colossus": "Colosse",
    "Kits.Sets.CrowsNest": "Nie-de-pie",
    "Kits.Sets.FountainSet": "Ensemble de fontaine indienne",
    "Kits.Sets.GardenSet": "Ensemble de jardin royal",
    "Kits.Sets.GrandBridge": "Pont majestueux",
    "Kits.Sets.Graveyard": "Cimetière",
    "Kits.Sets.GreaterRuneStone": "Pierre runique supérieure",
    "Kits.Sets.GuardPost": "Poste de garde",
    "Kits.Sets.HallOfFame": "Panthéon",
    "Kits.Sets.Hippodrome": "Hippodrome",
    "Kits.Sets.IndianPalace": "Ensemble de palais indien",
    "Kits.Sets.Obelisk": "Obélisque ancien",
    "Kits.Sets.Pagoda": "Pagode",
    "Kits.Sets.Piazza": "Ensemble Piazza",
    "Kits.Sets.PillarOfHeroes": "Pilier des Héros",
    "Kits.Sets.Pirate": "Navire pirate",
    "Kits.Sets.Royal": "Navire royal",
    "Kits.Sets.SeptemberCottage": "Cottage de Septembre",
    "Kits.Sets.ShipKit": "Kit de navire",
    "Kits.Sets.StatueOfHonor": "Statue d'honneur",
    "Kits.Sets.TholosOfIdols": "Tholos d'idoles",
    "Kits.Sets.TimelessDojo": "Dojo intemporel",
    "Kits.Sets.Trader": "Navire marchand",
    "Kits.Sets.WinnersPlaza": "Place des vainqueurs",
    "Kits.Sets.WinterSpire": "Tour Hivernale",
    "Kits.Sets.WinterTrain": "Train hivernal",
    "Kits.Sets.WinterVillageSet": "Ensemble de village hivernal",
    "Kits.Sets.Winterdeco": "Ensemble de décorations hivernales",
    "Kits.Sets.WorldsFair": "Exposition universelle",
    "Local": "fr-FR",
    "Menu.Calculator.Desc": "Calcule toutes les places pour vous et les PF pour sniper.",
    "Menu.Calculator.Title": "Calculatrice GM externe",
    "Menu.Calculator.Warning": "Désactivé : Ouvrez d'abord le GM d'un autre joueur !",
    "Menu.Campagne.Desc": "Aperçu des ressources nécessaires pour conquérir un secteur de carte de campagne.",
    "Menu.Campagne.Title": "Campagne",
    "Menu.Campagne.Warning": "Désactivé : Visitez d'abord une province !",
    "Menu.Chat.Desc": "Discussion en temps réel avec tout le monde.",
    "Menu.Chat.Title": "Chat de guilde",
    "Menu.Citymap.Desc": "Montre une carte de votre cité vue du dessus.",
    "Menu.Citymap.Title": "Aperçu de la cité",
    "Menu.HiddenRewards.Desc": "Aperçu des incidents.",
    "Menu.HiddenRewards.HelpLink": "https://foe-rechner.de/docs/2/incidents",
    "Menu.HiddenRewards.Title": "Incidents",
    "Menu.Info.Desc": "Affiche tous les éléments qui se déroulent en \"arrière plan\".<br><em>Se remplit d'informations… </em>",
    "Menu.Info.Title": "Info Techniques",
    "Menu.Kits.Desc": "Liste de tous les bâtiments, améliorations et packs de sélection de l'inventaire.",
    "Menu.Kits.Title": "Améliorations et Packs",
    "Menu.Market.Desc": "Filtrer les transactions sur le marché",
    "Menu.Market.Title": "Filtre de marché",
    "Menu.Market.Warning": "Veuillez d'abord ouvrir le marché",
    "Menu.Negotiation.Desc": "Faites des propositions de négociations précises.",
    "Menu.Negotiation.Title": "Assistant de négociation",
    "Menu.Negotiation.Warning": "Désactivé : Commencez une négociation en premier !",
    "Menu.Notice.Desc": "Prenez des notes sur tout ce que vous ne voulez pas oublier.",
    "Menu.Notice.Title": "Notes",
    "Menu.OutP.Desc": "Vue d'ensemble des ressources nécessaires.",
    "Menu.OutP.DescWarningBuildings": "<em id='outPW' class='tooltip-error'>Désactivé : Allez d'abord dans la Colonie !<br></em>Affiche les ressources requises (par ressources) pour votre colonie.",
    "Menu.OutP.DescWarningOutpostData": "<em id='outPW' class='tooltip-error'>Désactivé : Démarrez une Colonie et rechargez le jeu [F5]",
    "Menu.OutP.Title": "Colonie",
    "Menu.OwnpartCalculator.Desc": "Crée un plan de pose de PF, calcule les coûts des places externes et copie des valeurs.",
    "Menu.OwnpartCalculator.Title": "Calculatrice GM interne",
    "Menu.OwnpartCalculator.Warning": "Désactivé : Ouvrez d'abord un de vos GM !",
    "Menu.Productions.Desc": "Affiche le nombre en cours de toutes les productions.",
    "Menu.Productions.Title": "Vue d'ensemble des productions",
    "Menu.Settings.Desc": "Personnalisation de l'assistant FoE.",
    "Menu.Settings.Title": "Paramètres",
    "Menu.Stats.Desc": "Statistiques sur les ressources, les unités, les récompenses, le champ de bataille de guilde",
    "Menu.Stats.Title": "Statistiques",
    "Menu.Technologies.Desc": "Afficher et calculer les coûts de recherche dans l'arbre des technologies.",
    "Menu.Technologies.Title": "Recherches technologiques",
    "Menu.Technologies.Warning": "Désactivé : Ouvrez d'abord le menu de Recherche Technologiques !",
    "Menu.Unit.Desc": "Afficher l'état actuel de toutes vos unités militaires.",
    "Menu.Unit.Title": "Armées",
    "Menu.Unit.Warning": "Désactivé : Ouvrez d'abord la gestion de votre armée [U] !",
    "Menu.greatbuildings.Desc": "Quel GM de production de PF devrait être augmenté en suivant ?",
    "Menu.greatbuildings.Title": "Suggestion GM suivant",
    "Settings.About.Desc": "L'assistant FoE est une extension de navigateur gratuite pour Forge of Empires développée pour les joueurs par les joueurs. L'outil n'est pas affilié à InnoGames.",
    "Settings.About.RatingDesc": "Si vous aimez ce que vous voyez et ce que nous faisons, veuillez laisser une bonne critique dans le store !",
    "Settings.About.RatingTitle": "Évaluez l'extension",
    "Settings.About.Title": "À propos de l'assistant FoE",
    "Settings.About.TranslateDesc": "Vous pouvez aider à traduire l'extension en vous inscrivant à notre outil de traduction : ",
    "Settings.About.TranslateTitle": "Traduction",
    "Settings.AutomaticNegotiation.Desc": "L'assistant doit-il s'ouvrir automatiquement avec une négociation et fermé en cas d'annulation ?",
    "Settings.AutomaticNegotiation.Title": "Assistant de négociation",
    "Settings.ChangeLanguage.Desc": "Quelle langue, au lieu de celle reconnue, devrait être utilisée ?",
    "Settings.ChangeLanguage.Title": "Changer de langue",
    "Settings.Entry.About": "À propos",
    "Settings.Entry.AutomaticNegotiation": "Négociations",
    "Settings.Entry.ChangeLanguage": "Langue",
    "Settings.Entry.ExportSettings": "Importer / Exporter",
    "Settings.Entry.GlobalSend": "Transferts",
    "Settings.Entry.Help": "Aide",
    "Settings.Entry.MenuLength": "Menu",
    "Settings.Entry.ResetBoxPositions": "Fenêtres",
    "Settings.Entry.SendGEXInfo": "Expéditions de guilde",
    "Settings.Entry.SendGildMemberLGInfo": "GM de la guilde",
    "Settings.Entry.SendInvestigations": "Investissements PF",
    "Settings.Entry.SendPlayersMotivation": "Activité PO/MO",
    "Settings.Entry.ShowGuildTreasuryLogExport": "Export tréso. guilde",
    "Settings.Entry.ShowInvestments": "Investissements",
    "Settings.Entry.ShowMarketFilter": "Filtre de marché",
    "Settings.Entry.ShowOwnPartOnAllGBs": "Calculatrice GM",
    "Settings.Entry.ShowTavernBadge": "Taverne des amis",
    "Settings.Entry.Version": "Version",
    "Settings.ExportImport.Error": "Ce n'est pas un fichier de paramètres valide !",
    "Settings.ExportImport.Reload": "Le jeu va maintenant se recharger avec les paramètres importés.",
    "Settings.ExportSettings.Button": "Paramètres d'extension",
    "Settings.ExportSettings.Desc": "Sauvegarde et restauration des paramètres",
    "Settings.ExportSettings.Title": "Sauvegarde et restauration",
    "Settings.ExportSettings.ViewExport": "Exporter : ",
    "Settings.ExportSettings.ViewImport": "Importer : ",
    "Settings.GlobalSend.Desc": "Si vous voulez suivre les données avec votre guilde, activez cet élément. <br> Pour une utilisation personnelle, désactivez-le.",
    "Settings.GlobalSend.Title": "Envoi à foe-rechner.de",
    "Settings.Help.Desc": "Il existe plusieurs façons d'obtenir de l'aide :",
    "Settings.Help.Discord": "Discord : rejoignez notre serveur pour discuter et recevoir de l'aide à propos de l'extension.",
    "Settings.Help.Forums": "Forums : Rendez-vous ici pour obtenir de l'aide et soumettre des idées, ainsi que des rapports de bogues.",
    "Settings.Help.Github": "GitHub : pour reporter des bugs plus techniques, pour apporter des idées concrètes et pour aider au développement.",
    "Settings.Help.Title": "Aide et Communauté",
    "Settings.Help.Website": "Site Web : informations sur l'extension et documentation de ses fonctionnalités.",
    "Settings.MenuLength.Desc": "Combien d'éléments le menu devrait-il avoir ?<br> Vide ou \"0\" pour une hauteur automatique.",
    "Settings.MenuLength.Title": "Hauteur du menu",
    "Settings.ResetBoxPositions.Button": "Supprimer !",
    "Settings.ResetBoxPositions.Desc": "Toutes les positions des fenêtres doivent-elles être réinitialisées ?",
    "Settings.ResetBoxPositions.Title": "Positionnement des fenêtres",
    "Settings.SendGEXInfo.Desc": "Quand vous cliquez sur l'emplacement des expéditions de guildes ou sur le classement, les infos sont envoyées.",
    "Settings.SendGEXInfo.Title": "Evaluations des expéditions de guildes",
    "Settings.SendGildMemberLGInfo.Desc": "En visitant les autres membres de la guilde, les données des GM seront envoyées à foe-rechner.de quand l'option d'envoi est activé.",
    "Settings.SendGildMemberLGInfo.Title": "Info GM des membres de la guilde",
    "Settings.SendInvestigations.Desc": "Ouvrir l'Hôtel de ville > Nouvelles > Grand monuments : cela enverra l'info des PF investis.",
    "Settings.SendInvestigations.Title": "Envoi investissements des PF",
    "Settings.SendPlayersMotivation.Desc": "Est-ce que les activités de PO/MO doivent être transférées quand les événements ont lieu ?",
    "Settings.SendPlayersMotivation.Title": "Activité PO/MO",
    "Settings.ShowGuildTreasuryLogExport.Desc": "Affiche un outil pour exporter les journaux de trésorerie de guilde dans un fichier .csv lors de l'ouverture de la fenêtre du journal de trésorerie de guilde.",
    "Settings.ShowGuildTreasuryLogExport.Title": "Afficher l'outil d'exportation des journaux de trésorerie de la guilde",
    "Settings.ShowInvestments.Desc": "Afficher le résumé de tous les investissements PF quand vous entrez sur 'Hotel de ville' > 'Nouvelles' > 'Grands Monuments'.",
    "Settings.ShowInvestments.Title": "Résumé investissements des PF",
    "Settings.ShowMarketFilter.Desc": "Affiche un outil pour filtrer les transactions lors de l'ouverture du marché.",
    "Settings.ShowMarketFilter.Title": "Afficher l'outil de filtrage du marché",
    "Settings.ShowOwnPartOnAllGBs.Desc": "Ouvrir la 'Calculatrice GM externe' à l'ouverture d'un grand monument d'un autre joueur.",
    "Settings.ShowOwnPartOnAllGBs.Title": "Calculatrice GM externe",
    "Settings.ShowTavernBadge.Desc": "Dès qu'une visite dans la taverne est effectuée, un compteur global apparaît.",
    "Settings.ShowTavernBadge.Title": "Affiche un compteur sur la taverne",
    "Settings.Tab.About": "À propos",
    "Settings.Tab.Boxes": "Fenêtres",
    "Settings.Tab.Extension": "Interface",
    "Settings.Tab.Sending": "Envois",
    "Settings.Version.Desc": "Les données ci-dessous peuvent être sélectionnées pour les copier.",
    "Settings.Version.GuildId": "ID Guilde :",
    "Settings.Version.Link": "<a target='_blank' href='https://foe-rechner.de/extension/update?v=__version__&lang=fr'  class='game-cursor'>Nouveautés de cette version</a>",
    "Settings.Version.PlayerId": "ID Joueur :",
    "Settings.Version.Title": "Version",
    "Settings.Version.World": "ID Monde :",
    "_Language": "Français"
}
