﻿{
    "API.GEXChampionship": "A C.E. céh elhelyezése frissült",
    "API.GEXPlayer": "C.E. tagok elhelyezése frissült",
    "API.LGGildMember": "__player__ játékos nevezetes épületei elküldésre kerültek",
    "API.LGInvest": "F.É. befektetéseit elküldésre került",
    "API.UpdateSuccess": "Frissítés megtörtént",
    "Boxes.Calculator.ActiveRecurringQuest": "Aktív ismétlődő feladatok:",
    "Boxes.Calculator.ArkBonus": "Bárka bónusz:",
    "Boxes.Calculator.AvailableFP": "Elérhető FP",
    "Boxes.Calculator.BPs": "T.R.",
    "Boxes.Calculator.Commitment": "Kiadás",
    "Boxes.Calculator.Done": "Kész",
    "Boxes.Calculator.FriendlyInvestment": "Befektetői bónusz:",
    "Boxes.Calculator.LGNotConnected": "Az épület nincs úthoz csatolva",
    "Boxes.Calculator.LGNotOpen": "A következő szint jelenleg zárva van",
    "Boxes.Calculator.LevelWarning": "FIGYELEM! N.É. szintet lép!",
    "Boxes.Calculator.Meds": "Medál",
    "Boxes.Calculator.Profit": "Nyereség",
    "Boxes.Calculator.Step": "Szint",
    "Boxes.Calculator.TTForderNegativeProfit": "Hely nem biztonságos. __fpcount__ További FP szükséges a biztosításához<br>Teljes befektetés a hely biztosításához: __totalfp__FP",
    "Boxes.Calculator.TTLevelWarning": "__fpcount__FP Nem fér be<br>Maximum befektetés: __totalfp__FP",
    "Boxes.Calculator.Title": "Nevezetes számláló",
    "Boxes.Calculator.Up2LevelUp": "Szint lépésig",
    "Boxes.Campagne.AlreadyDone": " Már meghódított!",
    "Boxes.Campagne.DescInStock": "Elérhető",
    "Boxes.Campagne.DescRequired": "Szükséges",
    "Boxes.Campagne.DescStillMissing": "<span style='color:#29b206'>Többlet</span> / <span style='color:#ff4040'>Hiányzó</span>",
    "Boxes.Campagne.Resource": "Nyersanyag",
    "Boxes.Campagne.Reward": "Teljes jutalom ",
    "Boxes.Campagne.Title": "Hódítási költségek a ",
    "Boxes.CityMap.Desc1": "Hogy meg tudjuk tervezni a városod, el kell küldeni az adataid a: foe-rechner.de oldalra",
    "Boxes.CityMap.Desc2": "Elküldés",
    "Boxes.CityMap.FreeArea": "Szabad terület: ",
    "Boxes.CityMap.SubmitSuccess": "Az adatok el lettek küldve sikeresen... Megtekintés ",
    "Boxes.CityMap.TitleSend": "Adatok elküldése",
    "Boxes.CityMap.WholeArea": "Teljes terület: ",
    "Boxes.Gildfights.Fights": "Csaták",
    "Boxes.Gildfights.LastSnapshot": "__time__ telt el az utolsó megtekintés óta",
    "Boxes.Gildfights.Negotiations": "Tárgyalások",
    "Boxes.Gildfights.Player": "Játékos",
    "Boxes.Gildfights.Title": "Játékos áttekintés",
    "Boxes.HiddenRewards.Disappears": "eltűnik",
    "Boxes.HiddenRewards.NoEvents": "Nincs esemény",
    "Boxes.HiddenRewards.Title": "Rejtett jutalmak",
    "Boxes.Infobox.Filter": "Szűrő",
    "Boxes.Infobox.FilterAuction": "Árverés",
    "Boxes.Infobox.FilterGildFights": "Céh harcok",
    "Boxes.Infobox.FilterLevel": "Szintlépés",
    "Boxes.Infobox.FilterMessage": "Üzenetek",
    "Boxes.Infobox.FilterTrade": "Piac",
    "Boxes.Infobox.Messages.Auction": "'<strong>__player__</strong> játékos kínált __amount__ érmét",
    "Boxes.Infobox.Messages.GEX": "<strong>__player__</strong> Ennyi pontot kapott __points__ points a GEX.",
    "Boxes.Infobox.Messages.GildFightOccupied": "Tartomány <span style=\"color:#ffb539\">__provinceName__</span> el lett foglalva <span style=\"color:__attackerColor__;text-shadow: 0 1px 1px __attackerShadow__\">__attackerName__</span> által és zárva van: __untilOccupied__",
    "Boxes.Infobox.Messages.LevelUp": "A __player__ játékos __building__ épülete elérte a __level__ szintet.<br>Te <strong>__rank__th</strong>helyezést érted el és <strong>__fps__</strong> FP-t kaptál vissza.",
    "Boxes.Infobox.Messages.MsgBuilding": "__building__ - szint __level__",
    "Boxes.Infobox.Messages.Trade": "<strong>__player__</strong> Elfogadta az ajánlatod.<br>Kaptál ezért: __needValue__ __need__ ennyit: __offerValue__ __offer__",
    "Boxes.Infobox.ResetBox": "Újratöltés",
    "Boxes.Infobox.Title": "Infó doboz",
    "Boxes.Negotiation.Average": "Ø Mennyiség",
    "Boxes.Negotiation.Canceled": "Tárgyalás meg lett szakítva",
    "Boxes.Negotiation.Chance": "Esély",
    "Boxes.Negotiation.DragDrop": "Az ikonokat átrendezheti drag and drop (bal klikk hosszan tartva) segítségével, hogy meghatározzák a sorrendet az első kísérletből.",
    "Boxes.Negotiation.GoodsCritical": "FIGYELEM: kritikus az árú készlet",
    "Boxes.Negotiation.GoodsLow": "FIGYELEM: alacsony az árú készlet",
    "Boxes.Negotiation.Person": "Személy",
    "Boxes.Negotiation.Round": "Kör",
    "Boxes.Negotiation.Stock": "Készlet:",
    "Boxes.Negotiation.Success": "Siker",
    "Boxes.Negotiation.TableLoadError": "Hiba a tárgyalás tábla betöltése közben",
    "Boxes.Negotiation.Title": "Tárgyalás segítő",
    "Boxes.Negotiation.TryEnd": "Nincs több próbálkozás",
    "Boxes.Negotiation.WrongGoods": "Rossz árú választva, Kérlek fejezd be manuálisan",
    "Boxes.Outpost.DescInStock": "Elérhető",
    "Boxes.Outpost.DescRequired": "Szükséges",
    "Boxes.Outpost.DescStillMissing": "<span style='color:#29b206'>Többlet</span> / <span style='color:#ff4040'>Hiányzó</span>",
    "Boxes.Outpost.ExpansionsSum": "Bővítmények",
    "Boxes.Outpost.Title": "Kulturális település árui",
    "Boxes.Outpost.TitleBuildings": "Épület",
    "Boxes.Outpost.TitleFree": "Ingyenes",
    "Boxes.Outpost.TitleShort": "Árú áttekintés - ",
    "Boxes.Outpost.infoLine": "__runNumber__. kör, x4 Bónusz Esély: __chanceX4__%",
    "Boxes.Outpost.nextTile": "Következő bővítmény",
    "Boxes.OwnpartCalculator.Arc": "Bárka",
    "Boxes.OwnpartCalculator.BPs": "T.R.",
    "Boxes.OwnpartCalculator.CopyValues": "Értékek másolása",
    "Boxes.OwnpartCalculator.Deposit": "Befizetés",
    "Boxes.OwnpartCalculator.Done": "Kész",
    "Boxes.OwnpartCalculator.IndividualName": "egyedi Lb név",
    "Boxes.OwnpartCalculator.LGTotalFP": "N.É. Össz pontszám",
    "Boxes.OwnpartCalculator.Levels": "Szintek",
    "Boxes.OwnpartCalculator.Meds": "Medál",
    "Boxes.OwnpartCalculator.NoPlaceSafe": "Nem biztonságos hely",
    "Boxes.OwnpartCalculator.Note": "Jegyzet",
    "Boxes.OwnpartCalculator.OldLevel": "Előző szint",
    "Boxes.OwnpartCalculator.Order": "Sorrend",
    "Boxes.OwnpartCalculator.OutputScheme": "Kimenő séma",
    "Boxes.OwnpartCalculator.OwnPart": "Önrész",
    "Boxes.OwnpartCalculator.OwnPartRemaining": "Hátralevő",
    "Boxes.OwnpartCalculator.PatronPart": "Befektetői pontszám",
    "Boxes.OwnpartCalculator.Place": "Hely",
    "Boxes.OwnpartCalculator.Step": "Szint",
    "Boxes.OwnpartCalculator.Title": "Saját nevezetes számláló",
    "Boxes.OwnpartCalculator.YourName": "Saját név",
    "Boxes.Productions.AdjacentBuildings": "Szomszédos épületek",
    "Boxes.Productions.Happiness": "Boldogság",
    "Boxes.Productions.Headings.all": "Összes",
    "Boxes.Productions.Headings.amount": "Mennyiség",
    "Boxes.Productions.Headings.culture": "Kulturális épületek",
    "Boxes.Productions.Headings.decoration": "Dekorációk",
    "Boxes.Productions.Headings.earning": "Bevétel",
    "Boxes.Productions.Headings.goods": "Vagyon épületek",
    "Boxes.Productions.Headings.greatbuilding": "Nevezetes épületek",
    "Boxes.Productions.Headings.main_building": "Városháza",
    "Boxes.Productions.Headings.number": "Szám",
    "Boxes.Productions.Headings.production": "Termelő épületek",
    "Boxes.Productions.Headings.random_production": "Véletlenszerű Termelés",
    "Boxes.Productions.Headings.residential": "Lakó épületek",
    "Boxes.Productions.Headings.street": "Utcák",
    "Boxes.Productions.ModeGroups": "Csoportok",
    "Boxes.Productions.ModeSingle": "Egyedülálló",
    "Boxes.Productions.SearchInput": "Épület keresés...",
    "Boxes.Productions.Title": "Termelés áttekintése",
    "Boxes.Productions.Total": "Teljes: ",
    "Boxes.Settings.Active": "Aktív",
    "Boxes.Settings.Inactive": "Nem aktív",
    "Boxes.Settings.Title": "Beállítások",
    "Boxes.Technologies.DescInStock": "Elérhető",
    "Boxes.Technologies.DescRequired": "Szükséges",
    "Boxes.Technologies.DescStillMissing": "<span style='color:#29b206'>Többlet</span> / <span style='color:#ff4040'>Hiányzó</span>",
    "Boxes.Technologies.NoTechs": "A kornak a végére értél",
    "Boxes.Technologies.Resource": "Nyersanyag",
    "Boxes.Technologies.Title": "Kutatási költsége a",
    "Boxes.Units.Attack": "Támadás",
    "Boxes.Units.Defend": "Védelem",
    "Boxes.Units.NextUnitsIn": "A következő __count__ db egység <span class=\"alca-countdown\"></span> idő múlva érkezik __harvest__ ",
    "Boxes.Units.NotFilled": "Nem kitöltött",
    "Boxes.Units.Proportionally": "Arányosan",
    "Boxes.Units.Quantity": "Mennyiség",
    "Boxes.Units.ReadyToLoot": "Kész!",
    "Boxes.Units.Status": "Állapot",
    "Boxes.Units.Title": "Hadsereg áttekintés",
    "Boxes.Units.Unit": "Egység",
    "DateTime": "YY/M/D h:mm:ss a",
    "Eras.0": "Korszak nélküli",
    "Eras.1": "Kőkorszak",
    "Eras.10": "Modern kor",
    "Eras.11": "Posztmodern kor",
    "Eras.12": "Jelenkor",
    "Eras.13": "Holnap",
    "Eras.14": "A jövő",
    "Eras.15": "Távoli jégkorszak",
    "Eras.16": "Mélytengeri jövő",
    "Eras.17": "Virtuális jövő",
    "Eras.18": "Űrkorszak - Mars",
    "Eras.19": "Űrkorszak - Aszteroida övezet",
    "Eras.2": "Bronzkorszak",
    "Eras.3": "Vaskorszak",
    "Eras.4": "Kora középkor",
    "Eras.5": "Virágzó középkor",
    "Eras.6": "Késő középkor",
    "Eras.7": "A gyarmatosítás kora",
    "Eras.8": "Ipari kor",
    "Eras.9": "Progresszív kor",
    "Global.BoxTitle": " <small><em>FoE Helper</em></small>",
    "HiddenRewards.Positions.cityRoadBig": "nagy út",
    "HiddenRewards.Positions.cityRoadSmall": "kis út",
    "HiddenRewards.Positions.guildExpedition": "Céh expedíciója",
    "HiddenRewards.Positions.nature": "Természet",
    "HiddenRewards.Positions.shore": "Part",
    "HiddenRewards.Positions.water": "Vízben",
    "HiddenRewards.Table.expires": "Lejár",
    "HiddenRewards.Table.position": "Pozíció",
    "HiddenRewards.Table.type": "Típus",
    "Local": "hu-HU",
    "Menu.Calculator.Desc": "Kiszámítja az összes elérhető helyet az Ön számára, és kiszámítja az FP-ket",
    "Menu.Calculator.Title": "Nevezetes számláló",
    "Menu.Calculator.Warning": "Tiltott: Először nyissa meg egy másik játékos Nevezetes épületét!",
    "Menu.Campagne.Desc": "A szükséges erőforrások áttekintése",
    "Menu.Campagne.Title": "Hódítás",
    "Menu.Campagne.Warning": "Tiltott: Először látogasson el egy tartományra!",
    "Menu.Chat.Desc": "Valós időben beszéljen mindenkivel",
    "Menu.Chat.Title": "Céh élő chat",
    "Menu.Citymap.Desc": "Megmutatja városát felülről",
    "Menu.Citymap.Title": "Város térkép",
    "Menu.HiddenRewards.Desc": "A rejtett jutalmak áttekintése",
    "Menu.HiddenRewards.Title": "Rejtett jutalmak",
    "Menu.Info.Desc": "Megmutatja mindazt, ami történik a \"háttérben\"<br><em>Információval töltődik fel ...</em>",
    "Menu.Info.Title": "Infó doboz",
    "Menu.Negotiation.Desc": "Javaslatokat tegyen a tárgyalásokra",
    "Menu.Negotiation.Title": "Tárgyalás segítő",
    "Menu.Negotiation.Warning": "Tiltott: Először kezdjen meg egy tárgyalást!",
    "Menu.OutP.Desc": "A szükséges források áttekintése",
    "Menu.OutP.DescWarningBuildings": "<em id='outPW' class='tooltip-error'>Tiltott: először nézd meg a kulturális településnél: <br></em> A szükséges források áttekintését",
    "Menu.OutP.DescWarningOutpostData": "<em id='outPW' class='tooltip-error'>Tiltott: Indítson el egy kulturális települést és töltse be újra a játékot (F5)",
    "Menu.OutP.Title": "Kulturális",
    "Menu.OwnpartCalculator.Desc": "Készítsen tervet a behelyezett FP-ről az első 5 hely biztosítására",
    "Menu.OwnpartCalculator.Title": "Saját nevezetes számláló",
    "Menu.OwnpartCalculator.Warning": "Tiltott: Először nyissa meg az egyik nevezetes épületét!",
    "Menu.Productions.Desc": "Megjeleníti az összes aktuális termelés számát.",
    "Menu.Productions.Title": "Termelés áttekintése",
    "Menu.Settings.Desc": "Itt van néhány apró beállítás",
    "Menu.Settings.Title": "Beállítások",
    "Menu.Technologies.Desc": "Számítsa ki a kutatási költségeket",
    "Menu.Technologies.Title": "Kutatás",
    "Menu.Technologies.Warning": "Tiltott: Először nyissa meg a kutatási menüt!",
    "Menu.Unit.Desc": "Az összes sereg",
    "Menu.Unit.Title": "Sereg",
    "Menu.Unit.Warning": "Legalább 1x nyisd meg a Hadsereg organizátort",
    "Settings.AutomaticNegotiation.Desc": "Az asszisztens automatikusan megnyíljon tárgyalás indításakor, és bezáruljon, ha visszavonják?",
    "Settings.AutomaticNegotiation.Title": "Tárgyalási segítő",
    "Settings.ChangeLanguage.Desc": "Melyik nyelv legyen használva a meglévő helyett?",
    "Settings.ChangeLanguage.Title": "Nyelvváltó",
    "Settings.GlobalSend.Desc": "Ha az céhhel szeretné nyomon követni az adatokat, aktiválja ezt a pontot. <br> Az önellátó kiterjesztés érdekében egyszerűen tiltsa le.",
    "Settings.GlobalSend.Title": "Átvitel a foe-rechner.de -re",
    "Settings.MenuLength.Desc": "Hány elem legyen a menüben?<br> Üresen hagyás vagy \"0\" automatikus magasságot jelent.",
    "Settings.MenuLength.Title": "Menü hossza",
    "Settings.ResetBoxPositions.Button": "Töröl!",
    "Settings.ResetBoxPositions.Desc": "Minden doboz koordinátáját vissza kell állítani?",
    "Settings.ResetBoxPositions.Title": "Doboz koordinátái",
    "Settings.SendGEXInfo.Desc": "Ha az helyezésekre vagy rangsorolásra kattint a C.E.-ben, akkor továbbítja az adatokat",
    "Settings.SendGEXInfo.Title": "C.E. értékelések",
    "Settings.SendGildMemberLGInfo.Desc": "Más céhtagok látogatásakor az összes Lb adatot elküldik a foe-rechner.de címre, amikor a Globális aktiválódik.",
    "Settings.SendGildMemberLGInfo.Title": "Más céhtagok Lb adatai",
    "Settings.SendInvestigations.Desc": "Belépés a „Városháza”> „Hírek”> „Nevezetes épületek” elküldi az FP beruházásait",
    "Settings.SendInvestigations.Title": "FP befektetés",
    "Settings.SendPlayersMotivation.Desc": "A motivációs tevékenységeket küldje át az események meghívásakor?",
    "Settings.SendPlayersMotivation.Title": "Motivációs tevékenység",
    "Settings.ShowTavernBadge.Desc": "Amint aktiválódik a kocsmában az extra lépés, megjelenik egy globálisan mozgatható számláló.",
    "Settings.ShowTavernBadge.Title": "Mutasd meg a fogadó jelképét",
    "Settings.Version.Desc": "Chrome Bővítmény Verzió",
    "Settings.Version.GuildId": "Céh-Id:",
    "Settings.Version.PlayerId": "Játékos-Id:",
    "Settings.Version.Title": "Verzió",
    "Settings.Version.World": "Világ:",
    "_Language": "Magyar"
}
