﻿{
    "API.GEXChampionship": "Il posizionamento della gilda (Spedizione) è stato aggiornato",
    "API.GEXPlayer": "I posizionamenti dei membri (Spedizione) sono stati aggiornati",
    "API.LGGildMember": "I Grandi Edifici di __player__ sono stati inviati",
    "API.LGInvest": "I tuoi investimenti nei Grandi Edifici sono stati trasferiti",
    "API.UpdateSuccess": "Aggiornamento eseguito",
    "Boxes.Alerts.Form.Antiques.Auction": "Asta",
    "Boxes.Alerts.Form.Antiques.Cooldown": "Cooldown asta",
    "Boxes.Alerts.Form.Antiques.Dealer": "Rivenditore di oggetti d'antiquariato",
    "Boxes.Alerts.Form.Antiques.Exchange": "scambio giornaliero",
    "Boxes.Alerts.Form.Battleground": "Province dei campi di battaglia",
    "Boxes.Alerts.Form.Body": "Corpo",
    "Boxes.Alerts.Form.Create": "Crea",
    "Boxes.Alerts.Form.CreateAlert": "Crea Avviso",
    "Boxes.Alerts.Form.CreateAllSectors": "Crea Per Tutti i Settori",
    "Boxes.Alerts.Form.CreateNewAlert": "Crea Nuovo Avviso",
    "Boxes.Alerts.Form.Datetime": "Data &amp; Ora",
    "Boxes.Alerts.Form.Delete": "Cancella",
    "Boxes.Alerts.Form.Discard": "Annulla",
    "Boxes.Alerts.Form.Edit": "Modifica",
    "Boxes.Alerts.Form.EditAlert": "Modifica Avviso",
    "Boxes.Alerts.Form.Expiration": "Scadenza",
    "Boxes.Alerts.Form.Expired": "Scaduto",
    "Boxes.Alerts.Form.Expires": "Scade",
    "Boxes.Alerts.Form.Neighborhood": "Vicinato",
    "Boxes.Alerts.Form.Persistence": "Persistenza",
    "Boxes.Alerts.Form.Persistence.Description": "La notifica rimane aperta fino a quando l'utente non la elimina o fa clic su di essa",
    "Boxes.Alerts.Form.Persistence.Off": "Off",
    "Boxes.Alerts.Form.Persistence.On": "On",
    "Boxes.Alerts.Form.Persistent": "Persistente",
    "Boxes.Alerts.Form.Preset.Now": "Adesso",
    "Boxes.Alerts.Form.Presets": "Presets",
    "Boxes.Alerts.Form.Preview": "Anteprima",
    "Boxes.Alerts.Form.Repeat": "Ripeti",
    "Boxes.Alerts.Form.Repeat.Every": "oppure ogni",
    "Boxes.Alerts.Form.Repeat.Never": "mai",
    "Boxes.Alerts.Form.Save": "Salva",
    "Boxes.Alerts.Form.Tag": "Tag",
    "Boxes.Alerts.Form.Tag.Description": "I tag possono essere utilizzati per raggruppare le notifiche (una nuova notifica con un determinato tag sostituirà una notifica precedente con lo stesso tag)",
    "Boxes.Alerts.Form.Title": "Titolo",
    "Boxes.Alerts.Permissions.Default": "Abilita le notifiche nel tuo browser per utilizzare questa funzione",
    "Boxes.Alerts.Permissions.Denied": "Le notifiche sono state disabilitate. Per abilitare le notifiche nelle impostazioni del browser, vai su chrome://settings/content/notifications e poi ricarica questa pagina.",
    "Boxes.Alerts.Permissions.Enable": "Abilita",
    "Boxes.Alerts.Permissions.Refresh": "Aggiorna",
    "Boxes.Alerts.Preferences.Auction.Info": "Crea automaticamente un nuovo avviso quando faccio un'offerta nell'asta di antiquariato",
    "Boxes.Alerts.Preferences.Auction.Title": "Asta di antiquariato",
    "Boxes.Alerts.Preferences.Battlegrounds.Info": "Invia un avviso istantaneo quando c'è un'alta attività nei campi di battaglia di gilda (ad esempio, 10 combattimenti in un singolo settore entro 5 secondi). Nota che questa funzione è attiva solo quando i campi di battaglia sono aperti nel gioco!",
    "Boxes.Alerts.Preferences.Battlegrounds.Title": "Tracciatore campi di battaglia di gilda",
    "Boxes.Alerts.Preferences.ComingSoon": "In arrivo...",
    "Boxes.Alerts.Preferences.Early.Info": "I tempi di avviso generati automaticamente (rivenditore di oggetti d'antiquariato, campi di battaglia di gilda ecc.) utilizzeranno questo offset per inviare la notifica prima che l'evento si verifichi effettivamente. Ad esempio, impostando questo valore su 30 (secondi), gli avvisi dell'asta verranno visualizzati 30 secondi prima che l'asta finisca!",
    "Boxes.Alerts.Preferences.Early.Title": "Offset notifica anticipata",
    "Boxes.Alerts.Preferences.InGame.Info": "Mostra la notifica in gioco invece della notifica desktop nativa quando la finestra di gioco è in primo piano",
    "Boxes.Alerts.Preferences.InGame.Title": "Notifice in Gioco",
    "Boxes.Alerts.Preferences.MenuIcon.Info": "Mostra il conto alla rovescia dell'avviso successivo in sovrapposizione all'icona del menu principale",
    "Boxes.Alerts.Preferences.MenuIcon.Title": "Conto alla rovescia menu principale",
    "Boxes.Alerts.Preferences.Start.Info": "Visualizza un elenco di avvisi scaduti mentre eri offline (poiché la finestra di gioco è stata chiusa)",
    "Boxes.Alerts.Preferences.Start.Title": "Riepilogo avvisi scaduti all'avvio",
    "Boxes.Alerts.Preferences.Suggestions.Info": "Mostra suggerimenti di avviso (ad esempio, quando fai clic su un settore dei campi di battaglia o raccogli una produzione di un edificio)",
    "Boxes.Alerts.Preferences.Suggestions.Title": "Suggerimenti di avviso",
    "Boxes.Alerts.Tabs.Alerts": "Avvisi",
    "Boxes.Alerts.Tabs.Preferences": "Preferenze",
    "Boxes.Alerts.Time.15m": "15m",
    "Boxes.Alerts.Time.1d": "1d",
    "Boxes.Alerts.Time.1h": "1h",
    "Boxes.Alerts.Time.1m": "1m",
    "Boxes.Alerts.Time.4h": "4h",
    "Boxes.Alerts.Time.5m": "5m",
    "Boxes.Alerts.Time.8h": "8h",
    "Boxes.Api.Title": "Impostazioni estensione API ",
    "Boxes.BattleAssist.Text": "Il tuo esercito ha solo furfanti. Cura le unità usando i diamanti o ritirati!",
    "Boxes.BattleAssist.Title": "Attenzione!",
    "Boxes.Calculator.ActiveRecurringQuest": "Missione ricorrente attiva:",
    "Boxes.Calculator.ArkBonus": "Bonus Arc",
    "Boxes.Calculator.AvailableFP": "PF disponibili",
    "Boxes.Calculator.BPs": "Progetti",
    "Boxes.Calculator.Commitment": "Costi",
    "Boxes.Calculator.Done": "Versato",
    "Boxes.Calculator.FP": "PF",
    "Boxes.Calculator.FriendlyInvestment": "Investimento amichevole:",
    "Boxes.Calculator.HelpLink": "https://foe-rechner.de/docs/2/cost-calculator/",
    "Boxes.Calculator.LGNotConnected": "L'edificio non è collegato ad una strada",
    "Boxes.Calculator.LGNotOpen": "Il livello successivo non è attualmente sbloccato",
    "Boxes.Calculator.LevelWarning": "ATTENZIONE! Il GE avanzerà di livello!",
    "Boxes.Calculator.MaxLevel": "Massimo livello",
    "Boxes.Calculator.Meds": "Medaglie",
    "Boxes.Calculator.Profit": "Profitto",
    "Boxes.Calculator.Step": "Step",
    "Boxes.Calculator.TTForderCosts": "Costi = __nettoreward__ <small> (Ricompensa Netta) </small> * __forderfactor__% <small> (Investimento amichevole) </small> = __costs__",
    "Boxes.Calculator.TTForderFPStockLow": "ATTENZIONE: Non hai abbastanza PF!<br>Hai solo __fpstock__ su __costs__PF<br>__tooless__PF in meno",
    "Boxes.Calculator.TTForderNegativeProfit": "Il posto non è sicuro. __Fpcount__ FP aggiuntivi devono essere investiti per renderlo sicuro <br> Total per rendere il luogo sicuro: __totalfp__FP",
    "Boxes.Calculator.TTLevelWarning": "__fpcount__FP non si adatta a <br> Investimento massimo: __totalfp__FP",
    "Boxes.Calculator.TTLoss": "Ricompensa = __nettoreward__ <small>(Ricompensa Netta)</small> * __arcfactor__% <small>(Bonus Arc)</small> = __bruttoreward__<br>Costo: __costs__ - Posizione bloccata: __safe__<br>Perdita = __costs__ <small>(Costo)</small> - __bruttoreward__ <small>(Ricompensa)</small> = __loss__",
    "Boxes.Calculator.TTLossSelf": "Ricompensa = __nettoreward__ <small> (Ricompensa Netta) </small> * __arcfactor__% <small> (Bonus Arc) </small> = __bruttoreward__ <br> Pagato: __paid__ <br> Loss = __paid__ <small> (pagato) </small> - __bruttoreward__ <small> (Ricompensa) </small> = __loss__",
    "Boxes.Calculator.TTPaidTooLess": "Hai pagato __paid__PF anziché __topay__PF. __tooless__PF in meno.",
    "Boxes.Calculator.TTPaidTooMuch": "Hai pagato __paid__PF invece di __topay__PF. __toomuch__PF in più.",
    "Boxes.Calculator.TTProfit": "Ricompensa = __nettoreward__ <small>(Ricompensa Netta)</small> * __arcfactor__% <small>(Bonus Arc)</small> = __bruttoreward__<br>Costo: __costs__ - Posizione bloccata: __safe__<br>Profitto = __bruttoreward__ <small>(Ricompensa)</small> - __costs__ <small>(Costo)</small> = __profit__",
    "Boxes.Calculator.TTProfitSelf": "Ricompensa = __nettoreward__ <small> (Ricompensa Netta) </small> * __arcfactor__% <small> (Bonus Arc) </small> = __bruttoreward__ <br> Pagato: __paid__ <br> Profitto = __bruttoreward__ <small> (Ricompensa) </small> - __paid__ <small> (Pagato) </small> = __profit__",
    "Boxes.Calculator.Title": "Calcolatore dei costi",
    "Boxes.Calculator.Up2LevelUp": "Fino al livello successivo",
    "Boxes.Campagne.AlreadyDone": "Già conquistato!",
    "Boxes.Campagne.DescInStock": "Disponibile",
    "Boxes.Campagne.DescRequired": "Richiesto",
    "Boxes.Campagne.DescStillMissing": "<span style = 'color: # 29b206'> Eccesso </span> / <span style='color:#ff4040'>Manca</span>",
    "Boxes.Campagne.Resource": "Risorsa",
    "Boxes.Campagne.Reward": "Ricompense",
    "Boxes.Campagne.Title": "Costo settore",
    "Boxes.CityMap.CavalierPerspecitve": "Prospettiva cavaliera",
    "Boxes.CityMap.Desc1": "Per poter pianificare la tua città dobbiamo trasferire i tuoi dati su foe-rechner.de",
    "Boxes.CityMap.Desc2": "Invia",
    "Boxes.CityMap.FreeArea": "Area libera: ",
    "Boxes.CityMap.NormalPerspecitve": "Vista dall'alto",
    "Boxes.CityMap.ShowSubmitBox": "Mostra casella di invio dati",
    "Boxes.CityMap.SubmitSuccess": "I dati sono stati trasferiti correttamente ... Ora visita",
    "Boxes.CityMap.TitleSend": "Invia dati",
    "Boxes.CityMap.WholeArea": "L'intera area: ",
    "Boxes.CityMap.YourCity": "La tua città",
    "Boxes.EventChests.Chance": "Chance",
    "Boxes.EventChests.Cost": "Costi",
    "Boxes.EventChests.CostPerPrize": "Costo/Premio",
    "Boxes.EventChests.CostPerStep": "Costo/Step",
    "Boxes.EventChests.MainPrize": "Premio principale",
    "Boxes.EventChests.MainPrizeTitle": "Speciale giornaliero: ",
    "Boxes.EventChests.Steps": "Steps",
    "Boxes.Gildfights.Fights": "Combattimenti",
    "Boxes.Gildfights.LastSnapshot": "- ultimo screen __time__ fa",
    "Boxes.Gildfights.Negotiations": "Negoziazioni",
    "Boxes.Gildfights.Player": "Giocatore",
    "Boxes.Gildfights.Title": "Panoramica del giocatore",
    "Boxes.Gildfights.Total": "Totale",
    "Boxes.GreatBuildings.ArcBonus": "Investimento amichevole",
    "Boxes.GreatBuildings.Cost": "Costi",
    "Boxes.GreatBuildings.CostPerDailyFP": "Costo / PF giornalieri",
    "Boxes.GreatBuildings.DailyFP": "PF giornalieri",
    "Boxes.GreatBuildings.FPCostGoods": "Costo PF per beni",
    "Boxes.GreatBuildings.GreatBulding": "Grande edificio",
    "Boxes.GreatBuildings.HideNewGBs": "Nascondi i GE non costruiti",
    "Boxes.GreatBuildings.Level": "Livello",
    "Boxes.GreatBuildings.Suggestion2": "Suggerimento2",
    "Boxes.GreatBuildings.SuggestionDescription": "Gli edifici in cima alla lista sono i migliori",
    "Boxes.GreatBuildings.TTGoodCosts": "Non hai ancora costruito questo grande edificio. Questi sono i PF necessari a comprare i beni richiesti",
    "Boxes.GreatBuildings.TTGoodCostsColumn": "Elenca i costi in PF necessari a comprare i beni (Si applica solo ai grandi edifici che non hai ancora costruito)",
    "Boxes.GreatBuildings.Title": "Investimenti GE",
    "Boxes.HiddenRewards.Disappears": "Scompare",
    "Boxes.HiddenRewards.NoEvents": "Nessun evento presente",
    "Boxes.HiddenRewards.Title": "Ricompense nascoste",
    "Boxes.Infobox.Filter": "Filtro",
    "Boxes.Infobox.FilterAuction": "Asta",
    "Boxes.Infobox.FilterGex": "Spedizioni",
    "Boxes.Infobox.FilterGildFights": "GvG",
    "Boxes.Infobox.FilterLevel": "GE",
    "Boxes.Infobox.FilterMessage": "Messaggio",
    "Boxes.Infobox.FilterTrade": "Commercio",
    "Boxes.Infobox.Messages.Auction": "'<strong> __player__ </strong> ha appena offerto __amount__ monete.",
    "Boxes.Infobox.Messages.GEX": "<strong> __player__ </strong> ha appena ricevuto __points__ punti nelle spedizioni.",
    "Boxes.Infobox.Messages.GildFightOccupied": "La provincia <span style='color:#ffb539'>__provinceName__</span> è stata conquistata da <span style='color: __attackerColor__;text-shadow: 0 1px 1px __attackerShadow__'>__ attackerName__</span>. Il settore è chiuso fino alle __untilOccupied__",
    "Boxes.Infobox.Messages.LevelUp": "L' edificio __player__ __building__ ha appena raggiunto il livello __level__. <br> Hai preso <strong>__rank__th</strong> e ottenuto <strong> __fps__ </strong> PF indietro.",
    "Boxes.Infobox.Messages.MsgBuilding": "__building__ - Livello __level__",
    "Boxes.Infobox.Messages.Trade": "<strong>__player__</strong> ha accettato la tua offerta. <br> Hai __needValue__ __need__ per __offerValue__ __offer__",
    "Boxes.Infobox.ResetBox": "Cancella cronologia",
    "Boxes.Infobox.Title": "Riquadro informazioni",
    "Boxes.Investment.AllUpToDate": "Tutto è aggiornato",
    "Boxes.Investment.AllUpToDateDesc": "Tutti gli eventi / interazioni dei giocatori su questa pagina sono stati precedentemente aggiornati",
    "Boxes.Investment.CurrReward": "Profitto attuale: ",
    "Boxes.Investment.InvestBar": "PF Investiti: ",
    "Boxes.Investment.PlayerFound": "Giocatore trovato",
    "Boxes.Investment.PlayerFoundCount": "__count__ nuovi eventi giocatore sono stati trovati",
    "Boxes.Investment.PlayerFoundCounter": "__count__ nuovi eventi giocatore sono stati trovati",
    "Boxes.Investment.Title": "Investimento",
    "Boxes.Investment.TotalFP": "PF in magazzino + investiti + profitti: ",
    "Boxes.Kits.InStock": "In magazzino",
    "Boxes.Kits.KitName": "Kit/Aggiornamento",
    "Boxes.Kits.Name": "Edificio",
    "Boxes.Kits.Title": " Kit di costruzione / selezione",
    "Boxes.Negotiation.Average": "Ø Importo",
    "Boxes.Negotiation.Canceled": "La negoziazione è stata annullata",
    "Boxes.Negotiation.Chance": "Probabilità",
    "Boxes.Negotiation.DragDrop": "Puoi riorganizzare le icone usando il trascinamento della selezione per determinare l'ordine dal primo tentativo.",
    "Boxes.Negotiation.GoodsCritical": "ATTENZIONE: hai bisogno di molti beni",
    "Boxes.Negotiation.GoodsLow": "ATTENZIONE: i beni stanno per finire",
    "Boxes.Negotiation.Person": "Persona",
    "Boxes.Negotiation.Round": "Round",
    "Boxes.Negotiation.SaveCurrentEraGoods": "Risparmia beni seguenti?",
    "Boxes.Negotiation.SaveMedals": "Risparmia medaglie?",
    "Boxes.Negotiation.Stock": "Magazzino:",
    "Boxes.Negotiation.Success": "Completato",
    "Boxes.Negotiation.TableLoadError": "Errore durante il caricamento della tabella di negoziazione",
    "Boxes.Negotiation.Title": "Aiuto Negoziazione",
    "Boxes.Negotiation.TryEnd": "Tentativi finiti",
    "Boxes.Negotiation.WrongGoods": "merce sbagliata selezionata, chiudi manualmente",
    "Boxes.Negotiation.confirmGoodsMissmatch": "Ok",
    "Boxes.Notice.DeleteGroup": "Elimina gruppo",
    "Boxes.Notice.DeleteItem": "Elimina voce",
    "Boxes.Notice.DummyHeading": "Il tuo titolo",
    "Boxes.Notice.Edit": "Modifica",
    "Boxes.Notice.GroupName": "Nome gruppo",
    "Boxes.Notice.NewGroup": "Gruppo",
    "Boxes.Notice.NewGroupDesc": "Prima crea un gruppo...",
    "Boxes.Notice.NewSide": "Nota",
    "Boxes.Notice.Save": "Salva",
    "Boxes.Notice.SideName": "Nome nota",
    "Boxes.Notice.Sorting": "Ordinamento",
    "Boxes.Notice.Title": "Note",
    "Boxes.Outpost.DescInStock": "Disponibile",
    "Boxes.Outpost.DescRequired": "Richiesto",
    "Boxes.Outpost.DescStillMissing": "<span style='color:#29b206'>Eccesso</span> / <span style='color:#ff4040'>Manca</span>",
    "Boxes.Outpost.ExpansionsSum": "Espansioni",
    "Boxes.Outpost.ShowSums": "Mostra somme:",
    "Boxes.Outpost.Title": "Beni dell'insediamento",
    "Boxes.Outpost.TitleBuildings": "Edificio",
    "Boxes.Outpost.TitleFree": "Gratis",
    "Boxes.Outpost.TitleShort": "Panoramica dei beni - ",
    "Boxes.Outpost.infoLine": "__runNumber__. insediamento, Bonus x4 Probabilità: __chanceX4__%",
    "Boxes.Outpost.nextTile": "prossima espansione",
    "Boxes.OwnpartCalculator.All": "Tutto",
    "Boxes.OwnpartCalculator.Arc": "Arc",
    "Boxes.OwnpartCalculator.Auto": "Auto",
    "Boxes.OwnpartCalculator.BPs": "Progetti",
    "Boxes.OwnpartCalculator.BuildingName": "Edificio",
    "Boxes.OwnpartCalculator.CopyValues": "Copia valori",
    "Boxes.OwnpartCalculator.Deposit": "Deposito",
    "Boxes.OwnpartCalculator.Done": "Versato",
    "Boxes.OwnpartCalculator.Ext": "Esterni",
    "Boxes.OwnpartCalculator.HelpLink": "https://foe-rechner.de/docs/2/gb-calculator/",
    "Boxes.OwnpartCalculator.IndividualName": "nome GE individuale",
    "Boxes.OwnpartCalculator.LGTotalFP": "PF totali del GE",
    "Boxes.OwnpartCalculator.Levels": "Livelli",
    "Boxes.OwnpartCalculator.Meds": "Medaglie",
    "Boxes.OwnpartCalculator.NoPlaceSafe": "Nessun posto sicuro",
    "Boxes.OwnpartCalculator.Note": "Note",
    "Boxes.OwnpartCalculator.OldLevel": "Vecchio livello",
    "Boxes.OwnpartCalculator.Order": "Ordine",
    "Boxes.OwnpartCalculator.OutputScheme": "Schema di output",
    "Boxes.OwnpartCalculator.OwnPart": "Contributo proprio",
    "Boxes.OwnpartCalculator.OwnPartRemaining": "Restante",
    "Boxes.OwnpartCalculator.PatronPart": "Contributo posizioni",
    "Boxes.OwnpartCalculator.Place": "Posto",
    "Boxes.OwnpartCalculator.PlayerName": "Giocatore",
    "Boxes.OwnpartCalculator.Scheme": "Schema",
    "Boxes.OwnpartCalculator.Step": "Fase",
    "Boxes.OwnpartCalculator.Title": "Calcolatore Auto-Up",
    "Boxes.OwnpartCalculator.YourName": "Il tuo nome",
    "Boxes.Production.SizeTT": "Dimensioni compreso lo spazio medio richiesto dalle strade di __streetnettosize__ quadratini",
    "Boxes.Productions.AdjacentBuildings": "Edifici adiacenti",
    "Boxes.Productions.GoodEraTotal": "Totale",
    "Boxes.Productions.Happiness": "Felicità",
    "Boxes.Productions.Headings.all": "Tutto",
    "Boxes.Productions.Headings.amount": "Importo",
    "Boxes.Productions.Headings.area": "Area",
    "Boxes.Productions.Headings.boost": "Boost",
    "Boxes.Productions.Headings.culture": "Edifici culturali",
    "Boxes.Productions.Headings.decoration": "Decorazioni",
    "Boxes.Productions.Headings.earning": "Guadagno",
    "Boxes.Productions.Headings.efficiency": "Efficienza",
    "Boxes.Productions.Headings.era": "Era",
    "Boxes.Productions.Headings.goods": "Edifici di beni",
    "Boxes.Productions.Headings.greatbuilding": "Grandi Edifici",
    "Boxes.Productions.Headings.main_building": "Municipio",
    "Boxes.Productions.Headings.name": "Nome",
    "Boxes.Productions.Headings.number": "Numero",
    "Boxes.Productions.Headings.production": "Edificio di produzione",
    "Boxes.Productions.Headings.random_production": "Produzioni casuali",
    "Boxes.Productions.Headings.residential": "Edifici residenziali",
    "Boxes.Productions.Headings.size": "Dimensione",
    "Boxes.Productions.Headings.street": "Strade",
    "Boxes.Productions.ModeCurrent": "Corrente",
    "Boxes.Productions.ModeDaily": "Prod. giornaliere",
    "Boxes.Productions.ModeGroups": "Gruppi",
    "Boxes.Productions.ModeSingle": "Singolo",
    "Boxes.Productions.NoAsteroidDataWarning": "I beni provenienti dalla fascia di asteroidi non sono inclusi. Visita l'avamposto della cintura di asteroidi e apri di nuovo la schermata",
    "Boxes.Productions.NoMarsDataWarning": "I beni provenienti da Marte non sono inclusi.Visita l'avamposto di Marte e apri di nuovo la schermata",
    "Boxes.Productions.SearchInput": "Cerca edificio ...",
    "Boxes.Productions.Title": "Panoramica della produzione",
    "Boxes.Productions.Total": "Totale:",
    "Boxes.Settings.Active": "Attivo",
    "Boxes.Settings.Inactive": "Inattivo",
    "Boxes.Settings.Title": "Impostazioni",
    "Boxes.Stats.BtnAll": "Tutto",
    "Boxes.Stats.BtnAllPlayableEras": "Tutte le ere",
    "Boxes.Stats.BtnAllPlayableErasTitle": "Seleziona tutte le ere giocabili (senza: Nessuna era, speciale)",
    "Boxes.Stats.BtnAllTittle": "Era + Nessuna era + Speciale",
    "Boxes.Stats.BtnChartType.delta": "Delta",
    "Boxes.Stats.BtnChartType.line": "Linee",
    "Boxes.Stats.BtnChartType.streamgraph": "Stream",
    "Boxes.Stats.BtnChartTypeTitle.delta": "Aumenta / diminuisci grafico",
    "Boxes.Stats.BtnChartTypeTitle.line": "Grafico a linee",
    "Boxes.Stats.BtnChartTypeTitle.streamgraph": "Grafico Stream",
    "Boxes.Stats.BtnLastEras": "Ultime 2 ere",
    "Boxes.Stats.BtnLastErasTitle": "Seleziona le età attuali e precedenti",
    "Boxes.Stats.BtnMyEra": "La mia Era",
    "Boxes.Stats.BtnNoEra": "Nessuna Era",
    "Boxes.Stats.BtnSource.statsGBGPlayers": "Campi di battaglia",
    "Boxes.Stats.BtnSource.statsRewards": "Ricompensa",
    "Boxes.Stats.BtnSource.statsTreasureClanD": "Tesoreria di gilda giornaliera",
    "Boxes.Stats.BtnSource.statsTreasureClanH": "Tesoreria di gilda oraria",
    "Boxes.Stats.BtnSource.statsTreasurePlayerD": "Tesoreria giornaliera",
    "Boxes.Stats.BtnSource.statsTreasurePlayerH": "Tesoreria oraria",
    "Boxes.Stats.BtnSource.statsUnitsD": "Unità giornaliere",
    "Boxes.Stats.BtnSource.statsUnitsH": "Unità orarie",
    "Boxes.Stats.BtnToggleAnnotations": "Annotazioni GvG",
    "Boxes.Stats.BtnToggleAnnotationsTitle": "Mostra una diminuzione dei beni sulla mappa GvG.",
    "Boxes.Stats.BtnToggleGroupBy": "Raggruppa per Era",
    "Boxes.Stats.Period.all": "Tutto",
    "Boxes.Stats.Period.last30days": "Ultimi 30 giorni ",
    "Boxes.Stats.Period.last7days": "Ultimi 7 giorni",
    "Boxes.Stats.Period.sinceTuesday": "Da martedì",
    "Boxes.Stats.Period.thisMonth": "Questo mese",
    "Boxes.Stats.Period.today": "Oggi",
    "Boxes.Stats.PeriodTitle.all": "Durante tutto il tempo",
    "Boxes.Stats.PeriodTitle.last30days": "Raccolta degli ultimi 30 giorni",
    "Boxes.Stats.PeriodTitle.last7days": "Raccolta degli ultimi 7 giornis",
    "Boxes.Stats.PeriodTitle.sinceTuesday": "Raccolto da martedì (la spedizione della gilda inizia martedì)",
    "Boxes.Stats.PeriodTitle.thisMonth": "Raccolto questo mese ",
    "Boxes.Stats.PeriodTitle.today": "Raccolto Oggi",
    "Boxes.Stats.Rewards.Source.__event": "Evento",
    "Boxes.Stats.Rewards.Source.battlegrounds_conquest": "Campi di battaglia",
    "Boxes.Stats.Rewards.Source.diplomaticGifts": "Regali diplomatici",
    "Boxes.Stats.Rewards.Source.guildExpedition": "Sped.",
    "Boxes.Stats.Rewards.Source.spoilsOfWar": "Bottino di guerra",
    "Boxes.Stats.Rewards.SourceTitle.__event": "Premi da eventi stagionali o speciali",
    "Boxes.Stats.Rewards.SourceTitle.battlegrounds_conquest": "Premi dai campi di battaglia di Gilda",
    "Boxes.Stats.Rewards.SourceTitle.diplomaticGifts": "Regali diplomatici (Trasportatore spaziale)",
    "Boxes.Stats.Rewards.SourceTitle.guildExpedition": "Ricompensa reliquie spedizioni di gilda (Tempio delle Reliquie)",
    "Boxes.Stats.Rewards.SourceTitle.spoilsOfWar": "Ricompensa bottino di guerra (Castello di Himeji)",
    "Boxes.Stats.SourceTitle.statsGBGPlayers": "Classifica giocatori campi di battaglia di gilda",
    "Boxes.Stats.SourceTitle.statsRewards": "Le tue ricompense da Castello di Himeji, Tempio delle Reliquie e campi di battaglia di gilda.",
    "Boxes.Stats.SourceTitle.statsTreasureClanD": "Tesoreria di gilda giornaliera",
    "Boxes.Stats.SourceTitle.statsTreasureClanH": "Tesoreria di gilda oraria",
    "Boxes.Stats.SourceTitle.statsTreasurePlayerD": "Tesoreria giornaliera",
    "Boxes.Stats.SourceTitle.statsTreasurePlayerH": "Tesoreria oraria",
    "Boxes.Stats.SourceTitle.statsUnitsD": "Unità giornaliere",
    "Boxes.Stats.SourceTitle.statsUnitsH": "Le tue unità orarie",
    "Boxes.Stats.Title": "Statistiche",
    "Boxes.Technologies.DescInStock": "Disponibile",
    "Boxes.Technologies.DescRequired": "Richiesto",
    "Boxes.Technologies.DescStillMissing": "<span style='color:#29b206'>Eccesso</span> / <span style='color:#ff4040'>Manca</span>",
    "Boxes.Technologies.NoTechs": "Hai raggiunto la fine di questa era",
    "Boxes.Technologies.Resource": "Risorsa",
    "Boxes.Technologies.Title": "Costo della ricerca",
    "Boxes.Units.AlcaHarvest": "Il tuo Alcatraz è pronto per essere raccolto!",
    "Boxes.Units.Attack": "Attacco",
    "Boxes.Units.Bind": "Caserma",
    "Boxes.Units.Defend": "Difesa",
    "Boxes.Units.NextUnitsIn": "Le prossime unità __count__ arriveranno in <span class = \"alca-countdown \"> </span> alle ore __harvest__",
    "Boxes.Units.NotFilled": "Non riempito",
    "Boxes.Units.Proportionally": "Proporzionalmente",
    "Boxes.Units.Quantity": "Quantità",
    "Boxes.Units.ReadyToLoot": "Pronto a saccheggiare!",
    "Boxes.Units.Status": "Stato",
    "Boxes.Units.Title": "Panoramica dell'esercito",
    "Boxes.Units.Unbind": "Indipendenti",
    "Boxes.Units.Unit": "Unità",
    "Date": "DD-MMM-YY",
    "DateTime": "D / M / YY h: mm: ss a",
    "Eras.0": "Nessuna età",
    "Eras.1": "Età della pietra",
    "Eras.10": "Età Moderna",
    "Eras.11": "Età Postmoderna",
    "Eras.12": "Età Contemporanea",
    "Eras.13": "Domani",
    "Eras.14": "Il Futuro",
    "Eras.15": "Futuro Artico",
    "Eras.16": "Futuro Oceanico",
    "Eras.17": "Futuro Virtuale",
    "Eras.18": "Era spaziale di Marte",
    "Eras.19": "Era spaziale di Ceres",
    "Eras.2": "Età del bronzo",
    "Eras.20": "Fascia degli asteroidi dell'era spaziale",
    "Eras.3": "Età del ferro",
    "Eras.4": "Alto Medioevo",
    "Eras.5": "Pieno Medioevo",
    "Eras.6": "Basso Medioevo",
    "Eras.7": "Età coloniale",
    "Eras.8": "Età Industriale",
    "Eras.9": "Età Progressista",
    "HiddenRewards.Positions.cityRoadBig": "Strada grande",
    "HiddenRewards.Positions.cityRoadSmall": "Strada piccola",
    "HiddenRewards.Positions.guildExpedition": "Spedizione di gilda",
    "HiddenRewards.Positions.nature": "Natura",
    "HiddenRewards.Positions.shore": "Riva",
    "HiddenRewards.Positions.water": "nell'Acqua",
    "HiddenRewards.Table.expires": "Scade alle",
    "HiddenRewards.Table.position": "Posizione",
    "HiddenRewards.Table.type": "Tipo",
    "Local": "it-IT",
    "Menu.Calculator.Desc": "Calcola tutti i posti per te e calcola i PF acquisibili",
    "Menu.Calculator.Title": "Calcolatore posizioni GE altrui",
    "Menu.Calculator.Warning": "Disabilitato: apri prima il GE di un altro giocatore!",
    "Menu.Campagne.Desc": "Panoramica delle risorse richieste",
    "Menu.Campagne.Title": "Campagna",
    "Menu.Campagne.Warning": "Disabilitato: visita prima una provincia!",
    "Menu.Chat.Desc": "Parla in tempo reale con tutti",
    "Menu.Chat.Title": "Chat live della gilda",
    "Menu.Citymap.Desc": "Mostra lo schema della tua città",
    "Menu.Citymap.Title": "Panoramica della città",
    "Menu.HiddenRewards.Desc": "Panoramica delle ricompense nascoste",
    "Menu.HiddenRewards.Title": "Premi nascosti",
    "Menu.Info.Desc": "Mostra tutto ciò che accade in \"background \"<br> <em> Si riempie di informazioni ... </em>",
    "Menu.Info.Title": "Riquadro informazioni",
    "Menu.Kits.Desc": " Elenca tutti i kit di costruzione, aggiornamento e selezione esistenti ",
    "Menu.Kits.Title": " Kit di costruzione",
    "Menu.Negotiation.Desc": "Fare proposte precise per le negoziazioni",
    "Menu.Negotiation.Title": "Aiuto Negoziazione",
    "Menu.Negotiation.Warning": "Disabilitato: avvia prima una negoziazione!",
    "Menu.Notice.Desc": "Prendi appunti su tutto ciò che non vuoi dimenticare.",
    "Menu.Notice.Title": "Note",
    "Menu.OutP.Desc": "Panoramica delle risorse richieste",
    "Menu.OutP.DescWarningBuildings": "<em id='outPW' class='tooltip-error'>Disabilitato: controlla prima l'insediamento!</em><br> Panoramica delle risorse richieste",
    "Menu.OutP.DescWarningOutpostData": "<em id='outPW' class='tooltip-error'>Disabilitato: avvia un insediamento e ricarica il gioco (F5)",
    "Menu.OutP.Title": "Insediamento",
    "Menu.OwnpartCalculator.Desc": "Permette di calcolare i PF da investire sui tuoi GE e di copiare le posizioni pronte.",
    "Menu.OwnpartCalculator.Title": "Calcolatore Auto-uppaggio GE",
    "Menu.OwnpartCalculator.Warning": "Disabilitato: apri prima uno dei tuoi grandi edifici!",
    "Menu.Productions.Desc": "Visualizza tutte le produzioni correnti.",
    "Menu.Productions.Title": "Panoramica della produzione",
    "Menu.Settings.Desc": "Ecco alcune piccole impostazioni",
    "Menu.Settings.Title": "Impostazioni",
    "Menu.Stats.Desc": "Mostra statistiche di gioco su beni, unità, ricompense e campi di battaglia di gilda",
    "Menu.Stats.Title": "Statistiche",
    "Menu.Technologies.Desc": "Calcola il costo per la ricerca",
    "Menu.Technologies.Title": "Tecnologie",
    "Menu.Technologies.Warning": "Disabilitato: apri prima il menu di ricerca!",
    "Menu.Unit.Desc": "Tutti i tuoi eserciti a colpo d'occhio",
    "Menu.Unit.Title": "Esercito",
    "Menu.Unit.Warning": "Apri la \"Gestione esercito \"<br> pulsante \"U\"",
    "Menu.greatbuildings.Desc": "Quale GE per la produzione di PF dovresti aggiornare dopo?",
    "Menu.greatbuildings.Title": "Investimenti GE",
    "Settings.AutomaticNegotiation.Desc": "L'assistente deve aprirsi automaticamente con una negoziazione e chiudersi quando viene completata/annullata?",
    "Settings.AutomaticNegotiation.Title": "Assistente di negoziazione",
    "Settings.ChangeLanguage.Desc": "Quale lingua, anziché quella riconosciuta, dovrebbe essere utilizzata?",
    "Settings.ChangeLanguage.Title": "Cambia lingua",
    "Settings.GlobalSend.Desc": "Se vuoi tracciare i dati con la tua gilda, attiva questo campo. <br> Per un'estensione autosufficiente, disattivalo.",
    "Settings.GlobalSend.Title": "Trasmissione a foe-rechner.de",
    "Settings.MenuLength.Desc": "Quanti elementi (lunghezza) dovrebbe contenere il menu? <br> Campo vuoto o \"0\" sceglierà in automatico.",
    "Settings.MenuLength.Title": "Lunghezza menu",
    "Settings.ResetBoxPositions.Button": "Elimina!",
    "Settings.ResetBoxPositions.Desc": "Tutte le preferenze devono essere ripristinate?",
    "Settings.ResetBoxPositions.Title": "Coordinate casella",
    "Settings.SendGEXInfo.Desc": "I dati verranno trasmessi quando si fa clic in Spedizione su posizionamenti o classifiche",
    "Settings.SendGEXInfo.Title": "Valutazioni Spedizione",
    "Settings.SendGildMemberLGInfo.Desc": "Quando si visitano altri membri della gilda, tutti i dati dei GE verranno inviati a foe-rechner.de quando Global si attiva.",
    "Settings.SendGildMemberLGInfo.Title": "Dati GE di altri membri della gilda",
    "Settings.SendInvestigations.Desc": "L' azione \"Municipio\">\"Notizie\">\"Grandi Edifici\"trasmetterà gli investimenti in PF",
    "Settings.SendInvestigations.Title": "Investimenti PF",
    "Settings.SendPlayersMotivation.Desc": "Le attività di motivazione devono essere trasferite quando vengono chiamati gli eventi?",
    "Settings.SendPlayersMotivation.Title": "Attività di motivazione",
    "Settings.ShowInvestments.Desc": "Mostra le somme dei tuoi investimenti di PF quando apri la scheda 'Municipio'> 'Novità'> 'Grandi edifici'.",
    "Settings.ShowInvestments.Title": "Mostra le somme degli investimenti di PF",
    "Settings.ShowOwnPartOnAllGBs.Desc": "Mostra la 'Calcolatrice GE' anche per grandi edifici degli altri giocatori",
    "Settings.ShowOwnPartOnAllGBs.Title": "Mostra la 'Calcolatrice GE' per tutti i GE",
    "Settings.ShowTavernBadge.Desc": "Non appena viene attivata la mossa extra nella taverna, appare un contatore mobile a livello globale.",
    "Settings.ShowTavernBadge.Title": "Mostra badge taverne",
    "Settings.Version.Desc": "Versione estensione di Chrome",
    "Settings.Version.GuildId": "ID Gilda:",
    "Settings.Version.PlayerId": "ID Giocatore:",
    "Settings.Version.Title": "Versione",
    "Settings.Version.World": "Mondo:",
    "_Language": "Italiano"
}
