﻿{
    "API.GEXChampionship": "De Gilde Expeditie ranglijst is bijgewerkt",
    "API.GEXPlayer": "De Gilde Expeditie bijdragelijst is bijgewerkt",
    "API.LGGildMember": "__player__'s Grootse Gebouwen zijn toegevoegd",
    "API.LGInvest": "Je GG bijdrages zijn verzonden",
    "API.UpdateSuccess": "Extensie is bijgewerkt!",
    "Boxes.Alerts.Form.Antiques.Auction": "Veiling",
    "Boxes.Alerts.Form.Antiques.Cooldown": "Veiling wachttijd",
    "Boxes.Alerts.Form.Antiques.Dealer": "Antiquair",
    "Boxes.Alerts.Form.Antiques.Exchange": "dagelijkse veiling",
    "Boxes.Alerts.Form.Battleground": "Provincie strijdveld",
    "Boxes.Alerts.Form.Body": "Body",
    "Boxes.Alerts.Form.Create": "Toevoegen",
    "Boxes.Alerts.Form.CreateAlert": "Melding toevoegen",
    "Boxes.Alerts.Form.CreateAllSectors": "Maak voor alle sectoren",
    "Boxes.Alerts.Form.CreateNewAlert": "Maak nieuwe melding",
    "Boxes.Alerts.Form.Datetime": "Datum en tijd",
    "Boxes.Alerts.Form.Delete": "Verwijder",
    "Boxes.Alerts.Form.Discard": "Verwijder",
    "Boxes.Alerts.Form.Edit": "Wijzigen",
    "Boxes.Alerts.Form.EditAlert": "Wijzig melding",
    "Boxes.Alerts.Form.Expiration": "Verloopt",
    "Boxes.Alerts.Form.Expired": "Afgelopen",
    "Boxes.Alerts.Form.Expires": "Loopt af",
    "Boxes.Alerts.Form.Neighborhood": "Buurt",
    "Boxes.Alerts.Form.Persistence": "Volharding",
    "Boxes.Alerts.Form.Persistence.Description": "Moet de melding open blijven tot de gebruiker kiest",
    "Boxes.Alerts.Form.Persistence.Off": "Uit",
    "Boxes.Alerts.Form.Persistence.On": "Aan",
    "Boxes.Alerts.Form.Persistent": "Volhardend",
    "Boxes.Alerts.Form.Preset.Now": "Nu",
    "Boxes.Alerts.Form.Presets": "Voorinstellingen",
    "Boxes.Alerts.Form.Preview": "Voorbeeld",
    "Boxes.Alerts.Form.Repeat": "Herhaal",
    "Boxes.Alerts.Form.Repeat.Every": "of elke",
    "Boxes.Alerts.Form.Repeat.Never": "nooit",
    "Boxes.Alerts.Form.Save": "Bewaar",
    "Boxes.Alerts.Form.Tag": "Tag",
    "Boxes.Alerts.Form.Tag.Description": "Tags kunnen worden gebruikt notificaties te groeperen(een nieuwe notificatie met een bepaalde tag zal een oude notificatie overschrijven met dezelfde tag)",
    "Boxes.Alerts.Form.Title": "Titel",
    "Boxes.Alerts.Permissions.Default": "Zet notificaties aan in je browser om deze mogelijkheid te gebruiken",
    "Boxes.Alerts.Permissions.Denied": "Notificaties staan uit. Om deze aan te zetten ga in je browser naar setting (voor chrome://settings/content/notifications) daarna de pagina vernieuwen (F5).",
    "Boxes.Alerts.Permissions.Enable": "Zet aan",
    "Boxes.Alerts.Permissions.Refresh": "Vernieuw",
    "Boxes.Alerts.Preferences.Auction.Info": "Maak automatisch een nieuwe notificatie als ik een bod doe bij de veiling",
    "Boxes.Alerts.Preferences.Auction.Title": "Antiekveiling",
    "Boxes.Alerts.Preferences.Battlegrounds.Info": "Verstuur een melding als er een hoge activiteit is in de Gildestrijdperken (bv. 10 gevechten in een enkele sector binnen 5 seconden). Deze functie werkt alleen als Gildestrijdperken is geopend in het spel!",
    "Boxes.Alerts.Preferences.Battlegrounds.Title": "Gildegevechten observeren",
    "Boxes.Alerts.Preferences.ComingSoon": "Binnenkort beschikbaar…  ",
    "Boxes.Api.Title": "Extensie API Instellingen",
    "Boxes.Calculator.ActiveRecurringQuest": "Actieve herhalingsmissie:",
    "Boxes.Calculator.AvailableFP": "Beschikbare forgepunten",
    "Boxes.Calculator.BPs": "BD's",
    "Boxes.Calculator.Commitment": "Kosten",
    "Boxes.Calculator.Done": "Gereed",
    "Boxes.Calculator.FriendlyInvestment": "Investeren met:",
    "Boxes.Calculator.LGNotConnected": "Het groots gebouw is niet verbonden met een weg.",
    "Boxes.Calculator.LGNotOpen": "Het volgende niveau is momenteel niet ontgrendeld.",
    "Boxes.Calculator.LevelWarning": "OPGELET: Dit zal het GG levelen!",
    "Boxes.Calculator.Profit": "Winst",
    "Boxes.Calculator.Step": "Niveau ",
    "Boxes.Calculator.TTForderCosts": "Kosten = __nettoreward__<small>(netto beloning)</small> * __forderfactor__%<small>(investering)</small> = __costs__",
    "Boxes.Calculator.TTForderFPStockLow": "LET OP: FP voorraad is te laag<br>Je hebt maar __fpstock__ van de __costs__FP<br>Dat zijn __tooless__FP te weinig",
    "Boxes.Calculator.TTForderNegativeProfit": "Plek niet veilig. Er moeten hiervoor nog __fpcount__ extra FP's worden gestort.<br>Totaal voor een veilige plek: __totalfp__FP's",
    "Boxes.Calculator.TTLevelWarning": "__fpcount__FP's passen er niet in.<br>Maximale storting: __totalfp__FP's",
    "Boxes.Calculator.TTLossSelf": "Beloning = __nettoreward__<small>(netto beloning)</small> * __arcfactor__%<small>(Arc bonus)</small> = __bruttoreward__<br>Gestort: __paid__<br>Verlies = __paid__<small>(paid)</small> - __bruttoreward__<small>(reward)</small> = __loss__",
    "Boxes.Calculator.TTPaidTooLess": "Je hebt __paid__FP gestort i.p.v. __topay__FP. Dat is __tooless__FP te weinig.",
    "Boxes.Calculator.TTPaidTooMuch": "Je hebt __paid__FP gestort i.p.v. __topay__FP. Dat is __toomuch__FP te veel.",
    "Boxes.Calculator.TTProfitSelf": "Beloning = __nettoreward__<small>(netto beloning)</small> * __arcfactor__%<small>(Arc bonus)</small> = __bruttoreward__<br>Gestort: __paid__<br>Winst = __bruttoreward__<small>(beloning)</small> - __paid__<small>(gestort)</small> = __profit__",
    "Boxes.Calculator.Title": "FP-calculator",
    "Boxes.Calculator.Up2LevelUp": "Nog te storten",
    "Boxes.Campagne.AlreadyDone": " Reeds veroverd! Goed gedaan :)",
    "Boxes.Campagne.DescInStock": "Beschikbaar",
    "Boxes.Campagne.DescRequired": "Aantal",
    "Boxes.Campagne.DescStillMissing": "<span style='color:#29b206'>Overschot</span> / <span style='color:#ff4040'>Tekort</span>",
    "Boxes.Campagne.Resource": "Benodigdheden",
    "Boxes.Campagne.Reward": "Totale beloning ",
    "Boxes.Campagne.Title": "Veroveringskosten voor ",
    "Boxes.CityMap.CavalierPerspecitve": "Vogelperspectief",
    "Boxes.CityMap.Desc1": "Om je stad te kunnen plannen, moeten we je gegevens naar foe-rechner.de versturen",
    "Boxes.CityMap.Desc2": "Verzenden",
    "Boxes.CityMap.FreeArea": "Beschikbare oppervlakte: ",
    "Boxes.CityMap.NormalPerspecitve": "Standaard",
    "Boxes.CityMap.SubmitSuccess": "Gegevens zijn succesvol verstuurd ... Bezoek nu ",
    "Boxes.CityMap.TitleSend": "Gegevens verzenden",
    "Boxes.CityMap.WholeArea": "Volledige oppervlakte: ",
    "Boxes.CityMap.YourCity": "Jouw stad",
    "Boxes.EventChests.Chance": "Kans",
    "Boxes.EventChests.Cost": "Kosten",
    "Boxes.EventChests.CostPerPrize": "Kosten/Prijs",
    "Boxes.EventChests.CostPerStep": "Kosten/Stap",
    "Boxes.EventChests.MainPrize": "Hoofdprijs",
    "Boxes.EventChests.MainPrizeTitle": "Dagprijs: ",
    "Boxes.EventChests.Steps": "Stappen",
    "Boxes.EventChests.Title": "Event keuze assistent",
    "Boxes.Gildfights.Fights": "Gevechten",
    "Boxes.Gildfights.LastSnapshot": " - Laatste snapshot sinds __time__ ago",
    "Boxes.Gildfights.Negotiations": "Onderhandelingen",
    "Boxes.Gildfights.Player": "Speler",
    "Boxes.Gildfights.Title": "Spelersoverzicht",
    "Boxes.HiddenRewards.Disappears": "Verdwijnt",
    "Boxes.HiddenRewards.NoEvents": "Geen incidenten aanwezig.",
    "Boxes.HiddenRewards.Title": "Incidenten",
    "Boxes.Infobox.FilterAuction": "Veiling",
    "Boxes.Infobox.FilterGex": "GE",
    "Boxes.Infobox.FilterGildFights": "Gildegevechten",
    "Boxes.Infobox.FilterMessage": "Bericht",
    "Boxes.Infobox.FilterTrade": "Handel",
    "Boxes.Infobox.Messages.Auction": "'<strong>__player__</strong> heeft zonet __amount__ munten geboden.",
    "Boxes.Infobox.Messages.GEX": "<strong>__player__</strong> heeft zojuist __points__ punten behaald in GE.",
    "Boxes.Infobox.Messages.GildFightOccupied": "Provincie <span style=\"color:#ffb539\">__provinceName__</span> is veroverd door <span style=\"color:__attackerColor__;text-shadow: 0 1px 1px __attackerShadow__\">__attackerName__</span> en is vergrendeld tot __untilOccupied__.",
    "Boxes.Infobox.Messages.LevelUp": "__player__'s __building__ heeft niveau __level__ bereikt.<br>Je hebt plaats <strong>__rank__</strong> behaald en ontving <strong>__fps__</strong> FP terug.",
    "Boxes.Infobox.Messages.MsgBuilding": "__building__ - Niveau __level__",
    "Boxes.Infobox.Messages.Trade": "<strong>__player__</strong> heeft je aanbieding geaccepteerd.<br>Je hebt __needValue__ __need__ ontvangen voor __offerValue__ __offer__.",
    "Boxes.Infobox.ResetBox": "Venster opschonen",
    "Boxes.Infobox.Title": "Info-venster",
    "Boxes.Investment.AllUpToDate": "Alles is up to date",
    "Boxes.Investment.CurrReward": "Huidige winst: ",
    "Boxes.Investment.InvestBar": "Geïnvesteerde FP: ",
    "Boxes.Investment.PlayerFound": "Speler gevonden",
    "Boxes.Investment.Title": "Investering",
    "Boxes.Investment.TotalFP": "Voorraad + in omloop + winst: ",
    "Boxes.Kits.Title": "Gebouw / Selectie Kits",
    "Boxes.Negotiation.Average": "Voorkeursvolgorde",
    "Boxes.Negotiation.Canceled": "Onderhandeling is geannuleerd",
    "Boxes.Negotiation.Chance": "Kans",
    "Boxes.Negotiation.DragDrop": "U kunt voorkeursvolgorde van bovenstaande pictogrammen zelf herschikken met 'Drag&Drop' om de volgorde van de eerste poging te bepalen.",
    "Boxes.Negotiation.GoodsCritical": "OPGELET: De goederenvoorraad is kritiek!",
    "Boxes.Negotiation.GoodsLow": "OPGELET: De goederenvoorraad is schaars!",
    "Boxes.Negotiation.HelpLink": "https://foe-rechner.de/docs/2/negotioation-helper",
    "Boxes.Negotiation.Person": "Persoon",
    "Boxes.Negotiation.Round": "Poging",
    "Boxes.Negotiation.SaveCurrentEraGoods": "Huidige goederen besparen?",
    "Boxes.Negotiation.SaveMedals": "Medailles besparen?",
    "Boxes.Negotiation.Stock": "In voorraad:",
    "Boxes.Negotiation.Success": "Onderhandeling geslaagd!",
    "Boxes.Negotiation.TableLoadError": "Fout bij het laden van de onderhandelingstabel",
    "Boxes.Negotiation.Title": "Onderhandelingshulp",
    "Boxes.Negotiation.TryEnd": "Geen beurten meer",
    "Boxes.Negotiation.WrongGoods": "Verkeerde goederen geselecteerd, maak de onderhandeling handmatig af!",
    "Boxes.Outpost.DescInStock": "Beschikbaar",
    "Boxes.Outpost.DescRequired": "Nodig",
    "Boxes.Outpost.DescStillMissing": "<span style='color:#29b206'>Overschot</span> / <span style='color:#ff4040'>Tekort</span>",
    "Boxes.Outpost.ExpansionsSum": "Uitbreidingen",
    "Boxes.Outpost.Title": "Goederen van de nederzetting",
    "Boxes.Outpost.TitleBuildings": "Gebouw",
    "Boxes.Outpost.TitleFree": "Gratis",
    "Boxes.Outpost.TitleShort": "Goederenoverzicht - ",
    "Boxes.Outpost.infoLine": "__runNumber__de run, Bonus x4 Kans: __chanceX4__%",
    "Boxes.Outpost.nextTile": "Volgende uitbreiding",
    "Boxes.Outpost.tileNotPlanned": "N/A",
    "Boxes.OwnpartCalculator.BPs": "BD's",
    "Boxes.OwnpartCalculator.BuildingName": "Gebouw",
    "Boxes.OwnpartCalculator.CopyValues": "Kopieer waarden",
    "Boxes.OwnpartCalculator.Deposit": "Zelf te storten",
    "Boxes.OwnpartCalculator.Done": "Gestort",
    "Boxes.OwnpartCalculator.Ext": "Extern",
    "Boxes.OwnpartCalculator.IndividualName": "Naam GG individueel",
    "Boxes.OwnpartCalculator.LGTotalFP": "Totaal aantal FP",
    "Boxes.OwnpartCalculator.Levels": "Levels",
    "Boxes.OwnpartCalculator.NoPlaceSafe": "Geen plaats veilig",
    "Boxes.OwnpartCalculator.Note": "Onthouden",
    "Boxes.OwnpartCalculator.OldLevel": "Oud niveau",
    "Boxes.OwnpartCalculator.Order": "Posities",
    "Boxes.OwnpartCalculator.OutputScheme": "Uitvoerschema",
    "Boxes.OwnpartCalculator.OwnPart": "Eigen bijdrage",
    "Boxes.OwnpartCalculator.OwnPartRemaining": "Resterend",
    "Boxes.OwnpartCalculator.PatronPart": "Externe bijdrage",
    "Boxes.OwnpartCalculator.Place": "Plaats",
    "Boxes.OwnpartCalculator.PlayerName": "Speler",
    "Boxes.OwnpartCalculator.Scheme": "Schema",
    "Boxes.OwnpartCalculator.Step": "Niveau",
    "Boxes.OwnpartCalculator.Title": "Eigen GG FP-calculator",
    "Boxes.OwnpartCalculator.YourName": "Jouw naam",
    "Boxes.Productions.AdjacentBuildings": "Aangrenzende gebouwen",
    "Boxes.Productions.Happiness": "Tevredenheid",
    "Boxes.Productions.Headings.all": "Alle",
    "Boxes.Productions.Headings.amount": "Hoeveelheid",
    "Boxes.Productions.Headings.culture": "Culturele gebouwen",
    "Boxes.Productions.Headings.decoration": "Decoraties",
    "Boxes.Productions.Headings.earning": "Voltooiing productie",
    "Boxes.Productions.Headings.goods": "Goederengebouwen",
    "Boxes.Productions.Headings.greatbuilding": "Grootse gebouwen",
    "Boxes.Productions.Headings.main_building": "Stadhuis",
    "Boxes.Productions.Headings.name": "Naam",
    "Boxes.Productions.Headings.number": "Aantal",
    "Boxes.Productions.Headings.production": "Productiegebouwen",
    "Boxes.Productions.Headings.random_production": "Willekeurige producties",
    "Boxes.Productions.Headings.residential": "Woongebouwen",
    "Boxes.Productions.Headings.street": "Wegen",
    "Boxes.Productions.ModeGroups": "Groeperen",
    "Boxes.Productions.ModeSingle": "Individueel",
    "Boxes.Productions.SearchInput": "Zoek gebouw...",
    "Boxes.Productions.Title": "Productieoverzicht",
    "Boxes.Productions.Total": "Totaal: ",
    "Boxes.Settings.Active": "Geactiveerd",
    "Boxes.Settings.Inactive": "Gedeactiveerd",
    "Boxes.Settings.Title": "Instellingen",
    "Boxes.Technologies.DescInStock": "Beschikbaar",
    "Boxes.Technologies.DescRequired": "Aantal",
    "Boxes.Technologies.DescStillMissing": "<span style='color:#29b206'>Overschot</span> / <span style='color:#ff4040'>Tekort</span>",
    "Boxes.Technologies.NoTechs": "Je hebt het einde van dit tijdperk bereikt",
    "Boxes.Technologies.Resource": "Benodigdheden",
    "Boxes.Technologies.Title": "Onderzoekskosten voor",
    "Boxes.Units.Attack": "Aanval",
    "Boxes.Units.Bind": "Afhankelijk",
    "Boxes.Units.Defend": "Verdediging",
    "Boxes.Units.NextUnitsIn": "De volgende __count__ eenheden komen aan binnen <span class=\"alca-countdown\"></span> om __harvest__ uur",
    "Boxes.Units.NotFilled": "niet gevuld",
    "Boxes.Units.Proportionally": "Evenredig",
    "Boxes.Units.Quantity": "Aantal",
    "Boxes.Units.ReadyToLoot": "Klaar om te verzamelen!",
    "Boxes.Units.Title": "Eenhedenoverzicht",
    "Boxes.Units.Unbind": "Onafhankelijk",
    "Boxes.Units.Unit": "Eenheid",
    "DateTime": "DD-MM-YY HH:mm:ss a",
    "Eras.0": "Geen tijdperk",
    "Eras.1": "Steentijd",
    "Eras.10": "Moderne tijdperk",
    "Eras.11": "Postmoderne tijdperk",
    "Eras.12": "Hedendaagse tijdperk",
    "Eras.13": "Morgen",
    "Eras.14": "Toekomst",
    "Eras.15": "Arctische toekomst",
    "Eras.16": "Oceanische toekomst",
    "Eras.17": "Virtuele toekomst",
    "Eras.18": "Ruimtetijdperk: Mars",
    "Eras.19": "Asteroïdengordel uit het ruimtetijdperk",
    "Eras.2": "Bronstijd",
    "Eras.20": "Ruimtetijdperk: Venus",
    "Eras.3": "IJzertijd",
    "Eras.4": "Vroege middeleeuwen",
    "Eras.5": "Hoge middeleeuwen",
    "Eras.6": "Late mideleeuwen",
    "Eras.7": "Koloniale tijdperk",
    "Eras.8": "Industriële tijdperk",
    "Eras.9": "Progressieve tijdperk",
    "HiddenRewards.Positions.cityRoadBig": "Grote Weg",
    "HiddenRewards.Positions.cityRoadSmall": "Kleine Weg",
    "HiddenRewards.Positions.guildExpedition": "Gilde Expeditie",
    "HiddenRewards.Positions.nature": "Natuur",
    "HiddenRewards.Positions.shore": "Kust",
    "HiddenRewards.Positions.water": "In het water",
    "HiddenRewards.Table.expires": "Verloopt op",
    "HiddenRewards.Table.position": "Positie",
    "HiddenRewards.Table.type": "Soort",
    "Local": "nl-NL",
    "Menu.Calculator.Desc": "Berekent voor jou alle plaatsen en zoekt naar snipe-bare forgepunten",
    "Menu.Calculator.Title": "FP-calculator",
    "Menu.Calculator.Warning": "Gedeactiveerd: Open eerst een groots gebouw van een andere speler!",
    "Menu.Campagne.Desc": "Overzicht van de benodigde goederen om een provincie te veroveren",
    "Menu.Campagne.Title": "Continentkaart",
    "Menu.Campagne.Warning": "Gedeactiveerd: Bezoek eerst een provincie!",
    "Menu.Chat.Desc": "Chat met iedereen in real-time",
    "Menu.Chat.Title": "Gilde Live-Chat",
    "Menu.Citymap.Desc": "Een schematische weergave van je stad in bovenaanzicht",
    "Menu.Citymap.Title": "Stadsoverzicht",
    "Menu.HiddenRewards.Desc": "Lijst van incidenten in en rond je stad",
    "Menu.HiddenRewards.Title": "Incidenten",
    "Menu.Info.Desc": "Toont je alle zaken die gebeuren op de \"achtergrond\"<br><em>Vult zich beetje bij beetje met info ...",
    "Menu.Info.Title": "Info-venster",
    "Menu.Kits.Desc": "Toon allen bestaande gebouwen, upgrade en selectie kits",
    "Menu.Kits.Title": "Gebouw Kits",
    "Menu.Negotiation.Desc": "Geeft nauwkeurige voorstellen bij onderhandelingen",
    "Menu.Negotiation.Title": "Onderhandelingshulp",
    "Menu.Negotiation.Warning": "Gedeactiveerd: Start eerst een onderhandeling!",
    "Menu.OutP.Desc": "Overzicht van de benodigde goederen",
    "Menu.OutP.DescWarningBuildings": "<em id='outPW' class='tooltip-error'>Gedeactiveerd: Bezoek eerst je nederzetting!<br></em>Overzicht van de benodigde grondstoffen",
    "Menu.OutP.DescWarningOutpostData": "<em id='outPW' class='tooltip-error'>Gedeactiveerd: Begin een nederzetting en herlaad het spel (F5)",
    "Menu.OutP.Title": "Nederzetting",
    "Menu.OwnpartCalculator.Desc": "Stel een FP-betaalplan op, bereken de kosten en kopieer de waarden",
    "Menu.OwnpartCalculator.Title": "Eigen GG FP-calculator",
    "Menu.OwnpartCalculator.Warning": "Gedeactiveerd: open eerst een van je Grootse gebouwen!",
    "Menu.Productions.Desc": "Toont het huidige aantal van alle producties",
    "Menu.Productions.Title": "Productieoverzicht",
    "Menu.Settings.Desc": "Hier stel je een paar kleinigheden in",
    "Menu.Settings.Title": "Instellingen",
    "Menu.Technologies.Desc": "Bereken je onderzoekskosten",
    "Menu.Technologies.Title": "Technologieën",
    "Menu.Technologies.Warning": "Gedeactiveerd: Open eerst het onderzoeksmenu!",
    "Menu.Unit.Desc": "Al jouw eenheden in een oogopslag",
    "Menu.Unit.Title": "Eenhedenoverzicht",
    "Menu.Unit.Warning": "Druk eerst 1x op je \"Legerbeheer\" <br>knop \"U\"",
    "Settings.AutomaticNegotiation.Desc": "Moet de onderhandelingshulp automatisch openen tijdens het onderhandelen en sluiten bij het annuleren?",
    "Settings.AutomaticNegotiation.Title": "Onderhandelingshulp",
    "Settings.ChangeLanguage.Desc": "Welke taal, in plaats van de herkende, moet worden gebruikt?",
    "Settings.ChangeLanguage.Title": "Verander de taal",
    "Settings.GlobalSend.Desc": "Activeer dit onderdeel als je gegevens met je gilde wilt bijhouden. <br> Deactiveer het voor persoonlijk gebruik.",
    "Settings.GlobalSend.Title": "Gegevensoverdracht naar foe-rechner.de",
    "Settings.MenuLength.Desc": "Hoeveel pictogrammen mag het menu weergeven?<br> Leeg of \"0\" betekent maximaal aantal.",
    "Settings.MenuLength.Title": "Menu lengte",
    "Settings.ResetBoxPositions.Button": "Verwijderen",
    "Settings.ResetBoxPositions.Desc": "Moeten de coördinaten van alle vensters verwijderd worden?",
    "Settings.ResetBoxPositions.Title": "Coördinaten vensters",
    "Settings.SendGEXInfo.Desc": "Wanneer je in de Gilde Expeditie klikt op de ranglijst of het bijdrage-overzicht, worden de gegevens verzonden.",
    "Settings.SendGEXInfo.Title": "GE evaluaties",
    "Settings.SendGildMemberLGInfo.Desc": "Wanneer je andere gildeleden bezoekt, zal alle data van de Grootse gebouwen verzonden worden naar foe-rechner.de.",
    "Settings.SendGildMemberLGInfo.Title": "GG-data van andere gildeleden",
    "Settings.SendInvestigations.Desc": "Bij het betreden van het 'Stadhuis'> 'Nieuws'> 'Grootse gebouwen' worden de FP-bijdrages verzonden.",
    "Settings.SendInvestigations.Title": "FP-bijdrages",
    "Settings.SendPlayersMotivation.Desc": "Activeer dit onderdeel als motivatie/opknap-gegevens verzonden mogen worden.",
    "Settings.SendPlayersMotivation.Title": "M/O activiteit",
    "Settings.ShowTavernBadge.Desc": "Zodra een bonus in de taverne wordt geactiveerd, verschijnt een globale, verschuifbare teller.",
    "Settings.ShowTavernBadge.Title": "Toon teller Taveerne Bonus",
    "Settings.Version.Desc": "Chrome Extension Version",
    "Settings.Version.GuildId": "Gilde-ID:",
    "Settings.Version.PlayerId": "Speler-ID:",
    "Settings.Version.Title": "Versie",
    "Settings.Version.World": "Wereld:",
    "_Language": "Nederlands"
}
