﻿{
    "API.GEXChampionship": "Postęp wypraw gildyjnych został zaktualizowany",
    "API.GEXPlayer": "Zaktualizowano ranking graczy w wyprawie gildyjnej",
    "API.LGGildMember": "Zaktualizowano perły architektury gracza __player__",
    "API.LGInvest": "Przesłano Twoje wpłaty w perły architektury",
    "API.UpdateSuccess": "Wykonano aktualizację",
    "Boxes.Alerts.Form.Antiques.Auction": "Aukcja",
    "Boxes.Alerts.Form.Antiques.Cooldown": "Czas pomiędzy aukcjami",
    "Boxes.Alerts.Form.Antiques.Dealer": "Handlarz antykami",
    "Boxes.Alerts.Form.Antiques.Exchange": "codzienna wymiana",
    "Boxes.Alerts.Form.Battleground": "Sektory Pól Chwały",
    "Boxes.Alerts.Form.Body": "Treść",
    "Boxes.Alerts.Form.Create": "Utwórz",
    "Boxes.Alerts.Form.CreateAlert": "Utwórz powiadomienie",
    "Boxes.Alerts.Form.CreateNewAlert": "Tworzy nowe powiadomienie",
    "Boxes.Alerts.Form.Datetime": "Data i czas",
    "Boxes.Alerts.Form.Delete": "Usuń",
    "Boxes.Alerts.Form.Discard": "Odrzuć",
    "Boxes.Alerts.Form.Edit": "Edytuj",
    "Boxes.Alerts.Form.EditAlert": "Edytuj powiadomienie",
    "Boxes.Alerts.Form.Neighborhood": "Sąsiedztwo",
    "Boxes.Alerts.Preferences.ComingSoon": "Już niedługo...",
    "Boxes.Alerts.Tabs.Alerts": "Powiadomienia",
    "Boxes.Alerts.Tabs.Preferences": "Ustawienia",
    "Boxes.Alerts.Time.15m": "15m",
    "Boxes.Alerts.Time.1d": "1d",
    "Boxes.Alerts.Time.1h": "1h",
    "Boxes.Alerts.Time.1m": "1m",
    "Boxes.Alerts.Time.4h": "4h",
    "Boxes.Alerts.Time.5m": "5m",
    "Boxes.Alerts.Time.8h": "8h",
    "Boxes.Api.Title": "Ustawienia API rozszerzenia",
    "Boxes.BattleAssist.Text": "Twoja armia składa się z samych łotrów. Wylecz jednostki z użyciem diamentów lub poddaj się!",
    "Boxes.BattleAssist.Title": "Stop!",
    "Boxes.Calculator.ActiveRecurringQuest": "Bieżące zadanie powtarzalne:",
    "Boxes.Calculator.ArkBonus": "Bonus Arki",
    "Boxes.Calculator.AvailableFP": "Dostępne punkty rozwoju",
    "Boxes.Calculator.BPs": "Plany",
    "Boxes.Calculator.Commitment": "Koszt",
    "Boxes.Calculator.Done": "Gotowe",
    "Boxes.Calculator.FP": "PR",
    "Boxes.Calculator.FriendlyInvestment": "Pomoc w budowie:",
    "Boxes.Calculator.HelpLink": "https://foe-rechner.de/docs/2/cost-calculator/",
    "Boxes.Calculator.LGNotConnected": "Perła nie jest podłączona do drogi",
    "Boxes.Calculator.LGNotOpen": "Kolejny poziom perły nie jest odblokowany",
    "Boxes.Calculator.LevelWarning": "UWAGA! Perła zostanie zamknięta!",
    "Boxes.Calculator.MaxLevel": "Odblokowany poziom",
    "Boxes.Calculator.Meds": "Medale",
    "Boxes.Calculator.Profit": "Zysk",
    "Boxes.Calculator.Step": "Poziom ",
    "Boxes.Calculator.TTForderCosts": "Koszty = __nettoreward__<small>(bazowy zwrot)</small> * __forderfactor__%<small>(Pomoc)</small> = __costs__",
    "Boxes.Calculator.TTForderFPStockLow": "UWAGA: posiadasz za mało PR<br>masz __fpstock__ z __costs__ PR<br>za mało o  __tooless__ PR",
    "Boxes.Calculator.TTForderNegativeProfit": "Miejsce nie jest zabezpieczone. należy wpłacić __fpcount__ dodatkowych PR w celu zabezpieczenia<br>Całkowita wpłata: __totalfp__ PR",
    "Boxes.Calculator.TTLevelWarning": "__fpcount__ PR nie zmieści się<br>Maksymalna możliwa wpłata: __totalfp__ PR",
    "Boxes.Calculator.TTLossSelf": "Zwrot = __nettoreward__<small>(bazowy zwrot)</small> * __arcfactor__%<small>(bonus Arki)</small> = __bruttoreward__<br>Wpłata: __paid__<br>Strata = __paid__<small>(wpłata)</small> - __bruttoreward__<small>(zwrot)</small> = __loss__",
    "Boxes.Calculator.TTPaidTooLess": "Wpłaciłeś __paid__ PR zamiast __topay__ PR, tzn. __tooless__ PR za mało.",
    "Boxes.Calculator.TTPaidTooMuch": "Wpłaciłeś __paid__ PR zamiast __topay__ PR, tzn. __toomuch__ PR za dużo.",
    "Boxes.Calculator.TTProfitSelf": "Zwrot = __nettoreward__<small>(bazowy zwrot)</small> * __arcfactor__%<small>(bonus Arki)</small> = __bruttoreward__<br>Wpłata: __paid__<br>Zysk = __bruttoreward__<small>(zwrot)</small> - __paid__<small>(wpłata)</small> = __profit__",
    "Boxes.Calculator.Title": "Kalkulator kosztów",
    "Boxes.Calculator.Up2LevelUp": "Do zamknięcia",
    "Boxes.Campagne.AlreadyDone": " już zdobyte!",
    "Boxes.Campagne.DescInStock": "Dostępne",
    "Boxes.Campagne.DescRequired": "Wymagane",
    "Boxes.Campagne.DescStillMissing": "<span style='color:#29b206'>Nadmiar</span> / <span style='color:#ff4040'>Brak</span>",
    "Boxes.Campagne.Resource": "Zasób",
    "Boxes.Campagne.Reward": "Suma nagród ",
    "Boxes.Campagne.Title": "Koszty wykupu prowincji ",
    "Boxes.CityMap.CavalierPerspecitve": "Izometryczny",
    "Boxes.CityMap.Desc1": "Planer miasta wysyła dane na foe-rechner.de",
    "Boxes.CityMap.Desc2": "Wyślij",
    "Boxes.CityMap.FreeArea": "Wolny obszar: ",
    "Boxes.CityMap.NormalPerspecitve": "Standardowy",
    "Boxes.CityMap.ShowSubmitBox": "Pokaż przycisk wysyłania",
    "Boxes.CityMap.SubmitSuccess": "Dane wysłano pomyślnie ",
    "Boxes.CityMap.TitleSend": "Wyślij dane",
    "Boxes.CityMap.WholeArea": "Całkowita powierzchnia: ",
    "Boxes.CityMap.YourCity": "Twoje miasto",
    "Boxes.EventChests.Chance": "Szansa",
    "Boxes.EventChests.Cost": "Koszt",
    "Boxes.EventChests.CostPerPrize": "Koszt/Nagroda",
    "Boxes.EventChests.CostPerStep": "Koszt/Skok",
    "Boxes.EventChests.MainPrize": "Nagroda główna",
    "Boxes.EventChests.MainPrizeTitle": "Nagroda dnia: ",
    "Boxes.EventChests.Steps": "Skoki",
    "Boxes.EventChests.Title": "Asystent wyboru skrzyń eventowych",
    "Boxes.Gildfights.Fights": "Walki",
    "Boxes.Gildfights.LastSnapshot": " - ostatni snapshot sprzed __time__",
    "Boxes.Gildfights.Negotiations": "Negocjacje",
    "Boxes.Gildfights.Player": "Gracz",
    "Boxes.Gildfights.Title": "Przegląd aktywności graczy",
    "Boxes.GreatBuildings.ArcBonus": "Bonus wpłacających",
    "Boxes.GreatBuildings.CostPerDailyFP": "Koszt / PR dziennie",
    "Boxes.GreatBuildings.FPCostGoods": "Koszt towarów (PR)",
    "Boxes.GreatBuildings.GreatBulding": "Perła Architektury",
    "Boxes.GreatBuildings.Level": "Poziom",
    "Boxes.GreatBuildings.Title": "Budowa Pereł Architektury",
    "Boxes.HiddenRewards.Disappears": "Znika",
    "Boxes.HiddenRewards.NoEvents": "Brak zdarzeń losowych",
    "Boxes.HiddenRewards.Title": "Zdarzenia losowe",
    "Boxes.Infobox.Filter": "Filtr",
    "Boxes.Infobox.FilterAuction": "Aukcja",
    "Boxes.Infobox.FilterGex": "Wyprawy",
    "Boxes.Infobox.FilterGildFights": "GPC",
    "Boxes.Infobox.FilterLevel": "Poziom",
    "Boxes.Infobox.FilterMessage": "Wiadomość",
    "Boxes.Infobox.FilterTrade": "Handel",
    "Boxes.Infobox.Messages.Auction": "'<strong>__player__</strong> zaoferował __amount__ monet.",
    "Boxes.Infobox.Messages.GEX": "<strong>__player__</strong> otrzymał __points__ punktów Wyprawy",
    "Boxes.Infobox.Messages.GildFightOccupied": "Sektor <span style=\"color:#ffb539\">__provinceName__</span> został przejęty przez <span style=\"color:__attackerColor__;text-shadow: 0 1px 1px __attackerShadow__\">__attackerName__</span> i jest chroniony do  __untilOccupied__",
    "Boxes.Infobox.Messages.LevelUp": "__player__ zamknął __level__ poziom perły  __building__.<br>Zajmujesz <strong>__rank__.</strong> miejsce i otrzymujesz <strong>__fps__</strong> PR zwrotu.",
    "Boxes.Infobox.Messages.MsgBuilding": "__building__ - Poziom __level__",
    "Boxes.Infobox.Messages.Trade": "<strong>__player__</strong> zaakceptował Twoją ofertę.<br>Otrzymujesz __needValue__ __need__ za  __offerValue__ __offer__",
    "Boxes.Infobox.ResetBox": "Wyczyść",
    "Boxes.Infobox.Title": "Przegląd wiadomości",
    "Boxes.Investment.AllUpToDate": "Wszystko aktualne",
    "Boxes.Investment.AllUpToDateDesc": "Wszyscy gracze z tej strony zostali już przesłani",
    "Boxes.Investment.CurrReward": "Bieżący zysk: ",
    "Boxes.Investment.InvestBar": "Zainwestowane PR: ",
    "Boxes.Investment.PlayerFound": "Aktualizacja graczy",
    "Boxes.Investment.PlayerFoundCount": "znaleziono __count__ nowych zdarzeń dotyczących graczy",
    "Boxes.Investment.PlayerFoundCounter": "znaleziono __count__ nowych zdarzeń dotyczących graczy",
    "Boxes.Investment.Title": "Inwestycje",
    "Boxes.Investment.TotalFP": "Zapas + wpłaty + zysk: ",
    "Boxes.Kits.InStock": "W inwentarzu",
    "Boxes.Kits.KitName": "Nazwa zestawu",
    "Boxes.Kits.Name": "Nazwa",
    "Boxes.Kits.Title": "Zestawy budynków/wyboru",
    "Boxes.Negotiation.Average": "Ø ilość",
    "Boxes.Negotiation.Canceled": "Negocjacja została przerwana",
    "Boxes.Negotiation.Chance": "Szansa",
    "Boxes.Negotiation.DragDrop": "Możesz przesuwać towary na pasku średnich ilości aby ustalić kolejność pierwszej próby",
    "Boxes.Negotiation.GoodsCritical": "UWAGA: Zapas towaru na poziomie krytycznym",
    "Boxes.Negotiation.GoodsLow": "UWAGA: Zapas towaru na poziomie niskim",
    "Boxes.Negotiation.Person": "Osoba",
    "Boxes.Negotiation.Round": "Runda",
    "Boxes.Negotiation.SaveCurrentEraGoods": "Oszczędzaj towary z bieżącej epoki",
    "Boxes.Negotiation.SaveMedals": "Oszczędzaj medale",
    "Boxes.Negotiation.Stock": "Zapas:",
    "Boxes.Negotiation.Success": "Sukces",
    "Boxes.Negotiation.TableLoadError": "Błąd przy pobieraniu tablicy negocjacji",
    "Boxes.Negotiation.Title": "Asystent negocjacji",
    "Boxes.Negotiation.TryEnd": "Brak kolejnych podejść",
    "Boxes.Negotiation.WrongGoods": "Wybrano niewłaściwe towary, proszę skończyć ręcznie",
    "Boxes.Negotiation.confirmGoodsMissmatch": "Ok",
    "Boxes.Outpost.DescInStock": "Dostepne",
    "Boxes.Outpost.DescRequired": "Wymagane",
    "Boxes.Outpost.DescStillMissing": "<span style='color:#29b206'>Nadmiar</span> / <span style='color:#ff4040'>Brak</span>",
    "Boxes.Outpost.ExpansionsSum": "Rozszerzenia",
    "Boxes.Outpost.ShowSums": "Pokaż sumy:",
    "Boxes.Outpost.Title": "Towary z osady",
    "Boxes.Outpost.TitleBuildings": "Budynek",
    "Boxes.Outpost.TitleFree": "Odblokowany",
    "Boxes.Outpost.TitleShort": "Przegląd towarów - ",
    "Boxes.Outpost.infoLine": "__runNumber__. osada, szansa na bonus x4 : __chanceX4__%",
    "Boxes.Outpost.nextTile": "kolejne rozszerzenia",
    "Boxes.Outpost.tileNotPlanned": "n/a",
    "Boxes.OwnpartCalculator.Arc": "Arka",
    "Boxes.OwnpartCalculator.Auto": "Auto",
    "Boxes.OwnpartCalculator.BPs": "Plany",
    "Boxes.OwnpartCalculator.BuildingName": "Perła",
    "Boxes.OwnpartCalculator.CopyValues": "Kopiuj wartości",
    "Boxes.OwnpartCalculator.Deposit": "Wpłata",
    "Boxes.OwnpartCalculator.Done": "Wpłacone",
    "Boxes.OwnpartCalculator.Ext": "Wymiana",
    "Boxes.OwnpartCalculator.HelpLink": "https://foe-rechner.de/docs/2/gb-calculator/",
    "Boxes.OwnpartCalculator.IndividualName": "individual GB name",
    "Boxes.OwnpartCalculator.LGTotalFP": "PR na poziom:",
    "Boxes.OwnpartCalculator.Levels": "zamknąć",
    "Boxes.OwnpartCalculator.Meds": "Medale",
    "Boxes.OwnpartCalculator.NoPlaceSafe": "Brak bloków",
    "Boxes.OwnpartCalculator.Note": "Notatka",
    "Boxes.OwnpartCalculator.OldLevel": "Zamknięty poziom",
    "Boxes.OwnpartCalculator.Order": "Sekwencja wpłat",
    "Boxes.OwnpartCalculator.OutputScheme": "Schemat ogłoszenia",
    "Boxes.OwnpartCalculator.OwnPart": "Wpłata własna",
    "Boxes.OwnpartCalculator.OwnPartRemaining": "Zostało",
    "Boxes.OwnpartCalculator.PatronPart": "Pomoc arek",
    "Boxes.OwnpartCalculator.Place": "Miejsce",
    "Boxes.OwnpartCalculator.PlayerName": "Gracz",
    "Boxes.OwnpartCalculator.Scheme": "Schemat",
    "Boxes.OwnpartCalculator.Step": "Poziom",
    "Boxes.OwnpartCalculator.Title": "Kalkulator budowy pereł",
    "Boxes.OwnpartCalculator.YourName": "Your name",
    "Boxes.Productions.AdjacentBuildings": "Pobliskie budynki",
    "Boxes.Productions.Happiness": "Zadowolenie",
    "Boxes.Productions.Headings.all": "Wszystkie",
    "Boxes.Productions.Headings.amount": "Ilość",
    "Boxes.Productions.Headings.boost": "Bonus",
    "Boxes.Productions.Headings.culture": "Budynki kulturowe",
    "Boxes.Productions.Headings.decoration": "Dekoracje",
    "Boxes.Productions.Headings.earning": "Zbiory",
    "Boxes.Productions.Headings.goods": "Budynki towarowe",
    "Boxes.Productions.Headings.greatbuilding": "Perły architektury",
    "Boxes.Productions.Headings.main_building": "Ratusz",
    "Boxes.Productions.Headings.name": "Nazwa",
    "Boxes.Productions.Headings.number": "Liczba",
    "Boxes.Productions.Headings.production": "Budynki produkcyjne",
    "Boxes.Productions.Headings.random_production": "Losowe produkcje",
    "Boxes.Productions.Headings.residential": "Budynki mieszkalne",
    "Boxes.Productions.Headings.street": "Ulice",
    "Boxes.Productions.ModeCurrent": "Obecnie",
    "Boxes.Productions.ModeDaily": "Dziennie",
    "Boxes.Productions.ModeGroups": "Grupuj",
    "Boxes.Productions.ModeSingle": "Pojedyncze",
    "Boxes.Productions.NoAsteroidDataWarning": "Towary z Pasa Asteroid nie są uwzględnione. Odwiedź kolonię na Pasie Asteroid i otwórz okno ponownie",
    "Boxes.Productions.NoMarsDataWarning": "Towary z Marsa nie są uwzględnione. Odwiedź kolonię na Marsie i otwórz okno ponownie",
    "Boxes.Productions.SearchInput": "Szukaj budynku...",
    "Boxes.Productions.Title": "Przegląd produkcji",
    "Boxes.Productions.Total": "Total: ",
    "Boxes.Settings.Active": "Aktywne",
    "Boxes.Settings.Inactive": "Nieaktywne",
    "Boxes.Settings.Title": "Ustawienia",
    "Boxes.Stats.BtnAll": "Wszystkie",
    "Boxes.Stats.BtnAllPlayableEras": "Wszystkie epoki",
    "Boxes.Stats.BtnAllPlayableErasTitle": "Wybiera wszystkie grywalne epoki (bez: \"bez epoki\", specjalnych)",
    "Boxes.Stats.BtnAllTittle": "Epoki + \"bez epoki\" + specjalne",
    "Boxes.Stats.BtnChartType.delta": "Róznice",
    "Boxes.Stats.BtnChartType.line": "Liniowy",
    "Boxes.Stats.BtnChartType.streamgraph": "Złożony",
    "Boxes.Stats.BtnChartTypeTitle.delta": "wykres przychodów i wydatków",
    "Boxes.Stats.BtnChartTypeTitle.line": "Wykres liniowy",
    "Boxes.Stats.BtnChartTypeTitle.streamgraph": "Wykres złożony",
    "Boxes.Stats.BtnLastEras": "Ostatnie 2 epoki",
    "Boxes.Stats.BtnLastErasTitle": "Wybiera obecną i poprzednią epokę",
    "Boxes.Stats.BtnMyEra": "Moja epoka",
    "Boxes.Stats.BtnNoEra": "Bez epoki",
    "Boxes.Stats.BtnSource.statsGBGPlayers": "Pola Chwały",
    "Boxes.Stats.BtnSource.statsRewards": "Nagrody",
    "Boxes.Stats.BtnSource.statsTreasureClanD": "Skarbiec 24h",
    "Boxes.Stats.BtnSource.statsTreasureClanH": "Skarbiec 1h",
    "Boxes.Stats.BtnSource.statsTreasurePlayerD": "Inwentarz 24h",
    "Boxes.Stats.BtnSource.statsTreasurePlayerH": "Inwentarz 1h",
    "Boxes.Stats.BtnSource.statsUnitsD": "Jednostki 24h",
    "Boxes.Stats.BtnSource.statsUnitsH": "Jednostki 1h",
    "Boxes.Stats.BtnToggleAnnotations": "GvG",
    "Boxes.Stats.BtnToggleAnnotationsTitle": "Pokazuje wydatki towaru na mapie GvG.",
    "Boxes.Stats.BtnToggleGroupBy": "Grupuj epokami",
    "Boxes.Stats.BtnToggleGroupByTitle": "",
    "Boxes.Stats.Period.all": "Wszystkie",
    "Boxes.Stats.Period.last30days": "Ostatnie 30 dni",
    "Boxes.Stats.Period.last7days": "Ostatnie 7 dni",
    "Boxes.Stats.Period.sinceTuesday": "Od wtorku",
    "Boxes.Stats.Period.thisMonth": "Ten miesiąc",
    "Boxes.Stats.Period.today": "Dzisiaj",
    "Boxes.Stats.PeriodTitle.all": "Od początku",
    "Boxes.Stats.PeriodTitle.last30days": "Zebrane w ciągu ostatnich 30. dni",
    "Boxes.Stats.PeriodTitle.last7days": "Zebrane w ciągu ostatnich 7. dni",
    "Boxes.Stats.PeriodTitle.sinceTuesday": "Zebrane od wtorku (od rozpoczęcia wypraw gildyjnych)",
    "Boxes.Stats.PeriodTitle.thisMonth": "Zebrane w tym miesiącu",
    "Boxes.Stats.PeriodTitle.today": "Zebrane dzisiaj",
    "Boxes.Stats.Rewards.Source.__event": "Event",
    "Boxes.Stats.Rewards.Source.battlegrounds_conquest": "Pola Chwały",
    "Boxes.Stats.Rewards.Source.diplomaticGifts": "Dary dyplomacji",
    "Boxes.Stats.Rewards.Source.guildExpedition": "Wyprawy",
    "Boxes.Stats.Rewards.Source.spoilsOfWar": "Łupy wojenne",
    "Boxes.Stats.Rewards.SourceTitle.__event": "Nagrody z eventów (okresowych i specjalnych)",
    "Boxes.Stats.Rewards.SourceTitle.battlegrounds_conquest": "Nagrody z Gildyjnych Pól Chwały",
    "Boxes.Stats.Rewards.SourceTitle.diplomaticGifts": "Dary dyplomacji (Kosmiczny Transporter)",
    "Boxes.Stats.Rewards.SourceTitle.guildExpedition": "Nagrody za wyprawy (Świątynia Reliktów)",
    "Boxes.Stats.Rewards.SourceTitle.spoilsOfWar": "Łupy wojenne (Zamek Himeji)",
    "Boxes.Stats.SourceTitle.statsGBGPlayers": "Tablica wyników graczy na Gildyjnych Polach Chwały",
    "Boxes.Stats.SourceTitle.statsRewards": "Twoje nagrody z Zamku Himeji, Kosmicznego Transportera, Świątyni Reliktów, Pól Chwały",
    "Boxes.Stats.SourceTitle.statsTreasureClanD": "Skarbiec - dziennie",
    "Boxes.Stats.SourceTitle.statsTreasureClanH": "Skarbiec - godzinowo",
    "Boxes.Stats.SourceTitle.statsTreasurePlayerD": "Inwentarz - dziennie",
    "Boxes.Stats.SourceTitle.statsTreasurePlayerH": "Inwentarz - godzinowo",
    "Boxes.Stats.SourceTitle.statsUnitsD": "Jednostki - dziennie",
    "Boxes.Stats.SourceTitle.statsUnitsH": "Jednostki - godzinowo",
    "Boxes.Stats.Title": "Statystyki",
    "Boxes.Technologies.DescInStock": "Dostępne",
    "Boxes.Technologies.DescRequired": "Wymagane",
    "Boxes.Technologies.DescStillMissing": "<span style='color:#29b206'>Nadmiar</span> / <span style='color:#ff4040'>Brak</span>",
    "Boxes.Technologies.NoTechs": "Osiągnąłeś koniec tej epoki",
    "Boxes.Technologies.Resource": "Zasób",
    "Boxes.Technologies.Title": "Koszt badań",
    "Boxes.Units.AlcaHarvest": "Alcatraz gotowy do zbioru!",
    "Boxes.Units.Attack": "Atak",
    "Boxes.Units.Bind": "Zależne",
    "Boxes.Units.Defend": "Obrona",
    "Boxes.Units.NextUnitsIn": "Kolejne __count__ jednostek dostępne <span class=\"alca-countdown\"></span> o __harvest__",
    "Boxes.Units.NotFilled": "nie ustawiono",
    "Boxes.Units.Proportionally": "Proporcjonalność",
    "Boxes.Units.Quantity": "Ilość",
    "Boxes.Units.ReadyToLoot": "Gotowe do zbioru!",
    "Boxes.Units.Status": "Status",
    "Boxes.Units.Title": "Przegląd wojsk",
    "Boxes.Units.Unbind": "Niezależne",
    "Boxes.Units.Unit": "Jednostka",
    "Date": "DD-MMM-YY",
    "DateTime": "D/M/YY h:mm:ss a",
    "Eras.0": "Bez epoki",
    "Eras.1": "Epoka Kamienia",
    "Eras.10": "Modernizm",
    "Eras.11": "Postmodernizm",
    "Eras.12": "Współczesność",
    "Eras.13": "Epoka Jutra",
    "Eras.14": "Przyszłość",
    "Eras.15": "Arktyczna Przyszłosć",
    "Eras.16": "Oceaniczna Przyszłość",
    "Eras.17": "Wirtualna Przuyszłość",
    "Eras.18": "Epoka Kosmiczna: Mars",
    "Eras.19": "Epoka Kosmiczna: pas asteroid",
    "Eras.2": "Epoka Brązu",
    "Eras.20": "Epoka kosmiczna: Wenus",
    "Eras.3": "Epoka Żelaza",
    "Eras.4": "Wczesne Średniowiecze",
    "Eras.5": "Rozkwit Średniowiecza",
    "Eras.6": "Jesień Średniowiecza",
    "Eras.7": "Epoka Kolonialna",
    "Eras.8": "Epoka Przemysłowa",
    "Eras.9": "Epoka Postępowa",
    "Global.BoxTitle": "FoE Helper",
    "HiddenRewards.Positions.cityRoadBig": "Na jezdni",
    "HiddenRewards.Positions.cityRoadSmall": "Na drodze",
    "HiddenRewards.Positions.guildExpedition": "Wyprawa gildyjna",
    "HiddenRewards.Positions.nature": "W dziczy",
    "HiddenRewards.Positions.shore": "Na plaży",
    "HiddenRewards.Positions.water": "W wodzie",
    "HiddenRewards.Table.expires": "Znika za",
    "HiddenRewards.Table.position": "umiejscowienie",
    "HiddenRewards.Table.type": "Rodzaj",
    "Local": "pl-PL",
    "Menu.Calculator.Desc": "Oblicza koszty zajęcia miejsc przy pomocy i wpłatach zarobkowych",
    "Menu.Calculator.Title": "Kalkulator kosztów",
    "Menu.Calculator.Warning": "Niedostępne: Otwórz perłę architektury innego gracza!",
    "Menu.Campagne.Desc": "Przegląd wymaganych surowców",
    "Menu.Campagne.Title": "Mapa kampanii",
    "Menu.Campagne.Warning": "Niedostepne: Otwórz prowincję na mapie!",
    "Menu.Chat.Desc": "Rozmówki z pominięciem FoE",
    "Menu.Chat.Title": "Czat gildyjny",
    "Menu.Citymap.Desc": "Pokazuje miasto w rzucie z góry",
    "Menu.Citymap.Title": "Przegląd miasta",
    "Menu.HiddenRewards.Desc": "Przegląd zdarzeń losowych",
    "Menu.HiddenRewards.Title": "Zdarzenia losowe",
    "Menu.Info.Desc": "Informacja o wszystkich zdarzeniach \"w tle\"<br><em>Aktualizuje się na bieżąco ...</em>",
    "Menu.Info.Title": "Wiadomości",
    "Menu.Kits.Desc": "Pokazuje wszystkie zestawy budynków, ulepszeń i wyboru",
    "Menu.Kits.Title": "Zestawy budynków",
    "Menu.Negotiation.Desc": "Pomaga dobrać surowce w negocjacjach",
    "Menu.Negotiation.Title": "Asystent negocjacji",
    "Menu.Negotiation.Warning": "Niedostępne: Rozpocznij negocjację!",
    "Menu.OutP.Desc": "Przegląd potrzebnych surowców",
    "Menu.OutP.DescWarningBuildings": "<em id='outPW' class='tooltip-error'>Niedostępne: Odwiedź osadę!<br></em>Przegląd potrzebnych surowców",
    "Menu.OutP.DescWarningOutpostData": "<em id='outPW' class='tooltip-error'>Niedostępne: Rozpocznij osadę i przeładuj grę (F5)",
    "Menu.OutP.Title": "Osada",
    "Menu.OwnpartCalculator.Desc": "Tworzy plan budowy własnej perły, pomaga obliczyć miejsca z wymian i pozwala generować wiadomości ogłaszające",
    "Menu.OwnpartCalculator.Title": "Kalkulator budowy",
    "Menu.OwnpartCalculator.Warning": "Niedostępne: Otwórz swoją perłę architektury!",
    "Menu.Productions.Desc": "Wyświetla wszystkie aktywne produkcje w Twoim mieście.",
    "Menu.Productions.Title": "Przegląd produkcji",
    "Menu.Settings.Desc": "Kilka podstawowych ustawień",
    "Menu.Settings.Title": "Ustawienia",
    "Menu.Stats.Desc": "Towary, jednostki, nagrody, GPC",
    "Menu.Stats.Title": "Statystyki",
    "Menu.Technologies.Desc": "Oblicza koszt badań",
    "Menu.Technologies.Title": "Badania",
    "Menu.Technologies.Warning": "Niedostępne: otwórz menu badań <em>[R]</em>!",
    "Menu.Unit.Desc": "Przegląd wojsk",
    "Menu.Unit.Title": "Armia",
    "Menu.Unit.Warning": "Otwórz 1x \"Zarządzanie Armią\" <br><em>[U]</em>",
    "Menu.greatbuildings.Desc": "Podpowiada, którą Perłę Architektury ze zbiorem PR opłaca się rozbudować",
    "Menu.greatbuildings.Title": "Budowa Pereł Architektury",
    "Settings.AutomaticNegotiation.Desc": "Czy asystent powinien otwierać się automatycznie wraz z nową negocjacją i zamykać z jej zakończeniem?",
    "Settings.AutomaticNegotiation.Title": "Asystent negocjacji",
    "Settings.ChangeLanguage.Desc": "Jaki język powinien zostać użyty zamiast automatycznie wykrytego?",
    "Settings.ChangeLanguage.Title": "Zmień język",
    "Settings.GlobalSend.Desc": "Jeżeli chcesz śledzić postępy wewnątrz swojej gildii możesz aktywować to zaznaczenie. <br> Dla samodzielnego rozszerzenia możesz odznaczyć wybór.",
    "Settings.GlobalSend.Title": "Wysyłanie danych do foe-rechner.de",
    "Settings.MenuLength.Desc": "Ile elementów powinno mieścic menu rozszerzenia?<br> Puste lub \"0\" oznacza automatyczną wysokość.",
    "Settings.MenuLength.Title": "Wysokość menu",
    "Settings.ResetBoxPositions.Button": "Reset!",
    "Settings.ResetBoxPositions.Desc": "Zresetować ustawienie przycisków menu?",
    "Settings.ResetBoxPositions.Title": "Ustawienie przycisków",
    "Settings.SendGEXInfo.Desc": "Po kliknięciu na ranking aktywności lub miejsce gildii dane zostają uaktualnione",
    "Settings.SendGEXInfo.Title": "Aktualizacja Wypraw Gildyjnych",
    "Settings.SendGildMemberLGInfo.Desc": "Przy odwiedzinach członka gildii przesyła dane o jego perłach na foe-rechner.de przy zaznaczonej globalnej synchronizacji.",
    "Settings.SendGildMemberLGInfo.Title": "Aktualizuj dane o perłach członków gildii",
    "Settings.SendInvestigations.Desc": "Wejście w 'Ratusz'> 'Wiadomości'> 'Perły architektury' prześle informacje o zainwestowanych PRach",
    "Settings.SendInvestigations.Title": "Zainwestowane PR",
    "Settings.SendPlayersMotivation.Desc": "Czy przesyłać dane o motywacjach na zewnętrzny serwer?",
    "Settings.SendPlayersMotivation.Title": "Aktywność motywacji",
    "Settings.ShowTavernBadge.Desc": "Przy aktywacji dodatkowej negocjacji w tawernie pojawia się przesuwalny dymek z odliczaniem.",
    "Settings.ShowTavernBadge.Title": "Pokaż dymek tawerny",
    "Settings.Version.Desc": "<p>Wersja rozszerzenia</p><a target='_blank' href='https://foe-rechner.de/extension/update?v=__version__&lang=__language__'  class='game-cursor'>Changelog</a>",
    "Settings.Version.GuildId": "ID Gildii:",
    "Settings.Version.PlayerId": "ID Gracza:",
    "Settings.Version.Title": "Wersja",
    "Settings.Version.World": "Świat:",
    "_Language": "Polski"
}
