﻿{
    "API.GEXChampionship": "Posicionamento da guilda na expedição foi atualizado",
    "API.GEXPlayer": "Posicionamentos dos membros na expedição da guilda foram atualizados",
    "API.LGGildMember": "Os GEs do jogador __player__ foram transferidos",
    "API.LGInvest": "Os investimentos dos teus GEs foram transferidos",
    "API.UpdateSuccess": "atualização feita",
    "Boxes.Api.Title": "Configurações das extensões da API",
    "Boxes.BattleAssist.Text": "Seu exército tem apenas agentes secretos. Curar unidades usando diamantes ou recuar!",
    "Boxes.BattleAssist.Title": "Pare!",
    "Boxes.Calculator.ActiveRecurringQuest": "Missão recorrente ativa:",
    "Boxes.Calculator.ArkBonus": "Bônus do Arco",
    "Boxes.Calculator.AvailableFP": "PFs disponíveis",
    "Boxes.Calculator.BPs": "Plantas",
    "Boxes.Calculator.Commitment": "Custos",
    "Boxes.Calculator.Done": "feito",
    "Boxes.Calculator.FP": "PFs",
    "Boxes.Calculator.FriendlyInvestment": "Investimentos de amigos:",
    "Boxes.Calculator.HelpLink": "https://foe-rechner.de/extension/index#Kostenrechner",
    "Boxes.Calculator.LGNotConnected": "O GE não está ligado por uma estrada",
    "Boxes.Calculator.LGNotOpen": "O próximo nível não está ainda aberto",
    "Boxes.Calculator.LevelWarning": "ATENÇÃO! Nível atingido!",
    "Boxes.Calculator.Meds": "Medalhas",
    "Boxes.Calculator.Profit": "Lucro",
    "Boxes.Calculator.Step": "Nível ",
    "Boxes.Calculator.TTForderCosts": "Custos = __nettoreward__ < small > (recompensa líquida)</small> * __forderfactor __%<small>(investimento amigável)</small> = __costs__ ",
    "Boxes.Calculator.TTForderFPStockLow": "ATENÇÃO: O estoque de PF está muito baixo<br>Você tem apenas __fpstock__ de __costs__PF<br>Isso é __tooless__PF",
    "Boxes.Calculator.TTForderNegativeProfit": "O lugar não está seguro. É necessário investir mais __fpcount__ PFs.<br>Total para segurar o lugar: __totalfp__FP",
    "Boxes.Calculator.TTLevelWarning": "__fpcount__PF não cabem em <br>Investimento máximo: __totalfp__PF",
    "Boxes.Calculator.TTLoss": "Recompensa = __nettoreward__ < small > (recompensa líquida)</small> * __arcfactor __%<small>(Bônus de Arco)</small> = __bruttoreward__<br>Custos: __costs__ - Perda = __costs__<small>(custos)</small> - __bruttoreward__<small>(recompensa)</small> = __loss__ ",
    "Boxes.Calculator.TTLossSelf": "Recompensa = __nettoreward__<small>(recompensa líquida)</small> * __arcfactor __%<small>(Bônus de Arco)</small> = __bruttoreward__<br>Pago: __payed__<br>Perda = __payed__<small>(pago)</small> - __bruttoreward__<small>(recompensa)</small> = __loss__",
    "Boxes.Calculator.TTProfit": "Recompensa = __nettoreward__<small>(recompensa líquida)</small> * __arcfactor__%<small>(Bônus do Arco)</small> = __bruttoreward__<br>Costs: __costs__<br>Profit = __bruttoreward__<small>(reward)</small> - __costs__<small>(costs)</small> = __profit__",
    "Boxes.Calculator.TTProfitSelf": "Recompensa = __nettoreward__<small>(recompensa líquida)</small> * __arcfactor__%<small>(Bônus do Arco)</small> = __bruttoreward__<br>Payed: __payed__<br>Profit = __bruttoreward__<small>(reward)</small> - __payed__<small>(Payed)</small> = __profit__",
    "Boxes.Calculator.Title": "Calculadora de PFs em GE",
    "Boxes.Calculator.Up2LevelUp": "Até nivelar",
    "Boxes.Campagne.AlreadyDone": " já conquistado!",
    "Boxes.Campagne.DescInStock": "Disponível",
    "Boxes.Campagne.DescRequired": "Necessário",
    "Boxes.Campagne.DescStillMissing": "<span style='color:#29b206'>Excesso</span> / <span style='color:#ff4040'>Em falta</span>",
    "Boxes.Campagne.Resource": "Recurso",
    "Boxes.Campagne.Reward": "Recompensa total ",
    "Boxes.Campagne.Title": "Custos de conquista para ",
    "Boxes.CityMap.CavalierPerspecitve": "Perspectiva Cavaleira",
    "Boxes.CityMap.Desc1": "Para poder planejar sua cidade, precisamos transferir seus dados para foe-rechner.de",
    "Boxes.CityMap.Desc2": "<button class='btn-default' id='submit-data' onclick='CityMap.SubmitData()'>Enviar</button>",
    "Boxes.CityMap.FreeArea": "Área livre: ",
    "Boxes.CityMap.NormalPerspecitve": "Padrão",
    "Boxes.CityMap.SubmitSuccess": "Os dados foram enviados com sucesso... Visita agora ",
    "Boxes.CityMap.TitleSend": "Enviar dados",
    "Boxes.CityMap.WholeArea": "Área completa: ",
    "Boxes.CityMap.YourCity": "Sua cidade",
    "Boxes.EventChests.Chance": "Chance",
    "Boxes.EventChests.Cost": "Custos",
    "Boxes.EventChests.CostPerPrize": "Custo/Preço",
    "Boxes.EventChests.CostPerStep": "Custo/Passo",
    "Boxes.EventChests.MainPrize": "Preço Principal",
    "Boxes.EventChests.MainPrizeTitle": "Preço do dia: ",
    "Boxes.EventChests.Steps": "Passos",
    "Boxes.EventChests.Title": "Auxiliar de seleção de baú de eventos",
    "Boxes.Gildfights.Fights": "Lutas",
    "Boxes.Gildfights.LastSnapshot": " - última captura à __time__",
    "Boxes.Gildfights.Negotiations": "Negociações",
    "Boxes.Gildfights.Player": "Jogador",
    "Boxes.Gildfights.Title": "Resumo do jogador",
    "Boxes.HiddenRewards.Disappears": "Desaparece",
    "Boxes.HiddenRewards.NoEvents": "Não há incidentes",
    "Boxes.HiddenRewards.Title": "Incidentes escondidos",
    "Boxes.Infobox.Filter": "Filtro",
    "Boxes.Infobox.FilterAuction": "Leilões",
    "Boxes.Infobox.FilterGex": "Expedição da Guilda",
    "Boxes.Infobox.FilterGildFights": "Lutas de guilda",
    "Boxes.Infobox.FilterLevel": "Subida de nível",
    "Boxes.Infobox.FilterMessage": "Mensagens",
    "Boxes.Infobox.FilterTrade": "Comércio",
    "Boxes.Infobox.Messages.Auction": "'<strong>__player__</strong> acaba de oferecer __amount__ moedas.",
    "Boxes.Infobox.Messages.GEX": "<strong>__player__</strong> acaba de receber __points__ pontos na expedição da guilda.",
    "Boxes.Infobox.Messages.GildFightOccupied": "Província <span style=\"color:#ffb539\">__provinceName__</span> foi conquistada por <span style=\"color:__attackerColor__;text-shadow: 0 1px 1px __attackerShadow__\">__attackerName__</span> e está fechada até __untilOccupied__",
    "Boxes.Infobox.Messages.LevelUp": "O edifício __building__ do(a) __player__ atingiu o nível __level__.<br>Você conseguiu a posição <strong>__rank__</strong> e ganhou <strong>__fps__</strong> PFs.",
    "Boxes.Infobox.Messages.MsgBuilding": "__building__ - Nível __level__",
    "Boxes.Infobox.Messages.Trade": "<strong>__player__</strong> aceitou a sua oferta.<br>Recebeste __needValue__ __need__ por __offerValue__ __offer__",
    "Boxes.Infobox.ResetBox": "Limpar",
    "Boxes.Infobox.Title": "Informações",
    "Boxes.Investment.AllUpToDate": "Tudo atualizado",
    "Boxes.Investment.AllUpToDateDesc": "Todos os jogadores nessa página foram gravados",
    "Boxes.Investment.CurrReward": "Lucro atual: ",
    "Boxes.Investment.InvestBar": "PFs investidos: ",
    "Boxes.Investment.PlayerFound": "Jogador encontrado",
    "Boxes.Investment.PlayerFoundCount": "__count__ novo player-event foi encontrado",
    "Boxes.Investment.PlayerFoundCounter": "__count__ novos player-events foram encontrados",
    "Boxes.Investment.Title": "Investimento",
    "Boxes.Investment.TotalFP": "Estoque + investidos + lucro: ",
    "Boxes.Kits.InStock": "Em estoque",
    "Boxes.Kits.KitName": "Nome do Kit",
    "Boxes.Kits.Name": "Nome",
    "Boxes.Kits.Title": "Kits de construção / seleção",
    "Boxes.Negotiation.Average": "Ø quantidade",
    "Boxes.Negotiation.Canceled": "Negociação cancelada",
    "Boxes.Negotiation.Chance": "Probabilidade",
    "Boxes.Negotiation.DragDrop": "Pode ordenar as mercadorias e a sua média, arrastando os icones.",
    "Boxes.Negotiation.GoodsCritical": "ATENÇÃO: Estoque crítico de mercadoria",
    "Boxes.Negotiation.GoodsLow": "ATENÇÃO: Estoque baixo de mercadorias",
    "Boxes.Negotiation.Person": "Pessoa",
    "Boxes.Negotiation.Round": "Ronda",
    "Boxes.Negotiation.SaveCurrentEraGoods": "Salvar mercadorias atuais",
    "Boxes.Negotiation.SaveMedals": "Salvar medalhas",
    "Boxes.Negotiation.Stock": "Estoque:",
    "Boxes.Negotiation.Success": "Sucesso",
    "Boxes.Negotiation.TableLoadError": "Erro ao carregar a tabela de negociações",
    "Boxes.Negotiation.Title": "Auxiliar de Negociações",
    "Boxes.Negotiation.TryEnd": "Não há mais tentativas",
    "Boxes.Negotiation.WrongGoods": "Escolha mal feita! Por favor, continue manualmente",
    "Boxes.Negotiation.confirmGoodsMissmatch": "Certo",
    "Boxes.Outpost.DescInStock": "Disponível",
    "Boxes.Outpost.DescRequired": "Necessários",
    "Boxes.Outpost.DescStillMissing": "<span style='color:#29b206'>Excesso</span> / <span style='color:#ff4040'>em falta</span>",
    "Boxes.Outpost.ExpansionsSum": "Expansões",
    "Boxes.Outpost.ShowSums": "Mostrar totais:",
    "Boxes.Outpost.Title": "Mercadorias do Acampamento",
    "Boxes.Outpost.TitleBuildings": "Edifício",
    "Boxes.Outpost.TitleFree": "Livre",
    "Boxes.Outpost.TitleShort": "Resumo de mercadorias - ",
    "Boxes.Outpost.infoLine": "__runNumber__. tentativa, probabilidade de Bônus x4: __chanceX4__%",
    "Boxes.Outpost.nextTile": "Próxima expansão",
    "Boxes.Outpost.tileNotPlanned": "desligado",
    "Boxes.OwnpartCalculator.Arc": "Arco",
    "Boxes.OwnpartCalculator.Auto": "Auto",
    "Boxes.OwnpartCalculator.BPs": "Plantas",
    "Boxes.OwnpartCalculator.BuildingName": "Construção",
    "Boxes.OwnpartCalculator.CopyValues": "Copiar valores",
    "Boxes.OwnpartCalculator.Deposit": "Depósito",
    "Boxes.OwnpartCalculator.Done": "Concluído",
    "Boxes.OwnpartCalculator.Ext": "Ext",
    "Boxes.OwnpartCalculator.HelpLink": "https://foe-rechner.de/extension/index#Eigenanteilsrechner",
    "Boxes.OwnpartCalculator.IndividualName": "Nome Individual",
    "Boxes.OwnpartCalculator.LGTotalFP": "Total de PFs do GE",
    "Boxes.OwnpartCalculator.Levels": "níveis",
    "Boxes.OwnpartCalculator.Meds": "Medalhas",
    "Boxes.OwnpartCalculator.NoPlaceSafe": "Nenhum lugar seguro",
    "Boxes.OwnpartCalculator.Note": "Nota",
    "Boxes.OwnpartCalculator.OldLevel": "Antigo nível",
    "Boxes.OwnpartCalculator.Order": "Sequência",
    "Boxes.OwnpartCalculator.OutputScheme": "Esquema de Saída",
    "Boxes.OwnpartCalculator.OwnPart": "Contribuição pessoal",
    "Boxes.OwnpartCalculator.OwnPartRemaining": "Restante",
    "Boxes.OwnpartCalculator.PatronPart": "Participação do Proprietário",
    "Boxes.OwnpartCalculator.Place": "Lugar",
    "Boxes.OwnpartCalculator.PlayerName": "Jogador",
    "Boxes.OwnpartCalculator.Scheme": "Esquema",
    "Boxes.OwnpartCalculator.Step": "Nível",
    "Boxes.OwnpartCalculator.Title": "Calculadora de PFs em seu GE",
    "Boxes.OwnpartCalculator.YourName": "O seu nome",
    "Boxes.Productions.AdjacentBuildings": "Edifícios vizinhos",
    "Boxes.Productions.GuildPower": "Poder da Guilda",
    "Boxes.Productions.Happiness": "Felicidade",
    "Boxes.Productions.Headings.all": "Todos",
    "Boxes.Productions.Headings.amount": "Quantidade",
    "Boxes.Productions.Headings.boost": "Boost",
    "Boxes.Productions.Headings.culture": "Edifícios culturais",
    "Boxes.Productions.Headings.decoration": "Decorações",
    "Boxes.Productions.Headings.earning": "Resultados",
    "Boxes.Productions.Headings.goods": "Edifícios de mercadorias",
    "Boxes.Productions.Headings.greatbuilding": "Grande Edifícios",
    "Boxes.Productions.Headings.main_building": "Prefeitura",
    "Boxes.Productions.Headings.name": "Nome",
    "Boxes.Productions.Headings.number": "Número",
    "Boxes.Productions.Headings.production": "Edifícios de produção",
    "Boxes.Productions.Headings.random_production": "Produções aleatórias",
    "Boxes.Productions.Headings.residential": "Edifícios residenciais",
    "Boxes.Productions.Headings.street": "Estrada",
    "Boxes.Productions.ModeGroups": "Agrupado",
    "Boxes.Productions.ModeSingle": "Único",
    "Boxes.Productions.SearchInput": "Procurar edifício...",
    "Boxes.Productions.Title": "Resumo das Produções",
    "Boxes.Productions.Total": "Total: ",
    "Boxes.Settings.Active": "Ativado",
    "Boxes.Settings.Inactive": "Desativado",
    "Boxes.Settings.Title": "Configurações",
    "Boxes.Stats.BtnAll": "Todos",
    "Boxes.Stats.BtnAllPlayableEras": "Todas as eras",
    "Boxes.Stats.BtnAllPlayableErasTitle": "Selecione todas as idades reproduzíveis (sem: Sem idade, Especial)",
    "Boxes.Stats.BtnAllTittle": "Eras + Sem eras + Especial",
    "Boxes.Stats.BtnChartType.delta": "Delta",
    "Boxes.Stats.BtnChartType.line": "Linhas",
    "Boxes.Stats.BtnChartType.streamgraph": "Fluxo",
    "Boxes.Stats.BtnChartTypeTitle.delta": "Aumentar/diminuir gráfico",
    "Boxes.Stats.BtnChartTypeTitle.line": "Gráfico de Linha",
    "Boxes.Stats.BtnChartTypeTitle.streamgraph": "Gráfico de Fluxo",
    "Boxes.Stats.BtnLastEras": "Últimas 2 eras",
    "Boxes.Stats.BtnLastErasTitle": "Selecionar eras atuais e anteriores",
    "Boxes.Stats.BtnMyEra": "Minha Era",
    "Boxes.Stats.BtnNoEra": "Sem Era",
    "Boxes.Stats.BtnSource.statsGBGPlayers": "Campos de Batalha",
    "Boxes.Stats.BtnSource.statsRewards": "Recompensas",
    "Boxes.Stats.BtnSource.statsTreasureClanD": "Clã D. Tesouro",
    "Boxes.Stats.BtnSource.statsTreasureClanH": "Clã H. Tesouro",
    "Boxes.Stats.BtnSource.statsTreasurePlayerD": "Tesouro Diário",
    "Boxes.Stats.BtnSource.statsTreasurePlayerH": "Tesouro",
    "Boxes.Stats.BtnSource.statsUnitsD": "Unidades Diárias",
    "Boxes.Stats.BtnSource.statsUnitsH": "Unidades por Hora",
    "Boxes.Stats.BtnToggleAnnotations": "Anotações da GvG",
    "Boxes.Stats.BtnToggleAnnotationsTitle": "Mostrar uma diminuição de mercadorias no mapa GvG.",
    "Boxes.Stats.BtnToggleGroupBy": "Agrupar por Eras",
    "Boxes.Stats.BtnToggleGroupByTitle": "",
    "Boxes.Stats.Period.all": "Todo",
    "Boxes.Stats.Period.last30days": "Últimos 30 dias",
    "Boxes.Stats.Period.last7days": "Últimos 7 duas",
    "Boxes.Stats.Period.sinceTuesday": "Desde Terçca-Feira",
    "Boxes.Stats.Period.thisMonth": "Este Mês",
    "Boxes.Stats.Period.today": "Hoje",
    "Boxes.Stats.PeriodTitle.all": "Durante todo o tempo",
    "Boxes.Stats.PeriodTitle.last30days": "Coletados nos últimos 30 dias",
    "Boxes.Stats.PeriodTitle.last7days": "Coletados nos últimos 7 dias",
    "Boxes.Stats.PeriodTitle.sinceTuesday": "Coletado desde terça-feira (Expedição da Guilda começa na Terça-Feira)",
    "Boxes.Stats.PeriodTitle.thisMonth": "Coletado este mês",
    "Boxes.Stats.PeriodTitle.today": "Coletado hoje",
    "Boxes.Stats.Rewards.Source.battlegrounds_conquest": "Campos de Batalha",
    "Boxes.Stats.Rewards.Source.diplomaticGifts": "Presente especiais",
    "Boxes.Stats.Rewards.Source.guildExpedition": "Expedição da Guilda",
    "Boxes.Stats.Rewards.Source.spoilsOfWar": "Espólios de guerra",
    "Boxes.Stats.Rewards.SourceTitle.battlegrounds_conquest": "Recompensas do campo de batalha da Guilda",
    "Boxes.Stats.Rewards.SourceTitle.diplomaticGifts": "Presentes especiais coletados no Transportador Espacial",
    "Boxes.Stats.Rewards.SourceTitle.guildExpedition": "Recompensas coletadas na expedição da Guilda usando o Templo das Relíquias",
    "Boxes.Stats.Rewards.SourceTitle.spoilsOfWar": "Espólio de guerra dado pelo Castelo de Himeji",
    "Boxes.Stats.SourceTitle.statsGBGPlayers": "Placar de jogadores dos campos de batalha da guilda",
    "Boxes.Stats.SourceTitle.statsRewards": "Suas recompensas do Castelo de Himeji, Templo das Relíquias, Campo de Batalha da Guilda",
    "Boxes.Stats.SourceTitle.statsTreasureClanD": "Tesouro Diário do Clã",
    "Boxes.Stats.SourceTitle.statsTreasureClanH": "Tesouro do Clã por Hora",
    "Boxes.Stats.SourceTitle.statsTreasurePlayerD": "Seu Tesouro Diário",
    "Boxes.Stats.SourceTitle.statsTreasurePlayerH": "Seu tesouro a cada hora",
    "Boxes.Stats.SourceTitle.statsUnitsD": "Unidades Diárias",
    "Boxes.Stats.SourceTitle.statsUnitsH": "Suas Unidades por Hora",
    "Boxes.Stats.Title": "Estatística",
    "Boxes.Technologies.DescInStock": "Disponível",
    "Boxes.Technologies.DescRequired": "Necessário",
    "Boxes.Technologies.DescStillMissing": "<span style='color:#29b206'>Excesso</span> / <span style='color:#ff4040'>Em falta</span>",
    "Boxes.Technologies.NoTechs": "Chegou ao final desta era",
    "Boxes.Technologies.Resource": "Recurso",
    "Boxes.Technologies.Title": "Custos de pesquisa",
    "Boxes.Units.AlcaHarvest": "Seu Alcatraz está pronto para a colheita!",
    "Boxes.Units.Attack": "Ataque",
    "Boxes.Units.Bind": "Dependente",
    "Boxes.Units.Defend": "Defesa",
    "Boxes.Units.NextUnitsIn": "As próximas __count__ unidades chegam em <span class=\"alca-countdown\"></span> às __harvest__",
    "Boxes.Units.NotFilled": "não preenchido",
    "Boxes.Units.Proportionally": "Proporcional",
    "Boxes.Units.Quantity": "Quantidade",
    "Boxes.Units.ReadyToLoot": "Pronto a sacar!",
    "Boxes.Units.Status": "Status",
    "Boxes.Units.Title": "Resumo do Exército",
    "Boxes.Units.Unbind": "Independente",
    "Boxes.Units.Unit": "Unidade",
    "DateTime": "D/M/YY h:mm:ss a",
    "Eras.0": "Sem Era",
    "Eras.1": "Idade da Pedra",
    "Eras.10": "Era Moderna",
    "Eras.11": "Era Pós-Moderna",
    "Eras.12": "Era Contemporânea",
    "Eras.13": "Amanhã",
    "Eras.14": "O Futuro",
    "Eras.15": "Futuro Ártico",
    "Eras.16": "Futuro Oceânico",
    "Eras.17": "Futuro Virtual",
    "Eras.18": "Era Espacial Marte",
    "Eras.19": "Era Espacial Cinturão de Asteróides",
    "Eras.2": "Idade do Bronze",
    "Eras.20": "Era Espacial Vênus",
    "Eras.3": "Idade do Ferro",
    "Eras.4": "Início da Idade Média",
    "Eras.5": "Alta Idade Média",
    "Eras.6": "Finais da Idade Média",
    "Eras.7": "Era Colonial",
    "Eras.8": "Era Industrial",
    "Eras.9": "Era Progressiva",
    "Global.BoxTitle": "FoE Helper",
    "HiddenRewards.Positions.cityRoadBig": "Estrada grande",
    "HiddenRewards.Positions.cityRoadSmall": "Estrada pequena",
    "HiddenRewards.Positions.guildExpedition": "Expedição da Guilda",
    "HiddenRewards.Positions.nature": "Natureza",
    "HiddenRewards.Positions.shore": "Costa",
    "HiddenRewards.Positions.water": "Na água",
    "HiddenRewards.Table.expires": "Expira em",
    "HiddenRewards.Table.position": "Posição",
    "HiddenRewards.Table.type": "Tipo",
    "Local": "pt-BR",
    "Menu.Calculator.Desc": "Calcular todos os lugares e possíveis recortes",
    "Menu.Calculator.Title": "Calculadora de custos",
    "Menu.Calculator.Warning": "Desabilitado: Abra primeiro o GE de outro jogador!",
    "Menu.Campagne.Desc": "Resumo dos recursos necessários",
    "Menu.Campagne.Title": "Campanha",
    "Menu.Campagne.Warning": "Desabilitado: Abra uma provincia primeiro!",
    "Menu.Chat.Desc": "Converse em tempo real com todos os membros da guilda",
    "Menu.Chat.Title": "Chat ao vivo da guilda",
    "Menu.Citymap.Desc": "Mostra a cidade vista de cima",
    "Menu.Citymap.Title": "Mapa da cidade",
    "Menu.HiddenRewards.Desc": "Resumo dos incidentes escondidos",
    "Menu.HiddenRewards.Title": "Incidentes escondidos",
    "Menu.Info.Desc": "Mostra tudo o que acontece no \"background\"<br><em>Preenche com informações...</em>",
    "Menu.Info.Title": "Informações",
    "Menu.Kits.Desc": "Lista todos os kits de construção, atualização e seleção existentes",
    "Menu.Kits.Title": "Kits de Construção",
    "Menu.Negotiation.Desc": "Faz sugestões para negociações",
    "Menu.Negotiation.Title": "Auxiliar de negociações",
    "Menu.Negotiation.Warning": "Desabilitado: Começe uma negociação primeiro!",
    "Menu.OutP.Desc": "Resumo dos recursos necessários",
    "Menu.OutP.DescWarningBuildings": "<em id='outPW' class='tooltip-error'>Desabilitado: Abra primeiro o Acampamento!<br></em>Resumo dos recursos necessários",
    "Menu.OutP.DescWarningOutpostData": "<em id='outPW' class='tooltip-error'>Desabilitado: Inicie primeiro um Acampamento e atualize a página (F5)",
    "Menu.OutP.Title": "Acampamento",
    "Menu.OwnpartCalculator.Desc": "Simula um plano de investimento, calcula lugares e copia valores",
    "Menu.OwnpartCalculator.Title": "Calculadora de PFs em GE próprio",
    "Menu.OwnpartCalculator.Warning": "Desabilitado: Abra um de seus GEs!",
    "Menu.Productions.Desc": "Mostra o total atual de todas as produções.",
    "Menu.Productions.Title": "Resumo da Produção",
    "Menu.Settings.Desc": "Algumas configurações possíveis",
    "Menu.Settings.Title": "Configurações",
    "Menu.Stats.Desc": "Mercadorias, unidades, recompensas, campo de batalha da guilda",
    "Menu.Stats.Title": "Estatísticas",
    "Menu.Technologies.Desc": "Calcular custo da pesquisa",
    "Menu.Technologies.Title": "Pesquisas",
    "Menu.Technologies.Warning": "Desabilitado: Abra primeiro o campo de pesquisa!",
    "Menu.Unit.Desc": "Resumo das suas tropas",
    "Menu.Unit.Title": "Exército",
    "Menu.Unit.Warning": "Abra 1x sua \"Organização do Exército\"<br>Botão\"U\"",
    "Settings.AutomaticNegotiation.Desc": "O assistente deve abrir automaticamente com uma negociação e fechar quando cancelado?",
    "Settings.AutomaticNegotiation.Title": "Auxiliar de negociações",
    "Settings.ChangeLanguage.Desc": "Que idioma deve ser utilizado, em vez do definido automaticamente?",
    "Settings.ChangeLanguage.Title": "Mudar idioma",
    "Settings.GlobalSend.Desc": "Se você deseja rastrear dados com sua guilda, ative essa opção. <br> Para uma utilização apenas pessoal, desativa esta opção.",
    "Settings.GlobalSend.Title": "Envio para foe-rechner.de",
    "Settings.MenuLength.Desc": "Quantos elementos, em altura, deverá ter o menu?<br> Sem nada ou \"0\" definir uma altura automática.",
    "Settings.MenuLength.Title": "Altura do Menu",
    "Settings.ResetBoxPositions.Button": "Apagar!",
    "Settings.ResetBoxPositions.Desc": "Reiniciar todas as coordenadas de todas as janelas?",
    "Settings.ResetBoxPositions.Title": "Coordenadas da Box",
    "Settings.SendGEXInfo.Desc": "Dados dos rankings e lugares na expedição da guilda serão enviados, quando clicados",
    "Settings.SendGEXInfo.Title": "Avaliações da Expedição da Guilda",
    "Settings.SendGildMemberLGInfo.Desc": "Quando visitar as cidades de outros membros da guilda, todos os dados dos GEs serão enviados também para foe-rechner.de .",
    "Settings.SendGildMemberLGInfo.Title": "GEs de outros membros da guilda",
    "Settings.SendInvestigations.Desc": "Ao entrar na 'Prefeitura'> 'Notícias'> 'Grandes Edifícios' vai exibir os PFs investidos",
    "Settings.SendInvestigations.Title": "Investimento PFs",
    "Settings.SendPlayersMotivation.Desc": "As atividades de motivação devem ser transferidas quando os eventos são chamados?",
    "Settings.SendPlayersMotivation.Title": "Atividade da motivação",
    "Settings.ShowTavernBadge.Desc": "Assim que o movimento extra na taberna é ativado, um contador móvel global aparece.",
    "Settings.ShowTavernBadge.Title": "Mostra o estado da bonificação da taberna",
    "Settings.Version.Desc": "Versão da Extensão do Chrome",
    "Settings.Version.GuildId": "ID da guilda:",
    "Settings.Version.PlayerId": "ID do jogador:",
    "Settings.Version.Title": "Versão",
    "Settings.Version.World": "Mundo:",
    "_Language": "Português do Brasil"
}
