﻿{
    "API.GEXChampionship": "O Ranking de Guilds do GE foi atualizado",
    "API.GEXPlayer": "O Ranking de Jogadores do GE foi atualizado",
    "API.LGGildMember": "As informações de GBs do __player__ foram atualizadas",
    "API.LGInvest": "Os investimentos dos seus GBs foram atualizados",
    "API.UpdateSuccess": "Atualização realizada com sucesso!",
    "Boxes.Alerts.Form.Antiques.Auction": "Leilão",
    "Boxes.Alerts.Form.Antiques.Dealer": "Leiloeiro de Antiguidades",
    "Boxes.Alerts.Form.Battleground": "Províncias do Campo de batalhas",
    "Boxes.Alerts.Form.Body": "Corpo",
    "Boxes.Alerts.Form.Create": "Criar",
    "Boxes.Alerts.Form.CreateAlert": "Criar Alerta",
    "Boxes.Alerts.Form.CreateAllSectors": "Criar para todos os setores",
    "Boxes.Alerts.Form.CreateNewAlert": "Criar Novo Alerta",
    "Boxes.Alerts.Form.Datetime": "Data &amp; Hora",
    "Boxes.Alerts.Form.Delete": "Excluir",
    "Boxes.Alerts.Form.Discard": "Descartar",
    "Boxes.Alerts.Form.Edit": "Editar",
    "Boxes.Alerts.Form.EditAlert": "Editar Alerta",
    "Boxes.Alerts.Form.Expiration": "Expiração",
    "Boxes.Alerts.Form.Expired": "Expirado",
    "Boxes.Alerts.Form.Expires": "Expira em",
    "Boxes.Alerts.Form.Neighborhood": "Vizinhança",
    "Boxes.Alerts.Form.Persistence.Description": "A notificação permanecerá aberta até que o usuário feche ou clique na notificação",
    "Boxes.Alerts.Form.Persistence.Off": "Desligado",
    "Boxes.Alerts.Form.Persistence.On": "Ligado",
    "Boxes.Alerts.Form.Preset.Now": "Agora",
    "Boxes.Alerts.Form.Preview": "Pré-Visualização",
    "Boxes.Alerts.Form.Repeat": "Repetir",
    "Boxes.Alerts.Form.Repeat.Every": "ou todos",
    "Boxes.Alerts.Form.Repeat.Never": "nunca",
    "Boxes.Alerts.Form.Save": "Gravar",
    "Boxes.Alerts.Form.Tag": "Tag",
    "Boxes.Alerts.Form.Tag.Description": "Tags podem ser usadas para agrupar notificações (uma nova notificação com uma tag existente substituirá uma notificação mais velha que usa a mesma tag)",
    "Boxes.Alerts.Form.Title": "Título",
    "Boxes.Alerts.Permissions.Default": "Habilita notificações no seu navegador para usar essa funcionalidade",
    "Boxes.Alerts.Permissions.Denied": "Notificações foram desabilitadas. Para habilitar notificações no seu navegador, vá até chrome://settings/content/notifications e depois atualize essa página para ver as mudanças",
    "Boxes.Alerts.Permissions.Enable": "Habilitar",
    "Boxes.Alerts.Permissions.Refresh": "Atualizar página",
    "Boxes.Alerts.Preferences.Auction.Info": "Criar automaticamente um novo alerta quando eu der um novo lance no Leilão de Antiguidades",
    "Boxes.Alerts.Preferences.Auction.Title": "Leilão de Antiguidades",
    "Boxes.Alerts.Preferences.Battlegrounds.Info": "Enviar um alerta imediato quando tiver muita atividade no Campo de Batalhas (por exemplo, 10 batalhas em um determinado setor em um intervalo de 5 segundos). Por favor tenha ciência que esse alerta só irá funcionar se o Campo de Batalhas estiver disponível no jogo.",
    "Boxes.Alerts.Preferences.Battlegrounds.Title": "Monitoramento de Campo de Batalhas",
    "Boxes.Alerts.Preferences.ComingSoon": "Em breve...  ",
    "Boxes.Alerts.Preferences.Early.Info": "Gera alertas automáticos de tempo. Notificações serão enviadas antes que um evento aconteça. Por exemplo, se configurar esse valor para 30 segundos as finalizações de leilões serão exibidos 30 segundos antes dele realmente acontecer.",
    "Boxes.Calculator.ActiveRecurringQuest": "Desafio recurrente activo:",
    "Boxes.Calculator.ArkBonus": "Bónus de Arca",
    "Boxes.Calculator.AvailableFP": "PFs disponiveis",
    "Boxes.Calculator.BPs": "Plantas",
    "Boxes.Calculator.Commitment": "Custos",
    "Boxes.Calculator.Done": "feito",
    "Boxes.Calculator.FP": "PFs",
    "Boxes.Calculator.FriendlyInvestment": "Investimentos amigos:",
    "Boxes.Calculator.LGNotConnected": "O GE não está ligado por uma rua",
    "Boxes.Calculator.LGNotOpen": "O próximo nivel não está ainda aberto",
    "Boxes.Calculator.LevelWarning": "ATENÇÃO! Nivel atingido!",
    "Boxes.Calculator.Meds": "Medalhas",
    "Boxes.Calculator.Profit": "Lucro",
    "Boxes.Calculator.Step": "Nivel ",
    "Boxes.Calculator.TTForderNegativeProfit": "O lugar não está seguro. É necessário investir mais __fpcount__ PFs.<br>Total para segurar o lugar: __totalfp__FP",
    "Boxes.Calculator.TTLevelWarning": "__fpcount__FP não cabem em <br>Maximum investment: __totalfp__FP",
    "Boxes.Calculator.Title": "Calculador de PFs em GE",
    "Boxes.Calculator.Up2LevelUp": "Até nivelar",
    "Boxes.Campagne.AlreadyDone": " já conquistado!",
    "Boxes.Campagne.DescInStock": "Disponivel",
    "Boxes.Campagne.DescRequired": "Necessário",
    "Boxes.Campagne.DescStillMissing": "<span style='color:#29b206'>Excesso</span> / <span style='color:#ff4040'>Em falta</span>",
    "Boxes.Campagne.Resource": "Recurso",
    "Boxes.Campagne.Reward": "Recompensa total ",
    "Boxes.Campagne.Title": "Custos de conquista para ",
    "Boxes.CityMap.CavalierPerspecitve": "Perspectiva Cavaleira",
    "Boxes.CityMap.Desc1": "Para planificar a sua cidade, temos que transferir para foe-rechner.de",
    "Boxes.CityMap.Desc2": "<button class='btn-default' id='submit-data' onclick='CityMap.SubmitData()'>Enviar</button>",
    "Boxes.CityMap.FreeArea": "Area livre: ",
    "Boxes.CityMap.NormalPerspecitve": "Standard",
    "Boxes.CityMap.SubmitSuccess": "Os dados foram enviados com sucesso... Visita agora ",
    "Boxes.CityMap.TitleSend": "Submeter dados",
    "Boxes.CityMap.WholeArea": "Area completa: ",
    "Boxes.CityMap.YourCity": "Tua cidade",
    "Boxes.EventChests.Chance": "Chance",
    "Boxes.EventChests.Cost": "Custas",
    "Boxes.EventChests.CostPerPrize": "Custa/Preço",
    "Boxes.EventChests.CostPerStep": "Custa/Step",
    "Boxes.EventChests.MainPrize": "Main Prize",
    "Boxes.EventChests.MainPrizeTitle": "Preço do dia: ",
    "Boxes.Gildfights.Fights": "Lutas",
    "Boxes.Gildfights.LastSnapshot": " - ultimo captura à __time__",
    "Boxes.Gildfights.Negotiations": "Negociações",
    "Boxes.Gildfights.Player": "Jogador",
    "Boxes.Gildfights.Title": "Resumo jogador",
    "Boxes.HiddenRewards.Disappears": "Desaparece",
    "Boxes.HiddenRewards.NoEvents": "Não há incidentes",
    "Boxes.HiddenRewards.Title": "Incidentes escondidos",
    "Boxes.Infobox.Filter": "Filtro",
    "Boxes.Infobox.FilterAuction": "Leilões",
    "Boxes.Infobox.FilterGildFights": "Lutas de guilda",
    "Boxes.Infobox.FilterLevel": "Subida de nivel",
    "Boxes.Infobox.FilterMessage": "Mensagens",
    "Boxes.Infobox.FilterTrade": "Comércio",
    "Boxes.Infobox.Messages.GildFightOccupied": "Provincia <span style=\"color:#ffb539\">__provinceName__</span> foi conquistada por <span style=\"color:__attackerColor__;text-shadow: 0 1px 1px __attackerShadow__\">__attackerName__</span> e está fechada até __untilOccupied__",
    "Boxes.Infobox.Messages.LevelUp": "O edificio __building__ do(a) __player__ atingiu o nivel __level__.<br>Conseguiste a posição <strong>__rank__</strong> e ganhaste <strong>__fps__</strong> PFs.",
    "Boxes.Infobox.Messages.MsgBuilding": "__building__ - Nivel __level__",
    "Boxes.Infobox.Messages.Trade": "<strong>__player__</strong> aceitou a tua oferta.<br>Recebeste __needValue__ __need__ por __offerValue__ __offer__",
    "Boxes.Infobox.ResetBox": "Limpar",
    "Boxes.Infobox.Title": "Informações",
    "Boxes.Investment.AllUpToDate": "Tudo actualizado",
    "Boxes.Investment.CurrReward": "Lucro actual: ",
    "Boxes.Investment.InvestBar": "PFs investidos: ",
    "Boxes.Investment.Title": "Investimento",
    "Boxes.Investment.TotalFP": "Estoque + investidos + lucro: ",
    "Boxes.Kits.InStock": "Em estoque",
    "Boxes.Negotiation.Average": "Ø quantidade",
    "Boxes.Negotiation.Canceled": "Negociação anulada",
    "Boxes.Negotiation.Chance": "Probabilidade",
    "Boxes.Negotiation.DragDrop": "Pode ordenar as mercadorias e a sua média, arrastando os icones.",
    "Boxes.Negotiation.GoodsCritical": "ATENÇÃO: Estoque critico de mercadoria",
    "Boxes.Negotiation.GoodsLow": "ATENÇÃO: Estoque baixo de mercadoria",
    "Boxes.Negotiation.Person": "Pessoa",
    "Boxes.Negotiation.Round": "Ronda",
    "Boxes.Negotiation.Success": "Sucesso",
    "Boxes.Negotiation.TableLoadError": "Erro a carregar a tabela de negociações",
    "Boxes.Negotiation.Title": "Ajudante de Negociações",
    "Boxes.Negotiation.TryEnd": "Não há mais tentativas",
    "Boxes.Negotiation.WrongGoods": "Má escolha feita, por favor continue manualmente",
    "Boxes.Outpost.DescInStock": "Disponivel",
    "Boxes.Outpost.DescRequired": "Necessários",
    "Boxes.Outpost.DescStillMissing": "<span style='color:#29b206'>Excesso</span> / <span style='color:#ff4040'>em falta</span>",
    "Boxes.Outpost.ExpansionsSum": "Expansões",
    "Boxes.Outpost.Title": "Mercadorias da colónia",
    "Boxes.Outpost.TitleBuildings": "Edificio",
    "Boxes.Outpost.TitleFree": "Livre",
    "Boxes.Outpost.TitleShort": "Resumo de mercadorias - ",
    "Boxes.Outpost.infoLine": "__runNumber__. tentativa, probabilidade Bonus x4: __chanceX4__%",
    "Boxes.Outpost.nextTile": "Próxima expansão",
    "Boxes.OwnpartCalculator.Arc": "Arca",
    "Boxes.OwnpartCalculator.BPs": "Plantas",
    "Boxes.OwnpartCalculator.Deposit": "Depósito",
    "Boxes.OwnpartCalculator.Done": "Feito",
    "Boxes.OwnpartCalculator.IndividualName": "Nome Individual",
    "Boxes.OwnpartCalculator.LGTotalFP": "Total de PFs do GE",
    "Boxes.OwnpartCalculator.Levels": "niveis",
    "Boxes.OwnpartCalculator.Meds": "Medalhas",
    "Boxes.OwnpartCalculator.NoPlaceSafe": "Nenhum lugar seguro",
    "Boxes.OwnpartCalculator.Note": "Nota",
    "Boxes.OwnpartCalculator.OldLevel": "Antigo nivel",
    "Boxes.OwnpartCalculator.Order": "Sequência",
    "Boxes.OwnpartCalculator.OutputScheme": "Esquema de Output",
    "Boxes.OwnpartCalculator.OwnPart": "Contribuição pessoal",
    "Boxes.OwnpartCalculator.OwnPartRemaining": "Restante",
    "Boxes.OwnpartCalculator.PatronPart": "Quota-parte do Proprietário",
    "Boxes.OwnpartCalculator.Place": "Lugar",
    "Boxes.OwnpartCalculator.Step": "Nivel",
    "Boxes.OwnpartCalculator.Title": "Calculador de PFs em GE próprio",
    "Boxes.OwnpartCalculator.YourName": "O seu nome",
    "Boxes.Productions.AdjacentBuildings": "Edifios adjacentes",
    "Boxes.Productions.Happiness": "Felicidade",
    "Boxes.Productions.Headings.all": "Todos",
    "Boxes.Productions.Headings.amount": "Quantidade",
    "Boxes.Productions.Headings.culture": "Edificios culturais",
    "Boxes.Productions.Headings.decoration": "Decorações",
    "Boxes.Productions.Headings.earning": "Resultados",
    "Boxes.Productions.Headings.goods": "Edificios de mercadorias",
    "Boxes.Productions.Headings.greatbuilding": "Grande Edificios",
    "Boxes.Productions.Headings.main_building": "Cãmara",
    "Boxes.Productions.Headings.number": "Numero",
    "Boxes.Productions.Headings.production": "Edificios de produção",
    "Boxes.Productions.Headings.random_production": "Produções surpresa",
    "Boxes.Productions.Headings.residential": "Edificios residenciais",
    "Boxes.Productions.Headings.street": "Ruas",
    "Boxes.Productions.ModeGroups": "Grupos",
    "Boxes.Productions.SearchInput": "Procurar edificio...",
    "Boxes.Productions.Title": "Resumo das Produções",
    "Boxes.Settings.Active": "Activo",
    "Boxes.Settings.Inactive": "Desactivo",
    "Boxes.Settings.Title": "Configurações",
    "Boxes.Technologies.DescInStock": "Disponivel",
    "Boxes.Technologies.DescRequired": "Necessário",
    "Boxes.Technologies.DescStillMissing": "<span style='color:#29b206'>Excesso</span> / <span style='color:#ff4040'>Em falta</span>",
    "Boxes.Technologies.NoTechs": "Chegou ao final desta era",
    "Boxes.Technologies.Resource": "Recurso",
    "Boxes.Technologies.Title": "Custos de pesquisa",
    "Boxes.Units.Bind": "Dependente",
    "Boxes.Units.NextUnitsIn": "As próximas __count__ unidades chegam em <span class=\"alca-countdown\"></span> às __harvest__",
    "Boxes.Units.Proportionally": "Proporcional",
    "Boxes.Units.Quantity": "Quantidade",
    "Boxes.Units.ReadyToLoot": "Pronto a sacar!",
    "Boxes.Units.Title": "Resumo do Exército",
    "Boxes.Units.Unbind": "Independente",
    "Boxes.Units.Unit": "Unidade",
    "Eras.0": "Sem Era",
    "Eras.1": "Idade da Pedra",
    "Eras.10": "Era Moderna",
    "Eras.11": "Era Pós-Moderna",
    "Eras.12": "Era Contemporânea",
    "Eras.13": "Amanhã",
    "Eras.14": "O Futuro",
    "Eras.15": "Futuro Ártico",
    "Eras.16": "Futuro Oceânico",
    "Eras.17": "Futuro Virtual",
    "Eras.18": "Era Espacial Marte",
    "Eras.19": "Era Espacial Ceres",
    "Eras.2": "Idade do Bronze",
    "Eras.3": "Idade do Ferro",
    "Eras.4": "Início da Idade Média",
    "Eras.5": "Alta Idade Média",
    "Eras.6": "Finais da Idade Média",
    "Eras.7": "Era Colonial",
    "Eras.8": "Era Industrial",
    "Eras.9": "EraProgressiva",
    "HiddenRewards.Positions.cityRoadBig": "Estrada grande",
    "HiddenRewards.Positions.cityRoadSmall": "Estrada pequena",
    "HiddenRewards.Positions.guildExpedition": "Expedição da Guilda",
    "HiddenRewards.Positions.nature": "Natureza",
    "HiddenRewards.Positions.shore": "Costa",
    "HiddenRewards.Positions.water": "Na água",
    "HiddenRewards.Table.expires": "Expira em",
    "HiddenRewards.Table.position": "Posição",
    "HiddenRewards.Table.type": "Tipo",
    "Local": "pt-PT",
    "Menu.Calculator.Desc": "Calcula todos os lugares e possiveis snipes",
    "Menu.Calculator.Title": "Calculador de custos",
    "Menu.Calculator.Warning": "Disabled: Abre primeiro o GE de outro jogador!",
    "Menu.Campagne.Desc": "Resumo dos recursos necessários",
    "Menu.Campagne.Title": "Campanha",
    "Menu.Campagne.Warning": "Disabled: Abre uma provincia primeiro!",
    "Menu.Chat.Desc": "Converse em tempo real com todos os membros da guilda",
    "Menu.Citymap.Desc": "Mostra a tua cidade, num esquema visto de cima",
    "Menu.Citymap.Title": "Mapa da cidade",
    "Menu.HiddenRewards.Desc": "Resumo dos incidentes escondidos",
    "Menu.HiddenRewards.Title": "Incidentes escondidos",
    "Menu.Info.Desc": "Mostra tudo o que acontece no \"background\"<br><em>Enche com informação...</em>",
    "Menu.Info.Title": "Informações",
    "Menu.Negotiation.Desc": "Faz sugestões para negociações",
    "Menu.Negotiation.Title": "Ajudante de negociações",
    "Menu.Negotiation.Warning": "Disabled: Começa uma negociação primeiro!",
    "Menu.OutP.Desc": "Resumo dos recursos necessários",
    "Menu.OutP.DescWarningBuildings": "<em id='outPW' class='tooltip-error'>Disabled: Abre primeiro a colónia!<br></em>Resumo dos recursos necessários",
    "Menu.OutP.DescWarningOutpostData": "<em id='outPW' class='tooltip-error'>Disabled: Começa primeiro uma colónia e relança o jogo (F5)",
    "Menu.OutP.Title": "Colónia",
    "Menu.OwnpartCalculator.Desc": "Simula um plano de investimento, calcula lugares e copia valores",
    "Menu.OwnpartCalculator.Title": "Calculador de PFs em GE próprio",
    "Menu.OwnpartCalculator.Warning": "Disabled: Abre primeiro um GE teu!",
    "Menu.Productions.Desc": "Mostra o total actual de todas as produções.",
    "Menu.Productions.Title": "Resumo da Produção",
    "Menu.Settings.Desc": "Algumas configurações possiveis",
    "Menu.Settings.Title": "Configurações",
    "Menu.Technologies.Desc": "Calcula custos para tecnologias",
    "Menu.Technologies.Title": "Tecnologias",
    "Menu.Technologies.Warning": "Disabled: Abre primeiro a árvore tecnológica!",
    "Menu.Unit.Desc": "Resumo das suas tropas",
    "Menu.Unit.Title": "Exército",
    "Menu.Unit.Warning": "Abra uma vez o seu exército - <br>tecla \"U\"",
    "Settings.AutomaticNegotiation.Desc": "Deveria o assistente abrir automaticamente com uma negociação?",
    "Settings.AutomaticNegotiation.Title": "Ajudante de negociações",
    "Settings.ChangeLanguage.Desc": "Que languagem deve ser utilisada, em vez da definida automaticamente?",
    "Settings.ChangeLanguage.Title": "Mudar linguagem",
    "Settings.GlobalSend.Desc": "Se quiseres informações sobre a tua guilda, activa esta opção. <br> Para uma utilização apenas pessoal, desactiva esta opção.",
    "Settings.GlobalSend.Title": "Transmissão para foe-rechner.de",
    "Settings.MenuLength.Desc": "Quantos elementos, em altura, deverá o menu ter?<br> Vazio ou \"0\" define uma altura automática.",
    "Settings.MenuLength.Title": "Altura do Menu",
    "Settings.ResetBoxPositions.Button": "Apagar!",
    "Settings.ResetBoxPositions.Desc": "Reiniciar todas as coordenadas de todas as janelas?",
    "Settings.ResetBoxPositions.Title": "Coordenadas da Box",
    "Settings.SendGildMemberLGInfo.Desc": "Quand visitas as cidades de outros membros da guilda, todos os dados dos GEs serã enviados também para foe-rechner.de .",
    "Settings.SendGildMemberLGInfo.Title": "GEs de outros membros da guilda",
    "Settings.SendInvestigations.Desc": "Ao entrar na 'Câmara Municipal'> 'Noticias'> 'Grandes Edificios' vai transmitir os PFs investidos",
    "Settings.SendInvestigations.Title": "Investimentp PFs",
    "Settings.SendPlayersMotivation.Desc": "Queres que a actividade de motivação seja enviada juntamente com os eventos?",
    "Settings.SendPlayersMotivation.Title": "Actividade da motivação",
    "Settings.ShowTavernBadge.Desc": "Quando a bonificação da taberna é activada, um contador é visivel.",
    "Settings.ShowTavernBadge.Title": "Mostra o estado da bonificação da taberna",
    "Settings.Version.Desc": "Chrome Extension Version",
    "Settings.Version.Title": "Versão",
    "_Language": "Português"
}
