﻿{
    "API.GEXChampionship": "Contribuția membrilor ghildei la EG a fost actualizată",
    "API.GEXPlayer": "Clasamentul EG a fost actualizat",
    "API.LGGildMember": "Datele despre clădirile legendare ale lui _player__'s au fost transmise",
    "API.LGInvest": "Datele despre investițiile tale în CL au fost transmise",
    "API.UpdateSuccess": "Actualizare efectuată",
    "Boxes.Alerts.Form.Antiques.Auction": "Licitaţie",
    "Boxes.Alerts.Form.Create": "Creează",
    "Boxes.Alerts.Form.CreateAlert": "Creează alertă",
    "Boxes.Alerts.Form.CreateNewAlert": "Creează alertă nouă",
    "Boxes.Alerts.Form.Datetime": "Data și ora",
    "Boxes.Alerts.Form.Delete": "Șterge",
    "Boxes.Alerts.Form.Discard": "Anulează",
    "Boxes.Alerts.Form.Edit": "Editează",
    "Boxes.Alerts.Form.EditAlert": "Editează alerta",
    "Boxes.Alerts.Form.Neighborhood": "Vecinătate",
    "Boxes.Alerts.Form.Preset.Now": "Acum",
    "Boxes.Alerts.Form.Repeat": "Repetă",
    "Boxes.Alerts.Form.Repeat.Never": "niciodată",
    "Boxes.Alerts.Form.Save": "Salvează",
    "Boxes.Alerts.Form.Title": "Titlu",
    "Boxes.Alerts.Permissions.Default": "Activează notificările din browser pentru a utiliza această funcție",
    "Boxes.Alerts.Permissions.Denied": "Notificările au fost dezactivate. Pentru a activa notificările din browser, mergi la chrome://settings/content/notifications și apoi reîncarcă această pagină.",
    "Boxes.Alerts.Permissions.Enable": "Activează",
    "Boxes.Alerts.Permissions.Refresh": "Reîncarcă",
    "Boxes.Calculator.ActiveRecurringQuest": "Misiunea repetitivă actuală:",
    "Boxes.Calculator.ArkBonus": "Bonusul Domului",
    "Boxes.Calculator.AvailableFP": "PF disponibile",
    "Boxes.Calculator.BPs": "Planuri",
    "Boxes.Calculator.Commitment": "Cost",
    "Boxes.Calculator.Done": "Terminat",
    "Boxes.Calculator.FP": "PF",
    "Boxes.Calculator.FriendlyInvestment": "Procent investiții:",
    "Boxes.Calculator.LGNotConnected": "Clădirea nu este conectată la stradă!",
    "Boxes.Calculator.LGNotOpen": "Nivelul nu este deblocat!",
    "Boxes.Calculator.LevelWarning": "ATENȚIE! Închide nivelul la CL!",
    "Boxes.Calculator.Meds": "Med.",
    "Boxes.Calculator.Step": "Nivelul",
    "Boxes.Calculator.TTForderNegativeProfit": "Locul nu este asigurat. Încă __fpcount__PF trebuie depuse pentru a asigura locul.<br>Total pentru asigurarea locului: __totalfp__PF.",
    "Boxes.Calculator.TTLevelWarning": "__fpcount__PF mi pot fi donate.<br>Investiția maximă: __totalfp__PF",
    "Boxes.Calculator.Title": "Investiții în alte CL",
    "Boxes.Calculator.Up2LevelUp": "PF rămase până la închidere",
    "Boxes.Campagne.AlreadyDone": " cucerită deja!",
    "Boxes.Campagne.DescInStock": "Disponibil",
    "Boxes.Campagne.DescRequired": "Necesar",
    "Boxes.Campagne.DescStillMissing": "<span style='color:#29b206'>Surplus</span> / <span style='color:#ff4040'>Lipsă</span>",
    "Boxes.Campagne.Resource": "Resurse",
    "Boxes.Campagne.Reward": "Total recompense",
    "Boxes.Campagne.Title": "Cucerirea Hărții continentelor ",
    "Boxes.CityMap.Desc1": "Pentru a putea planifica orașul, este nevoie să trimitem datele tale către foe-rechner.de",
    "Boxes.CityMap.Desc2": "Trimite",
    "Boxes.CityMap.FreeArea": "Câmpuri neocupate: ",
    "Boxes.CityMap.SubmitSuccess": "Datale au fost transmise cu susces... Vizitează acum ",
    "Boxes.CityMap.TitleSend": "Transmiterea datelor",
    "Boxes.CityMap.WholeArea": "Toate câmpurile: ",
    "Boxes.Gildfights.Fights": "Lupte",
    "Boxes.Gildfights.LastSnapshot": " - Ultima înregistrare __time__ ago",
    "Boxes.Gildfights.Negotiations": "Negocieri",
    "Boxes.Gildfights.Player": "Jucător",
    "Boxes.Gildfights.Title": "Statistica jucătorului",
    "Boxes.HiddenRewards.Disappears": "Dispare",
    "Boxes.HiddenRewards.NoEvents": "Niciun incident prezent",
    "Boxes.HiddenRewards.Title": "Incidente ascunse",
    "Boxes.Infobox.Filter": "Filtre",
    "Boxes.Infobox.FilterAuction": "Negustor antichității",
    "Boxes.Infobox.FilterGex": "EG",
    "Boxes.Infobox.FilterGildFights": "CBG",
    "Boxes.Infobox.FilterLevel": "Creștere CL",
    "Boxes.Infobox.FilterMessage": "Centru de mesaje",
    "Boxes.Infobox.FilterTrade": "Piața",
    "Boxes.Infobox.Messages.Auction": "'<strong>__player__</strong> a licitat __amount__ monede.",
    "Boxes.Infobox.Messages.GEX": "<strong>__player__</strong> tocmai a primit __points__ puncte în EG.",
    "Boxes.Infobox.Messages.GildFightOccupied": "Sectorul <span style=\"color:#ffb539\">__provinceName__</span> a fost cucerit de către <span style=\"color:__attackerColor__;text-shadow: 0 1px 1px __attackerShadow__\">__attackerName__</span> și este blocat până la __untilOccupied__",
    "Boxes.Infobox.Messages.LevelUp": "Clădirea __building__ a jucătorului __player__ a ajuns la nivelul __level__.<br>Ai ocupat locul <strong>__rank__th</strong> și ai obținut <strong>__fps__</strong>PF.",
    "Boxes.Infobox.Messages.MsgBuilding": "__building__ - Nivelul __level__",
    "Boxes.Infobox.Messages.Trade": "<strong>__player__</strong> a acceptat oferta ta.<br>Ai primit __needValue__ __need__ pentru __offerValue__ __offer__",
    "Boxes.Infobox.ResetBox": "Resetare",
    "Boxes.Infobox.Title": "InfoBox",
    "Boxes.Investment.CurrReward": "Profitul actual: ",
    "Boxes.Investment.InvestBar": "PF investite: ",
    "Boxes.Investment.Title": "Investiții",
    "Boxes.Negotiation.Average": "Ø Cantitate",
    "Boxes.Negotiation.Canceled": "Negocierea a fost anulată",
    "Boxes.Negotiation.Chance": "Șansă",
    "Boxes.Negotiation.DragDrop": "Poți muta pictogramelor bunurilor de mai sus, folosind drag & drop, pentru a stabili ordinea primei încercări.",
    "Boxes.Negotiation.GoodsCritical": "ATENȚIE: Stocul de bunuri este la nivel critic!",
    "Boxes.Negotiation.GoodsLow": "ATENȚIE: Stocul de bunuri este la nivel scăzut!",
    "Boxes.Negotiation.Person": "Persoană",
    "Boxes.Negotiation.Round": "Rundă",
    "Boxes.Negotiation.Stock": "Stoc:",
    "Boxes.Negotiation.Success": "Succes",
    "Boxes.Negotiation.TableLoadError": "Eroare la încărcara mesei de negociere.",
    "Boxes.Negotiation.Title": "Ajutor pentru negocieri",
    "Boxes.Negotiation.TryEnd": "Încercări indisponibile",
    "Boxes.Negotiation.WrongGoods": "Bunuri alese greșit. Finalizează manual.",
    "Boxes.Outpost.DescInStock": "Disponibil",
    "Boxes.Outpost.DescRequired": "Necesar",
    "Boxes.Outpost.DescStillMissing": "<span style='color:#29b206'>Surplus</span> / <span style='color:#ff4040'>Lipsă</span>",
    "Boxes.Outpost.ExpansionsSum": "Expansiune",
    "Boxes.Outpost.Title": "Bunurile din așezarea culturală",
    "Boxes.Outpost.TitleBuildings": "Clădire",
    "Boxes.Outpost.TitleFree": "Deblocat",
    "Boxes.Outpost.TitleShort": "Sumar bunuri - ",
    "Boxes.Outpost.infoLine": "__runNumber__ așezare, Șansă de bonus x4: __chanceX4__%",
    "Boxes.Outpost.nextTile": "Următoarea expansiune",
    "Boxes.Outpost.tileNotPlanned": "închis",
    "Boxes.OwnpartCalculator.BPs": "Planuri",
    "Boxes.OwnpartCalculator.CopyValues": "Copiază valorile",
    "Boxes.OwnpartCalculator.Deposit": "Depozit",
    "Boxes.OwnpartCalculator.Done": "Depus",
    "Boxes.OwnpartCalculator.IndividualName": "Denumire CL",
    "Boxes.OwnpartCalculator.LGTotalFP": "Total PF nivel",
    "Boxes.OwnpartCalculator.Levels": "Toate locurile",
    "Boxes.OwnpartCalculator.Meds": "Med.",
    "Boxes.OwnpartCalculator.NoPlaceSafe": "Nici un loc nu este asigurat",
    "Boxes.OwnpartCalculator.Note": "Notă",
    "Boxes.OwnpartCalculator.OldLevel": "Nivelul anterior",
    "Boxes.OwnpartCalculator.Order": "Ordinea locurilor",
    "Boxes.OwnpartCalculator.OutputScheme": "Șablon",
    "Boxes.OwnpartCalculator.OwnPart": "Contribuția proprie",
    "Boxes.OwnpartCalculator.OwnPartRemaining": "Rest de depus",
    "Boxes.OwnpartCalculator.PatronPart": "Contribuția externă",
    "Boxes.OwnpartCalculator.Place": "Locul",
    "Boxes.OwnpartCalculator.Step": "Nivel",
    "Boxes.OwnpartCalculator.Title": "Contribuție la CL proprii",
    "Boxes.OwnpartCalculator.YourName": "Numele tău",
    "Boxes.Productions.AdjacentBuildings": "Clădiri învecinate",
    "Boxes.Productions.Happiness": "Fericre",
    "Boxes.Productions.Headings.all": "Total",
    "Boxes.Productions.Headings.amount": "Cantitate",
    "Boxes.Productions.Headings.boost": "Bonis",
    "Boxes.Productions.Headings.culture": "Clădiri culturale",
    "Boxes.Productions.Headings.decoration": "Decorațiuni",
    "Boxes.Productions.Headings.earning": "Recoltare",
    "Boxes.Productions.Headings.goods": "Clădiri de bunuri",
    "Boxes.Productions.Headings.greatbuilding": "Clădiri legendare",
    "Boxes.Productions.Headings.main_building": "Primărie",
    "Boxes.Productions.Headings.number": "Număr",
    "Boxes.Productions.Headings.production": "Clădiri de producție",
    "Boxes.Productions.Headings.random_production": "Producție aleatorie",
    "Boxes.Productions.Headings.residential": "Clădiri speciale",
    "Boxes.Productions.Headings.street": "Străzi",
    "Boxes.Productions.ModeGroups": "Grupare",
    "Boxes.Productions.ModeSingle": "Extindere",
    "Boxes.Productions.SearchInput": "Caută clădirea...",
    "Boxes.Productions.Title": "Prezentarea generală a producțiilor",
    "Boxes.Settings.Active": "Activ",
    "Boxes.Settings.Inactive": "Inactiv",
    "Boxes.Settings.Title": "Setări",
    "Boxes.Technologies.DescInStock": "Disponibil",
    "Boxes.Technologies.DescRequired": "Necesar",
    "Boxes.Technologies.DescStillMissing": "<span style='color:#29b206'>Surplus</span> / <span style='color:#ff4040'>Lipsă</span>",
    "Boxes.Technologies.NoTechs": "Ai finalizat toate cercetările din era curentă.",
    "Boxes.Technologies.Resource": "Resurse",
    "Boxes.Technologies.Title": "Cercetarea tehnologiilor ",
    "Boxes.Units.Attack": "Atac",
    "Boxes.Units.Bind": "Atașat",
    "Boxes.Units.Defend": "Apărare",
    "Boxes.Units.NextUnitsIn": "Următoarele __count__ unități vor sosi în <span class=\"alca-countdown\"></span>, la ora __harvest__",
    "Boxes.Units.NotFilled": "Locul nu este ocupat.",
    "Boxes.Units.Proportionally": "Raport",
    "Boxes.Units.Quantity": "Cantitate",
    "Boxes.Units.ReadyToLoot": "Pregătit să lupte!",
    "Boxes.Units.Title": "Prezentare generală a unităților militare",
    "Boxes.Units.Unbind": "Liber",
    "Boxes.Units.Unit": "Unități",
    "DateTime": "DD.MM.YY h:mm:ss",
    "Eras.0": "Nicio epocă",
    "Eras.1": "Epoca de Piatră",
    "Eras.10": "Epoca Modernă",
    "Eras.11": "Epoca Postmodernă",
    "Eras.12": "Era Contemporană",
    "Eras.13": "Mâine",
    "Eras.14": "Viitorul",
    "Eras.15": "Viitorul Arctic",
    "Eras.16": "Viitorul Oceanic",
    "Eras.17": "Viitorul Virtual",
    "Eras.18": "Marte în Era Spațială",
    "Eras.19": "Ceres în Era Spațială",
    "Eras.2": "Epoca Bronzului",
    "Eras.3": "Epoca Fierului",
    "Eras.4": "Evul Mediu Timpuriu",
    "Eras.5": "Evul Mediu Mijlociu",
    "Eras.6": "Evul Mediu Târziu",
    "Eras.7": "Era Colonială",
    "Eras.8": "Era Industrială",
    "Eras.9": "Era Progresistă",
    "HiddenRewards.Positions.cityRoadBig": "Drum dublu",
    "HiddenRewards.Positions.cityRoadSmall": "Drum",
    "HiddenRewards.Positions.guildExpedition": "Expediția ghildei",
    "HiddenRewards.Positions.nature": "În natură",
    "HiddenRewards.Positions.shore": "Pe mal",
    "HiddenRewards.Positions.water": "În apă",
    "HiddenRewards.Table.expires": "Expiră în",
    "HiddenRewards.Table.position": "Poziția",
    "HiddenRewards.Table.type": "Tip",
    "Local": "ro-RO",
    "Menu.Calculator.Desc": "Calculează toate locurile disponibile și punctele care pot fi obținute prin donarea la CL ale altor jucători",
    "Menu.Calculator.Title": "Investiții în alte CL",
    "Menu.Calculator.Warning": "Dezactivat: Deschide mai întâi o clădirea a unui jucător!",
    "Menu.Campagne.Desc": "Prezentarea generală a resurselor necesare pentru cucerirea provinciilor/sectoarelor",
    "Menu.Campagne.Title": "Harta continent",
    "Menu.Campagne.Warning": "Dezactivat: Vizitează mai întâi o provincie!",
    "Menu.Chat.Desc": "Discută în timp real cu toată lumea",
    "Menu.Chat.Title": "Mesagerie pentru ghildă",
    "Menu.Citymap.Desc": "Vezi schema orașului tău",
    "Menu.Citymap.Title": "Schema orașului",
    "Menu.HiddenRewards.Desc": "Prezentarea incidentelor ascunse în orașul tău",
    "Menu.HiddenRewards.Title": "Incidente ascunse",
    "Menu.Info.Desc": "Îți arată toate lucrurile care se petrec în \"background\"<br><em>Completează informațiile ...</em>",
    "Menu.Info.Title": "InfoBox",
    "Menu.Negotiation.Desc": "Face propuneri precise pentru negocieri",
    "Menu.Negotiation.Title": "Ajutor pentru negocieri",
    "Menu.Negotiation.Warning": "Dezactivat: Începe mai întâi o negociere!",
    "Menu.OutP.Desc": "Prezentarea generală a resurselor necesare",
    "Menu.OutP.DescWarningBuildings": "<em id='outPW' class='tooltip-error'>Dezactivat: Deschide mai întâi Așezarea culturală!<br></em>Prezentarea generală a resurselor necesare",
    "Menu.OutP.DescWarningOutpostData": "<em id='outPW' class='tooltip-error'>Dezactivat: Începe mai întâi construcția unei așezări culturale și reîncarcă pagina (F5)",
    "Menu.OutP.Title": "Așezare culturală",
    "Menu.OwnpartCalculator.Desc": "Creează un plan de creștere a propriilor CL, calculează locurile disponibile și copiază valorile",
    "Menu.OwnpartCalculator.Title": "Contribuție CL proprii",
    "Menu.OwnpartCalculator.Warning": "Dezactivat: Deschide mai întâi o cladire legendară proprie!",
    "Menu.Productions.Desc": "Afișează toate producțiile în curs.",
    "Menu.Productions.Title": "Prezentarea generală a producțiilor",
    "Menu.Settings.Desc": "Setări ale aplicației",
    "Menu.Settings.Title": "Setări",
    "Menu.Technologies.Desc": "Calculează costurile pentru cercetarea tehnologiilor noi",
    "Menu.Technologies.Title": "Cercetarea technologiilor",
    "Menu.Technologies.Warning": "Dezactivat: Deschide mai întâi meniul de cercetare a tehnologiilor!",
    "Menu.Unit.Desc": "Prezentarea generală a unităților tale militare",
    "Menu.Unit.Title": "Unități militare",
    "Menu.Unit.Warning": "Deschide \"Gestionarea armatei\" <br>Tasta \"U\"",
    "Settings.AutomaticNegotiation.Desc": "Dorești ca asistentul de negociere să se deschidă automat cu o negociere și să fie închis la anulare?",
    "Settings.AutomaticNegotiation.Title": "Ajutor pentru negocieri",
    "Settings.ChangeLanguage.Desc": "Ce limbă dorești să fie folosită?",
    "Settings.ChangeLanguage.Title": "Schimbă limba",
    "Settings.GlobalSend.Desc": "Dacă dorești să urmărești datele cu ghilda dvs., activează această opțiune. <br> Pentru utilizarea personală, dezactivează opțiunea.",
    "Settings.GlobalSend.Title": "Transmitere către foe-rechner.de",
    "Settings.MenuLength.Desc": "Câte elemente dorești să fie afișate în fereastra aplicației?<br> Nicio valoare sau \"0\" înseamnă lungime prestabilită.",
    "Settings.MenuLength.Title": "Lungimea ferestrei aplicației",
    "Settings.ResetBoxPositions.Button": "Șterge!",
    "Settings.ResetBoxPositions.Desc": "Dorești resetarea tuturor coordonatelor casetei?",
    "Settings.ResetBoxPositions.Title": "Coordonatele casetei",
    "Settings.SendGEXInfo.Desc": "Datele sunt transmise când accesezi clasamentul EG",
    "Settings.SendGEXInfo.Title": "Evaluarea EG",
    "Settings.SendGildMemberLGInfo.Desc": "Când vizitezi colegii de ghildă, toate datele CL vor fi trimise către foe-rechner.de, după ce se revine la Global.",
    "Settings.SendGildMemberLGInfo.Title": "Datele clădirilor legendare ale membrilor ghildei",
    "Settings.SendInvestigations.Desc": "Când accesezi 'Primărie'> 'Noutăți'> 'Clădiri legendare' datele despre PF investite vor fi transmise",
    "Settings.SendInvestigations.Title": "PF investite",
    "Settings.SendPlayersMotivation.Desc": "Ar trebui să fie transferate activitățile de motivație la misiunile evenimentelor?",
    "Settings.SendPlayersMotivation.Title": "Activitatea de motivație",
    "Settings.ShowTavernBadge.Desc": "De îndată ce o achiziție este făcută în magazinul tavernei, va fi afișat un contor.",
    "Settings.ShowTavernBadge.Title": "Arată contorul tavernei prietenilor",
    "Settings.Version.Desc": "Versiunea extensiei pentru ",
    "Settings.Version.GuildId": "ID ghildă:",
    "Settings.Version.PlayerId": "ID jucător:",
    "Settings.Version.Title": "Versiune",
    "Settings.Version.World": "Lumea de joc:",
    "_Language": "Română"
}
