﻿{
    "API.GEXChampionship": "Обновлена позиция гильдии в ЭГ",
    "API.GEXPlayer": "Обновлены места участников ЭГ",
    "API.LGGildMember": " ВС игрока __player__ были обработаны",
    "API.LGInvest": "Ваши вложения ВС были переданы",
    "API.UpdateSuccess": "Обновление выполнено!",
    "Boxes.Alerts.Form.Antiques.Auction": "Аукцион",
    "Boxes.Alerts.Form.Antiques.Dealer": "Антиквар",
    "Boxes.Alerts.Form.Antiques.Exchange": "Обмен",
    "Boxes.Alerts.Form.Battleground": "ПБГ",
    "Boxes.Alerts.Form.CreateAllSectors": "Создать для всех секторов",
    "Boxes.Alerts.Form.Delete": "Удалить",
    "Boxes.Alerts.Form.Discard": "Отменить",
    "Boxes.Api.Title": "Настройки API расширения",
    "Boxes.Calculator.ActiveRecurringQuest": "Активный круговой квест:",
    "Boxes.Calculator.ArkBonus": "Бонус Арки",
    "Boxes.Calculator.AvailableFP": "Доступные СО",
    "Boxes.Calculator.BPs": "Чертежи",
    "Boxes.Calculator.Commitment": "Вклад",
    "Boxes.Calculator.Done": "готово",
    "Boxes.Calculator.FP": "СО",
    "Boxes.Calculator.FriendlyInvestment": "Вложение от игрока:",
    "Boxes.Calculator.HelpLink": "https://foe-rechner.de/docs/2/cost-calculator/",
    "Boxes.Calculator.LGNotConnected": "ВС не соединено с дорогой",
    "Boxes.Calculator.LGNotOpen": "Следующий уровень еще не открыт",
    "Boxes.Calculator.LevelWarning": "ВНИМАНИЕ! Повышение уровня ВС!",
    "Boxes.Calculator.Meds": "Медали",
    "Boxes.Calculator.Profit": "Прибыль",
    "Boxes.Calculator.Step": "Уровень ",
    "Boxes.Calculator.TTForderCosts": "Суммарно = __nettoreward__<small>(награда за помощь в сроительстве)</small> * __forderfactor__%<small>(вложение от игрока)</small> = __costs__",
    "Boxes.Calculator.TTForderFPStockLow": "ВНИМАНИЕ: На складе слишком мало СО<br>У вас есть всего __fpstock__, а требуется __costs__СО<br>Не хватает __tooless__СО",
    "Boxes.Calculator.TTForderNegativeProfit": "Нет гаранта. __fpcount__ СО должно быть вложено дополнительно для гаранта места.<br>Всего СО для гаранта: __totalfp__CO",
    "Boxes.Calculator.TTLevelWarning": "__fpcount__FP не поместятся в<br>Максимальное вложение: __totalfp__FP",
    "Boxes.Calculator.TTLossSelf": "Откат = __nettoreward__<small>(награда за помощь в сроительстве)</small> * __arcfactor__%<small>(бонус Арки)</small> = __bruttoreward__<br>Вложено: __paid__<br>Потери = __paid__<small>(вложено)</small> - __bruttoreward__<small>(откат)</small> = __loss__",
    "Boxes.Calculator.TTPaidTooLess": "Вы вложили __paid__FP вместо __topay__FP. Это на __tooless__FP меньше, чем нужно.",
    "Boxes.Calculator.TTPaidTooMuch": "Вы вложили __paid__FP вместо __topay__FP. Это на __toomuch__FP больше, чем нужно.",
    "Boxes.Calculator.TTProfitSelf": "Откат = __nettoreward__<small>(награда за помощь в сроительстве)</small> * __arcfactor__%<small>(бонус Арки)</small> = __bruttoreward__<br>Вложено: __paid__<br>профит = __bruttoreward__<small>(откат)</small> - __paid__<small>(вложено)</small> = __profit__",
    "Boxes.Calculator.Title": "Калькулятор вложений",
    "Boxes.Calculator.Up2LevelUp": "Осталось до уровня",
    "Boxes.Campagne.AlreadyDone": " Уже захвачено!",
    "Boxes.Campagne.DescInStock": "Доступно",
    "Boxes.Campagne.DescRequired": "Требуется",
    "Boxes.Campagne.DescStillMissing": "<span style='color:#29b206'>Превышение</span> / <span style='color:#ff4040'>Недостаток</span>",
    "Boxes.Campagne.Resource": "Ресурс",
    "Boxes.Campagne.Reward": "Общая награда ",
    "Boxes.Campagne.Title": "Стоимость для захвата ",
    "Boxes.CityMap.CavalierPerspecitve": "Кавалерская перспектива",
    "Boxes.CityMap.Desc1": "Для планирования Вашего города необходимо отправлять данные на сервер foe-rechner.de",
    "Boxes.CityMap.Desc2": "Отправить",
    "Boxes.CityMap.FreeArea": "Свободные ячейки: ",
    "Boxes.CityMap.NormalPerspecitve": "Вид сверху",
    "Boxes.CityMap.SubmitSuccess": "Данные отправлены успешно... Можете посетить ",
    "Boxes.CityMap.TitleSend": "Отправить данные",
    "Boxes.CityMap.WholeArea": "Всего ячеек: ",
    "Boxes.CityMap.YourCity": "Ваш город",
    "Boxes.EventChests.Chance": "Шанс",
    "Boxes.EventChests.Cost": "Стоимость",
    "Boxes.EventChests.CostPerPrize": "Цена/Приз",
    "Boxes.EventChests.CostPerStep": "Цена/Шаг",
    "Boxes.EventChests.MainPrize": "Главный приз",
    "Boxes.EventChests.MainPrizeTitle": "Приз дня: ",
    "Boxes.EventChests.Steps": "Шаги",
    "Boxes.EventChests.Title": "Помощник событий",
    "Boxes.Gildfights.Fights": "Бои",
    "Boxes.Gildfights.LastSnapshot": " - последняя фиксация была __time__ назад ",
    "Boxes.Gildfights.Negotiations": "Переговоры",
    "Boxes.Gildfights.Player": "Игрок",
    "Boxes.Gildfights.Title": "Обзор игрока",
    "Boxes.HiddenRewards.Disappears": "Исчезнут",
    "Boxes.HiddenRewards.NoEvents": "В данное время нет событий",
    "Boxes.HiddenRewards.Title": "Проишествия",
    "Boxes.Infobox.Filter": "Фильтр",
    "Boxes.Infobox.FilterAuction": "Аукцион",
    "Boxes.Infobox.FilterGex": "ЭГ",
    "Boxes.Infobox.FilterGildFights": "Поля битвы гильдий",
    "Boxes.Infobox.FilterLevel": "Поднятие уровня",
    "Boxes.Infobox.FilterMessage": "Сообщение",
    "Boxes.Infobox.FilterTrade": "Рынок",
    "Boxes.Infobox.Messages.Auction": "<strong>__player__</strong> только что сделал ставку __amount__ монет.",
    "Boxes.Infobox.Messages.GEX": "<strong>__player__</strong> получил __points__ очков в ЭГ.",
    "Boxes.Infobox.Messages.GildFightOccupied": "Провинция <span style=\"color:#ffb539\">__provinceName__</span> была захвачена <span style=\"color:__attackerColor__;text-shadow: 0 1px 1px __attackerShadow__\">__attackerName__</span> и заблокирована до __untilOccupied__",
    "Boxes.Infobox.Messages.LevelUp": " __building__ __player__ достигла уровня __level__.<br>Ваше место <strong>__rank__th</strong> ,получено <strong>__fps__</strong> СО.",
    "Boxes.Infobox.Messages.MsgBuilding": "__building__ - Уровень __level__",
    "Boxes.Infobox.Messages.Trade": "<strong>__player__</strong> принял ваше предложение.<br>Вы получили __needValue__ __need__ за __offerValue__ __offer__",
    "Boxes.Infobox.ResetBox": "Сбросить панель",
    "Boxes.Infobox.Title": "Панель информации",
    "Boxes.Investment.AllUpToDate": "Все обновлено",
    "Boxes.Investment.AllUpToDateDesc": "Все игроки на этой странице уже были записаны",
    "Boxes.Investment.CurrReward": "Текущая прибыль: ",
    "Boxes.Investment.InvestBar": "СО вложено: ",
    "Boxes.Investment.PlayerFound": "Игрок найден",
    "Boxes.Investment.PlayerFoundCount": "__count__ Были найдены новые события игрока",
    "Boxes.Investment.PlayerFoundCounter": "__count__ Были найдены новые события игрока",
    "Boxes.Investment.Title": "Вложение",
    "Boxes.Investment.TotalFP": "Пакеты + вложенное + прибыль: ",
    "Boxes.Kits.Title": "Строение- / Набор выбора",
    "Boxes.Negotiation.Average": "Ø Количество",
    "Boxes.Negotiation.Canceled": "Переговоры были отменены",
    "Boxes.Negotiation.Chance": "Шанс",
    "Boxes.Negotiation.DragDrop": "Вы можете самостоятелько перетащить значки выше, для изменения последовательности первой попытки.",
    "Boxes.Negotiation.GoodsCritical": "ВНИМАНИЕ: Недостаточно товара на складе",
    "Boxes.Negotiation.GoodsLow": "ВНИМАНИЕ: Мало товара на складе",
    "Boxes.Negotiation.Person": "Персона",
    "Boxes.Negotiation.Round": "Раунд",
    "Boxes.Negotiation.SaveCurrentEraGoods": "Беречь текущие товары",
    "Boxes.Negotiation.SaveMedals": "Беречь медали",
    "Boxes.Negotiation.Stock": "Склад:",
    "Boxes.Negotiation.Success": "Успех",
    "Boxes.Negotiation.TableLoadError": "Ошибка загрузки модуля переговоров",
    "Boxes.Negotiation.Title": "Помощник переговоров",
    "Boxes.Negotiation.TryEnd": "Не осталось ходов",
    "Boxes.Negotiation.WrongGoods": "Выбран неверный товар, закончите переговоры вручную",
    "Boxes.Negotiation.confirmGoodsMissmatch": "Ок",
    "Boxes.Outpost.DescInStock": "Доступно",
    "Boxes.Outpost.DescRequired": "Требуется",
    "Boxes.Outpost.DescStillMissing": "<span style='color:#29b206'>Превышение</span> / <span style='color:#ff4040'>Недостаток</span>",
    "Boxes.Outpost.ExpansionsSum": "Расширения",
    "Boxes.Outpost.ShowSums": "Показать. суммы:",
    "Boxes.Outpost.Title": "Товары поселения",
    "Boxes.Outpost.TitleBuildings": "Постройка",
    "Boxes.Outpost.TitleFree": "Открыто",
    "Boxes.Outpost.TitleShort": "Обзор товаров - ",
    "Boxes.Outpost.infoLine": "__runNumber__. run, Шанс бонуса Х4: __chanceX4__%",
    "Boxes.Outpost.nextTile": "Следующее расширение",
    "Boxes.Outpost.tileNotPlanned": "Выкл",
    "Boxes.OwnpartCalculator.Arc": "Арка",
    "Boxes.OwnpartCalculator.Auto": "Авто",
    "Boxes.OwnpartCalculator.BPs": "Чертежи",
    "Boxes.OwnpartCalculator.BuildingName": "Постройка",
    "Boxes.OwnpartCalculator.CopyValues": "Копировать значения",
    "Boxes.OwnpartCalculator.Deposit": "Вклад",
    "Boxes.OwnpartCalculator.Done": "Вложено",
    "Boxes.OwnpartCalculator.Ext": "Внеш.",
    "Boxes.OwnpartCalculator.HelpLink": "https://foe-rechner.de/docs/2/gb-calculator/",
    "Boxes.OwnpartCalculator.IndividualName": "Имя ВС",
    "Boxes.OwnpartCalculator.LGTotalFP": "Всего СО ВС",
    "Boxes.OwnpartCalculator.Levels": "уровни",
    "Boxes.OwnpartCalculator.Meds": "Медали",
    "Boxes.OwnpartCalculator.NoPlaceSafe": "Нет гарантированного места",
    "Boxes.OwnpartCalculator.Note": "Заметки",
    "Boxes.OwnpartCalculator.OldLevel": "Предыдущий уровень",
    "Boxes.OwnpartCalculator.Order": "Порядок",
    "Boxes.OwnpartCalculator.OutputScheme": "Схема вывода",
    "Boxes.OwnpartCalculator.OwnPart": "Вклад владельца",
    "Boxes.OwnpartCalculator.OwnPartRemaining": "Осталось",
    "Boxes.OwnpartCalculator.PatronPart": "Награда вкладчиков",
    "Boxes.OwnpartCalculator.Place": "Место",
    "Boxes.OwnpartCalculator.PlayerName": "Игрок",
    "Boxes.OwnpartCalculator.Scheme": "Схема",
    "Boxes.OwnpartCalculator.Step": "Уровень",
    "Boxes.OwnpartCalculator.Title": "Калькулятор вложений в свои ВС",
    "Boxes.OwnpartCalculator.YourName": "Ваше имя",
    "Boxes.Productions.AdjacentBuildings": "Смежные здания",
    "Boxes.Productions.Happiness": "Уровень счастья",
    "Boxes.Productions.Headings.all": "Все",
    "Boxes.Productions.Headings.amount": "Количество",
    "Boxes.Productions.Headings.boost": "Расширения",
    "Boxes.Productions.Headings.culture": "Общественные постройки",
    "Boxes.Productions.Headings.decoration": "Декор",
    "Boxes.Productions.Headings.earning": "Прибыль",
    "Boxes.Productions.Headings.goods": "Промышленные постройки",
    "Boxes.Productions.Headings.greatbuilding": "Великие Строения",
    "Boxes.Productions.Headings.main_building": "Ратуша",
    "Boxes.Productions.Headings.name": "Название",
    "Boxes.Productions.Headings.number": "Номер",
    "Boxes.Productions.Headings.production": "Производственные постройки",
    "Boxes.Productions.Headings.random_production": "Случайные производственные здания",
    "Boxes.Productions.Headings.residential": "Жилые дома",
    "Boxes.Productions.Headings.street": "Дороги",
    "Boxes.Productions.ModeGroups": "Группы",
    "Boxes.Productions.ModeSingle": "Без группы",
    "Boxes.Productions.SearchInput": "Найти постройку...",
    "Boxes.Productions.Title": "Обзор производства",
    "Boxes.Productions.Total": "Всего: ",
    "Boxes.Settings.Active": "Включено",
    "Boxes.Settings.Inactive": "Выключено",
    "Boxes.Settings.Title": "Настройки",
    "Boxes.Stats.BtnAll": "Все",
    "Boxes.Stats.BtnAllPlayableEras": "Все эпохи",
    "Boxes.Stats.BtnAllPlayableErasTitle": "Выбрать эпохи в которых можна играть (без: Бэз Эпохи, Special)",
    "Boxes.Stats.BtnAllTittle": "Эпохи + Бэз Эпохи + Special",
    "Boxes.Stats.BtnChartType.delta": "Дельта",
    "Boxes.Stats.BtnChartType.line": "Линия",
    "Boxes.Stats.BtnChartType.streamgraph": "Поток",
    "Boxes.Stats.BtnChartTypeTitle.delta": "График увеличения/уменьшения",
    "Boxes.Stats.BtnChartTypeTitle.line": "График линий",
    "Boxes.Stats.BtnChartTypeTitle.streamgraph": "Потоковый график",
    "Boxes.Stats.BtnLastEras": "2 послед. эпохи",
    "Boxes.Stats.BtnLastErasTitle": "Выбрать две последнии эпохи",
    "Boxes.Stats.BtnMyEra": "Моя эпоха",
    "Boxes.Stats.BtnNoEra": "Бэз эпохи",
    "Boxes.Stats.BtnSource.statsGBGPlayers": "ПБГ",
    "Boxes.Stats.BtnSource.statsRewards": "Награды",
    "Boxes.Stats.BtnSource.statsTreasureClanD": "Товары Д. Гильдии",
    "Boxes.Stats.BtnSource.statsTreasureClanH": "Товары Ч. Гильдии",
    "Boxes.Stats.BtnSource.statsTreasurePlayerD": "Товары по дням",
    "Boxes.Stats.BtnSource.statsTreasurePlayerH": "Товары",
    "Boxes.Stats.BtnSource.statsUnitsD": "Армия Д.",
    "Boxes.Stats.BtnSource.statsUnitsH": "Армия Ч.",
    "Boxes.Stats.BtnToggleAnnotations": "ГВГ аннотации",
    "Boxes.Stats.BtnToggleAnnotationsTitle": "Show a decrease of goods on GvG map.",
    "Boxes.Stats.BtnToggleGroupBy": "Групп. по Эпохам",
    "Boxes.Stats.BtnToggleGroupByTitle": "Группировать по эпохам",
    "Boxes.Stats.Period.all": "Все",
    "Boxes.Stats.Period.last30days": "Послед. 30 дней",
    "Boxes.Stats.Period.last7days": "Послед. 7 дней",
    "Boxes.Stats.Period.sinceTuesday": "Со вторника",
    "Boxes.Stats.Period.thisMonth": "Этот месяц",
    "Boxes.Stats.Period.today": "Сегодня",
    "Boxes.Stats.PeriodTitle.all": "За весь период времени",
    "Boxes.Stats.PeriodTitle.last30days": "Собранные за 30 последних дней",
    "Boxes.Stats.PeriodTitle.last7days": "Собранные за 7 последних дней",
    "Boxes.Stats.PeriodTitle.sinceTuesday": "Собранные со Вторника (Экспедиция начинается со вторника)",
    "Boxes.Stats.PeriodTitle.thisMonth": "Собранные за этот месяц",
    "Boxes.Stats.PeriodTitle.today": "Собранные за сегодня",
    "Boxes.Stats.Rewards.Source.battlegrounds_conquest": "ПБГ",
    "Boxes.Stats.Rewards.Source.diplomaticGifts": "Диплом. дары",
    "Boxes.Stats.Rewards.Source.guildExpedition": "Экспедиция ги.",
    "Boxes.Stats.Rewards.Source.spoilsOfWar": "Военные трофеи",
    "Boxes.Stats.Rewards.SourceTitle.battlegrounds_conquest": "Награды с Полей битв гильдий",
    "Boxes.Stats.Rewards.SourceTitle.diplomaticGifts": "Дипломатические дары собранные Космическим авианосцем",
    "Boxes.Stats.Rewards.SourceTitle.guildExpedition": "Награды с Экспедици Гильдии собранные Храмом Реликвий",
    "Boxes.Stats.Rewards.SourceTitle.spoilsOfWar": "Военные трофеи собранные Замком Химедзи",
    "Boxes.Stats.SourceTitle.statsGBGPlayers": "Табло очков играков на ПБГ",
    "Boxes.Stats.SourceTitle.statsRewards": "Ваши награды собранные Замком Химедзи, Храмом Реликвий, ПБГ и тд.",
    "Boxes.Stats.SourceTitle.statsTreasureClanD": "Товары гильдии дневные",
    "Boxes.Stats.SourceTitle.statsTreasureClanH": "Товары гильдии часовые",
    "Boxes.Stats.SourceTitle.statsTreasurePlayerD": "Ваши товары дневные",
    "Boxes.Stats.SourceTitle.statsTreasurePlayerH": "Ваши товары часовые",
    "Boxes.Stats.SourceTitle.statsUnitsD": "Ваша армия по дням",
    "Boxes.Stats.SourceTitle.statsUnitsH": "Ваша армия по часам",
    "Boxes.Stats.Title": "Статистика",
    "Boxes.Technologies.DescInStock": "Доступно",
    "Boxes.Technologies.DescRequired": "Требуется",
    "Boxes.Technologies.DescStillMissing": "<span style='color:#29b206'>Превышение</span> / <span style='color:#ff4040'>Недостаток</span>",
    "Boxes.Technologies.NoTechs": "Вы достигли конца эпохи",
    "Boxes.Technologies.Resource": "Ресурс",
    "Boxes.Technologies.Title": "Стоимость исследования",
    "Boxes.Units.AlcaHarvest": "Сбор вашего алькатраса готов!",
    "Boxes.Units.Attack": "Атака",
    "Boxes.Units.Bind": "Казарменный",
    "Boxes.Units.Defend": "Защита",
    "Boxes.Units.NextUnitsIn": "Следующие __count__ юнитов будет произведено в <span class=\"alca-countdown\"></span> через __harvest__",
    "Boxes.Units.NotFilled": "без фильтра",
    "Boxes.Units.Proportionally": "Пропорционально",
    "Boxes.Units.Quantity": "Количество",
    "Boxes.Units.ReadyToLoot": "Готовы грабить!",
    "Boxes.Units.Status": "Статус",
    "Boxes.Units.Title": "Обзор армии",
    "Boxes.Units.Unbind": "Свободный",
    "Boxes.Units.Unit": "Юнит",
    "DateTime": "DD.MM.YYYY HH:mm",
    "Eras.0": "Без эпохи",
    "Eras.1": "Каменный Век",
    "Eras.10": "Эпоха Модерна",
    "Eras.11": "Эпоха Постмодерна",
    "Eras.12": "Новейшее Время",
    "Eras.13": "Завтра",
    "Eras.14": "Будущее",
    "Eras.15": "Арктическое Будущее",
    "Eras.16": "Океаническое Будущее",
    "Eras.17": "Виртуальное Будущее",
    "Eras.18": "Космическая Эра Марса",
    "Eras.19": "Космическая Эра Цереры",
    "Eras.2": "Бронзовый Век",
    "Eras.20": "Космическая Эра Венеры",
    "Eras.3": "Железный Век",
    "Eras.4": "Раннее Средневековье",
    "Eras.5": "Высокое Средневековье",
    "Eras.6": "Позднее Средневековье",
    "Eras.7": "Колониальный Период",
    "Eras.8": "Индустриальная Эпоха",
    "Eras.9": "Эра Прогрессивизма",
    "Global.BoxTitle": "Помощник ФоЕ",
    "HiddenRewards.Positions.cityRoadBig": "двухполосная дорога",
    "HiddenRewards.Positions.cityRoadSmall": "однополосная дорога",
    "HiddenRewards.Positions.guildExpedition": "Экспедиция ГИ",
    "HiddenRewards.Positions.nature": "Равнина",
    "HiddenRewards.Positions.shore": "Берег",
    "HiddenRewards.Positions.water": "в море",
    "HiddenRewards.Table.expires": "Исчезнет через",
    "HiddenRewards.Table.position": "Расположение",
    "HiddenRewards.Table.type": "Тип",
    "Local": "ru-RU",
    "Menu.Calculator.Desc": "Рассчитывает места, которые можно занять в ВС и количество СО",
    "Menu.Calculator.Title": "Калькулятор вложений",
    "Menu.Calculator.Warning": "Отключено: Для включения откройте ВС любого игрока!",
    "Menu.Campagne.Desc": "Обзор ресурсов, требуемых для захвата провинции",
    "Menu.Campagne.Title": "Карта континента",
    "Menu.Campagne.Warning": "Отключено: Для включения посетите провинцию!",
    "Menu.Chat.Desc": "Общайтесь с участниками гильдии в реальном времени",
    "Menu.Chat.Title": "Чат гильдии",
    "Menu.Citymap.Desc": "Обзор города с высоты птичьего полета",
    "Menu.Citymap.Title": "Обзор города",
    "Menu.HiddenRewards.Desc": "Обзор проишествий",
    "Menu.HiddenRewards.Title": "Инциденты",
    "Menu.Info.Desc": "Отображает все события, которые происходят \"в фоне\"<br><em>Заполняется информацией ...</em>",
    "Menu.Info.Title": "Панель информации",
    "Menu.Kits.Desc": "Список всех комплектов строений, модернизации и выбора",
    "Menu.Kits.Title": "Комплект строений",
    "Menu.Negotiation.Desc": "Предлагает товары для переговоров",
    "Menu.Negotiation.Title": "Помощник переговоров",
    "Menu.Negotiation.Warning": "Отключено: Для влючения начните переговоры!",
    "Menu.OutP.Desc": "Обзор необходимых ресурсов",
    "Menu.OutP.DescWarningBuildings": "<em id='outPW' class='tooltip-error'>Отключено: для включения посетите поселение!<br></em>Обзор необходимых ресурсов",
    "Menu.OutP.DescWarningOutpostData": "<em id='outPW' class='tooltip-error'>Отключено: Начните поселение и обновите игру (F5)",
    "Menu.OutP.Title": "Поселение",
    "Menu.OwnpartCalculator.Desc": "Рассчитывает план вложений, считает внешние вклады и копирует значения для веток",
    "Menu.OwnpartCalculator.Title": "Калькулятор вложений в свои ВС",
    "Menu.OwnpartCalculator.Warning": "Отключено: Для включения откройте любое собственное ВС!",
    "Menu.Productions.Desc": "Отображает текущее количество всех произодств.",
    "Menu.Productions.Title": "Обзор производства",
    "Menu.Settings.Desc": "Здесь находятся настройки",
    "Menu.Settings.Title": "Настройки",
    "Menu.Stats.Desc": "Товары, армия, награды, ПБГ",
    "Menu.Stats.Title": "Статистика",
    "Menu.Technologies.Desc": "Рассчитывает стоимость исследования",
    "Menu.Technologies.Title": "Технологии",
    "Menu.Technologies.Warning": "Отключено: Для включения откройте меню исследования новых технологий!",
    "Menu.Unit.Desc": "Все ваши воины в одном месте",
    "Menu.Unit.Title": "Армия",
    "Menu.Unit.Warning": "Откройте \"Управление армией\" <br>Клавиша \"U\"",
    "Settings.AutomaticNegotiation.Desc": "Нужно ли открывать помощник переговоров автоматически и закрывать, когда переговоры завершены или отменены?",
    "Settings.AutomaticNegotiation.Title": "Помощник переговоров",
    "Settings.ChangeLanguage.Desc": "Какой язык должен быть использован вместо автоматически определенного?",
    "Settings.ChangeLanguage.Title": "Изменить язык",
    "Settings.GlobalSend.Desc": "Если вы хотите отслеживать данные вашей гильдии, включите этот пункт. <br> Для самостоятельного отслеживания просто отключите.",
    "Settings.GlobalSend.Title": "Передача данных на foe-rechner.de",
    "Settings.MenuLength.Desc": "Сколько элементов должно быть в меню?<br> Пусто или \"0\" означает автоматическую высоту.",
    "Settings.MenuLength.Title": "Длина меню",
    "Settings.ResetBoxPositions.Button": "Удалить!",
    "Settings.ResetBoxPositions.Desc": "Сбросить координаты всех панелей?",
    "Settings.ResetBoxPositions.Title": "Координаты панелей",
    "Settings.SendGEXInfo.Desc": "Когда открываете в ЭГ окно со списком вложений, эти данные будут передаваться на сервер",
    "Settings.SendGEXInfo.Title": "Оценка ЭГ",
    "Settings.SendGildMemberLGInfo.Desc": "Когда вы посещаете города других участников гильдии, все данные о ВС будут переданы на foe-rechner.de, если включена эта опция.",
    "Settings.SendGildMemberLGInfo.Title": "Данные о ВС других участников гильдии",
    "Settings.SendInvestigations.Desc": "Во время открытия 'Ратуша'> 'Новости'> 'Великие Строения' будут передаваться инвестиции СО",
    "Settings.SendInvestigations.Title": "Инвестиции СО",
    "Settings.SendPlayersMotivation.Desc": "Нужно ли передавать мероприятия дружбы (мотивирование строений)?",
    "Settings.SendPlayersMotivation.Title": "Мероприятия дружбы (мотивирование)",
    "Settings.ShowOwnPartOnAllGBs.Desc": "Показывать калькулятор также для ВС других игроков",
    "Settings.ShowOwnPartOnAllGBs.Title": "Показывать калькулятор для всех ВС",
    "Settings.ShowTavernBadge.Desc": "Как только активирован дополнительный ход в таверне, появится глобальный счетчик.",
    "Settings.ShowTavernBadge.Title": "Показать значок таверны",
    "Settings.Version.Desc": "Версия расширения для Chrome",
    "Settings.Version.GuildId": "Айди гильдии:",
    "Settings.Version.PlayerId": "Айди игрока:",
    "Settings.Version.Title": "Версия",
    "Settings.Version.World": "Мир:",
    "_Language": "Русский"
}
