﻿{
    "API.GEXChampionship": "Umiestnenie cechov v CE bolo aktualizované",
    "API.GEXPlayer": "Umiestnenie hráčov v CE bolo aktualizované",
    "API.LGGildMember": "Informácie o Veľkolepých budovách hráča __player__ boli odoslané",
    "API.LGInvest": "Údaje o Vašich príspevkoch do VB boli odoslané",
    "API.UpdateSuccess": "Úspešne aktualizované",
    "Boxes.Calculator.ActiveRecurringQuest": "Prebiehajúca výzva:",
    "Boxes.Calculator.ArkBonus": "Bonus oblúka",
    "Boxes.Calculator.AvailableFP": "Dostupné body výskumu",
    "Boxes.Calculator.BPs": "Plány",
    "Boxes.Calculator.Commitment": "Náklady",
    "Boxes.Calculator.Done": "vložené",
    "Boxes.Calculator.FP": "BV",
    "Boxes.Calculator.FriendlyInvestment": "Bonus prispievateľa:",
    "Boxes.Calculator.LGNotConnected": "Budova nie je prepojená cestou",
    "Boxes.Calculator.LGNotOpen": "Ďalšia úroveň nebola odomknutá",
    "Boxes.Calculator.LevelWarning": "POZOR! Dokončujete úroveň VB!",
    "Boxes.Calculator.Meds": "Med",
    "Boxes.Calculator.Profit": "Zisk",
    "Boxes.Calculator.Step": "Úroveň ",
    "Boxes.Calculator.TTForderCosts": "Náklady = __nettoreward__<small>(základná odmena)</small> * __forderfactor__%<small>(bonus prispievateľa)</small> = __costs__",
    "Boxes.Calculator.TTForderNegativeProfit": "Pozícia nie je zaistená. Ďalších  __fpcount__ BV je potrebných na zaistenie pozície<br>Celkovo na zaistenie pozície: __totalfp__FP",
    "Boxes.Calculator.TTLevelWarning": "__fpcount__BV sa vložiť nedá<br>Maximálny možný príspevok: __totalfp__FP",
    "Boxes.Calculator.TTLossSelf": "Odmena = __nettoreward__<small>(základná odmena)</small> * __arcfactor__%<small>(bonus oblúka)</small> = __bruttoreward__<br>Vložené: __paid__<br>Strata = __paid__<small>(vložené)</small> - __bruttoreward__<small>(odmena)</small> = __loss__",
    "Boxes.Calculator.TTPaidTooLess": "Vložili ste __paid__BV namiesto __topay__BV. Je to o __tooless__FP menej.",
    "Boxes.Calculator.TTPaidTooMuch": "Vložili ste __paid__BV namiesto __topay__FP. Je to o __toomuch__FP viac.",
    "Boxes.Calculator.TTProfitSelf": "Odmena = __nettoreward__<small>(základná odmena)</small> * __arcfactor__%<small>(bonus oblúka)</small> = __bruttoreward__<br>Vložené: __paid__<br>Zisk = __bruttoreward__<small>(odmena)</small> - __paid__<small>(Vložené)</small> = __profit__",
    "Boxes.Calculator.Title": "VB kalkulačka",
    "Boxes.Calculator.Up2LevelUp": "Do ukončenia úrovne ostáva",
    "Boxes.Campagne.AlreadyDone": " už získané!",
    "Boxes.Campagne.DescInStock": "Dostupné",
    "Boxes.Campagne.DescRequired": "Potrebné",
    "Boxes.Campagne.DescStillMissing": "<span style='color:#29b206'>Dostatok</span> / <span style='color:#ff4040'>Nedostatok</span>",
    "Boxes.Campagne.Resource": "Tovar",
    "Boxes.Campagne.Reward": "Odmena za získanie ",
    "Boxes.Campagne.Title": "Náklady na získanie provincie ",
    "Boxes.CityMap.Desc1": "Aby bolo možné naplánovať Vaše mesto, potrebujeme nahrať údaje na náš server foe-rechner.de",
    "Boxes.CityMap.Desc2": "Odoslať",
    "Boxes.CityMap.FreeArea": "Voľná plocha: ",
    "Boxes.CityMap.SubmitSuccess": "Údaje bole úspešné nahrané... Prezrite si mesto ",
    "Boxes.CityMap.TitleSend": "Odoslať údaje",
    "Boxes.CityMap.WholeArea": "Celková plocha: ",
    "Boxes.Gildfights.Fights": "Boje",
    "Boxes.Gildfights.LastSnapshot": " - naposledy načítané pred __time__",
    "Boxes.Gildfights.Negotiations": "Vyjednávania",
    "Boxes.Gildfights.Player": "Hráč",
    "Boxes.Gildfights.Title": "Prehľad hráčov",
    "Boxes.HiddenRewards.Disappears": "Zmizne",
    "Boxes.HiddenRewards.NoEvents": "Nie sú žiadne incidenty",
    "Boxes.HiddenRewards.Title": "Incidenty",
    "Boxes.Infobox.FilterAuction": "Aukcia",
    "Boxes.Infobox.FilterGex": "CE",
    "Boxes.Infobox.FilterGildFights": "Cechové boje",
    "Boxes.Infobox.FilterLevel": "Nová úroveň",
    "Boxes.Infobox.FilterMessage": "Správa",
    "Boxes.Infobox.FilterTrade": "Výmena",
    "Boxes.Infobox.Messages.Auction": "<strong>__player__</strong> práve ponúkol __amount__ mincí.",
    "Boxes.Infobox.Messages.GEX": "<strong>__player__</strong> práve získal __points__ bodov v CE.",
    "Boxes.Infobox.Messages.GildFightOccupied": "Provinciu <span style=\"color:#ffb539\">__provinceName__</span> práve získal cech: <span style=\"color:__attackerColor__;text-shadow: 0 1px 1px __attackerShadow__\">__attackerName__</span> a je uzamknutá na __untilOccupied__",
    "Boxes.Infobox.Messages.LevelUp": "__player__ práve dosiahol novú úroveň (__level__) svojej VB (__building__).<br>Umiestnili ste sa na  <strong>__rank__.</strong> mieste a získali <strong>__fps__</strong> VB.",
    "Boxes.Infobox.Messages.MsgBuilding": "__building__ - úroveň __level__",
    "Boxes.Infobox.Messages.Trade": "<strong>__player__</strong> prijal Vašu ponuku.<br>Získali ste __needValue__ __need__ za __offerValue__ __offer__",
    "Boxes.Infobox.ResetBox": "Vymazať",
    "Boxes.Investment.CurrReward": "Aktuálny zisk: ",
    "Boxes.Investment.InvestBar": "Vložené BV: ",
    "Boxes.Investment.Title": "Vklad",
    "Boxes.Negotiation.Average": "Ø množstvo",
    "Boxes.Negotiation.Canceled": "Vyjednávanie bolo zrušené",
    "Boxes.Negotiation.Chance": "Šanca",
    "Boxes.Negotiation.DragDrop": "V zobrazení priemerného množstva môžete zmeniť poradie tovarov a určiť tak poradie od prvého pokusu.",
    "Boxes.Negotiation.GoodsCritical": "POZOR: Zásoby tovaru sú veľmi nízke!",
    "Boxes.Negotiation.GoodsLow": "ATTENTION: Zásoby tovaru sú nízke ",
    "Boxes.Negotiation.Person": "Osoba",
    "Boxes.Negotiation.Round": "Kolo",
    "Boxes.Negotiation.Stock": "Zásoba:",
    "Boxes.Negotiation.Success": "ÚSpech",
    "Boxes.Negotiation.TableLoadError": "Chyba pri načítavaní tabuľky s vyjednávaním",
    "Boxes.Negotiation.Title": "Pomocník pri vyjednávaní",
    "Boxes.Negotiation.TryEnd": "Žiadne ďalšie pokusy",
    "Boxes.Negotiation.WrongGoods": "Zvolený nesprávny tovar, prosím dokončte vyjednávanie manuálne",
    "Boxes.Outpost.DescInStock": "Dostupné",
    "Boxes.Outpost.DescRequired": "Potrebné",
    "Boxes.Outpost.DescStillMissing": "<span style='color:#29b206'>Dostatok</span> / <span style='color:#ff4040'>Nedostatok</span>",
    "Boxes.Outpost.ExpansionsSum": "Rozšírenia",
    "Boxes.Outpost.Title": "Kultúrny tovar",
    "Boxes.Outpost.TitleBuildings": "Budova",
    "Boxes.Outpost.TitleFree": "Voľné",
    "Boxes.Outpost.TitleShort": "Prehľad tovaru - ",
    "Boxes.Outpost.infoLine": "__runNumber__. beh, Bonus x4 Šanca: __chanceX4__%",
    "Boxes.Outpost.nextTile": "ďalšie rozšírenie",
    "Boxes.OwnpartCalculator.Arc": "Oblúk",
    "Boxes.OwnpartCalculator.BPs": "Plány",
    "Boxes.OwnpartCalculator.CopyValues": "Kopírovať hodnoty",
    "Boxes.OwnpartCalculator.Deposit": "Vložiť",
    "Boxes.OwnpartCalculator.Done": "Vložené",
    "Boxes.OwnpartCalculator.IndividualName": "iný názov VB",
    "Boxes.OwnpartCalculator.LGTotalFP": "Celkovo BV",
    "Boxes.OwnpartCalculator.Levels": "úrovne",
    "Boxes.OwnpartCalculator.Meds": "Medaile",
    "Boxes.OwnpartCalculator.NoPlaceSafe": "Žiadna poistená pozícia",
    "Boxes.OwnpartCalculator.OldLevel": "Predošlá úroveň",
    "Boxes.OwnpartCalculator.Order": "Poradie",
    "Boxes.OwnpartCalculator.OwnPart": "Váš príspevok",
    "Boxes.OwnpartCalculator.OwnPartRemaining": "Zostávajúce",
    "Boxes.OwnpartCalculator.PatronPart": "Príspevok iných hráčov",
    "Boxes.OwnpartCalculator.Place": "Miesto",
    "Boxes.OwnpartCalculator.Step": "Krok",
    "Boxes.OwnpartCalculator.Title": "Príspevky do vašich VB",
    "Boxes.OwnpartCalculator.YourName": "Vaše meno",
    "Boxes.Productions.AdjacentBuildings": "Priľahlé budovy",
    "Boxes.Productions.Happiness": "Spokojnosť",
    "Boxes.Productions.Headings.all": "Všetky",
    "Boxes.Productions.Headings.amount": "Množstvo",
    "Boxes.Productions.Headings.boost": "Motivácia",
    "Boxes.Productions.Headings.culture": "Kultúrne budovy",
    "Boxes.Productions.Headings.decoration": "Dekorácie",
    "Boxes.Productions.Headings.earning": "Získanie",
    "Boxes.Productions.Headings.goods": "Budovy s tovarom",
    "Boxes.Productions.Headings.greatbuilding": "Veľkolepé budovy",
    "Boxes.Productions.Headings.main_building": "Radnica",
    "Boxes.Productions.Headings.number": "Číslo",
    "Boxes.Productions.Headings.production": "Výrobné budovy",
    "Boxes.Productions.Headings.random_production": "Náhodné produkcie",
    "Boxes.Productions.Headings.residential": "Obytné budovy",
    "Boxes.Productions.Headings.street": "Ulice",
    "Boxes.Productions.ModeGroups": "Skupiny",
    "Boxes.Productions.ModeSingle": "Jednotlivo",
    "Boxes.Productions.SearchInput": "Vyhľadať budovu...",
    "Boxes.Productions.Title": "Prehľad produkcie",
    "Boxes.Productions.Total": "Spolu: ",
    "Boxes.Settings.Active": "Zapnuté",
    "Boxes.Settings.Inactive": "Vypnuté",
    "Boxes.Settings.Title": "Nastavenia",
    "Boxes.Technologies.DescInStock": "Dostupné",
    "Boxes.Technologies.DescRequired": "Potrebné",
    "Boxes.Technologies.DescStillMissing": "<span style='color:#29b206'>Dostatok</span> / <span style='color:#ff4040'>Nedostatok</span>",
    "Boxes.Technologies.NoTechs": "Dosiahli ste koniec tejto éry",
    "Boxes.Technologies.Resource": "Prostriedky",
    "Boxes.Technologies.Title": "Výskum technológií",
    "Boxes.Units.Attack": "Útok",
    "Boxes.Units.Bind": "Pripojené",
    "Boxes.Units.Defend": "Obrana",
    "Boxes.Units.NextUnitsIn": "Ďalších __count__ jednotiek bude dostupných o <span class=\"alca-countdown\"></span> v __harvest__ Uhr",
    "Boxes.Units.NotFilled": "Nenaplnené",
    "Boxes.Units.Proportionally": "Úmerne",
    "Boxes.Units.Quantity": "Množstvo",
    "Boxes.Units.ReadyToLoot": "Pripravený rabovať!",
    "Boxes.Units.Status": "Stav",
    "Boxes.Units.Title": "Prehľad armády",
    "Boxes.Units.Unbind": "Nepripojené",
    "Boxes.Units.Unit": "Jednotka",
    "Eras.0": "Všetky éry",
    "Eras.1": "Doba kamenná",
    "Eras.10": "Moderná éra",
    "Eras.11": "Postmoderná éra",
    "Eras.12": "Súčasná éra",
    "Eras.13": "Zajtra",
    "Eras.14": "Budúcnosť",
    "Eras.15": "Arktická budúcnosť",
    "Eras.16": "Oceánska budúcnosť",
    "Eras.17": "Virtuálna budúcnosť",
    "Eras.18": "Kozmický vek Mars",
    "Eras.19": "Kozmický vek Pás asteroidov",
    "Eras.2": "Doba bronzová",
    "Eras.3": "Doba železná",
    "Eras.4": "Raný stredovek",
    "Eras.5": "Vrcholný stredovek",
    "Eras.6": "Neskorý stredovek",
    "Eras.7": "Koloniálny vek",
    "Eras.8": "Priemyselná éra",
    "Eras.9": "Progresívna doba",
    "HiddenRewards.Positions.cityRoadBig": "dvojprúdová cesta",
    "HiddenRewards.Positions.cityRoadSmall": "cesta",
    "HiddenRewards.Positions.guildExpedition": "Cechová expedícia",
    "HiddenRewards.Positions.nature": "Príroda",
    "HiddenRewards.Positions.shore": "Breh",
    "HiddenRewards.Positions.water": "na vode",
    "HiddenRewards.Table.expires": "Vyprší o",
    "HiddenRewards.Table.position": "Umiestnenie",
    "HiddenRewards.Table.type": "Typ",
    "Local": "sk-SK",
    "Menu.Calculator.Desc": "Tento nástroj počíta potrebné BV na obsadenie pozície vo VB iných hráčov.",
    "Menu.Calculator.Title": "VB Kalkulačka",
    "Menu.Calculator.Warning": "Vypnuté: Najprv otvorte okno VB iného hráča!",
    "Menu.Campagne.Desc": "Prehľad prostriedkov potrebných na získanie provincie",
    "Menu.Campagne.Title": "Mapa kontinentu",
    "Menu.Campagne.Warning": "Vypnuté: Najprv otvorte mapu kontinentu!",
    "Menu.Chat.Desc": "Komunikujte s ostatnými hráčmi naživo.",
    "Menu.Chat.Title": "Cechový rozhovor",
    "Menu.Citymap.Desc": "Zobrazuje rozloženie Vášho mesta pohľadom zhora",
    "Menu.Citymap.Title": "Náhľad mesta",
    "Menu.HiddenRewards.Desc": "Prehľad incidentov",
    "Menu.HiddenRewards.Title": "Incidenty",
    "Menu.Info.Desc": "Zobrazuje informácie o tom, čo sa deje na  \"pozadí\"<br><em>Plní sa to informáciami ...</em>",
    "Menu.Negotiation.Desc": "Navrhuje presné ponuky pri vyjednávaní",
    "Menu.Negotiation.Title": "Pomocník pri vyjednávaní",
    "Menu.Negotiation.Warning": "Vypnuté: Najprv spustite vyjednávanie!",
    "Menu.OutP.Desc": "Prehľad prostriedkov potrebných na dokončenie usadlosti",
    "Menu.OutP.DescWarningBuildings": "<em id='outPW' class='tooltip-error'>Vypnuté: najprv navštívte usadlosť!<br></em>Prehľad prostriedkov potrebných na dokončenie usadlosti",
    "Menu.OutP.DescWarningOutpostData": "<em id='outPW' class='tooltip-error'>Vypnuté: Spustite usadlosť a obnovte hru (F5)",
    "Menu.OutP.Title": "Usadlosť",
    "Menu.OwnpartCalculator.Desc": "Pomáha pri prispievaní do vlastných VB, počíta pozície ostatných prispievateľov, umožňuje kopírovať hodnoty",
    "Menu.OwnpartCalculator.Title": "VB kalkulačka (vlastné VB)",
    "Menu.OwnpartCalculator.Warning": "Vypnuté: Najprv otvorte okno niektorej svojej Veľkolepej budovy!",
    "Menu.Productions.Desc": "Zobrazuje stav produkcie (tovaru, zásob, mincí, medailí), spokojnosti a obyvateľstva v meste.",
    "Menu.Productions.Title": "Prehľad produkcie",
    "Menu.Settings.Desc": "Tu nájdete zopár možností nastavenia doplnku",
    "Menu.Settings.Title": "Nastavenia",
    "Menu.Technologies.Desc": "Poskytuje informácie o prostriedkoch potrebných na výskum technológií",
    "Menu.Technologies.Title": "Technológie",
    "Menu.Technologies.Warning": "Vypnuté: Najprv otvorte okno stromu technológií!",
    "Menu.Unit.Desc": "Celá Vaša armáda pokope",
    "Menu.Unit.Title": "Armáda",
    "Menu.Unit.Warning": "Kliknite na tlačidlo \"Správa armády\" <br>\"U\"",
    "Settings.AutomaticNegotiation.Desc": "Má sa pomocník otvárať automaticky pri spustení vyjednávania a zatvárať po zrušení vyjednávania?",
    "Settings.AutomaticNegotiation.Title": "Pomocník pri vyjednávaní",
    "Settings.ChangeLanguage.Desc": "Ktorý jazyk sa má použiť namiesto rozpoznaného?",
    "Settings.ChangeLanguage.Title": "Zmeniť jazyk",
    "Settings.GlobalSend.Desc": "Ak chcete povoliť zber údajov, povoľte toto nastavenie. <br> Ak chcete, aby rozšírenie fungovalo samostatne, jednoducho toto nastavenie vypnite.",
    "Settings.GlobalSend.Title": "Prenos na server foe-rechner.de",
    "Settings.MenuLength.Desc": "Koľko položiek má obsahovať menu?<br> Prázdne okno alebo \"0\" znamená automatickú výšku.",
    "Settings.MenuLength.Title": "Výška menu",
    "Settings.ResetBoxPositions.Button": "Obnoviť!",
    "Settings.ResetBoxPositions.Desc": "Obnoviť pozíciu a nastavenie všetkých okien?",
    "Settings.ResetBoxPositions.Title": "Pozícia okien",
    "Settings.SendGEXInfo.Desc": "Odoslať údaje o poradí cechov a hráčov v rebríčku CE po jeho otvorení",
    "Settings.SendGEXInfo.Title": "Vyhodnotenie CE",
    "Settings.SendGildMemberLGInfo.Desc": "Pri návšteve iných členov cechu sa údaje o ich VB odošlú na foe-rechner.de.",
    "Settings.SendGildMemberLGInfo.Title": "Údaje o VB iných členov cechu",
    "Settings.SendInvestigations.Desc": "Vstupom do  'Radnica'> 'Novinky'> 'Veľkolepé budovy' sa odošlú údaje o príspevkoch BV",
    "Settings.SendInvestigations.Title": "Príspevky do VB",
    "Settings.SendPlayersMotivation.Desc": "Odoslať údaje o moticáciách (pomoci)?",
    "Settings.SendPlayersMotivation.Title": "Motivácia (pomoc)",
    "Settings.Version.Desc": "Verzia rozšírenia pre Chrome",
    "Settings.Version.GuildId": "ID cechu:",
    "Settings.Version.PlayerId": "ID hráča:",
    "Settings.Version.Title": "Verzia:",
    "Settings.Version.World": "Svet:",
    "_Language": "Slovenčina"
}
