﻿{
    "API.GEXChampionship": "IE placering för imperiet har uppdaterats",
    "API.GEXPlayer": "IE placering för medlemmar har uppdaterats",
    "API.LGGildMember": "__player__'s Mäktig byggnad har skickats in",
    "API.LGInvest": "Dina MB investeringar har överförts",
    "API.UpdateSuccess": "Uppdatering utförd",
    "Boxes.Alerts.Form.Antiques.Auction": "Auktion",
    "Boxes.Alerts.Form.Antiques.Cooldown": "Auktion svalning",
    "Boxes.Alerts.Form.Antiques.Dealer": "Antitikhandlare",
    "Boxes.Alerts.Form.Antiques.Exchange": "dagligt utbyte",
    "Boxes.Alerts.Form.Battleground": "Imperieslagfält provinser",
    "Boxes.Alerts.Form.Create": "Skapa",
    "Boxes.Alerts.Form.CreateAlert": "Skapa alarm",
    "Boxes.Alerts.Form.CreateNewAlert": "Skapa nytt alarm",
    "Boxes.Alerts.Form.Datetime": "Datum &amp; Tid",
    "Boxes.Alerts.Form.Delete": "Ta bort",
    "Boxes.Alerts.Form.Discard": "Kasta",
    "Boxes.Alerts.Form.Edit": "Ändra",
    "Boxes.Alerts.Form.EditAlert": "Ändra alarm",
    "Boxes.Alerts.Form.Expiration": "Utgå",
    "Boxes.Alerts.Form.Expired": "Utgått",
    "Boxes.Alerts.Form.Expires": "Utgår",
    "Boxes.Alerts.Form.Neighborhood": "Granskap",
    "Boxes.Alerts.Form.Persistence.Off": "Av",
    "Boxes.Alerts.Form.Persistence.On": "På",
    "Boxes.Alerts.Form.Preset.Now": "Nu",
    "Boxes.Alerts.Form.Preview": "Förhandsvisning",
    "Boxes.Alerts.Form.Repeat": "Repeterbar",
    "Boxes.Alerts.Form.Repeat.Every": "eller varje",
    "Boxes.Alerts.Form.Repeat.Never": "aldrig",
    "Boxes.Alerts.Form.Save": "Spara",
    "Boxes.Alerts.Form.Title": "Titel",
    "Boxes.Alerts.Preferences.Early.Info": "Automatiskt genererade alarm tider (Antikhandlare, Imperieslagfält osv) kommer använda denna offset för att skicka notifieringar före en händelse faktist händer. Till exempel, om du ställer detta till 30 (sekunder), Aktion alarm kommer visa 30s flre auktionen går ut!",
    "Boxes.Alerts.Preferences.Early.Title": "Notifiera tidigare offset",
    "Boxes.Alerts.Preferences.Suggestions.Title": "Alarm förslag",
    "Boxes.Alerts.Tabs.Alerts": "Alarm",
    "Boxes.Alerts.Tabs.Preferences": "Inställningar",
    "Boxes.Alerts.Time.15m": "15m",
    "Boxes.Alerts.Time.1d": "1d",
    "Boxes.Alerts.Time.1h": "1h",
    "Boxes.Alerts.Time.1m": "1m",
    "Boxes.Alerts.Time.4h": "4h",
    "Boxes.Alerts.Time.5m": "5m",
    "Boxes.Alerts.Time.8h": "8h",
    "Boxes.Api.Title": "Tillägg API Inställningar",
    "Boxes.BattleAssist.Text": "Din arme har bara skurkar. Läk dina enheter med diamanter eller gör reträtt!",
    "Boxes.BattleAssist.Title": "Stop!",
    "Boxes.Calculator.ActiveRecurringQuest": "Aktivt återkommande uppdrag:",
    "Boxes.Calculator.ArkBonus": "Arkbonus",
    "Boxes.Calculator.AvailableFP": "Tillgängliga FP",
    "Boxes.Calculator.BPs": "Ritning",
    "Boxes.Calculator.Commitment": "Kostnad",
    "Boxes.Calculator.Done": "Klart",
    "Boxes.Calculator.FP": "FP",
    "Boxes.Calculator.FriendlyInvestment": "Investeringskvot:",
    "Boxes.Calculator.HelpLink": "https://foe-rechner.de/docs/2/cost-calculator/",
    "Boxes.Calculator.LGNotConnected": "Byggnaden är inte inkopplad med en väg",
    "Boxes.Calculator.LGNotOpen": "Nästa niå är inte upplåst ännu",
    "Boxes.Calculator.LevelWarning": "VARNING! Höjer nivå på MB!",
    "Boxes.Calculator.MaxLevel": "Max nivå",
    "Boxes.Calculator.Meds": "Medalj",
    "Boxes.Calculator.Profit": "Vinst",
    "Boxes.Calculator.Step": "Nivå ",
    "Boxes.Calculator.TTForderCosts": "Kostnad = __nettoreward__<small>(netto vinst)</small> * __forderfactor__%<small>(Vänlig investering)</small> = __costs__",
    "Boxes.Calculator.TTForderFPStockLow": "VARNING: FP bank är för liten<br>Du har bara __fpstock__ of __costs__FP<br>Det är __tooless__FP för lite",
    "Boxes.Calculator.TTForderNegativeProfit": "Placering är inte säker. __fpcount__ ytterligare FP måste läggas in för att göra den säker<br>Totalt för att göra den säker: __totalfp__FP",
    "Boxes.Calculator.TTLevelWarning": "__fpcount__FP får inte plats<br>Max investering: __totalfp__FP",
    "Boxes.Calculator.TTLoss": "Belöning = __nettoreward__<small>(netto vinst)</small> * __arcfactor__%<small>(Ark bonus)</small> = __bruttoreward__<br>Kostnad: __costs__<br>Förlust = __costs__<small>(kostnader)</small> - __bruttoreward__<small>(belöning)</small> = __loss__",
    "Boxes.Calculator.TTLossSelf": "Belöning = __nettoreward__<small>(netto vinst)</small> * __arcfactor__%<small>(Ark bonus)</small> = __bruttoreward__<br>Betalade: __paid__<br>Förlust = __paid__<small>(betalade)</small> - __bruttoreward__<small>(belöning)</small> = __loss__",
    "Boxes.Calculator.TTPaidTooLess": "Du betalade __paid__FP istället för __topay__FP. Det är __tooless__FP för mycket.",
    "Boxes.Calculator.TTPaidTooMuch": "Du betalade __paid__FP istället för __topay__FP. Det är __toomuch__FP för lite.",
    "Boxes.Calculator.TTProfit": "Belöning = __nettoreward__<small>(netto vinst)</small> * __arcfactor__%<small>(Ark bonus)</small> = __bruttoreward__<br>Kostnad: __costs__<br>Vinst = __bruttoreward__<small>(belöning)</small> - __costs__<small>(kostnad)</small> = __profit__",
    "Boxes.Calculator.TTProfitSelf": "Belöning = __nettoreward__<small>(netto vinst)</small> * __arcfactor__%<small>(Ark bonus)</small> = __bruttoreward__<br>Betalade: __paid__<br>Vinst = __bruttoreward__<small>(belöning)</small> - __paid__<small>(betalning)</small> = __profit__",
    "Boxes.Calculator.Title": "Kostnadskalkylator",
    "Boxes.Calculator.Up2LevelUp": "Till nästa nivå",
    "Boxes.Campagne.AlreadyDone": " Redan erövrad!",
    "Boxes.Campagne.DescInStock": "Tillgängliga",
    "Boxes.Campagne.DescRequired": "Behov",
    "Boxes.Campagne.DescStillMissing": "<span style='color:#29b206'>Överskott</span> / <span style='color:#ff4040'>Saknas</span>",
    "Boxes.Campagne.Resource": "Resurs",
    "Boxes.Campagne.Reward": "Total belöning ",
    "Boxes.Campagne.Title": "Erövringskostnad för ",
    "Boxes.CityMap.CavalierPerspecitve": "Högpunktsvy",
    "Boxes.CityMap.Desc1": "För att planera din stad behöver we skicka din data till foe-rechner.de",
    "Boxes.CityMap.Desc2": "Skicka",
    "Boxes.CityMap.FreeArea": "Ledig yta: ",
    "Boxes.CityMap.NormalPerspecitve": "Standard",
    "Boxes.CityMap.ShowSubmitBox": "Visa skicka box",
    "Boxes.CityMap.SubmitSuccess": "Data skickades utan problem... Besök nu ",
    "Boxes.CityMap.TitleSend": "Skicka data",
    "Boxes.CityMap.WholeArea": "Total yta: ",
    "Boxes.CityMap.YourCity": "Din stad",
    "Boxes.EventChests.Chance": "Chans",
    "Boxes.EventChests.Cost": "Kostnad",
    "Boxes.EventChests.CostPerPrize": "Kostnad/Pris",
    "Boxes.EventChests.CostPerStep": "Kostand/Steg",
    "Boxes.EventChests.MainPrize": "Huvudpris",
    "Boxes.EventChests.MainPrizeTitle": "Dagens pris: ",
    "Boxes.EventChests.Steps": "Steg",
    "Boxes.EventChests.Title": "Assistent till händelsekista",
    "Boxes.Gildfights.Fights": "Strider",
    "Boxes.Gildfights.LastSnapshot": " - senaste översikt __time__ sen",
    "Boxes.Gildfights.Negotiations": "Förhandlingar",
    "Boxes.Gildfights.Player": "Spelare",
    "Boxes.Gildfights.Title": "Spelaröversikt",
    "Boxes.Gildfights.Total": "Total",
    "Boxes.GreatBuildings.ArcBonus": "Vänlig investering",
    "Boxes.GreatBuildings.CostPerDailyFP": "Kostnad / daglig FP",
    "Boxes.GreatBuildings.GreatBulding": "Mäktig byggnad",
    "Boxes.GreatBuildings.Level": "Nivå",
    "Boxes.GreatBuildings.Title": "MB investering",
    "Boxes.HiddenRewards.Disappears": "Försvinner",
    "Boxes.HiddenRewards.NoEvents": "Inga händelser",
    "Boxes.HiddenRewards.Title": "Gömda händelser",
    "Boxes.Infobox.Filter": "Filter",
    "Boxes.Infobox.FilterAuction": "Auktiongit st",
    "Boxes.Infobox.FilterGex": "IE",
    "Boxes.Infobox.FilterGildFights": "Imperiestrider",
    "Boxes.Infobox.FilterLevel": "Ny nivå",
    "Boxes.Infobox.FilterMessage": "Meddelanden",
    "Boxes.Infobox.FilterTrade": "Handel",
    "Boxes.Infobox.Messages.Auction": "'<strong>__player__</strong> har precis erbjudit __amount__ mynt.",
    "Boxes.Infobox.Messages.GEX": "<strong>__player__</strong> har precis fått __points__ poäng i IE.",
    "Boxes.Infobox.Messages.GildFightOccupied": "Provins <span style=\"color:#ffb539\">__provinceName__</span> togs över av <span style=\"color:__attackerColor__;text-shadow: 0 1px 1px __attackerShadow__\">__attackerName__</span> och är inte tillgänglig tills __untilOccupied__",
    "Boxes.Infobox.Messages.LevelUp": "__player__'s __building__ building has just reached level __level__.<br>Du tog plats <strong>__rank__th</strong> och fick <strong>__fps__</strong> FP tillbaka.",
    "Boxes.Infobox.Messages.MsgBuilding": "__building__ - Nivå __level__",
    "Boxes.Infobox.Messages.Trade": "<strong>__player__</strong> accepterat ditt bud.<br>Du fick __needValue__ __need__ for __offerValue__ __offer__",
    "Boxes.Infobox.ResetBox": "Töm",
    "Boxes.Infobox.Title": "Informationshubb",
    "Boxes.Investment.AllUpToDate": "Allting är uppdaterat",
    "Boxes.Investment.AllUpToDateDesc": "Alla spelare på denna sida har redan blivit sparade",
    "Boxes.Investment.CurrReward": "Nuvarande vinst: ",
    "Boxes.Investment.InvestBar": "Investerat FP: ",
    "Boxes.Investment.PlayerFound": "Spelare hittad",
    "Boxes.Investment.PlayerFoundCount": "__count__ nya spelar händelser hittades",
    "Boxes.Investment.PlayerFoundCounter": "__count__ nya spelar händelser hittades",
    "Boxes.Investment.Title": "Investera",
    "Boxes.Investment.TotalFP": "Bank + cirkulation + vinst: ",
    "Boxes.Kits.InStock": "I lager",
    "Boxes.Kits.KitName": "Kit-Namn",
    "Boxes.Kits.Name": "Namn",
    "Boxes.Kits.Title": "Byggnads- / väljar-kit",
    "Boxes.Negotiation.Average": "Ø mängd",
    "Boxes.Negotiation.Canceled": "Förhandling har avbrytits",
    "Boxes.Negotiation.Chance": "Chans",
    "Boxes.Negotiation.DragDrop": "Du kan omorganisera ikonerna på medel via dra & släpp för att välja ordningen för första försöket.",
    "Boxes.Negotiation.GoodsCritical": "VARNING: Varulager är kritiskt",
    "Boxes.Negotiation.GoodsLow": "VARNING: Varulager är lågt",
    "Boxes.Negotiation.Person": "Person",
    "Boxes.Negotiation.Round": "Omgång",
    "Boxes.Negotiation.SaveCurrentEraGoods": "Spara varor från nuvarande era",
    "Boxes.Negotiation.SaveMedals": "Spara medaljer",
    "Boxes.Negotiation.Stock": "Lager:",
    "Boxes.Negotiation.Success": "Framgång",
    "Boxes.Negotiation.TableLoadError": "Fel att ladda förhandlingstabell",
    "Boxes.Negotiation.Title": "Förhandlingshjälp",
    "Boxes.Negotiation.TryEnd": "Inga fler försök",
    "Boxes.Negotiation.WrongGoods": "Fel vara vald, välj manuell för avslut",
    "Boxes.Negotiation.confirmGoodsMissmatch": "Ok",
    "Boxes.Outpost.DescInStock": "Tillgängliga",
    "Boxes.Outpost.DescRequired": "Behov",
    "Boxes.Outpost.DescStillMissing": "<span style='color:#29b206'>Överskott</span> / <span style='color:#ff4040'>Saknas</span>",
    "Boxes.Outpost.ExpansionsSum": "Expansion",
    "Boxes.Outpost.ShowSums": "Visa summa:",
    "Boxes.Outpost.Title": "Varor från bosättning",
    "Boxes.Outpost.TitleBuildings": "Byggnad",
    "Boxes.Outpost.TitleFree": "Tillgänglig",
    "Boxes.Outpost.TitleShort": "Varuöversikt - ",
    "Boxes.Outpost.infoLine": "__runNumber__. run, Bonus x4 Chans: __chanceX4__%",
    "Boxes.Outpost.nextTile": "nästa expansion",
    "Boxes.Outpost.tileNotPlanned": "av",
    "Boxes.OwnpartCalculator.All": "Alla",
    "Boxes.OwnpartCalculator.Arc": "Ark",
    "Boxes.OwnpartCalculator.Auto": "Auto",
    "Boxes.OwnpartCalculator.BPs": "Ritning",
    "Boxes.OwnpartCalculator.BuildingName": "Byggnad",
    "Boxes.OwnpartCalculator.CopyValues": "Kopiera värden",
    "Boxes.OwnpartCalculator.Deposit": "Insats",
    "Boxes.OwnpartCalculator.Done": "Klart",
    "Boxes.OwnpartCalculator.Ext": "Extra",
    "Boxes.OwnpartCalculator.HelpLink": "https://foe-rechner.de/docs/2/gb-calculator/",
    "Boxes.OwnpartCalculator.IndividualName": "MB Namn",
    "Boxes.OwnpartCalculator.LGTotalFP": "MB Total-FP",
    "Boxes.OwnpartCalculator.Levels": "Nivåer",
    "Boxes.OwnpartCalculator.Meds": "Medalj",
    "Boxes.OwnpartCalculator.NoPlaceSafe": "Inga säkra platser",
    "Boxes.OwnpartCalculator.Note": "Anteckning",
    "Boxes.OwnpartCalculator.OldLevel": "Förra nivån",
    "Boxes.OwnpartCalculator.Order": "Ordning",
    "Boxes.OwnpartCalculator.OutputScheme": "Utskrift",
    "Boxes.OwnpartCalculator.OwnPart": "Egen del",
    "Boxes.OwnpartCalculator.OwnPartRemaining": "Kvar",
    "Boxes.OwnpartCalculator.PatronPart": "Andras del",
    "Boxes.OwnpartCalculator.Place": "Plats",
    "Boxes.OwnpartCalculator.PlayerName": "Spelare",
    "Boxes.OwnpartCalculator.Scheme": "Schema",
    "Boxes.OwnpartCalculator.Step": "Nivå",
    "Boxes.OwnpartCalculator.Title": "MB kalkylator",
    "Boxes.OwnpartCalculator.YourName": "Ditt namn",
    "Boxes.Production.SizeTT": "Storlek inkluderar genomsnitts gatutrymme behov för __streetnettosize__ tiles",
    "Boxes.Productions.AdjacentBuildings": "Angränsande byggnad",
    "Boxes.Productions.GoodEraTotal": "Total",
    "Boxes.Productions.Happiness": "Glädje",
    "Boxes.Productions.Headings.all": "Alla",
    "Boxes.Productions.Headings.amount": "Antal",
    "Boxes.Productions.Headings.area": "Area",
    "Boxes.Productions.Headings.boost": "Boost",
    "Boxes.Productions.Headings.culture": "Kulturbyggnad",
    "Boxes.Productions.Headings.decoration": "Dekoration",
    "Boxes.Productions.Headings.earning": "Inkomst",
    "Boxes.Productions.Headings.efficiency": "Effiktivitet",
    "Boxes.Productions.Headings.era": "Era",
    "Boxes.Productions.Headings.goods": "Varubyggnader",
    "Boxes.Productions.Headings.greatbuilding": "Mäktiga byggnader",
    "Boxes.Productions.Headings.main_building": "Stadshus",
    "Boxes.Productions.Headings.name": "Namn",
    "Boxes.Productions.Headings.number": "Nummer",
    "Boxes.Productions.Headings.production": "Produktion byggnader",
    "Boxes.Productions.Headings.random_production": "Slumpmässig produktion",
    "Boxes.Productions.Headings.residential": "Bostadsbyggnad",
    "Boxes.Productions.Headings.size": "Storlek",
    "Boxes.Productions.Headings.street": "Väg",
    "Boxes.Productions.ModeCurrent": "Nuvarande",
    "Boxes.Productions.ModeDaily": "Daglig prod.",
    "Boxes.Productions.ModeGroups": "Gruppera",
    "Boxes.Productions.ModeSingle": "Enkel",
    "Boxes.Productions.NoAsteroidDataWarning": "Varor från asteriodbältet är inte inkluderade. Besök din asteriodbältes koloni och öppna igen",
    "Boxes.Productions.NoMarsDataWarning": "Varor från mars är inte inkluderade. Besök din mars koloni och öppna igen",
    "Boxes.Productions.SearchInput": "Sök byggnad...",
    "Boxes.Productions.Title": "Produktionsöversikt",
    "Boxes.Productions.Total": "Total: ",
    "Boxes.Settings.Active": "Aktiv",
    "Boxes.Settings.Inactive": "Inaktiv",
    "Boxes.Settings.Title": "Inställningar",
    "Boxes.Stats.BtnAll": "Alla",
    "Boxes.Stats.BtnAllPlayableEras": "Alla eror",
    "Boxes.Stats.BtnAllPlayableErasTitle": "Välj alla spelbara eror (utom: Ingen era, Speciel)",
    "Boxes.Stats.BtnAllTittle": "Eror + Ingen era + Speciel",
    "Boxes.Stats.BtnChartType.delta": "Delta",
    "Boxes.Stats.BtnChartType.line": "Linje",
    "Boxes.Stats.BtnChartType.streamgraph": "Ström",
    "Boxes.Stats.BtnChartTypeTitle.delta": "Öka/minska graf",
    "Boxes.Stats.BtnChartTypeTitle.line": "Linje diagram",
    "Boxes.Stats.BtnChartTypeTitle.streamgraph": "Ström diagram",
    "Boxes.Stats.BtnLastEras": "Sista två erorna",
    "Boxes.Stats.BtnLastErasTitle": "Välj nuvarande och föregående era",
    "Boxes.Stats.BtnMyEra": "Min era",
    "Boxes.Stats.BtnNoEra": "Ingen era",
    "Boxes.Stats.BtnSource.statsGBGPlayers": "Imperieslagfält",
    "Boxes.Stats.BtnSource.statsRewards": "Belöning",
    "Boxes.Stats.BtnSource.statsTreasureClanD": "Imperieskattkamare per dag",
    "Boxes.Stats.BtnSource.statsTreasureClanH": "Imperieskattkamare",
    "Boxes.Stats.BtnSource.statsTreasurePlayerD": "Skattkamare per dag",
    "Boxes.Stats.BtnSource.statsTreasurePlayerH": "Skattkammare",
    "Boxes.Stats.BtnSource.statsUnitsD": "Enheter per dag",
    "Boxes.Stats.BtnSource.statsUnitsH": "Enheter per timme",
    "Boxes.Stats.BtnToggleAnnotations": "GvG notation",
    "Boxes.Stats.BtnToggleAnnotationsTitle": "Visar kostnad av varor på GvG karta.",
    "Boxes.Stats.BtnToggleGroupBy": "Gruppera på era",
    "Boxes.Stats.BtnToggleGroupByTitle": "Gruppera på titel",
    "Boxes.Stats.Period.all": "Alla",
    "Boxes.Stats.Period.last30days": "Sista 30 dagar",
    "Boxes.Stats.Period.last7days": "Sista 7 dagar",
    "Boxes.Stats.Period.sinceTuesday": "Sedan tisdag",
    "Boxes.Stats.Period.thisMonth": "Denna månad",
    "Boxes.Stats.Period.today": "Idag",
    "Boxes.Stats.PeriodTitle.all": "Över all tid",
    "Boxes.Stats.PeriodTitle.last30days": "Samlat senaste 30 dagar",
    "Boxes.Stats.PeriodTitle.last7days": "Samlat senaste 7 dagarna",
    "Boxes.Stats.PeriodTitle.sinceTuesday": "Samlat sedan tisdag (IE startar på tisdag)",
    "Boxes.Stats.PeriodTitle.thisMonth": "Samlat denna månad",
    "Boxes.Stats.PeriodTitle.today": "Samlat idag",
    "Boxes.Stats.Rewards.Source.__event": "Event",
    "Boxes.Stats.Rewards.Source.battlegrounds_conquest": "ISF",
    "Boxes.Stats.Rewards.Source.diplomaticGifts": "Diplomatgåvor",
    "Boxes.Stats.Rewards.Source.guildExpedition": "IE",
    "Boxes.Stats.Rewards.Source.spoilsOfWar": "Krigsbyte",
    "Boxes.Stats.Rewards.SourceTitle.__event": "Belöning från säsong eller special event",
    "Boxes.Stats.Rewards.SourceTitle.battlegrounds_conquest": "Belöning från Imperieslagfält",
    "Boxes.Stats.Rewards.SourceTitle.diplomaticGifts": "Diplomatgåvor insamlade av rymdtransportör",
    "Boxes.Stats.Rewards.SourceTitle.guildExpedition": "Belöningar från Imperiexpedition med reliktempel",
    "Boxes.Stats.Rewards.SourceTitle.spoilsOfWar": "Belöningar från Himeji-slott",
    "Boxes.Stats.SourceTitle.statsGBGPlayers": "Poäng för spelare i imperieslagfält",
    "Boxes.Stats.SourceTitle.statsRewards": "Dina belöningar från Himeji-slott, Reliktempel, Imperieslagfält",
    "Boxes.Stats.SourceTitle.statsTreasureClanD": "Imperiets skattkammare per dag",
    "Boxes.Stats.SourceTitle.statsTreasureClanH": "Imperiets skattkammare per timme",
    "Boxes.Stats.SourceTitle.statsTreasurePlayerD": "Din skattkamare per dag",
    "Boxes.Stats.SourceTitle.statsTreasurePlayerH": "Din skattkammare per timme",
    "Boxes.Stats.SourceTitle.statsUnitsD": "Enheter per dag",
    "Boxes.Stats.SourceTitle.statsUnitsH": "Enheter per time",
    "Boxes.Stats.Title": "Statistik",
    "Boxes.Technologies.DescInStock": "Tillgängligt",
    "Boxes.Technologies.DescRequired": "Behov",
    "Boxes.Technologies.DescStillMissing": "<span style='color:#29b206'>Överskott</span> / <span style='color:#ff4040'>Saknas</span>",
    "Boxes.Technologies.NoTechs": "Du har nått slutet av denna era",
    "Boxes.Technologies.Resource": "Resurs",
    "Boxes.Technologies.Title": "Forskningskostnad för",
    "Boxes.Units.AlcaHarvest": "Din Alcatraz är redo att farma!",
    "Boxes.Units.Attack": "Attack",
    "Boxes.Units.Bind": "Bunden",
    "Boxes.Units.Defend": "Försvar",
    "Boxes.Units.NextUnitsIn": "Nästa __count__ enheter kommer om <span class=\"alca-countdown\"></span> vid __harvest__ Uhr",
    "Boxes.Units.NotFilled": "Inte fylld",
    "Boxes.Units.Proportionally": "Proportionellt",
    "Boxes.Units.Quantity": "Antal",
    "Boxes.Units.ReadyToLoot": "Redo att plundra!",
    "Boxes.Units.Status": "Status",
    "Boxes.Units.Title": "Arméöversikt",
    "Boxes.Units.Unbind": "Obunden",
    "Boxes.Units.Unit": "Trupp",
    "DateTime": "YYYY-MM-DD HH:mm",
    "Eras.0": "Alla eror",
    "Eras.1": "Stenåldern",
    "Eras.10": "Modern tid",
    "Eras.11": "Postmodern tid",
    "Eras.12": "Nutid",
    "Eras.13": "Morgondagen",
    "Eras.14": "Framtiden",
    "Eras.15": "Arktisk framtid",
    "Eras.16": "Oceanisk framtid",
    "Eras.17": "Virtuell framtid",
    "Eras.18": "Rymdålder Mars",
    "Eras.19": "Rymdålder Asteriodbälte",
    "Eras.2": "Bronsåldern",
    "Eras.20": "Rymdålder Venus",
    "Eras.3": "Järnåldern",
    "Eras.4": "Tidig medeltid",
    "Eras.5": "Högmedeltid",
    "Eras.6": "Senmedeltid",
    "Eras.7": "Kolonialåldern",
    "Eras.8": "Industriåldern",
    "Eras.9": "Progressiva eran",
    "Global.BoxTitle": "FoE Assistant",
    "HiddenRewards.Positions.cityRoadBig": "Stor väg",
    "HiddenRewards.Positions.cityRoadSmall": "Liten väg",
    "HiddenRewards.Positions.guildExpedition": "Imperieexpedition",
    "HiddenRewards.Positions.nature": "Natur",
    "HiddenRewards.Positions.shore": "Strand",
    "HiddenRewards.Positions.water": "I vattnet",
    "HiddenRewards.Table.expires": "Försvinner",
    "HiddenRewards.Table.position": "Plats",
    "HiddenRewards.Table.type": "Typ",
    "Local": "sv-SE",
    "Menu.Calculator.Desc": "Räkna alla placeringar för dig och FP som du kan stjäla",
    "Menu.Calculator.Title": "Kostnadskalkylator",
    "Menu.Calculator.Warning": "Inaktiverat: Öppna en annan spelares MB först!",
    "Menu.Campagne.Desc": "Översikt vilka resurser som behövs",
    "Menu.Campagne.Title": "Kampanj",
    "Menu.Campagne.Warning": "Inaktiverat: Besök en provins först!",
    "Menu.Chat.Desc": "Prata i realtid med alla",
    "Menu.Chat.Title": "Imperium realtidschat",
    "Menu.Citymap.Desc": "Visa din stad schematiskt från ovan",
    "Menu.Citymap.Title": "Stadsöversikt",
    "Menu.HiddenRewards.Desc": "Översikt av händelser",
    "Menu.HiddenRewards.Title": "Gömda händelser",
    "Menu.Info.Desc": "Visar allt som händer i \"bakgrunden\"<br>",
    "Menu.Info.Title": "Informationshubb",
    "Menu.Kits.Desc": "Visa alla existerade byggnader, uppgraderings och väljare kit",
    "Menu.Kits.Title": "Byggnadskit",
    "Menu.Negotiation.Desc": "Gör beräknade förslag till forhandling",
    "Menu.Negotiation.Title": "Förhandlingshjälp",
    "Menu.Negotiation.Warning": "Inaktiverat: Starta en förhandling först!",
    "Menu.OutP.Desc": "Översikt av de resurser du behöver",
    "Menu.OutP.DescWarningBuildings": "<em id='outPW' class='tooltip-error'>Inaktiverat: kolla i bossättningen först!<br></em>Översikt av de resurser du behöver",
    "Menu.OutP.DescWarningOutpostData": "<em id='outPW' class='tooltip-error'>Inaktiverat: Starta en bosättning och ladda om spelet (F5)",
    "Menu.OutP.Title": "Bosättning",
    "Menu.OwnpartCalculator.Desc": "Skapa en betalningsplan, beräkna externa placeringar och kopiera värden",
    "Menu.OwnpartCalculator.Title": "MB Kalkylator",
    "Menu.OwnpartCalculator.Warning": "Inaktiverat: Öppna en av dina MB först!",
    "Menu.Productions.Desc": "Visar en översikt av all produktion.",
    "Menu.Productions.Title": "Produktionsöversikt",
    "Menu.Settings.Desc": "Här finns några inställningar",
    "Menu.Settings.Title": "Inställningar",
    "Menu.Stats.Desc": "Varor, enheter, belöningar, imperieslagfält",
    "Menu.Stats.Title": "Statistik",
    "Menu.Technologies.Desc": "Beräkna kostnad för forskning",
    "Menu.Technologies.Title": "Teknologier",
    "Menu.Technologies.Warning": "Inaktiverat: Öppna forskningsmenyn först!",
    "Menu.Unit.Desc": "En översikt av dina enheter",
    "Menu.Unit.Title": "Arméer",
    "Menu.Unit.Warning": "Öppna din \"Arméhantering\" <br>knapp \"U\"",
    "Menu.greatbuildings.Desc": "Vilken FP producerande mäktig byggnad ska jag uppgradera härnäst?",
    "Menu.greatbuildings.Title": "MB Investering",
    "Settings.AutomaticNegotiation.Desc": "Ska vi automatiskt hjälpa med förhandling och stänga vid avbryt?",
    "Settings.AutomaticNegotiation.Title": "Förhandlingshjälp",
    "Settings.ChangeLanguage.Desc": "Vilket språk istället för det som hittas automatiskt ska användas?",
    "Settings.ChangeLanguage.Title": "Byt språk",
    "Settings.GlobalSend.Desc": "Om du vill spåra och dela data med ditt imperium, aktivera detta. <br> Om du inte vill dela data inaktivera.",
    "Settings.GlobalSend.Title": "Överföring till foe-rechner.de",
    "Settings.MenuLength.Desc": "Hur många element högt ska menyn vara?<br> Tom eller \"0\" betyder automatisk höjd.",
    "Settings.MenuLength.Title": "Meny längd",
    "Settings.ResetBoxPositions.Button": "Ta bort!",
    "Settings.ResetBoxPositions.Desc": "Ska alla dialog kordinater bli nollställda?",
    "Settings.ResetBoxPositions.Title": "Dialog kordinater",
    "Settings.SendGEXInfo.Desc": "När du är inne i IE placering eller rank överförs data.",
    "Settings.SendGEXInfo.Title": "IE utvärdering",
    "Settings.SendGildMemberLGInfo.Desc": "När du besäker andra imperiemedlemmar kommer MB data skickas till foe-rechner.de vid globala aktiviteter.",
    "Settings.SendGildMemberLGInfo.Title": "MB data av andra imperiemedlemmar",
    "Settings.SendInvestigations.Desc": "Gå in i 'Stadshuset'> 'Nyheter'> 'Mäktiga byggnader' kommer skicka dina FP investeringar.",
    "Settings.SendInvestigations.Title": "FP investering",
    "Settings.SendPlayersMotivation.Desc": "Ska motiveringsaktivitet skickas när du kollar på händelsehistorik",
    "Settings.SendPlayersMotivation.Title": "Motiveringsaktivitet",
    "Settings.ShowInvestments.Desc": "Visar summan av dina FP investeringar när du går in i 'Stadshuset'> 'Nyheter'> 'Mäktiga byggnader' flik.",
    "Settings.ShowInvestments.Title": "Visa FP Investerings summering",
    "Settings.ShowOwnPartOnAllGBs.Desc": "Visa MB kalkylator för mäktiga byggnader för andara spelare",
    "Settings.ShowOwnPartOnAllGBs.Title": "Visa MB kalkylator för alla MBs",
    "Settings.ShowTavernBadge.Desc": "När extra runda i värdshuset aktiverats kommer en ikon visas.",
    "Settings.ShowTavernBadge.Title": "Visa värdshusprestation",
    "Settings.Version.Desc": "Chrome tillägg version",
    "Settings.Version.GuildId": "Imperium id:",
    "Settings.Version.PlayerId": "Spelar id:",
    "Settings.Version.Title": "Version",
    "Settings.Version.World": "Värld:",
    "_Language": "Svenska"
}
