﻿{
    "API.GEXChampionship": "GEX lonca yerleşimi güncellendi",
    "API.GEXPlayer": "GEX Üyelerinin yerleşimleri güncellendi",
    "API.LGGildMember": "__player __ adlı kullanıcının Devasaları gönderildi",
    "API.LGInvest": "Devasa yatırımlarınız aktarıldı",
    "API.UpdateSuccess": "Güncelleme yapıldı",
    "Boxes.Api.Title": "API Uzantı Ayarları",
    "Boxes.BattleAssist.Text": "Ordunuzda sadece Rogues var. Ya elmas kullanarak birimleri iyileştirin ya da geri çekilin!",
    "Boxes.Calculator.ActiveRecurringQuest": "Etkinlik Döngü görevi:",
    "Boxes.Calculator.ArkBonus": "Ark Bonusu",
    "Boxes.Calculator.AvailableFP": "Mevcut Forge Puanları",
    "Boxes.Calculator.BPs": "Ozalitler",
    "Boxes.Calculator.Commitment": "Bahisleriniz",
    "Boxes.Calculator.Done": "tamamlandı",
    "Boxes.Calculator.FP": "FP",
    "Boxes.Calculator.FriendlyInvestment": "şununla öde:",
    "Boxes.Calculator.HelpLink": "https://foe-rechner.de/docs/2/cost-calculator/",
    "Boxes.Calculator.LGNotConnected": "Bina bir caddeye bağlı değil",
    "Boxes.Calculator.LGNotOpen": "Bir sonraki seviye henüz aktif değil",
    "Boxes.Calculator.LevelWarning": "DİKKAT! Devasa'nın Seviyesi!",
    "Boxes.Calculator.Meds": "Meds",
    "Boxes.Calculator.Profit": "Kar",
    "Boxes.Calculator.Step": "Seviye ",
    "Boxes.Calculator.TTForderCosts": "Bahis = __nettoreward__<small>(Net Verim)</small> * __forderfactor__%<small>(şununla öde)</small> = __costs__",
    "Boxes.Calculator.TTForderFPStockLow": "DİKKAT: FP Stoğu çok düşük<br>sadece __fpstock__ var __costs__FP<br>şu kadar __tooless__FP az",
    "Boxes.Calculator.TTForderNegativeProfit": "sıranız güvenli değil. Sabitlemek için ek olarak. __fpcount__FP Garantilemek için atmalısınız<br>Garantilemek için toplam: __totalfp__FP",
    "Boxes.Calculator.TTLevelWarning": "__fpcount__FP Alacak yer yok<br>Maximum yatırma: __totalfp__FP",
    "Boxes.Calculator.TTLossSelf": "Verim = __nettoreward__<small>(Net Verim)</small> * __arcfactor__%<small>(Ark Bonusu)</small> = __bruttoreward__<br>Ödendi: __paid__<br>Zarar = __paid__<small>(Ödendi)</small> - __bruttoreward__<small>(Verim)</small> = __loss__",
    "Boxes.Calculator.TTPaidTooLess": "Bu kadar __paid__FP yerine __topay__FP Ödendi. bunlar __tooless__FP çok az.",
    "Boxes.Calculator.TTPaidTooMuch": "Bu kadar __paid__FP yerine __topay__FP Ödendi. bunlar __toomuch__FP çok fazla.",
    "Boxes.Calculator.TTProfitSelf": "Verim = __nettoreward__<small>(Net Verim)</small> * __arcfactor__%<small>(Ark Bonusu)</small> = __bruttoreward__<br>Ödendi: __paid__<br>Kar = __bruttoreward__<small>(Verim)</small> - __paid__<small>(Ödendi)</small> = __profit__",
    "Boxes.Calculator.Title": "Maliyet hesaplayıcı",
    "Boxes.Calculator.Up2LevelUp": "Seviyeye kadar",
    "Boxes.Campagne.AlreadyDone": " çoktan Fethedildi!",
    "Boxes.Campagne.DescInStock": "Mevcut",
    "Boxes.Campagne.DescRequired": "Gerekli",
    "Boxes.Campagne.DescStillMissing": "<span style='color:#29b206'>Fazlalık</span> / <span style='color:#ff4040'>Eksik</span>",
    "Boxes.Campagne.Resource": "Kaynak",
    "Boxes.Campagne.Reward": "Toplam Ödül ",
    "Boxes.Campagne.Title": "Fetih Maliyeti ",
    "Boxes.CityMap.CavalierPerspecitve": "Kavalier Perspektifi",
    "Boxes.CityMap.Desc1": "Şehrinizi planlayabilmeniz için verilerinizi foe-rechner.de adresine göndermeliyiz. Orada istediğiniz gibi deneyebilirsiniz.",
    "Boxes.CityMap.Desc2": "Gönder",
    "Boxes.CityMap.FreeArea": "Boş Alan: ",
    "Boxes.CityMap.NormalPerspecitve": "Normal",
    "Boxes.CityMap.SubmitSuccess": "Verileriniz gönderildi... şimdi geçebilirsiniz ",
    "Boxes.CityMap.TitleSend": "Verileri Gönder",
    "Boxes.CityMap.WholeArea": "Toplam Alan: ",
    "Boxes.CityMap.YourCity": "Şehriniz",
    "Boxes.EventChests.Chance": "Şans",
    "Boxes.EventChests.Cost": "Maliyet",
    "Boxes.EventChests.CostPerPrize": "Maliyet/Fiyat",
    "Boxes.EventChests.CostPerStep": "Maliyet/Adım",
    "Boxes.EventChests.MainPrize": "Büyük Ödül",
    "Boxes.EventChests.MainPrizeTitle": "Günün Fiyatı: ",
    "Boxes.EventChests.Steps": "Adımlar",
    "Boxes.EventChests.Title": "Etkinlik yardımcısı",
    "Boxes.Gildfights.Fights": "Savaşlar",
    "Boxes.Gildfights.LastSnapshot": " - dan önceki son anlık görüntü  __time__",
    "Boxes.Gildfights.Negotiations": "Müzakereler",
    "Boxes.Gildfights.Player": "Oyuncular",
    "Boxes.Gildfights.Title": "Oyuncular Genelbakış",
    "Boxes.HiddenRewards.Disappears": "Kaybolacak",
    "Boxes.HiddenRewards.NoEvents": "Etkinlik yok",
    "Boxes.HiddenRewards.Title": "Etkinlikler",
    "Boxes.Infobox.Filter": "Filitre",
    "Boxes.Infobox.FilterAuction": "Açık Artırma",
    "Boxes.Infobox.FilterGex": "GEX",
    "Boxes.Infobox.FilterGildFights": "Lonca Savaşları",
    "Boxes.Infobox.FilterLevel": "Seviye arttırma",
    "Boxes.Infobox.FilterMessage": "İleti",
    "Boxes.Infobox.FilterTrade": "Ticaret",
    "Boxes.Infobox.Messages.Auction": "<strong>__player__</strong> az önce __amount__ teklif etti",
    "Boxes.Infobox.Messages.GEX": "<strong>__player__</strong> az önce __points__ GEX te Puan aldı.",
    "Boxes.Infobox.Messages.GildFightOccupied": "İl <span style=\"color:#ffb539\">__provinceName__</span> tarafından <span style=\"color:__attackerColor__;text-shadow: 0 1px 1px __attackerShadow__\">__attackerName__</span> alınde ve şu __untilOccupied__ Saate kadar kilitli",
    "Boxes.Infobox.Messages.LevelUp": "__player__'s __building__ Seviyeye __level__ ulaştı.<br>Bu kadar <strong>__rank__</strong> alınmış ve belgelenmiş <strong>__fps__ FP</strong>",
    "Boxes.Infobox.Messages.MsgBuilding": "__building__ - Seviye __level__",
    "Boxes.Infobox.Messages.Trade": "<strong>__player__</strong> Teklifini kabul etti.<br>Bu kadar __needValue__ __need__ için __offerValue__ __offer__ aldı",
    "Boxes.Infobox.ResetBox": "Boxu boşalt",
    "Boxes.Infobox.Title": "Infobox",
    "Boxes.Investment.AllUpToDate": "Güncel",
    "Boxes.Investment.AllUpToDateDesc": "Bu sayfadaki tüm oyuncular zaten kaydedildi",
    "Boxes.Investment.CurrReward": "Şu anki Kar: ",
    "Boxes.Investment.InvestBar": "Yatrım yapılan FP: ",
    "Boxes.Investment.PlayerFound": "Oyuncular bulundu",
    "Boxes.Investment.PlayerFoundCount": "__count__ yeni Oyuncular Etkinliği bulundu",
    "Boxes.Investment.PlayerFoundCounter": "__count__ yeni Oyuncular Etkinliği bulundu",
    "Boxes.Investment.Title": "Yatırımlar",
    "Boxes.Investment.TotalFP": "Depo + Etrafdaki + Kar: ",
    "Boxes.Kits.InStock": "Depoda olan",
    "Boxes.Kits.KitName": "Şeçim İsmi",
    "Boxes.Kits.Name": "İsim",
    "Boxes.Kits.Title": "Bina- / Şeçimi-Kiti",
    "Boxes.Negotiation.Average": "Ø Adet",
    "Boxes.Negotiation.Canceled": "Müzakere iptal edildi",
    "Boxes.Negotiation.Chance": "Şans",
    "Boxes.Negotiation.DragDrop": "sırayı belirlemek için sürükle ve bırak özelliğini kullanarak ortalama ekranın simgelerini kendiniz yeniden düzenleyebilirsiniz.",
    "Boxes.Negotiation.GoodsCritical": "DİKKAT: Ürün Stoğu Kritik durumda",
    "Boxes.Negotiation.GoodsLow": "DİKKAT: Ürün Stoğunuz çok az",
    "Boxes.Negotiation.Person": "Şahıs",
    "Boxes.Negotiation.Round": "Tur",
    "Boxes.Negotiation.SaveCurrentEraGoods": "Mevcut Ürünleri biriktir",
    "Boxes.Negotiation.SaveMedals": "Medalyon biriktir",
    "Boxes.Negotiation.Stock": "Depo:",
    "Boxes.Negotiation.Success": "Başarı",
    "Boxes.Negotiation.TableLoadError": "Müzakere tablosunu yüklerken hata oluştu",
    "Boxes.Negotiation.Title": "Müzakere Asistanı",
    "Boxes.Negotiation.TryEnd": "Deneme bitti",
    "Boxes.Negotiation.WrongGoods": "Yanlış Ürün seçtiniz, Lütfen manuell  bitiriniz",
    "Boxes.Negotiation.confirmGoodsMissmatch": "Ok",
    "Boxes.Outpost.DescInStock": "Mevcut",
    "Boxes.Outpost.DescRequired": "Lazım",
    "Boxes.Outpost.DescStillMissing": "<span style='color:#29b206'>Fazlalık</span> / <span style='color:#ff4040'>Eksik</span>",
    "Boxes.Outpost.ExpansionsSum": "Uzantılar",
    "Boxes.Outpost.ShowSums": "Toplamları Göster:",
    "Boxes.Outpost.Title": "Kültürel yerleşim Ürünleri",
    "Boxes.Outpost.TitleBuildings": "Bina",
    "Boxes.Outpost.TitleFree": "Boş",
    "Boxes.Outpost.TitleShort": "Ürün genel bakış - ",
    "Boxes.Outpost.infoLine": "__runNumber__. Geçici, Bonus x4 Şans: __chanceX4__%",
    "Boxes.Outpost.nextTile": "bir sonraki genişleme",
    "Boxes.Outpost.tileNotPlanned": "Kapalı",
    "Boxes.OwnpartCalculator.Arc": "Ark",
    "Boxes.OwnpartCalculator.Auto": "Oto",
    "Boxes.OwnpartCalculator.BPs": "Ozalitler",
    "Boxes.OwnpartCalculator.BuildingName": "Bina",
    "Boxes.OwnpartCalculator.CopyValues": "Değerleri Kopyala",
    "Boxes.OwnpartCalculator.Deposit": "Öde",
    "Boxes.OwnpartCalculator.Done": "Tamamlandı",
    "Boxes.OwnpartCalculator.Ext": "Ext",
    "Boxes.OwnpartCalculator.HelpLink": "https://foe-rechner.de/docs/2/gb-calculator/",
    "Boxes.OwnpartCalculator.IndividualName": "Bireysel Devasa İsmi",
    "Boxes.OwnpartCalculator.LGTotalFP": "Devasalarda Toplam-FP",
    "Boxes.OwnpartCalculator.Levels": "Seviyeleme",
    "Boxes.OwnpartCalculator.Meds": "Meds",
    "Boxes.OwnpartCalculator.NoPlaceSafe": "Yerler Garantili değil",
    "Boxes.OwnpartCalculator.Note": "Hatırla",
    "Boxes.OwnpartCalculator.OldLevel": "Eski Seviye",
    "Boxes.OwnpartCalculator.Order": "Sıralama",
    "Boxes.OwnpartCalculator.OutputScheme": "Çıktı Şeması",
    "Boxes.OwnpartCalculator.OwnPart": "Kendi katkınız",
    "Boxes.OwnpartCalculator.OwnPartRemaining": "Kalan",
    "Boxes.OwnpartCalculator.PatronPart": "Kullanıcı Payı",
    "Boxes.OwnpartCalculator.Place": "Sıra",
    "Boxes.OwnpartCalculator.PlayerName": "Oyuncular",
    "Boxes.OwnpartCalculator.Scheme": "Şema",
    "Boxes.OwnpartCalculator.Step": "Seviye",
    "Boxes.OwnpartCalculator.Title": "Kendi Katkı Hesaplayıcı",
    "Boxes.OwnpartCalculator.YourName": "Senin İsmin",
    "Boxes.Productions.AdjacentBuildings": "Bitişik Binalar",
    "Boxes.Productions.Happiness": "Mutluluk",
    "Boxes.Productions.Headings.all": "Hepsi",
    "Boxes.Productions.Headings.amount": "Hacim",
    "Boxes.Productions.Headings.boost": "Artırmak",
    "Boxes.Productions.Headings.culture": "Kültürel Bina",
    "Boxes.Productions.Headings.decoration": "Dekorasyonlar",
    "Boxes.Productions.Headings.earning": "Mahsül",
    "Boxes.Productions.Headings.goods": "Ürün Binası",
    "Boxes.Productions.Headings.greatbuilding": "Devasal Bina",
    "Boxes.Productions.Headings.main_building": "Yönetim Binası",
    "Boxes.Productions.Headings.name": "İsim",
    "Boxes.Productions.Headings.number": "Adet",
    "Boxes.Productions.Headings.production": "Üretim Binası",
    "Boxes.Productions.Headings.random_production": "Rastgele Üretimler",
    "Boxes.Productions.Headings.residential": "Konut Binaları",
    "Boxes.Productions.Headings.street": "Yollar",
    "Boxes.Productions.ModeGroups": "Gruplu",
    "Boxes.Productions.ModeSingle": "Tek",
    "Boxes.Productions.SearchInput": "Bina Ara...",
    "Boxes.Productions.Title": "Üretim Genelbakış",
    "Boxes.Productions.Total": "Toplam: ",
    "Boxes.Settings.Active": "Aktiv",
    "Boxes.Settings.Inactive": "Inaktiv",
    "Boxes.Settings.Title": "Ayarlar",
    "Boxes.Stats.BtnAll": "Tamamı",
    "Boxes.Stats.BtnAllPlayableEras": "Tüm Çağlar",
    "Boxes.Stats.BtnAllPlayableErasTitle": "Oynatılabilir tüm Çağları seçin (hariç: \"Çağ Yok \", Özel hariç)",
    "Boxes.Stats.BtnAllTittle": "Çağ + Çağ Yok + Özel",
    "Boxes.Stats.BtnChartType.delta": "Delta",
    "Boxes.Stats.BtnChartType.line": "Çizgi",
    "Boxes.Stats.BtnChartType.streamgraph": "Stream",
    "Boxes.Stats.BtnChartTypeTitle.delta": "Diagramı yükselt / alçalt",
    "Boxes.Stats.BtnChartTypeTitle.line": "çizgi diagramı",
    "Boxes.Stats.BtnChartTypeTitle.streamgraph": "Stream-Diagramı",
    "Boxes.Stats.BtnLastEras": "son 2 Çağ",
    "Boxes.Stats.BtnLastErasTitle": "Şimdiki Çağı ve bir önceki Çağı göster",
    "Boxes.Stats.BtnMyEra": "Benim Çağım",
    "Boxes.Stats.BtnNoEra": "Çağ Yok",
    "Boxes.Stats.BtnSource.statsGBGPlayers": "Lonca Savaşları",
    "Boxes.Stats.BtnSource.statsRewards": "Ödüller",
    "Boxes.Stats.BtnSource.statsTreasureClanD": "Lonca Hazinesi - Günlük",
    "Boxes.Stats.BtnSource.statsTreasureClanH": "Lonca Hazinesi",
    "Boxes.Stats.BtnSource.statsTreasurePlayerD": "Ürün - Günlük",
    "Boxes.Stats.BtnSource.statsTreasurePlayerH": "Ürün",
    "Boxes.Stats.BtnSource.statsUnitsD": "Asker - Günlük",
    "Boxes.Stats.BtnSource.statsUnitsH": "Asker - Saatlik",
    "Boxes.Stats.BtnToggleAnnotations": "GvG Genelbakış",
    "Boxes.Stats.BtnToggleAnnotationsTitle": "GvG Haritasındaki mallarda azalmayı gösterir..",
    "Boxes.Stats.BtnToggleGroupBy": "Çağlara göre Sırala",
    "Boxes.Stats.BtnToggleGroupByTitle": "",
    "Boxes.Stats.Period.all": "Hepsi",
    "Boxes.Stats.Period.last30days": "son 30 gün",
    "Boxes.Stats.Period.last7days": "son 7 gün",
    "Boxes.Stats.Period.sinceTuesday": "Salı dan itibaren",
    "Boxes.Stats.Period.thisMonth": "Bu ay",
    "Boxes.Stats.Period.today": "Bugün",
    "Boxes.Stats.PeriodTitle.all": "Toplam Zaman",
    "Boxes.Stats.PeriodTitle.last30days": "Son 30 günde toplanan",
    "Boxes.Stats.PeriodTitle.last7days": "Son 7 günde toplanan",
    "Boxes.Stats.PeriodTitle.sinceTuesday": "Son Salı'dan toplanan (Salı günü Lonca Seferleri Başlıyor)",
    "Boxes.Stats.PeriodTitle.thisMonth": "Bu Ay toplanan",
    "Boxes.Stats.PeriodTitle.today": "Bugün toplanan",
    "Boxes.Stats.Rewards.Source.battlegrounds_conquest": "Lonca Savaşları",
    "Boxes.Stats.Rewards.Source.diplomaticGifts": "Diplomatik Hediyeler",
    "Boxes.Stats.Rewards.Source.guildExpedition": "GEX",
    "Boxes.Stats.Rewards.Source.spoilsOfWar": "Savaş Ganimeti",
    "Boxes.Stats.Rewards.SourceTitle.battlegrounds_conquest": "Lonca Seferlerinden Ödüller",
    "Boxes.Stats.Rewards.SourceTitle.diplomaticGifts": " Uzay yük gemisi tarafından toplanan diplomatik hediyeler",
    "Boxes.Stats.Rewards.SourceTitle.guildExpedition": "Eserler tarafından oluşturulan Lonca Keşif ödülleri",
    "Boxes.Stats.Rewards.SourceTitle.spoilsOfWar": "Himeji Kalesinden Savaşlarda Kazanılan Ganimetler",
    "Boxes.Stats.SourceTitle.statsGBGPlayers": "Lonca Savaşlarında Oyuncuların Puanları",
    "Boxes.Stats.SourceTitle.statsRewards": "Himeji Eserler ve Lonca Savaşlarından aldığın Ödüller",
    "Boxes.Stats.SourceTitle.statsTreasureClanD": "Lonca Hazinesi - Günlük",
    "Boxes.Stats.SourceTitle.statsTreasureClanH": "Lonca Hazinesi - Saatlik",
    "Boxes.Stats.SourceTitle.statsTreasurePlayerD": "Senin Ürünlerin - Günlük",
    "Boxes.Stats.SourceTitle.statsTreasurePlayerH": "Senin Ürünlerin - Saatlik",
    "Boxes.Stats.SourceTitle.statsUnitsD": "Senin Askerlerin - Günlük",
    "Boxes.Stats.SourceTitle.statsUnitsH": "Senin Askerlerin - Saatlik",
    "Boxes.Stats.Title": "İstatistikler",
    "Boxes.Technologies.DescInStock": "Mevcut",
    "Boxes.Technologies.DescRequired": "Lazım",
    "Boxes.Technologies.DescStillMissing": "<span style='color:#29b206'>Fazlalık</span> / <span style='color:#ff4040'>Eksik</span>",
    "Boxes.Technologies.NoTechs": "İlerleme Çağının sonuna geldin",
    "Boxes.Technologies.Resource": "Kaynaklar",
    "Boxes.Technologies.Title": "İlerleme Maliyeti",
    "Boxes.Units.AlcaHarvest": "Alcatrazın toplama için hazır!",
    "Boxes.Units.Attack": "Hucum",
    "Boxes.Units.Bind": "Bağlı",
    "Boxes.Units.Defend": "Savunma",
    "Boxes.Units.NextUnitsIn": "Sonraki __count__ Askerler <span class=\"alca-countdown\"></span> __harvest__ Saatte gelecekler",
    "Boxes.Units.NotFilled": "doldurulmamış",
    "Boxes.Units.Proportionally": "Orantılı",
    "Boxes.Units.Quantity": "Adet",
    "Boxes.Units.ReadyToLoot": "Hasat için Hazır!",
    "Boxes.Units.Status": "Durum",
    "Boxes.Units.Title": "Ordu Geneli",
    "Boxes.Units.Unbind": "Bağlantısız",
    "Boxes.Units.Unit": "Birim",
    "DateTime": "DD.MM.YYYY HH:mm [Uhr]",
    "Eras.0": "Çağ Yok",
    "Eras.1": "Taş Devri",
    "Eras.10": "Modern Çağı",
    "Eras.11": "Postmodern Çağı",
    "Eras.12": "Yakın Çağ",
    "Eras.13": "Yakın Gelecek",
    "Eras.14": "Gelecek",
    "Eras.15": "Buzul Gelecek",
    "Eras.16": "Okyanus Geleceği",
    "Eras.17": "Sanal Geleceği",
    "Eras.18": "Uzay Çağı: Mars",
    "Eras.19": "Uzay Çağı: Asteroid",
    "Eras.2": "Tunç Devri",
    "Eras.20": "Uzay Çağı: Venus",
    "Eras.3": "Demir Devri",
    "Eras.4": "Erken Dönem Orta Çağ Devri",
    "Eras.5": "Zirve Dönem Orta Çağ Devri",
    "Eras.6": "Geç Dönem Orta Çağ Devri",
    "Eras.7": "Sömürge Çağı",
    "Eras.8": "Sanayi Çağı",
    "Eras.9": "İlerleme Çağı",
    "Global.BoxTitle": "FoE Helfer",
    "HiddenRewards.Positions.cityRoadBig": "Çift şeritli Yol",
    "HiddenRewards.Positions.cityRoadSmall": "Tek şeritli Yol",
    "HiddenRewards.Positions.guildExpedition": "Lonca Seferleri",
    "HiddenRewards.Positions.nature": "Doğa",
    "HiddenRewards.Positions.shore": "Sahil",
    "HiddenRewards.Positions.water": "Suyun içinde",
    "HiddenRewards.Table.expires": "Kaybolacak gün/saat",
    "HiddenRewards.Table.position": "Pozisyon",
    "HiddenRewards.Table.type": "Tip",
    "Local": "tr-TR",
    "Menu.Calculator.Desc": "Sizin için tüm sıraları hesaplar karlı FP oranını",
    "Menu.Calculator.Title": "Maliyet hesaplama",
    "Menu.Calculator.Warning": "Kapalı: Önce Oyuncuların Devasal binasını açmalısın!",
    "Menu.Campagne.Desc": "Gerekli kaynaklara genel bakış",
    "Menu.Campagne.Title": "Kampanya",
    "Menu.Campagne.Warning": "Kapalı: Önce bir İli ziyaret et!",
    "Menu.Chat.Desc": "Herkesle gerçek zamanlı sohbet edin",
    "Menu.Chat.Title": "Lonca Live-Chat",
    "Menu.Citymap.Desc": "Şehrinizi yukarıdan şematik olarak gösterir",
    "Menu.Citymap.Title": "Şehre genel bakış",
    "Menu.HiddenRewards.Desc": "Haritada üzerinde Etkinlik genel bakışı",
    "Menu.HiddenRewards.Title": "Etkinlikler",
    "Menu.Info.Desc": "Arkaplada olanları gösterir \"Arka Planda olanlar\"<br><em>Kademeli olarak Bilgi ile dolar...</em>",
    "Menu.Info.Title": "Info Box",
    "Menu.Kits.Desc": "Mevcut tüm bina, yükseltme ve seçim kitlerini listeler",
    "Menu.Kits.Title": "Bina-Kitleri",
    "Menu.Negotiation.Desc": "Müzakereler için kesin önerilerde bulunur",
    "Menu.Negotiation.Title": "Müzakere Asistanı",
    "Menu.Negotiation.Warning": "Kapalı: Önce yeni bir Müzakere başlat!",
    "Menu.OutP.Desc": "Gerekli kaynaklara genel bakış",
    "Menu.OutP.DescWarningBuildings": "<em id='outPW' class='tooltip-error'>Kapalı: Önce Kültürel Yerleşime git!<br></em>Gerekli kaynakları görmek için",
    "Menu.OutP.DescWarningOutpostData": "<em id='outPW' class='tooltip-error'>Kapalı: Önce Kültürel Yerleşim başlat sonra Oyunu (F5) ile yenile",
    "Menu.OutP.Title": "Kültürel Yerleşim",
    "Menu.OwnpartCalculator.Desc": "Ödeme planı oluşturun, harici yerleri hesaplayın ve değerleri kopyalayın",
    "Menu.OwnpartCalculator.Title": "Kendi katkı hesaplayıcısı",
    "Menu.OwnpartCalculator.Warning": "Kapalı: Önce Kendi devasa Binanı açmalısın!",
    "Menu.Productions.Desc": "Tüm Üretimin mevcut sayısını gösterir.",
    "Menu.Productions.Title": "Üretim genel bakış",
    "Menu.Settings.Desc": "Burada küçük şeyler ayarlayabilirsin",
    "Menu.Settings.Title": "Ayarlar",
    "Menu.Stats.Desc": "Ürünler, birimler, ödüller, lonca savaşları",
    "Menu.Stats.Title": "İstatistikler",
    "Menu.Technologies.Desc": "İlerleme için Maliyet hesapla",
    "Menu.Technologies.Title": "Teknolojiler",
    "Menu.Technologies.Warning": "Kapalı: İlerleme menüsünü önce açmalısın!",
    "Menu.Unit.Desc": "Tüm Birimler Tek bakışta",
    "Menu.Unit.Title": "Birimler",
    "Menu.Unit.Warning": "Önce Ordu Teşkilatını aç \"Ordu Teşkilatı\"<br>Tuş \"U\"",
    "Settings.AutomaticNegotiation.Desc": "Asistan bir müzakerede otomatik olarak açılmalı ve iptal edildiğinde kapanmalı mıdır?",
    "Settings.AutomaticNegotiation.Title": "Müzakere Asistanı",
    "Settings.ChangeLanguage.Desc": "Tanınan Hangi Dil Kullanılsın?",
    "Settings.ChangeLanguage.Title": "Dil Değiştir",
    "Settings.GlobalSend.Desc": "Loncanızla veri izlemek istiyorsanız, bu noktayı etkinleştirin.<br>Kendi kendine yeterli bir uzantı için devre dışı bırakmanız yeterlidir.",
    "Settings.GlobalSend.Title": "foe-rechner.de gönderiliyor",
    "Settings.MenuLength.Desc": "Menü kaç Öğe yüksek olmalı?<br> boş yada \"0\" otomatik yükseklik.",
    "Settings.MenuLength.Title": "Menü uzunluğu",
    "Settings.ResetBoxPositions.Button": "Sil!",
    "Settings.ResetBoxPositions.Desc": "Tüm kutu koordinatları sıfırlansınmı?",
    "Settings.ResetBoxPositions.Title": "Kutu Koordinatları",
    "Settings.SendGEXInfo.Desc": "GEX'teki yerleşimleri veya sıralama listelerini tıklarken verileri gönderir",
    "Settings.SendGEXInfo.Title": "GEX Değerlendirme",
    "Settings.SendGildMemberLGInfo.Desc": "Diğer lonca üyelerini ziyaret ederken, Genel etkinleştirilirse tüm Devasa verileri foe-rechner.de adresine gönderilir.",
    "Settings.SendGildMemberLGInfo.Title": "Diğer lonca üyelerinden Devasa verileri",
    "Settings.SendInvestigations.Desc": "'Yönetim Binası '> 'Haberler'> 'Devasa Binalar' a girilirken FP yatırımları iletiliyor",
    "Settings.SendInvestigations.Title": "FP Yatırımlar",
    "Settings.SendPlayersMotivation.Desc": "Olaylar çağrıldığında Taverna faaliyetleri göz ardı edilmeli midir?",
    "Settings.SendPlayersMotivation.Title": "Taverna Faaliyetleri",
    "Settings.ShowTavernBadge.Desc": "Tavernada bir destek etkinleştirilir etkinleştirilmez, küresel olarak kaydırılabilir bir sayaç belirir",
    "Settings.ShowTavernBadge.Title": "Taverna Rozetini Göster",
    "Settings.Version.Desc": "<p>Extension Version</p><a target='_blank' class='game-cursor' href='https://foe-rechner.de/extension/update?v=__version__&lang=__language__'>Changelog</a>",
    "Settings.Version.GuildId": "Lonca Id:",
    "Settings.Version.PlayerId": "Oyuncular Id:",
    "Settings.Version.Title": "Version",
    "Settings.Version.World": "Dünya:",
    "_Language": "Türkçe"
}
