﻿{
  "Boxes.Alerts.Form.Antiques.Auction": "Aukcija",
  "Boxes.Alerts.Form.Antiques.Cooldown": "Pauza između aukcija",
  "Boxes.Alerts.Form.Antiques.Dealer": "Prodavač antikviteta",
  "Boxes.Alerts.Form.Antiques.Exchange": "dnevne ponude",
  "Boxes.Alerts.Form.Battleground": "Provincije Bojnih Polja esnafa/GbG Provincije",
  "Boxes.Alerts.Form.Body": "Sadržaj",
  "Boxes.Alerts.Form.Create": "Kreiraj",
  "Boxes.Alerts.Form.CreateAlert": "Kreiraj upozorenje",
  "Boxes.Alerts.Form.CreateAllSectors": "Kreiraj za sve sektore",
  "Boxes.Alerts.Form.CreateNewAlert": "Kreiraj novo upozorenje",
  "Boxes.Alerts.Form.Datetime": "Datum i Vrijeme",
  "Boxes.Alerts.Form.Delete": "Izbriši",
  "Boxes.Alerts.Form.Discard": "Odbaci",
  "Boxes.Alerts.Form.Edit": "Edituj",
  "Boxes.Alerts.Form.EditAlert": "Izmeni Upozorenje",
  "Boxes.Alerts.Form.Expiration": "Počinje u",
  "Boxes.Alerts.Form.Expired": "Isteklo",
  "Boxes.Alerts.Form.Expires": "Ističe",
  "Boxes.Alerts.Form.Neighborhood": "Komšiluk",
  "Boxes.Alerts.Form.Persistence": "Dosljednost",
  "Boxes.Alerts.Form.Persistence.Description": "Obavijest ostaje otvorena dok korisnik ne odbaci ili klikne na obavijest",
  "Boxes.Alerts.Form.Persistence.Off": "Isključeno",
  "Boxes.Alerts.Form.Persistence.On": "Uključeno",
  "Boxes.Alerts.Form.Persistent": "Dosljedno",
  "Boxes.Alerts.Form.Preset.Now": "Sada",
  "Boxes.Alerts.Form.Presets": "Podešavanja",
  "Boxes.Alerts.Form.Preview": "Pregled",
  "Boxes.Alerts.Form.Repeat": "Ponavljanje",
  "Boxes.Alerts.Form.Repeat.Every": "ili svaki",
  "Boxes.Alerts.Form.Repeat.Never": "nikada",
  "Boxes.Alerts.Form.Save": "Sačuvaj",
  "Boxes.Alerts.Form.Tag": "Označi",
  "Boxes.Alerts.Form.Tag.Description": "Oznake se mogu koristiti za grupisanje obavijesti (nova obavijest s datom oznakom zamijenit će stariju obavijest istom oznakom)",
  "Boxes.Alerts.Form.Title": "Naslov",
  "Boxes.Alerts.Preferences.Auction.Info": "Automatski kreiraj novo upozorenje kada načinim licitaciju na Antiques Dealer Auction.",
  "Boxes.Alerts.Preferences.Auction.Title": "Aukcija dilera antikvitetima",
  "Boxes.Alerts.Preferences.Battlegrounds.Info": "Pošaljite trenutnu opomenu kada postoji velika aktivnost u Guild Battlegrounds (na primer, 10 borbi u jednom sektoru u roku od 5 sekundi). Imajte na umu da ova funkcija funkcioniše samo kada su u igri otvoreni Guild Battlegrounds!",
  "Boxes.Alerts.Preferences.Battlegrounds.Title": "Guild Battlegrounds tragač",
  "Boxes.Alerts.Preferences.ComingSoon": "Dolazi uskoro...  ",
  "Boxes.Alerts.Preferences.Early.Info": "Automatski generisana vremena uzbunjivanja (Antiques Dealer, Guild Battlegrounds itd.) će koristiti ovaj alat za slanje obavijesti prije nego što se događaj zaista dogodi. Na primjer, postavljanjem vrijednosti na 30 (sekundi), upozorenje o Aukcijama bit će prikazano 30 sekundi prije nego što se aukcija zapravo završi!",
  "Boxes.Alerts.Preferences.Early.Title": "Obavjesti rane istupe",
  "Boxes.Alerts.Preferences.InGame.Info": "Prikaži obavještenja u igri umjesto na Desktop-u kada je prozor igre u fokusu",
  "Boxes.Alerts.Preferences.InGame.Title": "Obavještenja u igri",
  "Boxes.Alerts.Preferences.MenuIcon.Info": "Prikaži sljedeće odbrojavanje upozorenja kao prekrivača ikone Glavnog izbornika",
  "Boxes.Alerts.Preferences.MenuIcon.Title": "Odbrojavanje u glavnom meniju",
  "Boxes.Alerts.Preferences.Start.Info": "Prikaži listu upozorenja koja su istekla dok ste bili isključeni (dok je prozir igre bio zatvoren)",
  "Boxes.Alerts.Preferences.Start.Title": "Istekao je Sažetak upozorenja u startu",
  "Boxes.Alerts.Preferences.Suggestions.Info": "Prikaži prijedlog upozorenja (naprimjer: kada klikneš na Battleground sektor ili skupljaš proizvodnju sa objekata)",
  "Boxes.Alerts.Preferences.Suggestions.Title": "Prijedlog upozorenja",
  "Boxes.Alerts.Tabs.Alerts": "Upozorenja",
  "Boxes.Alerts.Tabs.Preferences": "Postavke",
  "Boxes.Alerts.Time.15m": "15 min.",
  "Boxes.Alerts.Time.1d": "1 dan",
  "Boxes.Alerts.Time.1h": "1 sat",
  "Boxes.Alerts.Time.1m": "1 min.",
  "Boxes.Alerts.Time.4h": "4 sata",
  "Boxes.Alerts.Time.5m": "5 min.",
  "Boxes.Alerts.Time.8h": "8 sati",
  "Boxes.BattleAssist.Title": "Upozorenje!",
  "Boxes.Calculator.ActiveRecurringQuest": "Aktivan ponavljajući zadatak:",
  "Boxes.Calculator.ArkBonus": "Vaš Arc bonus",
  "Boxes.Calculator.AvailableFP": "Dostupni FP-i",
  "Boxes.Calculator.BPs": "BP-i",
  "Boxes.Calculator.Commitment": "Trošak",
  "Boxes.Calculator.Done": "završeno",
  "Boxes.Calculator.FP": "FP",
  "Boxes.Calculator.FriendlyInvestment": "Prijateljsko investiranje:",
  "Boxes.Calculator.HelpLink": "https://foe-helper.com/docs/en/cost-calculator/",
  "Boxes.Calculator.LGNotConnected": "Ovaj Great building nije spojen na cestu.",
  "Boxes.Calculator.LGNotOpen": "Ovom Great building-u sljedeći novo je trenutno ZAKLJUČAN.",
  "Boxes.Calculator.LevelWarning": "Upozorenje! Unapređenje ovog Great building-a!",
  "Boxes.Calculator.MaxLevel": "Maksimalni nivo",
  "Boxes.Calculator.Meds": "Meds",
  "Boxes.Calculator.Profit": "Razlika",
  "Boxes.Calculator.Step": "Nivo ",
  "Boxes.Calculator.TTForderCosts": "Trošak = __nettoreward__<small>(Net Nagrada)</small> X __forderfactor__%<small>(Prijateljsko investiranje??)</small> = __costs__",
  "Boxes.Calculator.TTForderFPStockLow": "PAŽNJA: Nije dovoljno FP paketa na stanju!<br>Imate samo __fpstock__ of __costs__FP<br>To je __tooless__FP-a manje",
  "Boxes.Calculator.TTForderNegativeProfit": "Tačka nije sigurna. __fpcount__ dodatni FP-i moraju biti dodati.<br>Ukupno da se osigura mjesto: __totalfp__FP-a",
  "Boxes.Calculator.TTLevelWarning": "Dodavanje __fpcount__ FP-a dovoljno!<br>Maksimalno ulaganje: __totalfp__ FP-a",
  "Boxes.Calculator.TTLoss": "Nagrada = __nettoreward__ <small>(Net Nagrada)</small> X __arcfactor__% <small>(Arc Bonus)</small> = __bruttoreward__<br>Trošak: __costs__ - Mjesto zaključano na: __safe__<br>Gubitak = __costs__ <small>(Trošak)</small> - __bruttoreward__ <small>(Nagrada)</small> = __loss__",
  "Boxes.Calculator.TTLossSelf": "Reward = __nettoreward__<small>(Net Reward)</small> * __arcfactor__% <small>(Arc Bonus)</small> = __bruttoreward__<br>Plaćeno: __paid__<br>Loss = __paid__ <small>(Paid)</small> - __bruttoreward__ <small>(Reward)</small> = __loss__",
  "Boxes.Calculator.TTPaidTooLess": "Vi ste platili __paid__ FP-a umjesto __topay__ FP-a. To je __tooless__FP-a manje.",
  "Boxes.Calculator.TTPaidTooMuch": "Platili ste __paid__ FP-a umjesto __topay__ FP-a. To je __toomuch__FP-a manje.",
  "Boxes.Calculator.TTProfit": "Nagrada = __nettoreward__ <small>(Net Nagrada)</small> X __arcfactor__% <small>(Arc Bonus)</small> = __bruttoreward__<br>Cost: __costs__ - Place locked at: __safe__<br>Profit = __bruttoreward__ <small>(Reward)</small> - __costs__ <small>(Cost)</small> = __profit__",
  "Boxes.Calculator.TTProfitSelf": "Nagrada = __nettoreward__ <small>(Net Nagrada)</small> * __arcfactor__% <small>(Arc Bonus)</small> = __bruttoreward__<br>Platiti: __paid__<br>Profit = __bruttoreward__ <small>(Reward)</small> - __paid__ <small>(Paid)</small> = __profit__",
  "Boxes.Calculator.Title": "GB kalkulator troškova",
  "Boxes.Calculator.Up2LevelUp": "Preostalih FP-a za unapređenje",
  "Boxes.Campagne.AlreadyDone": " Već je osvojeno! Odličan posao :)",
  "Boxes.Campagne.DescInStock": "Na stanju",
  "Boxes.Campagne.DescRequired": "Potrebno",
  "Boxes.Campagne.DescStillMissing": "<span style='color:#29b206'>Preostalo</span> / <span style='color:#ff4040'>Potrebno</span>",
  "Boxes.Campagne.Resource": "Stavka resursa",
  "Boxes.Campagne.Reward": "Nagrade ",
  "Boxes.Campagne.Title": "Troškovi resursa po sektorima ",
  "Boxes.CityMap.CavalierPerspecitve": "Pogled sa strane",
  "Boxes.CityMap.Desc1": "Da bi mogli planirati vaš grad, podatke moramo prenijeti na foe-helper.com",
  "Boxes.CityMap.FreeArea": "Dostupni kvadrati: ",
  "Boxes.CityMap.NormalPerspecitve": "Gornji pogled",
  "Boxes.CityMap.ShowSubmitBox": "Prikaži kutiju za prosljeđivanje",
  "Boxes.CityMap.Submit": "Prosljedi",
  "Boxes.CityMap.SubmitSuccess": "Podaci su uspješno prosljeđeni... Posjeti sada ",
  "Boxes.CityMap.TitleSend": "Prosljedi podatke",
  "Boxes.CityMap.WholeArea": "Ukupno kvadrata: ",
  "Boxes.CityMap.YourCity": "Vaš grad",
  "Boxes.EventChests.Chance": "Šansa",
  "Boxes.EventChests.Cost": "Troškovi",
  "Boxes.EventChests.CostPerPrize": "Trošak/Nagrada",
  "Boxes.EventChests.CostPerStep": "Trošak/Korak",
  "Boxes.EventChests.MainPrize": "Glavna nagrada",
  "Boxes.EventChests.MainPrizeTitle": "Dnevni specijalitet: ",
  "Boxes.EventChests.Steps": "Koraci",
  "Boxes.EventChests.Title": "Pomoć u izboru dijela događaja",
  "Boxes.GreatBuildings.ArcBonus": "Prijateljska investiranja",
  "Boxes.GreatBuildings.Costs": "Troškovi",
  "Boxes.GreatBuildings.DailyFP": "Dnevni FP-i",
  "Boxes.GreatBuildings.FPCostGoods": "FP troškovi za robu",
  "Boxes.GreatBuildings.GreatBulding": "Velika zgrada",
  "Boxes.GreatBuildings.HelpLink": "https://foe-helper.com/docs/en/gb-investments/",
  "Boxes.GreatBuildings.HideNewGBs": "Sakrij neizgrađene GB-e",
  "Boxes.GreatBuildings.Level": "Nivo",
  "Boxes.GreatBuildings.RewardPerDay": "FP nagrade/dan od drugih igrača",
  "Boxes.GreatBuildings.SuggestionDescription": "Objekti sa vrha liste su najbolji",
  "Boxes.GreatBuildings.SuggestionTitle": "FP GB ROI usporedba",
  "Boxes.GreatBuildings.TTGoodCosts": "Nisi još izgradio/la ovaj Great building. Ovo su FP troškovi za kupovinu potrebne robe",
  "Boxes.GreatBuildings.TTGoodCostsColumn": "Navodi troškove FP-a za kupovinu potrebne robe (odnosi se samo na velike zgrade koje još niste izgradili)",
  "Boxes.GreatBuildings.TTRewardPerDay": "\"Neobavezno: Koliko FP nagrada dobijate dnevno? Ove se informacija koristi za izračunavanje profitabilnosti za daljnje razine Arc-a. Da biste dobili prijedlog idite na 'Town Hall'> 'News'> 'History History' i spuštajte se kroz sve stranice",
  "Boxes.GreatBuildings.Title": "GB ulaganje",
  "Boxes.GuildFights.Fights": "Borbe",
  "Boxes.GuildFights.LastSnapshot": " - Posljednji snimak: __time__ ago",
  "Boxes.GuildFights.Negotiations": "Pregovaranja",
  "Boxes.GuildFights.Player": "Guild član",
  "Boxes.GuildFights.Title": "GBG pregled",
  "Boxes.GuildFights.Total": "Ukupno",
  "Boxes.HiddenRewards.Disappears": "Nestajanje",
  "Boxes.HiddenRewards.HelpLink": "https://foe-helper.com/docs/2/incidents",
  "Boxes.HiddenRewards.NoEvents": "Nema prikazanih incidenata.",
  "Boxes.HiddenRewards.Title": "Pregled incidenata",
  "Boxes.Infobox.Filter": "Filter",
  "Boxes.Infobox.FilterAuction": "Aukcija",
  "Boxes.Infobox.FilterGex": "GE",
  "Boxes.Infobox.FilterGuildFights": "GBG",
  "Boxes.Infobox.FilterLevel": "GB",
  "Boxes.Infobox.FilterMessage": "Poruka",
  "Boxes.Infobox.FilterTrade": "Trgovina",
  "Boxes.Infobox.Messages.Auction": "<strong>__player__</strong> je upravo postavio ponudu za __amount__ Trade Coins.",
  "Boxes.Infobox.Messages.GEX": "<strong>__player__</strong> je upravo učestvovao sa __points__ GE points.",
  "Boxes.Infobox.Messages.GildFightOccupied": "<span style=\"color:#ffb539\">__provinceName__</span> je uhvaćen sa <span style=\"color:__attackerColor__;text-shadow: 0 1px 1px __attackerShadow__\">__attackerName__</span> i zaključan je do __untilOccupied__.",
  "Boxes.Infobox.Messages.LevelUp": "__player__'s __building__ je upravo dosegnuo nivo __level__.<br>Vi ste zauzeli <strong>__rank__ </strong> mjesto i dobili <strong>__fps__</strong> FP-a kao profit.",
  "Boxes.Infobox.Messages.MsgBuilding": "__building__ - Level __level__",
  "Boxes.Infobox.Messages.Trade": "<strong>__player__</strong> je prihvatio vašu trgovinu __offerValue__ __offer__ za __needValue__ __need__.",
  "Boxes.Infobox.Messages.Welcome": "Dobrodošli na <strong>Infobox</strong>! Dok je ovaj prozor otvoren, biće popunjen sa događajima koji su se desili tokom tišine (poput chat poruka, napada na GBG i ponuda na aukcijama)",
  "Boxes.Infobox.ResetBox": "Obriši sve",
  "Boxes.Infobox.Title": "Prozor pregleda Infobox-a",
  "Boxes.Infobox.UnknownConversation": "Nepoznata konverzacija",
  "Boxes.Investment.AllUpToDate": "Stranica povijesti događaja je prethodno ažurirana",
  "Boxes.Investment.AllUpToDateDesc": "Svi događaji / interakcije igrača na ovoj stranici prethodno su ažurirani",
  "Boxes.Investment.CurrReward": "Trenutni profit: ",
  "Boxes.Investment.InvestBar": "Investirano FP-i: ",
  "Boxes.Investment.PlayerFound": "Pronađena je nova istorija događaja!",
  "Boxes.Investment.PlayerFoundCount": "__count__ novi igrač Events-a je pronađen",
  "Boxes.Investment.PlayerFoundCounter": "__count__ novi igrač Event's-a je pronađen.",
  "Boxes.Investment.Title": "Pregled vašeg FP investiranja",
  "Boxes.Investment.TotalFP": "Akcije + uloženo + profit = ",
  "Boxes.Kits.Extensions": "Ekstenzije",
  "Boxes.Kits.InStock": "Na stanju",
  "Boxes.Kits.KitName": "Vrsta artikla",
  "Boxes.Kits.Name": "Objekat",
  "Boxes.Kits.SelectionKit": "Izbor - Oprema",
  "Boxes.Kits.Title": "Kompleti zaliha, nadogradnje i setovi na zalihama",
  "Boxes.Kits.ToggleButtonActive": "Sakrij nedostajeće dijelove",
  "Boxes.Kits.ToggleButtonInActive": "Prikaži nedostajeće dijelove",
  "Boxes.Kits.UpgradeKit": "Dio za nadogradnju",
  "Boxes.Market.AllGoods": "Sva roba",
  "Boxes.Market.MaxResults": "Maksimalni rezultati",
  "Boxes.Market.MinQuantity": "Min. količina",
  "Boxes.Market.Need": "Potrebno",
  "Boxes.Market.NeedColumn": "Potrebno",
  "Boxes.Market.NeedTT": "__era__<br>Vi imate: __stock__",
  "Boxes.Market.Offer": "Ponuda",
  "Boxes.Market.OfferColumn": "Ponuda",
  "Boxes.Market.OfferTT": "__era__<br>Vi imate: __stock__",
  "Boxes.Market.OnlyAffordable": "Jedino povoljne ponude",
  "Boxes.Market.PageColumn": "Strana",
  "Boxes.Market.PlayerColumn": "Igrač",
  "Boxes.Market.RateColumn": "Ocjena",
  "Boxes.Market.Rating": "Ocjenjivanje",
  "Boxes.Market.TTMinQuantity": "Odaberite minimalnu količinu ponuđene robe. Ovaj se filter NE odnosi na trgovine članova saveza",
  "Boxes.Market.Title": "Filter tržišta",
  "Boxes.Market.TradeAdvantage": "Prednost",
  "Boxes.Market.TradeDisadvantage": "Nedostatak",
  "Boxes.Market.TradeFair": "Sajam",
  "Boxes.Market.TradeFairStock": "Sajam (na nižim zalihama)",
  "Boxes.Market.TradeFairStockTT": "Ovo uključuje sve fer obveze gdje ponuđeno dobro ima niži zaliha od traženog dobra",
  "Boxes.Market.TradeForEqual": "Isto",
  "Boxes.Market.TradeForGoods": "Ponudi Eru",
  "Boxes.Market.TradeForHigher": "Više",
  "Boxes.Market.TradeForLower": "Niže",
  "Boxes.Market.TradePartner": "Partneri",
  "Boxes.Market.TradePartnerFriend": "Prijatelji",
  "Boxes.Market.TradePartnerGuild": "Članovi Guild-a",
  "Boxes.Market.TradePartnerNeighbor": "Susjedi",
  "Boxes.Negotiation.Average": "Redosljed preferenci",
  "Boxes.Negotiation.Canceled": "Pregovaranje je otkazano",
  "Boxes.Negotiation.Chance": "Šansa",
  "Boxes.Negotiation.DragDrop": "Povucite i ispustite ikone resursa gore da biste preuredili prosječni prikaz kako bi odredili nove sekvence iz prvog pokušaja.",
  "Boxes.Negotiation.GoodsCritical": "UPOZORENJE!: Stanje robe je u KRITIČNOM nivou!",
  "Boxes.Negotiation.GoodsLow": "PAŽNJA: Nivo robe je NIZAK!",
  "Boxes.Negotiation.HelpLink": "https://foe-helper.com/docs/2/negotioation-helper",
  "Boxes.Negotiation.Person": "Osoba",
  "Boxes.Negotiation.Round": "Krug",
  "Boxes.Negotiation.SaveCurrentEraGoods": "Sačuvati trenutnu robu?",
  "Boxes.Negotiation.SaveMedals": "Sačuvati medalje?",
  "Boxes.Negotiation.Stock": "Stanje:",
  "Boxes.Negotiation.Success": "Uspjeh",
  "Boxes.Negotiation.TableLoadError": "Greška u očitanju tabele za pregovore",
  "Boxes.Negotiation.Title": "Tabela za pregovore",
  "Boxes.Negotiation.TryEnd": "Nema više pokušaja",
  "Boxes.Negotiation.WrongGoods": "Izabrali ste pogrešnu robu, molimo završite ručno",
  "Boxes.Negotiation.confirmGoodsMissmatch": "OK",
  "Boxes.Notice.ContentHeadIsFriend": "Prijatelj",
  "Boxes.Notice.ContentHeadIsGuild": "Član Guild-a",
  "Boxes.Notice.ContentHeadIsNeighbor": "Komšija",
  "Boxes.Notice.DeleteGroup": "Izbriši grupu i mjesta",
  "Boxes.Notice.DeleteItem": "Obriši mjesto",
  "Boxes.Notice.DummyHeading": "Vaš naslov",
  "Boxes.Notice.Edit": "Uredi",
  "Boxes.Notice.GlobalSendRequired": "Ovaj modul radi jedino sa \"Transmission to foe-helper.com\" kada je uključen. <br>Molimo aktivirajte ovu opciju kako bi koristili napomene.",
  "Boxes.Notice.GroupName": "Ime grupe",
  "Boxes.Notice.HelpLink": "https://foe-helper.com/docs/2/notes",
  "Boxes.Notice.ModalChoosePlayer": "Izaberi igrača",
  "Boxes.Notice.ModalMissingPlayers": "Postoje li igrači koji ulaze u uži izbor? Zatim zatvorite ovaj okvir, kliknite na druge dvije kartice na dnu Social Bar-a (Susjedi, Članovi saveza, Prijatelji), a zatim ponovo otvorite ovaj okvir.",
  "Boxes.Notice.NewGroup": "Grupa",
  "Boxes.Notice.NewGroupDesc": "Molimo kreirajte prvo grupu... ",
  "Boxes.Notice.NewPlayer": "Igrač",
  "Boxes.Notice.NewSide": "Mjesto",
  "Boxes.Notice.Save": "Sačuvaj",
  "Boxes.Notice.SelectPlayerGroupDefault": "-- Kreirati grupu igrača ? --",
  "Boxes.Notice.SelectPlayerGroupFriend": "Prijatelji",
  "Boxes.Notice.SelectPlayerGroupGuild": "Članovi Guild-a",
  "Boxes.Notice.SelectPlayerGroupNeighbor": "Komšije",
  "Boxes.Notice.SideName": "Ime mjesta",
  "Boxes.Notice.Sorting": "Sortiranje",
  "Boxes.Notice.Title": "Napomene",
  "Boxes.Outpost.DescInStock": "Trenutne zalihe",
  "Boxes.Outpost.DescRequired": "Ukupno",
  "Boxes.Outpost.DescStillMissing": "<span style='color:#29b206'>Višak</span> / <span style='color:#ff4040'>Potrebno</span>",
  "Boxes.Outpost.ExpansionsSum": "Proširenja",
  "Boxes.Outpost.ShowSums": "Prikaži iznose:",
  "Boxes.Outpost.Title": "Roba za nagodbu",
  "Boxes.Outpost.TitleBuildings": "Objekat",
  "Boxes.Outpost.TitleFree": "Gotovo",
  "Boxes.Outpost.TitleShort": "Pregled resursa - ",
  "Boxes.Outpost.infoLine": "Trenutni nivo = __runNumber__; Bonus Chance (x4) = __chanceX4__%",
  "Boxes.Outpost.nextTile": "Sljedeće proširenje",
  "Boxes.Outpost.tileNotPlanned": "isključeno",
  "Boxes.OwnpartCalculator.All": "Sve",
  "Boxes.OwnpartCalculator.Arc": "Arc",
  "Boxes.OwnpartCalculator.Auto": "Auto",
  "Boxes.OwnpartCalculator.BPs": "BP-i",
  "Boxes.OwnpartCalculator.BuildingName": "Objekat",
  "Boxes.OwnpartCalculator.CopyValues": "Kopiraj vrijednosti",
  "Boxes.OwnpartCalculator.Deposit": "FP-i",
  "Boxes.OwnpartCalculator.Done": "Gotovo",
  "Boxes.OwnpartCalculator.Ext": "Ekst",
  "Boxes.OwnpartCalculator.HelpLink": "https://foe-helper.com/docs/en/gb-calculator/",
  "Boxes.OwnpartCalculator.IncludeData": "Uključujući podaci",
  "Boxes.OwnpartCalculator.LGTotalFP": "Ukupno FP-a potrebno",
  "Boxes.OwnpartCalculator.Meds": "Meds",
  "Boxes.OwnpartCalculator.NoPlaceSafe": "Nema bezbjednog mjesta",
  "Boxes.OwnpartCalculator.Note": "Zabilješka",
  "Boxes.OwnpartCalculator.OldLevel": "Stari nivo",
  "Boxes.OwnpartCalculator.OptionsDescending": "Silazno",
  "Boxes.OwnpartCalculator.OptionsFP": "Forge bodovi",
  "Boxes.OwnpartCalculator.OptionsGB": "Posebni objekat",
  "Boxes.OwnpartCalculator.OptionsLevel": "Nivo",
  "Boxes.OwnpartCalculator.OptionsLevelUp": "Molimo podignite nivo",
  "Boxes.OwnpartCalculator.OptionsPlayer": "Igrač",
  "Boxes.OwnpartCalculator.Order": "Sekvenca",
  "Boxes.OwnpartCalculator.OwnPart": "Vlasnik treba dodati",
  "Boxes.OwnpartCalculator.OwnPartRemaining": "Preostalo što vlasnik treba dodati",
  "Boxes.OwnpartCalculator.PatronPart": "Ostali dodaju",
  "Boxes.OwnpartCalculator.Place": "Mjesto",
  "Boxes.OwnpartCalculator.Places": "Mjesta",
  "Boxes.OwnpartCalculator.PlayerName": "Igrač",
  "Boxes.OwnpartCalculator.PowerLeveling": "Pojačano podizanje nivoa",
  "Boxes.OwnpartCalculator.Preview": "Pregled",
  "Boxes.OwnpartCalculator.Step": "Nivo",
  "Boxes.OwnpartCalculator.Title": "GB kalkulator",
  "Boxes.PowerLeveling.DoubleCollection": "Duplo skupljanje",
  "Boxes.PowerLeveling.Level": "Nivo",
  "Boxes.PowerLeveling.MaxLevel": "Max nivo",
  "Boxes.PowerLeveling.OwnPartBrutto": "Vlastiti bruto udio",
  "Boxes.PowerLeveling.OwnPartNetto": "Vlastiti neto udio",
  "Boxes.PowerLeveling.OwnPartSum": "Iznos sopstvenog dijela",
  "Boxes.PowerLeveling.P1": "Mjesto 1",
  "Boxes.PowerLeveling.P2": "Mjesto 2",
  "Boxes.PowerLeveling.P3": "Mjesto 3",
  "Boxes.PowerLeveling.P4": "Mjesto 4",
  "Boxes.PowerLeveling.P5": "Mjesto 5",
  "Boxes.PowerLeveling.Title": "Pojačano podizanje nivoa",
  "Boxes.Productions.GoodEraTotal": "Ukupno",
  "Boxes.Productions.GuildGoods": "Roba od Guild",
  "Boxes.Productions.GuildPower": "Snaga Guild-a",
  "Boxes.Productions.Happiness": "Zadovoljstvo",
  "Boxes.Productions.Headings.all": "Sve",
  "Boxes.Productions.Headings.amount": "Količ.",
  "Boxes.Productions.Headings.area": "Prostor",
  "Boxes.Productions.Headings.culture": "Kulturalni objekti",
  "Boxes.Productions.Headings.decoration": "Dekoracije",
  "Boxes.Productions.Headings.earning": "Zarada",
  "Boxes.Productions.Headings.efficiency": "Uspješnost",
  "Boxes.Productions.Headings.era": "Era",
  "Boxes.Productions.Headings.goods": "Objekti za robu",
  "Boxes.Productions.Headings.greatbuilding": "Posebni objekti",
  "Boxes.Productions.Headings.main_building": "Gradska kuća",
  "Boxes.Productions.Headings.name": "stavka",
  "Boxes.Productions.Headings.number": "Količ.",
  "Boxes.Productions.Headings.production": "Proizvodni objekat",
  "Boxes.Productions.Headings.random_production": "Slučajne proizvodnje",
  "Boxes.Productions.Headings.residential": "Stambeni objekti",
  "Boxes.Productions.Headings.size": "Veličina",
  "Boxes.Productions.Headings.street": "Ulice",
  "Boxes.Productions.ModeCurrent": "Trenutni",
  "Boxes.Productions.ModeDaily": "Dnevna proiz.",
  "Boxes.Productions.ModeGroups": "Grupa",
  "Boxes.Productions.ModeSingle": "Lista",
  "Boxes.Productions.NoAsteroidDataWarning": "Roba iz polja asteroida nije uključena. Molimo posjetiti svoje polje asteroida i otvorite kocku ponovo",
  "Boxes.Productions.NoMarsDataWarning": "Roba sa Marsa nije uključena. Molimo posjetite svoj Mars i otovrite kocku ponovo",
  "Boxes.Productions.SearchInput": "Traženje objekta… ",
  "Boxes.Productions.SizeTT": "Veličina uključujući prosječni ulični prostor od __streetnettosize__ pločica",
  "Boxes.Productions.TTGoodsEra": "Ovaj red prikazuje eru objekta, ne eru proizvedene robe",
  "Boxes.Productions.Title": "Pregled trenutne proizvodnje (dnevno)",
  "Boxes.Productions.Total": "Ukupno: ",
  "Boxes.Settings.Active": "Aktivno",
  "Boxes.Settings.Inactive": "Neaktivno",
  "Boxes.Settings.Title": "Postavke",
  "Boxes.Stats.BtnAll": "Sve",
  "Boxes.Stats.BtnAllPlayableEras": "Sva doba",
  "Boxes.Stats.BtnAllPlayableErasTitle": "Izaberi sva dostupna doba (bez: Ne dobu, Posebno)",
  "Boxes.Stats.BtnAllTittle": "Doba + Ne doba + Posebno",
  "Boxes.Stats.BtnChartType.delta": "Delta",
  "Boxes.Stats.BtnChartType.line": "Linije",
  "Boxes.Stats.BtnChartType.streamgraph": "Protok",
  "Boxes.Stats.BtnChartTypeTitle.delta": "Povećaj/smanji grafiku",
  "Boxes.Stats.BtnChartTypeTitle.line": "Linijski grafikon",
  "Boxes.Stats.BtnChartTypeTitle.streamgraph": "Stream grafikon",
  "Boxes.Stats.BtnLastEras": "Zadnja 2 doba",
  "Boxes.Stats.BtnLastErasTitle": "Izaberi trenutno i prethodno doba",
  "Boxes.Stats.BtnMyEra": "Moje doba",
  "Boxes.Stats.BtnNoEra": "Bez doba",
  "Boxes.Stats.BtnSource.statsGBGPlayers": "GBG",
  "Boxes.Stats.BtnSource.statsRewards": "Nagrade",
  "Boxes.Stats.BtnSource.statsTreasureClanD": "Clan D. Riznica",
  "Boxes.Stats.BtnSource.statsTreasureClanH": "Clan H. Riznica",
  "Boxes.Stats.BtnSource.statsTreasurePlayerD": "Riznica dnevno",
  "Boxes.Stats.BtnSource.statsTreasurePlayerH": "Riznica",
  "Boxes.Stats.BtnSource.statsUnitsD": "Jedinice dnevno",
  "Boxes.Stats.BtnSource.statsUnitsH": "Jedinice po satima",
  "Boxes.Stats.BtnToggleAnnotations": "GvG napomene",
  "Boxes.Stats.BtnToggleAnnotationsTitle": "Prikaži smanjenje robe na GvG mapi.",
  "Boxes.Stats.BtnToggleGroupBy": "Grupe po dobima",
  "Boxes.Stats.BtnToggleGroupByTitle": "grupa po imenu",
  "Boxes.Stats.Era": "Doba",
  "Boxes.Stats.HelpLink": "https://foe-helper.com/docs/en/statistics/",
  "Boxes.Stats.Period.all": "Sve",
  "Boxes.Stats.Period.last30days": "Zadnjih 30 dana",
  "Boxes.Stats.Period.last7days": "Zadnjih 7 dana",
  "Boxes.Stats.Period.sinceTuesday": "Od utorka",
  "Boxes.Stats.Period.thisMonth": "Ovaj mjesec",
  "Boxes.Stats.Period.today": "Danas",
  "Boxes.Stats.PeriodTitle.all": "Za čitavo vrijeme",
  "Boxes.Stats.PeriodTitle.last30days": "Skupljeno u zadnjih 30 dana",
  "Boxes.Stats.PeriodTitle.last7days": "Skupljeno u zadnjih 7 dana",
  "Boxes.Stats.PeriodTitle.sinceTuesday": "Skupljeno od utorka (GE počinje utorkom)",
  "Boxes.Stats.PeriodTitle.thisMonth": "Skupljeno ovaj mjesec",
  "Boxes.Stats.PeriodTitle.today": "Skupljeno danas",
  "Boxes.Stats.Rewards.Source.__event": "Događaj",
  "Boxes.Stats.Rewards.Source.battlegrounds_conquest": "GBG",
  "Boxes.Stats.Rewards.Source.diplomaticGifts": "Diplomatski pokloni",
  "Boxes.Stats.Rewards.Source.guildExpedition": "GE",
  "Boxes.Stats.Rewards.Source.spoilsOfWar": "Ratni plijen",
  "Boxes.Stats.Rewards.SourceTitle.__event": "Nagrade od sezonskih ili posebnih događaja",
  "Boxes.Stats.Rewards.SourceTitle.battlegrounds_conquest": "GBG nagrade",
  "Boxes.Stats.Rewards.SourceTitle.diplomaticGifts": "Diplomatski pokloni (Space Carrier)",
  "Boxes.Stats.Rewards.SourceTitle.guildExpedition": "GE Relic nagrade (Temple of Relic)",
  "Boxes.Stats.Rewards.SourceTitle.spoilsOfWar": "Nagrade od ratnog plijena (Himeji Castle)",
  "Boxes.Stats.SourceTitle.statsGBGPlayers": "GBG igrači Semafor",
  "Boxes.Stats.SourceTitle.statsRewards": "Vaše nagrade od Himeji Castle, Temple of Relics, Guild ratišta",
  "Boxes.Stats.SourceTitle.statsTreasureClanD": "Dnevna riznica od Clan-a",
  "Boxes.Stats.SourceTitle.statsTreasureClanH": "Riznica Clan-a po satima",
  "Boxes.Stats.SourceTitle.statsTreasurePlayerD": "Vaša riznica dnevno",
  "Boxes.Stats.SourceTitle.statsTreasurePlayerH": "Vaša riznica po satima",
  "Boxes.Stats.SourceTitle.statsUnitsD": "Jedinice dnevno",
  "Boxes.Stats.SourceTitle.statsUnitsH": "Vaše jedinice po satima",
  "Boxes.Stats.Title": "Statistika",
  "Boxes.Technologies.DescInStock": "Dostupno",
  "Boxes.Technologies.DescRequired": "Potrebno",
  "Boxes.Technologies.DescStillMissing": "<span style='color:#29b206'>Nedostaje</span> / <span style='color:#ff4040'>Potrebno</span>",
  "Boxes.Technologies.IgnoreCurrentEraOptional": "Ignoriši opcionalne tehnologije za trenutnu/buduću eru",
  "Boxes.Technologies.IgnorePrevEra": "Ignoriši opcionalne tehnologije za prethoidnu eru",
  "Boxes.Technologies.NoTechs": "Dosegli ste kraj ove ere",
  "Boxes.Technologies.Resource": "Resurs",
  "Boxes.Technologies.Title": "Troškovi istraživanja tehnološkog drveta",
  "Boxes.Treasury.Action": "Poruka",
  "Boxes.Treasury.Amount": "Iznos",
  "Boxes.Treasury.DateTime": "Datum/vrijeme",
  "Boxes.Treasury.Era": "Era",
  "Boxes.Treasury.Export": "Izvoz",
  "Boxes.Treasury.Message": "Molimo spustite kroz sve stranice i pritisnite dugme za izvoz",
  "Boxes.Treasury.PlayerID": "ID igrača",
  "Boxes.Treasury.PlayerName": "Ime igrača",
  "Boxes.Treasury.Reset": "Resetovanje",
  "Boxes.Treasury.Resource": "Roba",
  "Boxes.Treasury.RowNumber": "Redovi su obrađeni",
  "Boxes.Treasury.Title": "Registar izvoza iz riznice Guild-a",
  "Boxes.Units.AlcaHarvest": "Vaš Alcatraz je spreman za skupljanje!",
  "Boxes.Units.Attack": "Napad%",
  "Boxes.Units.Bind": "Priloženo",
  "Boxes.Units.Defend": "Odbrana%",
  "Boxes.Units.NextUnitsIn": "Sljedeći __count__ Traz jedinice će završiti u <span class=\"alca-countdown\"></span> at __harvest__ hr",
  "Boxes.Units.NotFilled": "Prazno polje",
  "Boxes.Units.Proportionally": "Procenat",
  "Boxes.Units.Quantity": "Količina",
  "Boxes.Units.ReadyToLoot": "Spremni za pljačku!",
  "Boxes.Units.Status": "Status",
  "Boxes.Units.Title": "Pregled jedinica",
  "Boxes.Units.Unbind": "Bez priloga",
  "Boxes.Units.Unit": "Jedinica",
  "Date": "DD-MMM-YY",
  "DateTime": "DD-MMM-YY @ HH:mm:ss a",
  "Eras.0": "Nema doba",
  "Eras.1": "Kameno doba",
  "Eras.10": "Moderno doba",
  "Eras.11": "Postmoderno doba",
  "Eras.12": "Savremeno doba",
  "Eras.13": "Sutrašnjica",
  "Eras.14": "Buduće doba",
  "Eras.15": "Arktičko doba",
  "Eras.16": "Okeansko doba",
  "Eras.17": "Virtualno doba",
  "Eras.18": "Svemirsko doba Mars",
  "Eras.19": "Svemirsko doba Asteroidno polje",
  "Eras.2": "Bronzano doba",
  "Eras.20": "Svemirsko doba Venera",
  "Eras.21": "Space Age Jupiter Moon",
  "Eras.3": "Željezno doba",
  "Eras.4": "Rano srednje doba",
  "Eras.5": "Više srednje doba",
  "Eras.6": "Kasno srednje doba",
  "Eras.7": "Kolonijalno doba",
  "Eras.8": "Industrijsko doba",
  "Eras.9": "Progresivno doba",
  "Global.BoxTitle": "FoE pomagač",
  "HiddenRewards.Positions.cityRoadBig": "Dvolinijska cesta",
  "HiddenRewards.Positions.cityRoadSmall": "Jednolinijska cesta",
  "HiddenRewards.Positions.guildExpedition": "Relikvije - GE",
  "HiddenRewards.Positions.nature": "Šuma",
  "HiddenRewards.Positions.shore": "Plaža",
  "HiddenRewards.Positions.water": "Voda",
  "HiddenRewards.Table.expires": "Status",
  "HiddenRewards.Table.position": "Lokacija",
  "HiddenRewards.Table.type": "Tip",
  "Kits.Sets.Abandoned_Asylum": "Napušten azil",
  "Kits.Sets.Altar_Garden": "Oltarni vrt",
  "Kits.Sets.Art_Exhibition": "Umjetnička izložba",
  "Kits.Sets.Celtic_Forest_Set": "Keltska šuma",
  "Kits.Sets.Cherry_Garden_Set": "Višnjev vrt Set",
  "Kits.Sets.Cider_Mill": "Jabukov mlin",
  "Kits.Sets.Classical_Garden_Set": "Klasični vrt Set",
  "Kits.Sets.Colossus": "Kolos",
  "Kits.Sets.FountainSet": "Fontane Set",
  "Kits.Sets.Grand_Bridge": "Veliki most",
  "Kits.Sets.Graveyard": "Groblje",
  "Kits.Sets.Greater_Runestone": "Veliki runski kamen",
  "Kits.Sets.Guard_Post": "Stražara",
  "Kits.Sets.Hall_of_Fame": "Hall of Fame",
  "Kits.Sets.Hippodrome": "Hipodrom",
  "Kits.Sets.Indian_Palace_Set": "Indian Palace set",
  "Kits.Sets.Obelisk": "Obeliks",
  "Kits.Sets.Pagoda": "Pagoda",
  "Kits.Sets.Piazza_Set": "Piazza Set",
  "Kits.Sets.Pillar_of_Heroes": "Pillar of Heroes",
  "Kits.Sets.Pirate": "Gusarski brod",
  "Kits.Sets.Royal": "Kraljevski brod",
  "Kits.Sets.September_Cottage": "September Cottage",
  "Kits.Sets.Statue_of_Honor": "Statue of Honor",
  "Kits.Sets.The_Crows_Nest": "Vranino gnijezdo",
  "Kits.Sets.The_Ship": "Ship Kit",
  "Kits.Sets.Tholos_of_Idols": "Tholos of Idols",
  "Kits.Sets.Timeless_Dojo": "Timeless Dojo",
  "Kits.Sets.Trader": "Trader ship",
  "Kits.Sets.Winners_Plaza": "Winners Plaza",
  "Kits.Sets.Winter_Spire": "Winter Spire",
  "Kits.Sets.Winter_Train": "Winter train",
  "Kits.Sets.Winter_Village_Set": "Winter Village set",
  "Kits.Sets.Winterdeco_Set": "Winterdeco Kit",
  "Kits.Sets.Worlds_Fair": "Worlds Fair",
  "Local": "hr-BA",
  "Menu.Calculator.Desc": "Kalkuliše sve tačke posebnih objekata",
  "Menu.Calculator.Title": "BG kalkulator troškova",
  "Menu.Calculator.Warning": "Isključeno: Otvori prvo Poseban objekat drugog igrača!",
  "Menu.Campagne.Desc": "Prikazuje resurse potrebne za osvajanje Sektora mape kampanje.",
  "Menu.Campagne.Title": "Pregled karte kontinenta",
  "Menu.Campagne.Warning": "Onemogućeno: prvo posjetite sektor (M)!",
  "Menu.Citymap.Desc": "Prikazuje šemu vašeg grada",
  "Menu.Citymap.Title": "Pregled grada",
  "Menu.HiddenRewards.Desc": "Prikazuje vrste incidenata, vrijeme i lokacije",
  "Menu.HiddenRewards.Title": "Incidenti",
  "Menu.Info.Desc": "Prikazuje događaje koji se dešavaju u \"pozadini\".<br><em>Popunjava se sa informacijama…  </em>",
  "Menu.Info.Title": "Info kutija",
  "Menu.Kits.Desc": "Prikazuje sve vaše setove građevinskih kompleta, nadogradnje i setove za odabir.",
  "Menu.Kits.Title": "Setovi nadogradnje & kompleti",
  "Menu.Market.Desc": "Filtriranje trgovine na tržištu",
  "Menu.Market.Title": "Filter tržišta",
  "Menu.Market.Warning": "Molimo otvorite tržnicu prvo",
  "Menu.Negotiation.Desc": "Izaberite resurse za uspješno pregovaranje.",
  "Menu.Negotiation.Title": "Pomoć u pregovaranju",
  "Menu.Negotiation.Warning": "Isključeno: Započni pregovaranje prvo!",
  "Menu.Notice.Desc": "Napravi zabilješku za bilo šta što ne želiš zaboraviti.",
  "Menu.Notice.Title": "Zabilješke",
  "Menu.OutP.Desc": "Prikazuje resurse potrebne (po stavkama) za vaš Settlement.",
  "Menu.OutP.DescWarningBuildings": "<em id='outPW' class='tooltip-error'>Isključeno: Započnite prvo Settlement!<br></em>Prikazuje resurse potrebne (po stavkama) za vaš Settlement.",
  "Menu.OutP.DescWarningOutpostData": "<em id='outPW' class='tooltip-error'>Isključeno: Započnite Settlement i ponovo pokrenite igru (F5)",
  "Menu.OutP.Title": "Pregled Settlement-a",
  "Menu.OwnpartCalculator.Desc": "Napravite plan plaćanja, izračunajte vanjske tačke i kopirajte vrijednosti za svoje GB",
  "Menu.OwnpartCalculator.Title": "GB kalkulator",
  "Menu.OwnpartCalculator.Warning": "Isključeno: Otvorite jedan od vaših posebnih objekata prvo!",
  "Menu.Productions.Desc": "Prikaz vaše trenutne dnevne proizvodnje.",
  "Menu.Productions.Title": "Pregled proizvodnje",
  "Menu.Settings.Desc": "Kofiguriši FoE pomagač",
  "Menu.Settings.Title": "Postavke",
  "Menu.Stats.Desc": "Prikaz statistiku igre u robi, jedinicama, nagradama, GBG-u",
  "Menu.Stats.Title": "Statistika",
  "Menu.Technologies.Desc": "Pregled i kalkulacija troškova istraživanja na Tehnološkom drvetu",
  "Menu.Technologies.Title": "Tehnološko (Tech) drvo",
  "Menu.Technologies.Warning": "Isključeno: Pokreni svoje Tehnološko drvo prvo (R)!",
  "Menu.Unit.Desc": "Prikaz trenutnog statusa svih vaših vojnih jedinica",
  "Menu.Unit.Title": "Pregled vojnih jedinica",
  "Menu.Unit.Warning": "Onemogućeno: Otvorite prvo svoje Uprava vojske (U)!",
  "Menu.greatbuildings.Desc": "Koje FP proizvesti za nadogradnju sljedećeg Posebnog objekta?",
  "Menu.greatbuildings.Title": "GB ulaganje",
  "Settings.About.Desc": "FoE Helper je besplatna ekstenzija za preglednik namjenjen za Forge of Empires, razvijeno za igrače od strane igrača. Alat nije povezan sa InnoGames.",
  "Settings.About.RatingDesc": "Ukoliko vam se sviđa što vidite i šta radimo, molimo ostavite dobru recenziju u Trgovini!",
  "Settings.About.RatingTitle": "Ocijenite ekstenziju",
  "Settings.About.Title": "Više o FoE pomagaču",
  "Settings.About.TranslateDesc": "Možete pomoći u prevođenju ekstenzije prijavljivanjem na naš alat za prevode: ",
  "Settings.About.TranslateTitle": "Prevod",
  "Settings.AutomaticNegotiation.Desc": "Automatski otvorite/zatvorite Pregovaračkog pomoćnika prilikom pregovora? Nije dostupno u Guild bitkama.",
  "Settings.AutomaticNegotiation.Title": "Pomoć u pregovaranju",
  "Settings.ChangeLanguage.Desc": "Izaberite vaš željeni jezik u padajućem meniju >",
  "Settings.ChangeLanguage.Title": "Promjeni jezik",
  "Settings.Entry.About": "O nama",
  "Settings.Entry.AutomaticNegotiation": "Pomoć u pregovaranju",
  "Settings.Entry.ChangeLanguage": "Jezik",
  "Settings.Entry.ExportSettings": "Uvoz / Izvoz",
  "Settings.Entry.GlobalSend": "Prenosi",
  "Settings.Entry.Help": "Pomoć",
  "Settings.Entry.MenuLength": "Dužina menija",
  "Settings.Entry.ResetBoxPositions": "Koordinate kutije",
  "Settings.Entry.ShowGuildTreasuryLogExport": "Izvoz iz Guild riznice",
  "Settings.Entry.ShowInvestments": "FP ulaganja",
  "Settings.Entry.ShowMarketFilter": "Filter tržnice",
  "Settings.Entry.ShowOwnPartOnAllGBs": "GB kalkulator",
  "Settings.Entry.Version": "Verzija",
  "Settings.ExportImport.Error": "Ovo nije validna postavka datoteke!",
  "Settings.ExportImport.Reload": "Igrače se sada ponnovo pokrenuti sa uvezenim postavkama.",
  "Settings.ExportSettings.Desc": "Snimanje i resetovanje postavki",
  "Settings.ExportSettings.Title": "Snimanje i resetovanje",
  "Settings.GlobalSend.Desc": "Ako želite pratiti podatke sa svojim Guild-om, aktivirajte ovu tačku. <br> Za osnovnu ekstenziju jednostavno idite na Isključenje.",
  "Settings.GlobalSend.Title": "Prenesi/Pošalji sadržaj u foe-helper.com",
  "Settings.Help.Desc": "Postoji nekoliko načina da dobijete podršku:",
  "Settings.Help.Discord": "Discord: pridružite se našem poslužitelju radi općih rasprava o proširenju, chatovima i podršci.",
  "Settings.Help.Forums": "Forumi: idite ovamo radi podrške i podnošenja ideja, ali i prijave o greškama.",
  "Settings.Help.Github": "GitHub: za više tehničkih izvještaja o bagovima, konkretne ideje i pomoć u razvoju.",
  "Settings.Help.Title": "Pomoć i zajednica",
  "Settings.Help.Website": "Web stranica: informacije o ekstenziji, dokumentaciji i karakteristikama.",
  "Settings.MenuLength.Desc": "Koliko elemenata visoko meni treba biti?<br>Prazno ili \"0\" znači automatska visina.",
  "Settings.MenuLength.Title": "Dužina menija",
  "Settings.ResetBoxPositions.Button": "Obriši!",
  "Settings.ResetBoxPositions.Desc": "Trebaju li sve koordinate kutija biti resetovane?",
  "Settings.ResetBoxPositions.Title": "Koordinate kutije",
  "Settings.ShowGuildTreasuryLogExport.Desc": "Prikazuje alat za izvoz registra riznice Guild-a u .csv datoteku prilikom otvaranja prozora registra riznice Guild-a",
  "Settings.ShowGuildTreasuryLogExport.Title": "Prikaži alat za izvoz registra Guild riznice",
  "Settings.ShowInvestments.Desc": "Prikažite zbroj podataka o FP investiranju prilikom ulaska na 'Gradska kuća'> 'Vijesti'> 'Posebni objekti'.",
  "Settings.ShowInvestments.Title": "Prikaži ukupno FP ulaganje",
  "Settings.ShowMarketFilter.Desc": "Prikazuje alat za filtriranje trgovina prilikom otvaranja tržišta.",
  "Settings.ShowMarketFilter.Title": "Pokažite alat za filtriranje tržišta",
  "Settings.ShowOwnPartOnAllGBs.Desc": "Prikazuje \"GB kalkulator\" i za Posebne objekte drugih igrača",
  "Settings.ShowOwnPartOnAllGBs.Title": "Prikaz 'GB kalkulatora' za sve GB-e",
  "Settings.ShowPlayersMotivation.Desc": "Treba li prenijeti motivacijske aktivnosti kada se dogode pozivi na događaje?",
  "Settings.Tab.About": "O nama",
  "Settings.Tab.Boxes": "Kutije",
  "Settings.Tab.Extension": "Generalno",
  "Settings.Tab.Sending": "Prenos podataka",
  "Settings.Version.Desc": "Podaci ispod mogu biti označeni za kopiranje.",
  "Settings.Version.GuildId": "Guild ID:",
  "Settings.Version.Link": "<a target='_blank' href='https://foe-helper.com/extension/update?v=__version__&lang=en'  class='game-cursor'>Posljednji zapis</a>",
  "Settings.Version.PlayerId": "Igrač ID:",
  "Settings.Version.Title": "Verzija",
  "Settings.Version.World": "Svijet:",
  "_Language": "čeština"
}
