﻿{
    "Boxes.Alerts.Form.Antiques.Auction": "Aukce",
    "Boxes.Alerts.Form.Antiques.Cooldown": "Obnovení aukce",
    "Boxes.Alerts.Form.Antiques.Dealer": "Starožitník",
    "Boxes.Alerts.Form.Antiques.Exchange": "Denní nabídky",
    "Boxes.Alerts.Form.Battleground": "Provincie v CB",
    "Boxes.Alerts.Form.Body": "Tělo",
    "Boxes.Alerts.Form.Create": "Vytvořit",
    "Boxes.Alerts.Form.CreateAlert": "Vytvořit upozornění",
    "Boxes.Alerts.Form.CreateAllSectors": "Vytvořit pro všechny sektory",
    "Boxes.Alerts.Form.CreateNewAlert": "Vytvořit nové upozornění",
    "Boxes.Alerts.Form.Datetime": "Datum &amp; Čas",
    "Boxes.Alerts.Form.Delete": "Vymazat",
    "Boxes.Alerts.Form.Discard": "Vyřadit",
    "Boxes.Alerts.Form.Edit": "Upravit",
    "Boxes.Alerts.Form.EditAlert": "Upravit upozornění",
    "Boxes.Alerts.Form.Expiration": "Otevřít k",
    "Boxes.Alerts.Form.Expired": "Vypršela platnost",
    "Boxes.Alerts.Form.Expires": "Vypršelo",
    "Boxes.Alerts.Form.Neighborhood": "Sousedství",
    "Boxes.Alerts.Form.Persistence": "Trvalé",
    "Boxes.Alerts.Form.Persistence.Description": "Má zůstat oznámení otevřené, dokud uživatel oznámení nezruší nebo na něj neklikne?",
    "Boxes.Alerts.Form.Persistence.Off": "Vypnout",
    "Boxes.Alerts.Form.Persistence.On": "Zapnout",
    "Boxes.Alerts.Form.Persistent": "Trvale",
    "Boxes.Alerts.Form.Preset.Now": "Nyní",
    "Boxes.Alerts.Form.Presets": "Předvolby",
    "Boxes.Alerts.Form.Preview": "Náhled",
    "Boxes.Alerts.Form.Repeat": "Opakovat",
    "Boxes.Alerts.Form.Repeat.Every": "nebo každý",
    "Boxes.Alerts.Form.Repeat.Never": "nikdy",
    "Boxes.Alerts.Form.Save": "Uložit",
    "Boxes.Alerts.Form.Tag": "Štítek",
    "Boxes.Alerts.Form.Tag.Description": "Štítky (tagy) lze použít k vytvoření skupin oznámení (nové oznámení s vybraným štítkem nahradí starší oznámení se stejným štítkem).",
    "Boxes.Alerts.Form.Title": "Nadpis",
    "Boxes.Alerts.Preferences.Auction.Info": "Automaticky vytvořit nové upozornění, když vložím nabídku do Starožitnictví.",
    "Boxes.Alerts.Preferences.Auction.Title": "Aukce ve Starožitnictví",
    "Boxes.Alerts.Preferences.Battlegrounds.Info": "Odeslat okamžité upozornění, pokud je v CB vysoká aktivita (například, 10 bojů v jednom sektoru během 5 vteřin). Tato funkce funguje pouze, pokud jsou CB otevřeny ve hře!",
    "Boxes.Alerts.Preferences.Battlegrounds.Title": "Historie CB",
    "Boxes.Alerts.Preferences.ComingSoon": "Vyjde brzy...  ",
    "Boxes.Alerts.Preferences.Early.Info": "Automaticky generovaná upozornění (Starožitník, CB atd.), použijí tento posun k odeslání oznámení před skutečnou událostí. Pokud například nastavíte tuto hodnotu na 30 (sekund), budou se upozornění na aukci zobrazovat 30 s před skutečným ukončením aukce!",
    "Boxes.Alerts.Preferences.Early.Title": "Upozornění v předstihu",
    "Boxes.Alerts.Preferences.InGame.Info": "Když je okno hry aktivní, zobrazit oznámení ve hře, místo běžného oznámení na ploše.",
    "Boxes.Alerts.Preferences.InGame.Title": "Upozornění ve hře",
    "Boxes.Alerts.Preferences.MenuIcon.Info": "Zobrazit odpočítávání dalšího upozornění jako překryvné přes ikonu hlavní nabídky",
    "Boxes.Alerts.Preferences.MenuIcon.Title": "Odpočet hlavního menu",
    "Boxes.Alerts.Preferences.Start.Info": "Zobrazit seznam upozornění, která vypršela v režimu off-line (od okamžiku, kdy bylo okno aplikace uzavřeno)",
    "Boxes.Alerts.Preferences.Start.Title": "Přehled upozornění která vypršela",
    "Boxes.Alerts.Preferences.Suggestions.Info": "Zobrazit návrhy upozornění (například, když kliknu na sektor v CB, nebo sběr produkce budov)",
    "Boxes.Alerts.Preferences.Suggestions.Title": "Nabídky upozornění",
    "Boxes.Alerts.Tabs.Alerts": "Upozornění",
    "Boxes.Alerts.Tabs.Preferences": "Preference",
    "Boxes.Alerts.Time.15m": "15m",
    "Boxes.Alerts.Time.1d": "1d",
    "Boxes.Alerts.Time.1h": "1h",
    "Boxes.Alerts.Time.1m": "1m",
    "Boxes.Alerts.Time.4h": "4h",
    "Boxes.Alerts.Time.5m": "5m",
    "Boxes.Alerts.Time.8h": "8h",
    "Boxes.BattleAssist.Text.NextEra": "Ztratili jste jednotku z vyšší doby (nad Vaší současnou). Nicméně stále ji můžete vyléčit pomocí diamantů!",
    "Boxes.BattleAssist.Text.Rogue": "Vaše armáda má jen Tuláky. Buď uzdravte jednotky pomocí diamantů nebo se stáhněte!",
    "Boxes.BattleAssist.Title": "Varování!",
    "Boxes.BlueGalaxy.Building": "Budova",
    "Boxes.BlueGalaxy.Done": "Hotovo",
    "Boxes.BlueGalaxy.DoneIn": "V řešení",
    "Boxes.BlueGalaxy.DoneProductionsTitle": "Návrh: Seberte tyto budovy",
    "Boxes.BlueGalaxy.EstimatedBonus": "Očekávaný bonus: __FP__ BV a __Goods__ ks zboží",
    "Boxes.BlueGalaxy.FP": "Body výzkumu (BV)",
    "Boxes.BlueGalaxy.Goods": "Zboží (Suroviny)",
    "Boxes.BlueGalaxy.GoodsPerFP": "1 BV odpovídá __goods__ ks zboží",
    "Boxes.BlueGalaxy.GoodsValue": "Hodnota 1 ks zboží (v BV)",
    "Boxes.BlueGalaxy.NoChargesLeft": "Žádné další pokusy pro Modrou galaxii!",
    "Boxes.BlueGalaxy.NoProductionsDone": "Nejsou ukončeny žádné výroby BV",
    "Boxes.BlueGalaxy.TTGoodsValue": "Tato hodnota se používá pro hodnocení budov vyrábějících zboží. Jakou hodnotu má 1ks zboží v BV?",
    "Boxes.BlueGalaxy.Title": "Pomocník pro Modrou galaxii",
    "Boxes.BonusService.aid_goods": "Zbývá pomocníků pro Věž smíru",
    "Boxes.BonusService.diplomatic_gifts": "Zbývá pokusů pro získání darů.",
    "Boxes.BonusService.donequests": "Přehled splněných úkolů",
    "Boxes.BonusService.first_strike": "Zbývá pokusů pro první úder.",
    "Boxes.BonusService.missile_launch": "Zbývá pokusů pro Start rakety.",
    "Boxes.BonusService.spoils_of_war": "Zbývá pokusů pro Válečnou kořist.",
    "Boxes.Calculator.ActiveRecurringQuest": "Aktivní opakující se úkol:",
    "Boxes.Calculator.ArkBonus": "Dosažený ARC Bonus",
    "Boxes.Calculator.AvailableFP": "Dostupné balíčky BV",
    "Boxes.Calculator.BPs": "Plánky",
    "Boxes.Calculator.Commitment": "Náklady",
    "Boxes.Calculator.Done": "hotovo",
    "Boxes.Calculator.FP": "BV",
    "Boxes.Calculator.FriendlyInvestment": "Investováno do:",
    "Boxes.Calculator.HelpLink": "https://foe-helper.com/docs/en/cost-calculator/",
    "Boxes.Calculator.LGNotConnected": "K VB chybí cesta.",
    "Boxes.Calculator.LGNotOpen": "Další úroveň VB není odemčená.",
    "Boxes.Calculator.LevelWarning": "Upozornění! Zvýšení úrovně VB!",
    "Boxes.Calculator.MaxLevel": "Max. úroveň",
    "Boxes.Calculator.Meds": "Medaile",
    "Boxes.Calculator.Profit": "Výnos",
    "Boxes.Calculator.Settings.Save": "Uložit",
    "Boxes.Calculator.Settings.newValue": "Nová hodnota",
    "Boxes.Calculator.Step": "Úroveň ",
    "Boxes.Calculator.TTForderCosts": "Cena = __nettoreward__ <small>(Odměna za pomoc)</small> X __forderfactor__% <small>(Tvoje investice)</small> = __costs__",
    "Boxes.Calculator.TTForderFPStockLow": "POZOR: Nedostatek balíčků BV v inventáři!<br>Vlastníš jen __fpstock__ z celkem __costs__BV<br>Chybí __tooless__BV",
    "Boxes.Calculator.TTForderNegativeProfit": "Nepojištěno. __fpcount__ BV musíš vložit pro pojištění pozice.<br>Celkem pro pojištění: __totalfp__ BV",
    "Boxes.Calculator.TTLevelWarning": "Vklad __fpcount__ BV je nadbytečný!<br>Maximální investice: __totalfp__ BV",
    "Boxes.Calculator.TTLoss": "Odměna = __nettoreward__ <small>(Odměna za pomoc)</small> X __arcfactor__% <small>(ARC Bonus)</small> = __bruttoreward__<br>Cena: __costs__ - Vklad pro pojištění: __safe__<br>Ztráta = __costs__ <small>(Cena)</small> - __bruttoreward__ <small>(Odměna)</small> = __loss__",
    "Boxes.Calculator.TTLossSelf": "Odměna = __nettoreward__ <small>(Odměna za pomoc)</small> X  __arcfactor__% <small>(ARC Bonus)</small> = __bruttoreward__<br>Vklad: __paid__<br>Ztráta = __paid__ <small>(Vklad)</small> - __bruttoreward__ <small>(Odměna)</small> = __loss__",
    "Boxes.Calculator.TTPaidTooLess": "Vloženo __paid__ BV namísto __topay__ BV. Chybí vložit __tooless__BV.",
    "Boxes.Calculator.TTPaidTooMuch": "Vloženo __paid__ BV namísto __topay__ BV. Více o __toomuch__BV.",
    "Boxes.Calculator.TTProfit": "Odměna = __nettoreward__ <small>(Odměna za pomoc)</small> X __arcfactor__% <small>(ARC Bonus)</small> = __bruttoreward__<br>Cena: __costs__ - Vklad pro pojištění: __safe__<br>Profit = __bruttoreward__ <small>(Odměna)</small> - __costs__ <small>(Cena)</small> = __profit__",
    "Boxes.Calculator.TTProfitSelf": "Odměna = __nettoreward__ <small>(Odměna za pomoc)</small> X __arcfactor__% <small>(ARC Bonus)</small> = __bruttoreward__<br>Paid: __paid__<br>Profit = __bruttoreward__ <small>(Odměna)</small> - __paid__ <small>(Paid)</small> = __profit__",
    "Boxes.Calculator.Title": "Kalkulačka VB",
    "Boxes.Calculator.Up2LevelUp": "Chybí BV do nové úrovně",
    "Boxes.Campagne.AlreadyDone": " již dobyto! Výborně :)",
    "Boxes.Campagne.DescInStock": "K dispozici",
    "Boxes.Campagne.DescRequired": "Požadováno",
    "Boxes.Campagne.DescStillMissing": "<span style='color:#29b206'>Zbývá</span> / <span style='color:#ff4040'>Je třeba</span>",
    "Boxes.Campagne.Resource": "Zdroje",
    "Boxes.Campagne.Reward": "Celková odměna ",
    "Boxes.Campagne.Title": "Náklady na získání provincie ",
    "Boxes.Castle.AntiqueDealer": "Starožitník",
    "Boxes.Castle.AuctionsWon": "Vyhrál aukcí",
    "Boxes.Castle.Battle": "Boj",
    "Boxes.Castle.Battles": "Boje",
    "Boxes.Castle.CastlePoints": "Body hradu",
    "Boxes.Castle.Challenge": "Výzva",
    "Boxes.Castle.Daily": "Denně",
    "Boxes.Castle.DailyCastlePoints": "Denní hradní body",
    "Boxes.Castle.DailyChallenge": "Denní výzva",
    "Boxes.Castle.Days": "dnů",
    "Boxes.Castle.Gex": "CEx",
    "Boxes.Castle.GexLastOfSections": "CEx hlavní mapa",
    "Boxes.Castle.Level": "Úroveň",
    "Boxes.Castle.Log": "Záznam",
    "Boxes.Castle.LogDuration": "Doba záznamu",
    "Boxes.Castle.Negotiation": "Vyjednávání",
    "Boxes.Castle.Negotiations": "Vyjednávání",
    "Boxes.Castle.Overview": "Přehled",
    "Boxes.Castle.Progress": "Postup",
    "Boxes.Castle.SevenDayChallenge": "7.denní výzva",
    "Boxes.Castle.ShopAntiqueDealer": "Starožitnictví",
    "Boxes.Castle.ShowGroupNames": "zobrazení názvů skupin",
    "Boxes.Castle.Time": "Čas",
    "Boxes.Castle.Title": "Hradní systém",
    "Boxes.Castle.Type": "Druh",
    "Boxes.Castle.Unknown": "Neznámý",
    "Boxes.Castle.VisitAntiqueDealerWarning": "Otevři starožitnictví pro aktualizaci dat.",
    "Boxes.Castle.VisitCastleWarning": "Otevři přehled hradu pro aktualizaci dat.",
    "Boxes.Castle.VisitGexWarning": "Otevři náhled CEx pro aktualizaci dat.",
    "Boxes.CityMap.CavalierPerspecitve": "Pespektivní pohled",
    "Boxes.CityMap.CopyMetaInfos": "Kopírovat data mapy města",
    "Boxes.CityMap.Desc1": "Pro pomoc s plánováním Vašeho města je třeba poslat data na foe-helper.com, kde můžete město editovat. <br>Pokud tam ještě nemáte účet, vaše základní údaje budou odeslány spolu s tímto přenosem. Poté si můžete svůj účet zaregistrovat na webu.",
    "Boxes.CityMap.FreeArea": "Použitelných čtverců: ",
    "Boxes.CityMap.HighlightOldBuildings": "Zvýraznit budovy předchozích epoch",
    "Boxes.CityMap.NormalPerspecitve": "Půdorysný pohled",
    "Boxes.CityMap.ShowSubmitBox": "Odeslat data",
    "Boxes.CityMap.Submit": "Odeslat",
    "Boxes.CityMap.SubmitError": "Data z Vašeho města nebylo možné odeslat na server. Prosím ohlaste tuto chybu na ",
    "Boxes.CityMap.SubmitErrorHeader": "Došlo k chybě",
    "Boxes.CityMap.SubmitSuccess": "Data byla úspěšně odeslána... Nyní navštivte ",
    "Boxes.CityMap.SubmitSuccessHeader": "Přeneseno",
    "Boxes.CityMap.TitleSend": "Odeslat data",
    "Boxes.CityMap.ToastBodyCopyData": "Data z Vašeho města jsou ve schránce OS",
    "Boxes.CityMap.ToastHeadCopyData": "Zkopírováno!",
    "Boxes.CityMap.WholeArea": "Celkem čtverců: ",
    "Boxes.CityMap.YourCity": "Vaše město",
    "Boxes.CityMap.clan_power_production": "Cechovní posílení výroby",
    "Boxes.CityMap.culture": "Kulturní budovy",
    "Boxes.CityMap.decoration": "Dekorace",
    "Boxes.CityMap.goods": "Budovy na zboží",
    "Boxes.CityMap.greatbuilding": "Velkolepé budovy (VB)",
    "Boxes.CityMap.main_building": "Radnice",
    "Boxes.CityMap.military": "Vojenské budovy",
    "Boxes.CityMap.production": "Budovy dílen a továren",
    "Boxes.CityMap.random_production": "Nahodilá výroba",
    "Boxes.CityMap.residential": "Obytné budovy",
    "Boxes.CityMap.street": "Cesty",
    "Boxes.CityMap.tower": "Věže",
    "Boxes.Citymap.Efficiency": "Efektivita",
    "Boxes.CloseBox.AutoHideOnBattle": "Automatické skrytí všeho v bitvě",
    "Boxes.CloseBox.Automation": "Automatizace",
    "Boxes.CloseBox.BoxAlignment": "Umístění okna",
    "Boxes.CloseBox.ButtonSize": "Velikost tlačítka",
    "Boxes.CloseBox.CloseAllButton": "Tlačítko Zavřít vše",
    "Boxes.CloseBox.ExcludeFromClosing": "Vynechat ze zavírání",
    "Boxes.CloseBox.HideAllButton": "Tlačítko Skrýt vše",
    "Boxes.CloseBox.Horizontal": "horizontální",
    "Boxes.CloseBox.Title": "Název",
    "Boxes.CloseBox.Vertical": "vertikální",
    "Boxes.CloseBox.View": "Pohled",
    "Boxes.DBExport.Compression": "komprese",
    "Boxes.DBExport.Description": "Popis",
    "Boxes.DBExport.Export": "Export",
    "Boxes.DBExport.ExportData": "exportovat data",
    "Boxes.DBExport.Import": "Import",
    "Boxes.DBExport.ImportDescription": "Pro importování dat Klikněte zde nebo zde přetáhněte exportovaný JSON soubor / zip archiv.",
    "Boxes.DBExport.ImportFileError": "Tento soubor nemůže být zpracován nebo není ve správném formátu.",
    "Boxes.DBExport.ImportPartlySuccessful": "Import byl dokončen s chybami. Načtěte hru znovu.",
    "Boxes.DBExport.ImportSuccessful": "Import byl úspěšně dokončen. Načtěte hru znovu.",
    "Boxes.DBExport.LocalSettings": "Místní nastavení",
    "Boxes.DBExport.Records": "Záznamy",
    "Boxes.DBExport.ReloadPage": "Znovu načti stránku",
    "Boxes.DBExport.Tables": "Tabulky",
    "Boxes.DBExport.Title": "Nástroj na Export/Import dat",
    "Boxes.DBExport.Type": "Typ",
    "Boxes.DBExport.WrongDBPlayerID": "ID hráče pro data, která mají být importována, neodpovídá aktuálnímu účtu.",
    "Boxes.DBExport.WrongDBWorld": "Svět pro data, která mají být importována, neodpovídá aktuálnímu účtu hráče.",
    "Boxes.EventChests.Chance": "Šance",
    "Boxes.EventChests.Cost": "Cena",
    "Boxes.EventChests.CostPerPrize": "Náklady/Cena",
    "Boxes.EventChests.CostPerStep": "Náklady/Krok",
    "Boxes.EventChests.MainPrize": "Hlavní cena",
    "Boxes.EventChests.MainPrizeTitle": "Denní speciál: ",
    "Boxes.EventChests.Steps": "Kroky",
    "Boxes.EventChests.Title": "Pomocník výběru truhly z události",
    "Boxes.FPCollector.Guildexpedition": "Cechovní expedice (CE)",
    "Boxes.FPCollector.Guildfights": "Cechovní bitvy (CB)",
    "Boxes.FPCollector.Mainmap": "Hlavní mapa",
    "Boxes.FPCollector.NoEntriesFound": "Nebyly nalezeny žádné záznamy…",
    "Boxes.FPCollector.TotalFP": "Sebráno celkem BV:",
    "Boxes.FPCollector.What": "Co/Jak?",
    "Boxes.FPCollector.Where": "Kde?",
    "Boxes.FPCollector.Who": "Kdo?",
    "Boxes.FPCollector.antiquesDealer": "Starožitník",
    "Boxes.FPCollector.archeologyEvent": "Váza archeologické události",
    "Boxes.FPCollector.archeologyEventAutoCollect": "Váza archeologické události",
    "Boxes.FPCollector.battlegrounds_conquest": "CB (vyřešená jednání a boje)",
    "Boxes.FPCollector.card_duel": "Fotbalový turnaj - Karty hráčů",
    "Boxes.FPCollector.chest": "Odměna z CE",
    "Boxes.FPCollector.chestEvent": "Odměna z události",
    "Boxes.FPCollector.chestEventGrandPrize": "Výsledky ligy události",
    "Boxes.FPCollector.collectReward": "Odměna",
    "Boxes.FPCollector.dailyChallenges": "Denní úkoly",
    "Boxes.FPCollector.diplomaticGifts": "Vesmírný transportér-Diplomatické vyjednávání",
    "Boxes.FPCollector.double_collection": "Modrá Galaxie (x2)",
    "Boxes.FPCollector.guildExpedition": "Relikvie z CE",
    "Boxes.FPCollector.halloweenEvent": "Událost Heloween",
    "Boxes.FPCollector.halloweenEventAutoCollect": "Událost Heloween-Dýně",
    "Boxes.FPCollector.hiddenReward": "Skrytá odměna",
    "Boxes.FPCollector.leagueReward": "Odměna z ligy",
    "Boxes.FPCollector.pickupProduction": "Sběr z budov města",
    "Boxes.FPCollector.plunderReward": "Výnos z drancování",
    "Boxes.FPCollector.pvp_arena": "PVP Aréna",
    "Boxes.FPCollector.reward_calendar": "Kalendář události",
    "Boxes.FPCollector.satDown": "Návštěva krčmy přátel",
    "Boxes.FPCollector.spoilsOfWar": "Hrad Himedži (Válečná kořist)",
    "Boxes.FPCollector.st_patricks_event_grand_prize": "St. Patrick's Day - Velká cena",
    "Boxes.FPCollector.st_patricks_task_reward": "St. Patrick's Day - Odměna za úkol",
    "Boxes.FPCollector.summerEvent": "Letní událost",
    "Boxes.FPCollector.wildlife_event": "Událost Divočina",
    "Boxes.FPCollector.winterEvent": "Zimní událost",
    "Boxes.FPCollector.winterEventGrandPrize": "Zimní událost - Velká cena",
    "Boxes.General.Export": "Export dat",
    "Boxes.General.ExportCSV": "Export dat jako CSV",
    "Boxes.General.ExportJSON": "Export dat jako jSON",
    "Boxes.General.Save": "Uložit",
    "Boxes.GexStat.CompareLast": "porovnat s předchozím",
    "Boxes.GexStat.Course": "Kurz",
    "Boxes.GexStat.DeleteDataOlderThan": "vymazat údaje starší než",
    "Boxes.GexStat.Encounters": "Střet",
    "Boxes.GexStat.ExportLast": "exportuj poslední",
    "Boxes.GexStat.General": "Všeobecné",
    "Boxes.GexStat.Gex": "CEx",
    "Boxes.GexStat.Level": "úroveň",
    "Boxes.GexStat.Member": "člen",
    "Boxes.GexStat.MemberParticipation": "Účast členů cechu",
    "Boxes.GexStat.Never": "nikdy",
    "Boxes.GexStat.Participant": "Účastník",
    "Boxes.GexStat.ParticipationNoData": "Údaje jsou nedostupné! <br/>Navštívte stránku s príspěvky v přehledu expedice cechu a aktualizujte údaje.",
    "Boxes.GexStat.Player": "Hráč",
    "Boxes.GexStat.Points": "Body",
    "Boxes.GexStat.Rank": "pořadí",
    "Boxes.GexStat.Ranking": "Žebříček",
    "Boxes.GexStat.ResultsNoData": "Údaje jsou nedostupné! <br/>Navštívte stránku s výsledky v prehledu expedíce cechu a aktualizujte údaje.",
    "Boxes.GexStat.Rounds": "kola",
    "Boxes.GexStat.Save": "Uložit",
    "Boxes.GexStat.ShowAxisLabel": "zobrazit názvy os",
    "Boxes.GexStat.Title": "Statistika CEx",
    "Boxes.GexStat.Week": "týden",
    "Boxes.GexStat.Weeks": "týdnů",
    "Boxes.GreatBuildings.ArcBonus": "Příspěvek příteli",
    "Boxes.GreatBuildings.Attack": "% Útok",
    "Boxes.GreatBuildings.AttackPerFP": "1 BV je roven __percent__% bonusu pro útok armády",
    "Boxes.GreatBuildings.AttackValue": "Přepočet hodnoty 1% bonusu pro útok armády (v BV)",
    "Boxes.GreatBuildings.BreakEven": "Proniknout do",
    "Boxes.GreatBuildings.BreakEvenTT": "Potrvá __days__ dnů než se investice __costs__ BV vrátí prostřednictvím denní produkce __fpproduction__ BV/den",
    "Boxes.GreatBuildings.BreakEvenTTAttack": "Bude trvat __days__ dní, než se vrátí investice __costs__ BV při denní produkcí __fpproduction__ BV/den a __attackproduction__ % útočného bonusu (to odpovídá __attackproduction__ * __attackvalue__ = __attackproductionvalue__ BV/den)",
    "Boxes.GreatBuildings.BreakEvenTTGoods": "Potrvá __days__ dnů než se investice __costs__ BV vrátí prostřednictvím denní produkce __fpproduction__ BV/den a __goodsproduction__ ks zboží/den (to odpovídá __goodsproduction__ * __goodsvalue__ = __goodsproductionvalue__ BV/den)",
    "Boxes.GreatBuildings.BreakEvenTTGoodsAttack": "Bude trvat __days__ dní, než se vrátí investice __costs__ FP s denní produkcí __fpproduction__ BV/den, __goodsproduction__ zboží/den (to odpovídá __goodsproduction__ * __goodsvalue__ = __goodsproductionvalue__ BV/den) a __attackproduction__ % bonusu pro útok (to odpovídá __attackproduction__ * __attackvalue__ = __attackproductionvalue__ BV/den)",
    "Boxes.GreatBuildings.BreakEvenUnit": "__days__ dnů",
    "Boxes.GreatBuildings.Costs": "Cena",
    "Boxes.GreatBuildings.DailyFP": "BV denně",
    "Boxes.GreatBuildings.DailyGoods": "Zboží denně",
    "Boxes.GreatBuildings.FPCostGoods": "Cena BV za zboží",
    "Boxes.GreatBuildings.FPPerTile": "Nové budovy: BV denně/1 čtverec nahrazené budovy",
    "Boxes.GreatBuildings.GoodsPerFP": "1 BV odpovídá __goods__ ks zboží",
    "Boxes.GreatBuildings.GoodsValue": "Přepočtená hodnota 1ks zboží z __eraname__ (v BV)",
    "Boxes.GreatBuildings.GreatBulding": "Velkolepá budova (VB)",
    "Boxes.GreatBuildings.HelpLink": "https://foe-helper.com/docs/en/gb-investments/",
    "Boxes.GreatBuildings.HideNewGBs": "Skrýt nepostavené VB",
    "Boxes.GreatBuildings.Level": "Úroveň",
    "Boxes.GreatBuildings.NewGBCostsTT": "Zahrnuje cenu zboží pro výstavbu VB v hodnotě __goodcosts__ BV",
    "Boxes.GreatBuildings.NewGBFPProductionTT": "__tiles__ * __fppertile__ = __opcost__ BV bylo odečteno. To je ztráta z důvodu odstranění jiných budov produkujících BV tak, aby se uvolnilo místo __tiles__ políček pro stavbu požadované VB.",
    "Boxes.GreatBuildings.RewardPerDay": "ARC: Odměny od ostatních hráčů (BV/den)",
    "Boxes.GreatBuildings.ShowAttack": "Zvažte bonus útoku",
    "Boxes.GreatBuildings.ShowGoods": "Zvažte výrobu zboží",
    "Boxes.GreatBuildings.SuggestionDescription": "VB v horní části seznamu jsou nejlepší",
    "Boxes.GreatBuildings.SuggestionTitle": "Porovnání BV na VB ROI",
    "Boxes.GreatBuildings.TTAttackValue": "Tato hodnota se používá pro hodnocení budov poskytujících bonus k útoku nebo obraně pro útočící armádu. Kolik BV Vás stojí 1 % posílení útoku nebo obrany?",
    "Boxes.GreatBuildings.TTFPPerTile": "Jaká bude denní ztráta BV na čtverec po vytvoření prostoru pro novou velkolepou budovu? Příklad: Odstraníte nějaké Svatyně znalostí pro stavbu nové budovy => 1BV na 5 políček = 0,2BV/čtverec",
    "Boxes.GreatBuildings.TTGoodCosts": "VB dosud nepostavena. Cena zboží, vyjádřena v BV",
    "Boxes.GreatBuildings.TTGoodCostsColumn": "Přehled ceny zboží pro výstavbu vyjádřené v BV (pouze pro dosud nepostavené velkolepé budovy)",
    "Boxes.GreatBuildings.TTGoodsValue": "Tato hodnota se používá pro klasifikaci budov produkujících zboží. Kolik BV Vás stojí jeden kus zboží?",
    "Boxes.GreatBuildings.TTRewardPerDay": "Volitelně: Kolik BV na odměnách získáte za 1 den? Informace pro vyčíslení profitability budoucích úrovní ARCu. Chcete-li získat přehled, přejděte na: Radnice> Zprávy> Historie událostí, a prolistujte všechny stránky historie",
    "Boxes.GreatBuildings.Title": "Přehled investic do VB",
    "Boxes.GuildFights.CopyToClipBoard.Desc": "Časy útoků pro vybranou provincii byly zkopírovány.",
    "Boxes.GuildFights.CopyToClipBoard.Title": "Zkopírováno!",
    "Boxes.GuildFights.Count": "v/ve",
    "Boxes.GuildFights.Date": "Datum",
    "Boxes.GuildFights.DeleteAlert": "Smazat upozornění",
    "Boxes.GuildFights.DeleteMessage.Desc": "Upozornění pro provincii __provinceName__ bylo smazané!",
    "Boxes.GuildFights.DeleteMessage.Title": "Odstraněno!",
    "Boxes.GuildFights.Fights": "Boje",
    "Boxes.GuildFights.LastSnapshot": " - Poslední uložení před: __time__",
    "Boxes.GuildFights.Negotiations": "Vyjednávání",
    "Boxes.GuildFights.NoOwner": "Zatím nemá vlastníka",
    "Boxes.GuildFights.Owner": "Vlastník",
    "Boxes.GuildFights.Player": "Člen cechu",
    "Boxes.GuildFights.Progress": "Dosažený pokrok",
    "Boxes.GuildFights.ProgressFilterDesc": "Filtr pro všechny členy s novým postupem.",
    "Boxes.GuildFights.Province": "Provincie",
    "Boxes.GuildFights.SaveAlert": "Provincie __provinceName__ odemčena",
    "Boxes.GuildFights.SaveMessage.Desc": "Upozornění pro __provinceName__ bylo uloženo!",
    "Boxes.GuildFights.SaveMessage.Title": "Uloženo!",
    "Boxes.GuildFights.SaveSettings": "Uložit",
    "Boxes.GuildFights.SetAlert": "Nastavit upozornění",
    "Boxes.GuildFights.ShowLogButton": "zobrazit tlačítko snímku záznamu",
    "Boxes.GuildFights.ShowOwner": "Přehled cechů",
    "Boxes.GuildFights.ShowProgressFilter": "zobrazit filtr postupu",
    "Boxes.GuildFights.ShowRoundSelector": "zobrazit výběr kola CB",
    "Boxes.GuildFights.SnapshotLog": "Snímek záznamu",
    "Boxes.GuildFights.Time": "v/ve",
    "Boxes.GuildFights.Title": "Přehled hráčů",
    "Boxes.GuildFights.Total": "Celkem",
    "Boxes.GuildMemberStat.AutoStartOnUpdate": "otevřete přehled po aktualizaci",
    "Boxes.GuildMemberStat.Available": "dostupné",
    "Boxes.GuildMemberStat.Battles": "Boje",
    "Boxes.GuildMemberStat.CalendarWeek": "kalendářní týden",
    "Boxes.GuildMemberStat.ChangeView": "Změnit zobrazení",
    "Boxes.GuildMemberStat.ConfirmNo": "Ne",
    "Boxes.GuildMemberStat.ConfirmYes": "Ano",
    "Boxes.GuildMemberStat.Date": "Datum",
    "Boxes.GuildMemberStat.Days": "dnů",
    "Boxes.GuildMemberStat.DeleteDataWarning": "Pokud odstraníte dříve uložená data, nebude možné je obnovit.",
    "Boxes.GuildMemberStat.DeleteExMembersAfter": "odstranit bývalého člena po",
    "Boxes.GuildMemberStat.DeleteGBGRound": "odstranit kolo CB",
    "Boxes.GuildMemberStat.DeleteInactivityWarning": "smazat upozornění na nečinnost",
    "Boxes.GuildMemberStat.EndDate": "Datum konce",
    "Boxes.GuildMemberStat.EraTreasuryGoods": "z dané doby je zboží v pokladnici",
    "Boxes.GuildMemberStat.Eras": "Doby, éry",
    "Boxes.GuildMemberStat.FpForLevelUp": "BV do nové úrovné",
    "Boxes.GuildMemberStat.GBFRound": "Kolo CB",
    "Boxes.GuildMemberStat.GEXWeek": "CEx v týdnu",
    "Boxes.GuildMemberStat.GbgParticipation": "Zapojení do CB",
    "Boxes.GuildMemberStat.GexGbgDateFormat": "CEx/CB formát datumu",
    "Boxes.GuildMemberStat.GexParticipation": "Zapojení do CEx",
    "Boxes.GuildMemberStat.GotIt": "Rozumím!",
    "Boxes.GuildMemberStat.GreatBuildings": "Velkolepé budovy (VB)",
    "Boxes.GuildMemberStat.GuildBuildingNotification": "Navštivte města svých členů pro aktualizaci statistiky budovy.",
    "Boxes.GuildMemberStat.GuildBuildings": "Cechovní budovy",
    "Boxes.GuildMemberStat.GuildGoods": "Pokladnice cechu",
    "Boxes.GuildMemberStat.GuildMembers": "Členové cechu",
    "Boxes.GuildMemberStat.GuildMessages": "Počet zpráv v cechovním centru zpráv",
    "Boxes.GuildMemberStat.GuildPower": "Síla cechu",
    "Boxes.GuildMemberStat.GuildSupportBuildings": "Budovy na podporu cechu",
    "Boxes.GuildMemberStat.GuildTreasuryNotification": "Otevři přehled Pokladnice v Profilu cechu pro aktualizaci stavu zboží v ní.",
    "Boxes.GuildMemberStat.Inactivity": "Neaktivní",
    "Boxes.GuildMemberStat.Instantly": "okamžitě",
    "Boxes.GuildMemberStat.LastUpdate": "poslední update",
    "Boxes.GuildMemberStat.Level": "Úroveň",
    "Boxes.GuildMemberStat.MaxLevel": "max. úroveň",
    "Boxes.GuildMemberStat.Member": "Člen",
    "Boxes.GuildMemberStat.MemberActiviy": "Aktivita členů",
    "Boxes.GuildMemberStat.MemberLeavedGuild": "Hráč již není členem Tvého cechu.",
    "Boxes.GuildMemberStat.MemberWithoutGB": "Člen cechu nemá __greatbuilding__",
    "Boxes.GuildMemberStat.MinLevel": "min. úroveň",
    "Boxes.GuildMemberStat.Negotiations": "Vyjednávání",
    "Boxes.GuildMemberStat.Never": "nikdy",
    "Boxes.GuildMemberStat.Points": "Body",
    "Boxes.GuildMemberStat.ProducedTreasuryGoods": "vyráběné v cechovních budovách",
    "Boxes.GuildMemberStat.Rank": "Pozice",
    "Boxes.GuildMemberStat.ResetMessageCounter": "resetovat počítadlo zpráv",
    "Boxes.GuildMemberStat.Search": "Vyhledat",
    "Boxes.GuildMemberStat.ShowBattlesWon": "zobrazit body za boje",
    "Boxes.GuildMemberStat.ShowDeletedMembers": "přehled bývalých členů cechu",
    "Boxes.GuildMemberStat.ShowSearchbar": "zobrazit vyhledávací lištu",
    "Boxes.GuildMemberStat.ShowZeroValues": "zobraz nulové hodnoty (CEx/CB)",
    "Boxes.GuildMemberStat.StartDate": "datum zahájení",
    "Boxes.GuildMemberStat.Title": "Přehled členů cechu",
    "Boxes.GuildMemberStat.TotalGuildGoods": "Celkem zboží",
    "Boxes.GuildMemberStat.TotalGuildPower": "Síla cechu celkem",
    "Boxes.GuildMemberStat.TreasuryGoods": "Pokladnice",
    "Boxes.GuildMemberStat.UnlockedLevel": "Odemčená úroveň",
    "Boxes.GvGMap.Action.Drag": "Táhnout",
    "Boxes.GvGMap.Action.Edit": "Upravit",
    "Boxes.GvGMap.Action.Zoom": "Zoom",
    "Boxes.GvGMap.Guild.Name": "Cech",
    "Boxes.GvGMap.Guild.Power": "Síla (výkon)",
    "Boxes.GvGMap.Guild.Sectors": "Sektory",
    "Boxes.GvGMap.Guilds": "Cechy",
    "Boxes.GvGMap.Log": "Log",
    "Boxes.GvGMap.Log.Explanation": "Přehled zobrazuje události, ke kterým došlo pokud jste byli aktivní na mapě CvC. Informace (aktuálně) nebudou uloženy. Můžete jej filtrovat libovolně podle: čísla sektoru, názvu cechu, akce, vlastní přezdívky.",
    "Boxes.GvGMap.Log.Info": "Info",
    "Boxes.GvGMap.Log.NPC": "NPC (neobsazené)",
    "Boxes.GvGMap.Log.Sector": "Sektor",
    "Boxes.GvGMap.Log.UnknownGuild": "Neznámy cech",
    "Boxes.GvGMap.Log.clan_defeated": "Cech poražen",
    "Boxes.GvGMap.Log.defender_damaged": "Obránce poškozen",
    "Boxes.GvGMap.Log.defender_defeated": "Obránce poražen",
    "Boxes.GvGMap.Log.defender_deployed": "Obránce nasazen",
    "Boxes.GvGMap.Log.defender_replaced": "Obránce nahrazen",
    "Boxes.GvGMap.Log.headquarter_placed": "Velení umístěno",
    "Boxes.GvGMap.Log.sector_conquered": "Sektor dobyt",
    "Boxes.GvGMap.Log.sector_independence_granted": "Svoboda udělena",
    "Boxes.GvGMap.Log.sector_slot_unlocked": "Slot (pozice) odemčen",
    "Boxes.GvGMap.Log.siege_damaged": "Obležení poškozeno",
    "Boxes.GvGMap.Log.siege_defeated": "Obležení poraženo",
    "Boxes.GvGMap.Log.siege_deleted": "Obležení zrušeno",
    "Boxes.GvGMap.Log.siege_deployed": "Obležení vybudováno",
    "Boxes.GvGMap.Sector.Coords": "Koordináty",
    "Boxes.GvGMap.Sector.Hitpoints": "Životy",
    "Boxes.GvGMap.Sector.Power": "Síla",
    "Boxes.GvGMap.Sector.Protected": "Sektor je chráněn",
    "Boxes.GvGMap.Title": "Mapa CvC",
    "Boxes.HiddenRewards.Disappears": "Zmizí",
    "Boxes.HiddenRewards.HelpLink": "https://foe-helper.com/docs/2/incidents",
    "Boxes.HiddenRewards.NoEvents": "Nejsou žádné příhody.",
    "Boxes.HiddenRewards.Title": "Přehled příhod",
    "Boxes.Infobox.Filter": "Filtr",
    "Boxes.Infobox.FilterAuction": "Aukce",
    "Boxes.Infobox.FilterGex": "CE",
    "Boxes.Infobox.FilterGuildFights": "Cechovní bitvy",
    "Boxes.Infobox.FilterLevel": "VB úrověň",
    "Boxes.Infobox.FilterMessage": "Zpráva",
    "Boxes.Infobox.FilterTrade": "Obchod",
    "Boxes.Infobox.Messages.Auction": "<strong>__player__</strong> právě umístil nabídku za __amount__ obchodních mincí.",
    "Boxes.Infobox.Messages.GEX": "<strong>__player__</strong> právě přispěl __points__ CE bodů.",
    "Boxes.Infobox.Messages.GildFightOccupied": "<span style=\"color:#ffb539\">__provinceName__</span> byla obsazena <span style=\"color:__attackerColor__;text-shadow: 0 1px 1px __attackerShadow__\">__attackerName__</span> a je uzamčena až do __untilOccupied__.",
    "Boxes.Infobox.Messages.LevelUp": "__player__'s __building__ dosáhl úrovně __level__.<br>Dosáhl jsi pozice <strong>__rank__ </strong> a získal <strong>__fps__</strong> BV.",
    "Boxes.Infobox.Messages.MsgBuilding": "__building__ - Úroveň __level__",
    "Boxes.Infobox.Messages.Trade": "<strong>__player__</strong> přijal Váš obchod __offerValue__ __offer__ za __needValue__ __need__.",
    "Boxes.Infobox.Messages.Welcome": "Vítejte v <strong>Infobox</strong>! Když toto okno zůstane otevřené, bude zobrazovat události na pozadí (např. Zprávy z chatu, akce v CB a aukční nabídky)",
    "Boxes.Infobox.ResetBox": "Vymazat vše",
    "Boxes.Infobox.Title": "Info panel",
    "Boxes.Infobox.UnknownConversation": "Neznámá konverzace",
    "Boxes.Investment.AllUpToDate": "Stránka historie události obnovena",
    "Boxes.Investment.AllUpToDateDesc": "Tyto informace již byly načteny",
    "Boxes.Investment.CurrReward": "Průběžný zisk: ",
    "Boxes.Investment.DateParseError": "Chyba zpracování dat",
    "Boxes.Investment.DateParseErrorDesc": "Hodnotu dat \"__InvalidDate__\" nešlo načíst",
    "Boxes.Investment.HiddenGB": "Skryté VB",
    "Boxes.Investment.InvestBar": "Investované BV: ",
    "Boxes.Investment.Overview.AdditionalColumns": "Další sloupce",
    "Boxes.Investment.Overview.Blueprints": "Náčrtky",
    "Boxes.Investment.Overview.Building": "Budova",
    "Boxes.Investment.Overview.DateOfIncrease": "Datum navýšení",
    "Boxes.Investment.Overview.DateOfIncreaseDesc": "Datum a čas posledního zaznamenaného vkladu do VB",
    "Boxes.Investment.Overview.EntryTime": "Čas vložení",
    "Boxes.Investment.Overview.EntryTimeDesc": "Kdy byl zaznamenám první vklad?",
    "Boxes.Investment.Overview.HideGB": "Skrýt VB ze seznamu a kalkulace.",
    "Boxes.Investment.Overview.Invested": "Investováno",
    "Boxes.Investment.Overview.InvestedDesc": "Kolik BV bylo investováno",
    "Boxes.Investment.Overview.Medals": "Medaile",
    "Boxes.Investment.Overview.MedalsProfit": "Zisk medailí",
    "Boxes.Investment.Overview.Player": "Hráč",
    "Boxes.Investment.Overview.Profit": "Výnos (profit)",
    "Boxes.Investment.Overview.ProfitDesc": "dosažený zisk; žlutá = Pozice není zajištěna, červená/zelená = Ztráta/Zisk konečná",
    "Boxes.Investment.Overview.Progress": "Pokrok",
    "Boxes.Investment.Overview.RemainingFP": "potřebné BV",
    "Boxes.Investment.Overview.RestFP": "Zbývá BV",
    "Boxes.Investment.Overview.RestFPDesc": "Kolik BV je třeba ke zvýšení úrovně",
    "Boxes.Investment.Overview.SettingsEntryTime": "čas vstupu",
    "Boxes.Investment.Overview.SettingsHiddenGB": "zobraz skryté VB",
    "Boxes.Investment.Overview.SettingsRestFP": "zbytek BV",
    "Boxes.Investment.Overview.SettingsSave": "Uložit",
    "Boxes.Investment.Overview.SettingsUnsafeCalc": "vyčíslit jen zajištěný výnos/ztrátu",
    "Boxes.Investment.PlayerFound": "Nalezeno (hráč)!",
    "Boxes.Investment.PlayerFoundCount": "Načteno __count__ nových událostí hráčů",
    "Boxes.Investment.PlayerFoundCounter": "__count__ nových událostí hráčů bylo nalezeno.",
    "Boxes.Investment.Rank": "Pořadí",
    "Boxes.Investment.Safe": "uložit",
    "Boxes.Investment.Title": "Souhrn Vašich Investic",
    "Boxes.Investment.TotalFP": "Sklad + Investováno + Výnos = ",
    "Boxes.Investment.UpToDate": "Seznam investic byl aktualizován před méně než 30 minutami.",
    "Boxes.Investment.UpdateRequired": "Seznam investic je starší než 30 minut. Aktualizujte prosím svůj investiční seznam na radnici.",
    "Boxes.Kits.Extensions": "Rozšíření",
    "Boxes.Kits.InStock": "Skladem",
    "Boxes.Kits.KitName": "Typ předmětu",
    "Boxes.Kits.Name": "Budova",
    "Boxes.Kits.SelectionKit": "Výběrová sada",
    "Boxes.Kits.Title": "Přehled inventáře, Upgradů a Výběrových sad",
    "Boxes.Kits.ToggleButtonActive": "Skrýt neúplné sady",
    "Boxes.Kits.ToggleButtonInActive": "Zobrazit neúplné sady",
    "Boxes.Kits.UpgradeKit": "Vylepšení budov",
    "Boxes.Market.AllGoods": "Všechno",
    "Boxes.Market.MaxResults": "Max. počet výsledků",
    "Boxes.Market.MinQuantity": "Min. počet.",
    "Boxes.Market.Need": "Potřeba",
    "Boxes.Market.NeedColumn": "Potřeba",
    "Boxes.Market.NeedTT": "__era__<br>Máte: __stock__",
    "Boxes.Market.Offer": "Nabídka",
    "Boxes.Market.OfferColumn": "Nabídka",
    "Boxes.Market.OfferTT": "__era__<br>Máte: __stock__",
    "Boxes.Market.OnlyAffordable": "Pouze cenově dostupné nabídky",
    "Boxes.Market.PageColumn": "Strana",
    "Boxes.Market.PlayerColumn": "Hráč",
    "Boxes.Market.RateColumn": "Hodnocení",
    "Boxes.Market.Rating": "Hodnocení",
    "Boxes.Market.ShowOwnOffers": "Nabídky",
    "Boxes.Market.TTMinQuantity": "Zadej minimální množství nabízeného zboží. Tento filtr NEPLATÍ pro nabídky členů cechu",
    "Boxes.Market.Title": "Filtr trhu",
    "Boxes.Market.TradeAdvantage": "Výhodné",
    "Boxes.Market.TradeDisadvantage": "Nevýhodné",
    "Boxes.Market.TradeFair": "Férové",
    "Boxes.Market.TradeFairStock": "Fér (při nižších zásobách)",
    "Boxes.Market.TradeFairStockTT": "Zahrnuje všechny férové obchody, které jste schopni pokrýt svými zásobami požadovaného zboží v dané nabídce",
    "Boxes.Market.TradeForEqual": "Stejné",
    "Boxes.Market.TradeForGoods": "Epocha nabídky",
    "Boxes.Market.TradeForHigher": "Vyšší",
    "Boxes.Market.TradeForLower": "Nižší",
    "Boxes.Market.TradePartner": "Partneři",
    "Boxes.Market.TradePartnerFriend": "Přátelé",
    "Boxes.Market.TradePartnerGuild": "Členové cechu",
    "Boxes.Market.TradePartnerNeighbor": "Sousedé",
    "Boxes.MoppelHelper.Attacks": "Útoky",
    "Boxes.MoppelHelper.Days": "__days__ dnů",
    "Boxes.MoppelHelper.Era": "Epocha",
    "Boxes.MoppelHelper.Event": "Událost",
    "Boxes.MoppelHelper.Friends": "Přátelé",
    "Boxes.MoppelHelper.FriendsSocialTabTT": "Kliknutím na záložku \"Přátelé\" ve hře odemknete a načtete seznam událostí přátel",
    "Boxes.MoppelHelper.GBs": "VB",
    "Boxes.MoppelHelper.GuildMembers": "Členové cechu",
    "Boxes.MoppelHelper.GuildSocialTabTT": "Kliknutím na záložku \"Členové cechu\" ve hře odemknete a načtete seznam událostí členů cechu",
    "Boxes.MoppelHelper.HeaderWarning": "POZOR: Chcete-li tyto hodnoty aktualizovat, musíte prolistovat všechny karty události v Historie událostí, kterou najdete: Radnice> Zprávy> Historie událostí ",
    "Boxes.MoppelHelper.MoppelEvents": "Motivovat/Zušlechtit",
    "Boxes.MoppelHelper.Name": "Hráč",
    "Boxes.MoppelHelper.Neighbors": "Sousedé",
    "Boxes.MoppelHelper.NeighborsSocialTabTT": "Kliknutím na záložku \"Sousedé\" ve hře odemknete a načtete seznam událostí sousedů",
    "Boxes.MoppelHelper.Never": "NIKDY",
    "Boxes.MoppelHelper.Plunders": "Plenění",
    "Boxes.MoppelHelper.Points": "Body",
    "Boxes.MoppelHelper.Rank": "Pozice",
    "Boxes.MoppelHelper.TavernVisits": "Krčma přátel",
    "Boxes.MoppelHelper.Title": "Pomocník Motivace/Zušlechtění",
    "Boxes.MoppelHelper.Trades": "Trh",
    "Boxes.Negotiation.Average": "Ø Množství",
    "Boxes.Negotiation.Canceled": "Vyjednávání zrušeno (Vzdát)",
    "Boxes.Negotiation.Chance": "Šance",
    "Boxes.Negotiation.DragDrop": "Přetažením ikon zdrojů výše můžete sami uspořádat podmínky vyjednávání a určit novou sekvenci od prvního pokusu.",
    "Boxes.Negotiation.GoodsCritical": "VAROVÁNÍ!: Zásoby zboží jsou KRITICKY nízké!",
    "Boxes.Negotiation.GoodsLow": "UPOZORNĚNÍ: Zásoby zboží jsou NÍZKÉ!",
    "Boxes.Negotiation.HelpLink": "https://foe-helper.com/docs/2/negotioation-helper",
    "Boxes.Negotiation.Person": "Osoba",
    "Boxes.Negotiation.Round": "Kolo",
    "Boxes.Negotiation.SaveCurrentEraGoods": "Šetřit současné zboží?",
    "Boxes.Negotiation.SaveMedals": "Šetřit medaile?",
    "Boxes.Negotiation.Stock": "Zásoby:",
    "Boxes.Negotiation.Success": "Úspěch",
    "Boxes.Negotiation.TableLoadError": "Chyba při načítání tabulky \"Vyjednávání\"",
    "Boxes.Negotiation.Title": "Tabulka Vyjednávání",
    "Boxes.Negotiation.TryEnd": "Žádné další pokusy",
    "Boxes.Negotiation.WrongGoods": "Vybráno nesprávné zboží, dokončete vyjednávání manuálně",
    "Boxes.Negotiation.confirmGoodsMissmatch": "OK",
    "Boxes.Notice.ContentHeadIsFriend": "Přítel",
    "Boxes.Notice.ContentHeadIsGuild": "Člen cechu",
    "Boxes.Notice.ContentHeadIsNeighbor": "Soused",
    "Boxes.Notice.DeleteGroup": "Odstranit skupinu a vstupy",
    "Boxes.Notice.DeleteItem": "Odstranit vstupy",
    "Boxes.Notice.DummyHeading": "Tvůj nadpis",
    "Boxes.Notice.Edit": "Upravit",
    "Boxes.Notice.GlobalSendRequired": "Modul pracuje pouze se zapnutým „Nahrát na foe-helper.com“. <br> Chcete-li používat poznámky, aktivujte tuto možnost.",
    "Boxes.Notice.GroupName": "Název skupiny",
    "Boxes.Notice.HelpLink": "https://foe-helper.com/docs/2/notes",
    "Boxes.Notice.ModalChoosePlayer": "Vybrat hráče",
    "Boxes.Notice.ModalMissingPlayers": "Chybí někteří hráči z výběru? Potom zavři toto okno, přejdi na dolní hraně webu straně do lišty Nabídky společenství a klikni na všechny další záložky (Sousedé, Členové cechu, Přátelé) a potom znovu otevři toto okno.",
    "Boxes.Notice.NewGroup": "Skupina",
    "Boxes.Notice.NewGroupDesc": "Nejdříve vytvoř skupinu... ",
    "Boxes.Notice.NewPlayer": "Hráč",
    "Boxes.Notice.NewSide": "Nová strana",
    "Boxes.Notice.Save": "Uložit",
    "Boxes.Notice.SelectPlayerGroupDefault": "-- Vytvořit skupinu hráčů ? --",
    "Boxes.Notice.SelectPlayerGroupFriend": "Přátelé",
    "Boxes.Notice.SelectPlayerGroupGuild": "Členové cechu",
    "Boxes.Notice.SelectPlayerGroupNeighbor": "Sousedé",
    "Boxes.Notice.SideName": "Název stránky",
    "Boxes.Notice.Sorting": "Seřadit",
    "Boxes.Notice.Title": "Poznámky",
    "Boxes.Outpost.DescInStock": "Dostupné",
    "Boxes.Outpost.DescRequired": "Vyžadováno",
    "Boxes.Outpost.DescStillMissing": "<span style='color:#29b206'>Přebývá</span> / <span style='color:#ff4040'>Potřebné</span>",
    "Boxes.Outpost.ExpansionsSum": "Rozšíření",
    "Boxes.Outpost.ShowSums": "Zobrazit součty:",
    "Boxes.Outpost.Title": "Zboží osady",
    "Boxes.Outpost.TitleBuildings": "Budova",
    "Boxes.Outpost.TitleFree": "Vyzkoumáno",
    "Boxes.Outpost.TitleShort": "Zdroje osady Přehled  - ",
    "Boxes.Outpost.infoLine": "Aktuální úroveň = __runNumber__; Šance na Bonus (x4) = __chanceX4__%",
    "Boxes.Outpost.nextTile": "Další rozšíření",
    "Boxes.Outpost.tileNotPlanned": "Vypnuto",
    "Boxes.OwnpartCalculator.All": "Vše",
    "Boxes.OwnpartCalculator.Arc": "ARC",
    "Boxes.OwnpartCalculator.Auto": "Automaticky",
    "Boxes.OwnpartCalculator.AutoWithUnsafe": "Automaticky + Neuzamčeno",
    "Boxes.OwnpartCalculator.BPs": "Plánky",
    "Boxes.OwnpartCalculator.BuildingName": "Budova",
    "Boxes.OwnpartCalculator.CopyFormatPerGB": "Uložit kopii formátu pro velkolepou budovu",
    "Boxes.OwnpartCalculator.CopyValues": "Kopírovat hodnoty",
    "Boxes.OwnpartCalculator.Deposit": "Vklad BV",
    "Boxes.OwnpartCalculator.Done": "Vloženo",
    "Boxes.OwnpartCalculator.ExistingPayments": "Realizované vklady",
    "Boxes.OwnpartCalculator.Ext": "Externí",
    "Boxes.OwnpartCalculator.GBsNoted": "__GBCount__ zaznamenáno",
    "Boxes.OwnpartCalculator.HelpLink": "https://foe-helper.com/docs/en/gb-calculator/",
    "Boxes.OwnpartCalculator.IncludeData": "Zahrnuta data",
    "Boxes.OwnpartCalculator.LGTotalFP": "Celkem BV požadováno",
    "Boxes.OwnpartCalculator.Lock": "Zajistit",
    "Boxes.OwnpartCalculator.Meds": "Medaile",
    "Boxes.OwnpartCalculator.NoPlaceAvailable": "Spot je nedostupný",
    "Boxes.OwnpartCalculator.NoPlaceSafe": "Žádná zajištěná pozice",
    "Boxes.OwnpartCalculator.Note": "Poznámka",
    "Boxes.OwnpartCalculator.OldLevel": "Předchozí úroveň",
    "Boxes.OwnpartCalculator.OptionsDescending": "Klesající",
    "Boxes.OwnpartCalculator.OptionsFP": "Body výzkumu (BV)",
    "Boxes.OwnpartCalculator.OptionsGB": "Název budovy",
    "Boxes.OwnpartCalculator.OptionsLevel": "Úroveň",
    "Boxes.OwnpartCalculator.OptionsLevelUp": "Povýšit úroveň",
    "Boxes.OwnpartCalculator.OptionsOwnPart": "Příspěvek vlastníka",
    "Boxes.OwnpartCalculator.OptionsPlayer": "Hráč",
    "Boxes.OwnpartCalculator.Order": "Pořadí",
    "Boxes.OwnpartCalculator.OwnPart": "Vlastní vklad",
    "Boxes.OwnpartCalculator.OwnPartRemaining": "Chybí vložit vlastníkem",
    "Boxes.OwnpartCalculator.OwnPartShort": "OC",
    "Boxes.OwnpartCalculator.PatronPart": "Vklady ostatních",
    "Boxes.OwnpartCalculator.Place": "Místo",
    "Boxes.OwnpartCalculator.Places": "Místa",
    "Boxes.OwnpartCalculator.PlayerName": "Hráč",
    "Boxes.OwnpartCalculator.PowerLeveling": "Další úrovně",
    "Boxes.OwnpartCalculator.Preview": "Předchozí",
    "Boxes.OwnpartCalculator.Step": "Úroveň",
    "Boxes.OwnpartCalculator.Title": "Kalkulačka VB",
    "Boxes.OwnpartCalculator.Trust": "Důvěřovat",
    "Boxes.PowerLeveling.CopyValues": "Kopírovat hodnoty",
    "Boxes.PowerLeveling.DoubleCollection": "Dvojitý výběr",
    "Boxes.PowerLeveling.Level": "Úroveň",
    "Boxes.PowerLeveling.MaxLevel": "Max. úroveň",
    "Boxes.PowerLeveling.OwnPartBrutto": "Vklad vlastníka brutto",
    "Boxes.PowerLeveling.OwnPartNetto": "Vklad vlastníka netto",
    "Boxes.PowerLeveling.OwnPartSum": "Vklad vlastníka celkem",
    "Boxes.PowerLeveling.P1": "Pozice 1",
    "Boxes.PowerLeveling.P2": "Pozice 2",
    "Boxes.PowerLeveling.P3": "Pozice 3",
    "Boxes.PowerLeveling.P4": "Pozice 4",
    "Boxes.PowerLeveling.P5": "Pozice 5",
    "Boxes.PowerLeveling.Title": "Další úroveň",
    "Boxes.Productions.DateNA": "Neznámé",
    "Boxes.Productions.Done": "Hotovo",
    "Boxes.Productions.GoodEraTotal": "Celkem",
    "Boxes.Productions.GuildGoods": "Pokladnice",
    "Boxes.Productions.GuildPower": "Síla cechu",
    "Boxes.Productions.Happiness": "Spokojenost",
    "Boxes.Productions.Headings.Done": "Hotovo",
    "Boxes.Productions.Headings.all": "Vše",
    "Boxes.Productions.Headings.amount": "Množství",
    "Boxes.Productions.Headings.area": "Oblast",
    "Boxes.Productions.Headings.clan_power_production": "Síla cechu",
    "Boxes.Productions.Headings.culture": "Kulturní budovy",
    "Boxes.Productions.Headings.decoration": "Dekorace",
    "Boxes.Productions.Headings.earning": "Čas na sběr",
    "Boxes.Productions.Headings.efficiency": "Efektivita",
    "Boxes.Productions.Headings.era": "Doba, éra",
    "Boxes.Productions.Headings.generic_building": "Jiné budovy",
    "Boxes.Productions.Headings.goods": "Manufaktury na zboží",
    "Boxes.Productions.Headings.greatbuilding": "Velkolepé budovy (VB)",
    "Boxes.Productions.Headings.main_building": "Radnice",
    "Boxes.Productions.Headings.name": "Název",
    "Boxes.Productions.Headings.number": "Číslo",
    "Boxes.Productions.Headings.off_grid": "Speciální budovy",
    "Boxes.Productions.Headings.production": "Dílny, Továrny",
    "Boxes.Productions.Headings.random_production": "Náhodná produkce",
    "Boxes.Productions.Headings.residential": "Obytné budovy",
    "Boxes.Productions.Headings.size": "Velikost vč. cest",
    "Boxes.Productions.Headings.street": "Cesty",
    "Boxes.Productions.ModeCurrent": "Průběžné",
    "Boxes.Productions.ModeDaily": "Produkce za den",
    "Boxes.Productions.ModeGroups": "Skupiny",
    "Boxes.Productions.ModeSingle": "Individuálně",
    "Boxes.Productions.NoAsteroidDataWarning": "Zboží z pásu asteroidů není zahrnuto. Navštivte prosím základnu pásu asteroidů a otevřete invetář znovu",
    "Boxes.Productions.NoMarsDataWarning": "Zboží z Marsu není zahrnuto. Navštivte prosím vaši základnu na Marsu a otevřete inventář znovu",
    "Boxes.Productions.NoVenusDataWarning": "Zboží z Venuše není zahrnuto. Navštivte prosím svou základnu na Venuši a znovu otevřete přehled",
    "Boxes.Productions.SearchInput": "Hledat budovu... ",
    "Boxes.Productions.SizeTT": "Velikost včetně průměrného požadavku místa na cesty __streetnettosize__ čtverců",
    "Boxes.Productions.TTGoodsEra": "Tento sloupec ukazuje dobu budovy, NE dobu vyráběného zboží",
    "Boxes.Productions.Title": "Přehled produkce (denně)",
    "Boxes.Productions.Total": "Celkem: ",
    "Boxes.Productions.Units": "Jednotky",
    "Boxes.Productions.att_boost_attacker": "Útočný bonus útočné armády",
    "Boxes.Productions.att_boost_defender": "Útočný bonus obranné armády",
    "Boxes.Productions.def_boost_attacker": "Obraný bonus útočné armády",
    "Boxes.Productions.def_boost_defender": "Obraný bonus obrané armády",
    "Boxes.Productions.goods": "Zboží (suroviny)",
    "Boxes.ProductionsRating.BuildingName": "Budovy",
    "Boxes.ProductionsRating.Enabled": "Povoleno",
    "Boxes.ProductionsRating.ProdPerTile": "Předpoklad denní produkce / políčko",
    "Boxes.ProductionsRating.Results": "Výsledek",
    "Boxes.ProductionsRating.Score": "Skore",
    "Boxes.ProductionsRating.Settings": "Nastavení",
    "Boxes.ProductionsRating.Title": "Rating efektivity budov",
    "Boxes.Settings.Active": "Aktivní",
    "Boxes.Settings.DeletedBoxCoordsBody": "Všechny koordináty z oken smazány.",
    "Boxes.Settings.DeletedBoxCoordsHead": "Smazáno!",
    "Boxes.Settings.Inactive": "Neaktivní",
    "Boxes.Settings.Title": "Nastavení",
    "Boxes.Stats.BtnAll": "Vše",
    "Boxes.Stats.BtnAllPlayableEras": "Všechny doby",
    "Boxes.Stats.BtnAllPlayableErasTitle": "Vyber hratelné doby (výjma: Bez doby, Speciál)",
    "Boxes.Stats.BtnAllTittle": "Doby + Bez doby + Speciál",
    "Boxes.Stats.BtnChartType.delta": "Delta",
    "Boxes.Stats.BtnChartType.line": "Čárový",
    "Boxes.Stats.BtnChartType.streamgraph": "Stream graf",
    "Boxes.Stats.BtnChartTypeTitle.delta": "Graf přírůstků/poklesů",
    "Boxes.Stats.BtnChartTypeTitle.line": "Graf spojnicový",
    "Boxes.Stats.BtnChartTypeTitle.streamgraph": "Graf stream",
    "Boxes.Stats.BtnLastEras": "Poslední 2 doby",
    "Boxes.Stats.BtnLastErasTitle": "Vyber aktuální a předešlou dobu",
    "Boxes.Stats.BtnMyEra": "Moje doba",
    "Boxes.Stats.BtnNoEra": "Žádná doba",
    "Boxes.Stats.BtnSource.statsGBGPlayers": "CB",
    "Boxes.Stats.BtnSource.statsRewards": "Odměny",
    "Boxes.Stats.BtnSource.statsTreasureClanD": "Pokladnice cechu - d",
    "Boxes.Stats.BtnSource.statsTreasureClanH": "Pokladnice cechu - h",
    "Boxes.Stats.BtnSource.statsTreasurePlayerD": "Denní bilance pokladnice",
    "Boxes.Stats.BtnSource.statsTreasurePlayerH": "Pokladnice",
    "Boxes.Stats.BtnSource.statsUnitsD": "Jednotky - za den",
    "Boxes.Stats.BtnSource.statsUnitsH": "Jednotky - za hodinu",
    "Boxes.Stats.BtnToggleAnnotations": "CvC anotace",
    "Boxes.Stats.BtnToggleAnnotationsTitle": "Přehled poklesu počtu zboží na mapě CvC.",
    "Boxes.Stats.BtnToggleGroupBy": "Skupiny dle doby",
    "Boxes.Stats.BtnToggleGroupByTitle": "Skupina podle jména",
    "Boxes.Stats.Era": "Doba",
    "Boxes.Stats.HelpLink": "https://foe-helper.com/docs/en/statistics/",
    "Boxes.Stats.Period.all": "Vše",
    "Boxes.Stats.Period.last30days": "Posledních 30 dnů",
    "Boxes.Stats.Period.last7days": "Posledních 7 dnů",
    "Boxes.Stats.Period.sinceTuesday": "Od úterý",
    "Boxes.Stats.Period.thisMonth": "Tento měsíc",
    "Boxes.Stats.Period.today": "Dnes",
    "Boxes.Stats.PeriodTitle.all": "Od počátku věků",
    "Boxes.Stats.PeriodTitle.last30days": "Sebrané v posledních 30 dnech",
    "Boxes.Stats.PeriodTitle.last7days": "Sebrané v posledních 7 dnech",
    "Boxes.Stats.PeriodTitle.sinceTuesday": "Sebrané od úterý (CE začíná každé úterý)",
    "Boxes.Stats.PeriodTitle.thisMonth": "Sebrané v tomto měsíci",
    "Boxes.Stats.PeriodTitle.today": "Sebrané dnes",
    "Boxes.Stats.Rewards.Source.__event": "Událost",
    "Boxes.Stats.Rewards.Source.battlegrounds_conquest": "CB",
    "Boxes.Stats.Rewards.Source.default": "Příhody",
    "Boxes.Stats.Rewards.Source.diplomaticGifts": "Vyjednávání",
    "Boxes.Stats.Rewards.Source.guildExpedition": "CE",
    "Boxes.Stats.Rewards.Source.pvp_arena": "PvP Aréna",
    "Boxes.Stats.Rewards.Source.shards": "Úlomky",
    "Boxes.Stats.Rewards.Source.spoilsOfWar": "Válečná kořist",
    "Boxes.Stats.Rewards.SourceTitle.__event": "Odměny ze sezónních nebo zvláštních událostí",
    "Boxes.Stats.Rewards.SourceTitle.battlegrounds_conquest": "Odměny CB",
    "Boxes.Stats.Rewards.SourceTitle.default": "Odměny z příhod",
    "Boxes.Stats.Rewards.SourceTitle.diplomaticGifts": "Diplomatické dary (Vesmírný transportér)",
    "Boxes.Stats.Rewards.SourceTitle.guildExpedition": "Odměny CE - relikvie (Chrám relikvií)",
    "Boxes.Stats.Rewards.SourceTitle.pvp_arena": "Odměny PvP aréna",
    "Boxes.Stats.Rewards.SourceTitle.shards": "Tajemné úlomky (Plovoucí ostrov)",
    "Boxes.Stats.Rewards.SourceTitle.spoilsOfWar": "Válečná kořist (Hrad Himedži)",
    "Boxes.Stats.SourceTitle.statsGBGPlayers": "CB - Tabulka pořadí hráčů",
    "Boxes.Stats.SourceTitle.statsRewards": "Vaše odměny z Hradu Himedži, Chrámu relikvií, Cechovních bitev",
    "Boxes.Stats.SourceTitle.statsTreasureClanD": "Pokladnice cechu - denní přehled",
    "Boxes.Stats.SourceTitle.statsTreasureClanH": "Pokladnice cechu - hodinový přehled",
    "Boxes.Stats.SourceTitle.statsTreasurePlayerD": "Vaše vklady do Pokladnice cechu - denní",
    "Boxes.Stats.SourceTitle.statsTreasurePlayerH": "Vaše vklady do Pokladnice cechu - hodinové",
    "Boxes.Stats.SourceTitle.statsUnitsD": "Vaše Jednotky - denně",
    "Boxes.Stats.SourceTitle.statsUnitsH": "Vaše Jednotky - hodinově",
    "Boxes.Stats.Title": "Přehled statistik",
    "Boxes.Technologies.DescInStock": "Dostupné",
    "Boxes.Technologies.DescRequired": "Požadováno",
    "Boxes.Technologies.DescStillMissing": "<span style='color:#29b206'>Přebývající</span> / <span style='color:#ff4040'>Potřebné</span>",
    "Boxes.Technologies.IgnoreCurrentEraOptional": "Ignoruje volitelné technologie aktuálních / vyšších epoch",
    "Boxes.Technologies.IgnorePrevEra": "Ignoruje volitelné technologie předchozích epoch",
    "Boxes.Technologies.NoTechs": "Dokončili jste tuto dobu",
    "Boxes.Technologies.Resource": "Zdroje",
    "Boxes.Technologies.Title": "Strom, náklady na výzkum",
    "Boxes.Treasury.Action": "Zpráva",
    "Boxes.Treasury.Amount": "Množství",
    "Boxes.Treasury.DateTime": "Datum/Čas",
    "Boxes.Treasury.Era": "Doba",
    "Boxes.Treasury.Export": "Export",
    "Boxes.Treasury.Message": "Prolistujte všechny stránky a stiskněte tlačítko EXPORTOVAT",
    "Boxes.Treasury.PlayerID": "ID hráče",
    "Boxes.Treasury.PlayerName": "Jméno hráče",
    "Boxes.Treasury.Reset": "Resetovat",
    "Boxes.Treasury.Resource": "Zboží",
    "Boxes.Treasury.RowNumber": "Zpracován řádek",
    "Boxes.Treasury.Title": "Log exportu Pokladnice cechu",
    "Boxes.Units.AlcaHarvest": "Váš Alcatraz je připraven k výběru!",
    "Boxes.Units.Attack": "Útok %",
    "Boxes.Units.Bind": "Závislá",
    "Boxes.Units.Defend": "Obrana %",
    "Boxes.Units.NextUnitsIn": "Příští(ch) __count__ bude rekrutováno za <span class=\"alca-countdown\"></span> v __harvest__ hodin",
    "Boxes.Units.NotFilled": "Prázdné",
    "Boxes.Units.Proportionally": "Procentuálně",
    "Boxes.Units.Quantity": "Množství",
    "Boxes.Units.ReadyToLoot": "Připraveni na plenění!",
    "Boxes.Units.Status": "Stav",
    "Boxes.Units.Title": "Přehled vojenských jednotek",
    "Boxes.Units.Unbind": "Nezávislá",
    "Boxes.Units.Unit": "Jednotka",
    "Boxes.UnitsGex.NoUnitsAvailable": "Údaje o jednotce nejsou k dispozici. Stisknutím klávesy „U“ spustíte konzolu Managementu armády",
    "Boxes.mapTradeWarning.Text": "Prevence",
    "Boxes.mapTradeWarning.Title": "Obchody",
    "Boxes.stPatrick.B": "Miliarda (10^9)",
    "Boxes.stPatrick.BuildingUpgrades": "Cena za vylepšení budovy",
    "Boxes.stPatrick.Hourly": "Hodinová výroba",
    "Boxes.stPatrick.K": "Tisíc",
    "Boxes.stPatrick.M": "Milion (10^6)",
    "Boxes.stPatrick.NextTown": "Další město",
    "Boxes.stPatrick.Production": "Továrny",
    "Boxes.stPatrick.Q": "Quadrilion (10^15)",
    "Boxes.stPatrick.QT": "Quintilion (10^18)",
    "Boxes.stPatrick.T": "Trilion (10^12)",
    "Boxes.stPatrick.Title": "Info minihry St Patrick",
    "Boxes.stPatrick.UpcomingTasks": "Následující úkol",
    "Boxes.stPatrick.Warning": "Hodnoty se mohou aktualizovat se zpožděním, v závislosti na zpětné vazbě serveru. Uvedené časy neberou v úvahu aktualizace aktuálních zásob.",
    "Date": "DD.MM.YYYY",
    "DateShort": "DD.MM.",
    "DateTime": "DD.MM.YYYY / HH:mm:ss",
    "Eras.0": "Bez doby",
    "Eras.1": "Doba kamenná",
    "Eras.10": "Moderní doba",
    "Eras.11": "Postmoderní doba",
    "Eras.12": "Současnost",
    "Eras.13": "Zítra",
    "Eras.14": "Budoucnost",
    "Eras.15": "Ledová budoucnost",
    "Eras.16": "Oceánská budoucnost",
    "Eras.17": "Virtuální budoucnost",
    "Eras.18": "Kolonizace Marsu",
    "Eras.19": "Kolonizace pásu planetek",
    "Eras.2": "Doba bronzová",
    "Eras.20": "Kolonizace Venuše",
    "Eras.21": "Space Age Jupiter Moon",
    "Eras.3": "Doba železná",
    "Eras.4": "Raný středověk",
    "Eras.5": "Vrcholný středověk",
    "Eras.6": "Pozdní středověk",
    "Eras.7": "Koloniální doba",
    "Eras.8": "Průmyslový věk",
    "Eras.9": "Doba pokroku",
    "Eras.GvGAllAge": "Všechny doby",
    "Global.BoxTitle": "FoE Helper",
    "GvG.Independences.Tooltip": "Počet osvobozených sektorů od posledního výpočtu.",
    "GvG.Independences.Tooltip.Warning": "Může to být nepřesné, pokud hrajete na více stolních zařízeních.",
    "HiddenRewards.Positions.cityRoadBig": "Dvouproudá silnice",
    "HiddenRewards.Positions.cityRoadSmall": "Cesta",
    "HiddenRewards.Positions.culturalOutpost": "Osady - úlomky",
    "HiddenRewards.Positions.guildExpedition": "Relikvie CE",
    "HiddenRewards.Positions.nature": "V přírodě",
    "HiddenRewards.Positions.shore": "Na pobřeží",
    "HiddenRewards.Positions.water": "Na hladině",
    "HiddenRewards.Table.expires": "Čas obnovení",
    "HiddenRewards.Table.position": "Umístění",
    "HiddenRewards.Table.type": "Druh",
    "Kits.Sets.Abandoned_Asylum": "Opuštěný azyl",
    "Kits.Sets.Altar_Garden": "Zahrada s oltářem",
    "Kits.Sets.Art_Exhibition": "Výstava",
    "Kits.Sets.Athlon_Abbey": "Athlonské opatství",
    "Kits.Sets.Celtic_Forest_Set": "Keltský les",
    "Kits.Sets.Cherry_Garden_Set": "Třešňová zahrada",
    "Kits.Sets.Cider_Mill": "Moštárna",
    "Kits.Sets.Classical_Garden_Set": "Zahrada",
    "Kits.Sets.Colossus": "Kolos",
    "Kits.Sets.Druid_Temple": "Chrám druidů",
    "Kits.Sets.Ferris_Wheel": "Velké kolo",
    "Kits.Sets.FountainSet": "Indická fontána",
    "Kits.Sets.Golden_Crops": "Zlaté pole",
    "Kits.Sets.Grand_Bridge": "Velký most",
    "Kits.Sets.Graveyard": "Hřbitov",
    "Kits.Sets.Greater_Runestone": "Velký runový kámen",
    "Kits.Sets.Guard_Post": "Strážní místo",
    "Kits.Sets.Hall_of_Fame": "Síň slávy",
    "Kits.Sets.Harvest_Farm_Set": "Sklizňová farma",
    "Kits.Sets.Hippodrome": "Hipodrome",
    "Kits.Sets.Horror_Circus_Set": "Hororový cirkus",
    "Kits.Sets.Indian_Palace_Set": "Indický palác",
    "Kits.Sets.Mountain_Reserve": "Horská rezervace",
    "Kits.Sets.Obelisk": "Obelisk",
    "Kits.Sets.Pagoda": "Pagoda",
    "Kits.Sets.Piazza_Set": "Náměstíčko",
    "Kits.Sets.Pillar_of_Heroes": "Památník hrdinů",
    "Kits.Sets.Pirate": "Pirátský koráb",
    "Kits.Sets.Pirates_Hideout": "Pirátské doupě",
    "Kits.Sets.Royal": "Královský koráb",
    "Kits.Sets.September_Cottage": "Podzimní chata",
    "Kits.Sets.Statue_of_Honor": "Socha cti",
    "Kits.Sets.Suishun_Mill": "Mlýn Suishun",
    "Kits.Sets.Terracotta_Vineyard": "Terakotová vinice",
    "Kits.Sets.The_Crows_Nest": "Vraní hnízdo",
    "Kits.Sets.The_Ship": "Loď",
    "Kits.Sets.Tholos_of_Idols": "Tholos",
    "Kits.Sets.Timeless_Dojo": "Nekonečné dódžó",
    "Kits.Sets.Trader": "Loď obchodníků",
    "Kits.Sets.Winners_Plaza": "Náměstí vítězů",
    "Kits.Sets.Winter_Canal": "Zimní kanál",
    "Kits.Sets.Winter_Spire": "Zimní věž",
    "Kits.Sets.Winter_Train": "Zimní vlak",
    "Kits.Sets.Winter_Village_Set": "Zimní vesnička",
    "Kits.Sets.Winterdeco_Set": "Zimní dekorace",
    "Kits.Sets.Worlds_Fair": "Světový veletrh",
    "Local": "cs-CZ",
    "Menu.Alerts.Desc": "Vytvořit a spravovat upozornění",
    "Menu.Alerts.Title": "Upozornění",
    "Menu.Bluegalaxy.Desc": "Tento nástroj vám pomůže najít ty nejlepší budovy, které můžete sbírat s Vaší Modrou galaxií",
    "Menu.Bluegalaxy.Title": "Pomocník Modrá galaxie",
    "Menu.BottomBar": "Dole",
    "Menu.Box": "V okně",
    "Menu.Calculator.Desc": "Počítá odměny pro všechny pozice VB",
    "Menu.Calculator.Title": "Kalkulačka VB",
    "Menu.Calculator.Warning": "Neprovedeno: Nejprve otevřete GB jiného hráče!",
    "Menu.Campagne.Desc": "Zobrazuje zdroje potřebné k získání sektoru na Mapě kontinentů.",
    "Menu.Campagne.Title": "Mapa kontinentů",
    "Menu.Campagne.Warning": "Neprovedeno: Vyberte nejprve provincii na mapě (M)!",
    "Menu.Castle.Desc": "Ukazuje dostupné příležitosti k získávání hradních bodů.",
    "Menu.Castle.Title": "Hradní systém",
    "Menu.Citymap.Desc": "Zobrazit schéma Vašeho města",
    "Menu.Citymap.Title": "Přehled o městě",
    "Menu.Dropdown": "Jako rozevírací seznam",
    "Menu.GexStat.Desc": "Zobraz výsledky Tvého cechu v CEx.",
    "Menu.GexStat.Title": "Výsledky CEx",
    "Menu.Gildfight.Desc": "Zobrazuje aktuální a nadcházející bitvy v CB",
    "Menu.Gildfight.Title": "Cechovní bitevní pole (CB)",
    "Menu.Gildfight.Warning": "<em id='selectorCalc-Btn-closed' class='tooltip-error'>Neprovedeno: Zobrazte nejdříve mapu CB!</em> ",
    "Menu.GuildMemberStat.Desc": "Statistiky členů cechu",
    "Menu.GuildMemberStat.Title": "Přehled členů cechu",
    "Menu.GuildMemberStat.Warning": "Chcete-li aktivovat statistiku, načtěte nejdříve přehled členů cechu",
    "Menu.HiddenRewards.Desc": "Přehled typů, časů a umístění příhod",
    "Menu.HiddenRewards.Title": "Příhody",
    "Menu.Info.Desc": "Zobrazuje události, které se dějí na „pozadí“.<br><em>Vyplní se informace…   </em>",
    "Menu.Info.Title": "Informační okno",
    "Menu.Investment.Desc": "Seznam Vašich posledních investic",
    "Menu.Investment.Title": "Investice BV",
    "Menu.Kits.Desc": "Zobrazuje všechny Vaše sady budov, vylepšení a výběrové sady na skladě.",
    "Menu.Kits.Title": "Sady, upgrady a výběrové sady",
    "Menu.Market.Desc": "Zobrazí a filtruje všechny obchody, které jsou dostupné na trhu",
    "Menu.Market.Title": "Filtr trhu",
    "Menu.Market.Warning": "Otevřete nejdříve rozhraní Trhu (T)",
    "Menu.Moppelhelper.Desc": "Zobrazuje, kdy vaši přátelé, členové cechu nebo sousedé naposledy motivovali, zušlechtili, napadli, vyplenili atd. Vaše budovy",
    "Menu.Moppelhelper.Title": "Pomocník Motivace/Zušlechtění",
    "Menu.Negotiation.Desc": "Vyberte zdroje pro úspěšné vyjednávání.",
    "Menu.Negotiation.Title": "Pomocník vyjednávání",
    "Menu.Negotiation.Warning": "Nezobrazeno: Nejdříve začněte vyjednávat!",
    "Menu.Notice.Desc": "Poznámky o čemkoliv co nechcete zapomenout.",
    "Menu.Notice.Title": "Poznámky",
    "Menu.Notification.Position.bottom-center": "dole uprostřed",
    "Menu.Notification.Position.bottom-left": "dole vlevo",
    "Menu.Notification.Position.bottom-right": "dole vpravo",
    "Menu.Notification.Position.mid-center": "uprostřed",
    "Menu.Notification.Position.top-center": "nahoře uprostřed",
    "Menu.Notification.Position.top-left": "nahoře vlevo",
    "Menu.Notification.Position.top-right": "nahoře vpravo",
    "Menu.OutP.Desc": "Přehled potřebných surovin (po druzích) k dokončení osady.",
    "Menu.OutP.DescWarningBuildings": "<em id='outPW' class='tooltip-error'>Neprovedeno: Nejprve otevřete osadu!<br></em>Přehled potřebných zdrojů (po druzích) k dokončení osady.",
    "Menu.OutP.DescWarningOutpostData": "<em id='outPW' class='tooltip-error'>Neprovedeno: Přejděte do osady a aktualizujte hru (F5)",
    "Menu.OutP.Title": "Přehled \"Osada\"",
    "Menu.OwnpartCalculator.Desc": "Připravte si plán, kolik Vám kamarádi přispějí na jednotlivé pozice a zkopírujte si hodnoty pro Vaši VB",
    "Menu.OwnpartCalculator.Title": "Kalkulačka VB",
    "Menu.OwnpartCalculator.Warning": "Neprovedeno: Nejprve otevřete nějakou svoji VB!",
    "Menu.Productions.Desc": "Zobrazuje denní výroby ve všech dílnách.",
    "Menu.Productions.Title": "Výroba v dílnách",
    "Menu.ProductionsRating.Desc": "Vyhledat budovy, které produkují méně zdrojů na políčko, než se očekávalo.",
    "Menu.ProductionsRating.Title": "Rating efektivity budovy",
    "Menu.RightBar": "Vpravo",
    "Menu.SaveMessage.Desc": "Nové rozložení menu uloženo",
    "Menu.SaveMessage.Title": "Uloženo!",
    "Menu.Settings.Desc": "Nastavení FoE Helper",
    "Menu.Settings.Title": "Nastavení",
    "Menu.Stats.Desc": "Zobrazí herní statistiky o zboží, jednotkách, odměnách, CB",
    "Menu.Stats.Title": "Statistiky",
    "Menu.Technologies.Desc": "Zobrazí a spočítá Náklady na výzkum",
    "Menu.Technologies.Title": "Technologie (strom vývoje)",
    "Menu.Technologies.Warning": "Neprovedeno: Nejprve otevřete výzkum technologií (R)!",
    "Menu.Unit.Desc": "Všechny Vaše jednotky a armády na jednom místě",
    "Menu.Unit.Title": "Přehled vojenských jednotek",
    "Menu.Unit.Warning": "Neprovedeno: Nejprve otevřete rozhraní pro Správu armády (U)!",
    "Menu.fpCollector.Desc": "Zobrazí všechny shromážděné podrobnosti o BV seřazené podle typu, data, odkud a kolik.",
    "Menu.fpCollector.Title": "Přehled sběru BV",
    "Menu.greatbuildings.Desc": "Kterou VB produkující BV byste měli příště upgradovat?",
    "Menu.greatbuildings.Title": "Investice BV",
    "Menu.unitsGex.Desc": "???",
    "Menu.unitsGex.Title": "???",
    "Quests.CounterTooltip.Content": "Max. limit je 2 000 odmítnutých úkolů za den.",
    "Settings.About.Desc": "FoE Helper je bezplatné rozšíření WWW prohlížeče pro Forge of Empires, vyvinuté hráči pro hráče. Tento nástroj není žádným způsobem spojen s InnoGames.",
    "Settings.About.RatingDesc": "Pokud se vám líbí, co vidíte a co děláme, nechte prosím v Obchodě dobrou recenzi!",
    "Settings.About.RatingTitle": "Ohodnotit rozšíření",
    "Settings.About.Title": "O rozšíření FoE Helper",
    "Settings.About.TranslateDesc": "Pomozte přeložit nebo vylepšit překlad FoE Helper, registrujte se v našem překladatelském nástroji: ",
    "Settings.About.TranslateTitle": "Překlad",
    "Settings.AutoOpenCloseBox.Desc": "Mají se při \"Zavřít všechna okna\" automaticky otevřít po dalším spuštění hry?",
    "Settings.AutoOpenCloseBox.Title": "Dialog \"Zavřít všechna okna\" otevřít automaticky",
    "Settings.AutoOpenInfoBox.Desc": "Chcete, aby se Infobox automaticky otevíral, jakmile se hra načte?",
    "Settings.AutoOpenInfoBox.Title": "Automatické otevírání Infoboxu",
    "Settings.AutomaticNegotiation.Desc": "Automaticky otevře/uzavře pomocníka pro vyjednávání při startu vyjednávání? Neplatí pro vyjednávání v CB.",
    "Settings.AutomaticNegotiation.Title": "Pomocník vyjednávání",
    "Settings.ChangeLanguage.Desc": "Který jazyk, kromě rozpoznaného, má být zvolen (výběr ze seznamu)",
    "Settings.ChangeLanguage.Title": "Změnit jazyk",
    "Settings.EnableSound.Desc": "Povolit zvukové efekty v tomto rozšíření.",
    "Settings.EnableSound.Title": "Povolit zvuk",
    "Settings.Entry.About": "O rozšíření",
    "Settings.Entry.AutoOpenCloseBox": "Zavřít všechna okna",
    "Settings.Entry.AutoOpenInfoBox": "Infobox",
    "Settings.Entry.AutomaticNegotiation": "Pomocník vyjednávání",
    "Settings.Entry.ChangeLanguage": "Jazyk",
    "Settings.Entry.EnableSound": "Povolit zvuk",
    "Settings.Entry.ExportSettings": "Import / Export",
    "Settings.Entry.GlobalSend": "Nahrát",
    "Settings.Entry.Help": "Nápověda",
    "Settings.Entry.HideHelperDuringBattle": "Pomocník \"Zobrazení bitvy\"",
    "Settings.Entry.InfoboxEntryCount": "Počet záznamů v Infoboxu",
    "Settings.Entry.MenuContent": "Obsah nabídky",
    "Settings.Entry.MenuLength": "Délka nabídky",
    "Settings.Entry.NotificationsPosition": "Poloha upozornění",
    "Settings.Entry.NotificationsStack": "Poznámky",
    "Settings.Entry.ResetBoxPositions": "Poloha okna",
    "Settings.Entry.SelectedMenu": "Pozice nabídky",
    "Settings.Entry.Show2kQuestMark": "Značka úkolu 2k",
    "Settings.Entry.ShowBlueGalaxyHelper": "Modrá Galaxie",
    "Settings.Entry.ShowEventChest": "Truhla události",
    "Settings.Entry.ShowGuildTreasuryLogExport": "Export logu Pokladnice cechu",
    "Settings.Entry.ShowInvestments": "Zobrazit sumu investic BV",
    "Settings.Entry.ShowMapTradeWarning": "Blokování vyjednávání",
    "Settings.Entry.ShowMarketFilter": "Filtr trhu",
    "Settings.Entry.ShowNotifications": "Upozornění",
    "Settings.Entry.ShowOwnPartOnAllGBs": "Kalkulátor VB",
    "Settings.Entry.ShowPlayerLinks": "Odkazy na hráče",
    "Settings.Entry.ShowPlayersMotivation": "Aktivita při motivaci",
    "Settings.Entry.ShowRougeUnitWarning": "Bojový asistent/Varování tuláků",
    "Settings.Entry.Version": "Verze",
    "Settings.ExportImport.Error": "Neplatný soubor nastavení!",
    "Settings.ExportImport.Reload": "Hra se nyní znovu načte spolu s těmito důležitými nastaveními.",
    "Settings.ExportSettings.Desc": "Ukládání a obnovení nastavení",
    "Settings.ExportSettings.OpenImportExportTool": "Otevřít nástroje Import/Export",
    "Settings.ExportSettings.Title": "Ukládání a Obnovení",
    "Settings.GlobalSend.Desc": "Chcete-li dlouhodobě sledovat data v cechu, klikněte sem. <br> Pro samostatné rozšíření jednoduše volbu deaktivujte a žádná data nebudou ukládána.",
    "Settings.GlobalSend.Title": "Přenos dat na foe-helper.com",
    "Settings.Help.Desc": "Existuje několik cest jak získat podporu:",
    "Settings.Help.Discord": "Discord: připoj se k našemu serveru pro obecné diskuze k tomuto rozšíření, chatování a podporu.",
    "Settings.Help.Forums": "Fóra: navštiv podporu, napiš návrhy na zlepšení a hlášení chyb.",
    "Settings.Help.Github": "GitHub: pro další hlášení technických chyb, konkrétní návrhy a pomoc s vývojem.",
    "Settings.Help.Title": "Pomoc a Komunita",
    "Settings.Help.Website": "WWW stránky: informace o rozšíření a jeho funkcích, dokumentace.",
    "Settings.HideHelperDuringBattle.Desc": "Pokud během ruční bitvy překáží HelperBox, tato možnost ho dočasně skryje, dokud bitva neskončí. Toto funguje pouze s Helper 'As Box'",
    "Settings.HideHelperDuringBattle.Title": "Skrýt pomocníka v průběhu bitvy",
    "Settings.InfoboxEntryCount.Desc": "Kolik prvků by měl Infobox zobrazit a uložit? <br> Prázdná hodnota nebo „0“ znamená bez omezení.",
    "Settings.InfoboxEntryCount.Title": "Max. počet záznamů",
    "Settings.MenuContent.Desc": "Která tlačítka chcete zobrazit v nabídce? <br> Zelená: Zobrazit. Červená: Nezobrazovat.",
    "Settings.MenuContent.Title": "Obsah Nabídky",
    "Settings.MenuLength.Desc": "Kolik položek má obsahovat menu?<br> Prázdné okno nebo \"0\" znamená automatickou výšku.",
    "Settings.MenuLength.Title": "Výška menu",
    "Settings.NotificationPosition.ToastTestBody": "Toto je vybraná pozice. <br> Než otestujete další pozici, počkejte, dokud tato zpráva nezmizí.",
    "Settings.NotificationPosition.ToastTestHeader": "Náhled upozornění",
    "Settings.NotificationsPosition.Desc": "Kde na obrazovce si přejete zobrazovat upozornění?",
    "Settings.NotificationsPosition.Title": "Pozice upozornění",
    "Settings.NotificationsStack.Desc": "Kolik informačních zpráv chcete vidět najednou? Výchozí hodnota je maximálně 4.",
    "Settings.NotificationsStack.Title": "Upozornění",
    "Settings.ResetBoxPositions.Button": "Návrat!",
    "Settings.ResetBoxPositions.Desc": "Má se nastavení vrátit na původní?",
    "Settings.ResetBoxPositions.Title": "Návrat k původnímu nastavení",
    "Settings.SelectedMenu.Desc": "Vyberte preferovanou nabídku z rozbalovacího seznamu (hra se automaticky obnoví)",
    "Settings.SelectedMenu.Title": "Upravit Menu",
    "Settings.Show2kQuestMark.Desc": "Zobrazuje malý odznak s počítadlem počtu úkolů, které ještě můžete odmítnout.",
    "Settings.Show2kQuestMark.Title": "2000 značek úkolů",
    "Settings.ShowBlueGalaxyHelper.Desc": "Zobrazí nástroj, který navrhuje budovy ke shromažďování po sběru z vaší Modré galaxie",
    "Settings.ShowBlueGalaxyHelper.Title": "Zobrazit pomocníka pro Modrou galaxii",
    "Settings.ShowEventChest.Desc": "Zobrazí okno přehledu šance na výhru v Události",
    "Settings.ShowEventChest.Title": "Obsah truhly v Události",
    "Settings.ShowGuildTreasuryLogExport.Desc": "Zobrazit nástroje exportu Pokladnice cechu, když otevřete pro okno historie Pokladnice cechu",
    "Settings.ShowGuildTreasuryLogExport.Title": "Zobrazit nástroje exportu Pokladnice cechu",
    "Settings.ShowInvestments.Desc": "Zobrazí počet bodů výzkumu vložený ve velkolepých budovách jiných hráčů v okně „Velkolepé budovy“ přístupném z radnice.",
    "Settings.ShowInvestments.Title": "Zobrazení počtu investovaných bodů",
    "Settings.ShowMapTradeWarning.Desc": "Překrytí tlačítka „Vyjednávat“ při dobývání provincií zabraňující nechtěnému kliknutí. ",
    "Settings.ShowMapTradeWarning.Title": "Blokovat vyjednávání",
    "Settings.ShowMarketFilter.Desc": "Zobrazí filtr obchodních nabídek pokud je okno Obchodu otevřeno.",
    "Settings.ShowMarketFilter.Title": "Zobrazit filtr obchodních nabídek",
    "Settings.ShowNotifications.Desc": "Asistent zobrazuje oznámení na různých místech. To můžete zapnout nebo vypnout zde.",
    "Settings.ShowNotifications.Title": "Upozornění",
    "Settings.ShowOwnPartOnAllGBs.Desc": "Zobrazí VB kalkulačku pro velkolepé budovy jiných hráčů",
    "Settings.ShowOwnPartOnAllGBs.Title": "Zobrazit VB kalkulačku pro všechny velkolepé budovy",
    "Settings.ShowPlayerLinks.Desc": "Nahradit všechna jména hráčů odkazy na profil hráče na ScoreDB",
    "Settings.ShowPlayerLinks.Title": "Zobrazit odkazy na hráče",
    "Settings.ShowPlayersMotivation.Desc": "Záznamy odesílat na foe-helper.com",
    "Settings.ShowPlayersMotivation.Title": "Záznamy motivací",
    "Settings.ShowRougeUnitWarning.Desc": "Zobrazte okno nad tlačítky „Útok“ nebo „Automatická bitva“, abyste zabránili náhodnému kliknutí, když po první vlně zůstanou v armádě pouze Tuláci. <br> Pokud byly zabity jednotky vyšší éry, toto okno vám dává šanci uzdravit je pomocí diamantů.",
    "Settings.ShowRougeUnitWarning.Title": "Pomocník pro bitvu/Varování na zloděje",
    "Settings.Tab.About": "O nás",
    "Settings.Tab.Boxes": "Nástroje",
    "Settings.Tab.Extension": "Obecné",
    "Settings.Tab.Sending": "Nahrát data",
    "Settings.Version.Desc": "Níže uvedená data mohou být označena pro kopírování.",
    "Settings.Version.GuildId": "Id cechu:",
    "Settings.Version.Link": "<a target='_blank' href='https://foe-helper.com/extension/update?v=__version__&lang=en'  class='game-cursor'>Poslední seznam změn</a>",
    "Settings.Version.PlayerId": "Id hráče:",
    "Settings.Version.Title": "Verze",
    "Settings.Version.World": "Svět:",
    "StrategyPoints.BuyableFP": "Počet výzkumných bodů (VB), které lze koupit za mince.",
    "_Language": "Čeština"
}
