{
    "Boxes.Alerts.Form.Antiques.Auction": "Auktion",
    "Boxes.Alerts.Form.Antiques.Cooldown": "Auktion beendet",
    "Boxes.Alerts.Form.Antiques.Dealer": "Antiquitätenhändler",
    "Boxes.Alerts.Form.Antiques.Exchange": "Neue Angebote",
    "Boxes.Alerts.Form.Battleground": "Gildengefechts-Provinzen",
    "Boxes.Alerts.Form.Body": "Inhalt",
    "Boxes.Alerts.Form.Create": "Erstellen",
    "Boxes.Alerts.Form.CreateAlert": "Alarm erstellen",
    "Boxes.Alerts.Form.CreateAllSectors": "Für alle Sektoren erstellen",
    "Boxes.Alerts.Form.CreateNewAlert": "Neuen Alarm erstellen",
    "Boxes.Alerts.Form.Datetime": "Datum &amp; Uhrzeit",
    "Boxes.Alerts.Form.Delete": "Löschen",
    "Boxes.Alerts.Form.Discard": "Verwerfen",
    "Boxes.Alerts.Form.Edit": "Bearbeiten",
    "Boxes.Alerts.Form.EditAlert": "Alarm bearbeiten",
    "Boxes.Alerts.Form.Expiration": "Ablaufzeit",
    "Boxes.Alerts.Form.Expired": "Abgelaufen",
    "Boxes.Alerts.Form.Expires": "Läuft ab",
    "Boxes.Alerts.Form.Neighborhood": "Nachbarschaft",
    "Boxes.Alerts.Form.Persistence": "Geöffnet bleiben",
    "Boxes.Alerts.Form.Persistence.Description": "Soll die Benachrichtigung geöffnet bleiben bis der Spieler sie schließt oder auf die Benachrichtigung klickt?",
    "Boxes.Alerts.Form.Persistence.Off": "Aus",
    "Boxes.Alerts.Form.Persistence.On": "Ein",
    "Boxes.Alerts.Form.Persistent": "Bleibt geöffnet",
    "Boxes.Alerts.Form.Preset.Now": "Jetzt",
    "Boxes.Alerts.Form.Presets": "Voreinstellungen",
    "Boxes.Alerts.Form.Preview": "Vorschau",
    "Boxes.Alerts.Form.Repeat": "Wiederholen",
    "Boxes.Alerts.Form.Repeat.Every": "oder alle",
    "Boxes.Alerts.Form.Repeat.Never": "nie",
    "Boxes.Alerts.Form.Save": "Speichern",
    "Boxes.Alerts.Form.Tag": "Tag",
    "Boxes.Alerts.Form.Tag.Description": "Tags können verwendet werden um Benachrichtigungen zu gruppieren (eine neue Benachrichtigung mit einem Tag ersetzt eine ältere Benachrichtigung mit demselben Tag).",
    "Boxes.Alerts.Form.Title": "Titel",
    "Boxes.Alerts.Preferences.Auction.Info": "Automatisch einen neuen Timer erstellen sobald ich ein Gebot im Antiquitätenhändler abgebe.",
    "Boxes.Alerts.Preferences.Auction.Title": "Antiquitätenhändler Auktion",
    "Boxes.Alerts.Preferences.Battlegrounds.Info": "Sendet sofort eine Benachrichtigung bei hoher Aktivität in den Gildengefechten (z.B. 10 Angriffe auf einen einzelnen Sektor innerhalb von 5 Sekunden). Dies funktioniert nur wenn die Gildengefechte im Spiel geöffnet bleiben!",
    "Boxes.Alerts.Preferences.Battlegrounds.Title": "Gildengefechte überwachen",
    "Boxes.Alerts.Preferences.ComingSoon": "Demnächst verfügbar...  ",
    "Boxes.Alerts.Preferences.Early.Info": "Automatisch generierte Benachrichtigungen (Antiquitätenhändler, Gildengefechte etc.) werden um diese Zeit vor dem Ereignis ausgelöst. Beispiel: 30 bedeutet die Benachrichtigung für ablaufende Auktionen. Erscheint 30 Sekunden bevor die Auktion abläuft!",
    "Boxes.Alerts.Preferences.Early.Title": "Benachr. um x früher",
    "Boxes.Alerts.Preferences.InGame.Info": "Benachrichtigungen im Spiel anzeigen anstatt der Desktop Benachrichtigung wenn das Spielfenster den Fokus hat.",
    "Boxes.Alerts.Preferences.InGame.Title": "Benachrichtigungen im Spiel",
    "Boxes.Alerts.Preferences.MenuIcon.Info": "Zeige den nächsten Countdown als Overlay des Hauptmenü icons",
    "Boxes.Alerts.Preferences.MenuIcon.Title": "Countdown im Hauptmenü",
    "Boxes.Alerts.Preferences.Start.Info": "Zeige eine Liste der Timer, die während du offline warst abgelaufen sind (seit das Fenster des Spiels geschlossen wurde)",
    "Boxes.Alerts.Preferences.Start.Title": "Übersicht der abgelaufenen Timer beim Start",
    "Boxes.Alerts.Preferences.Suggestions.Info": "Timer Vorschläge anzeigen (z.B. beim Klicken auf einen Gildengefechte Sektor oder Einsammel eine Gebäude Produktion)",
    "Boxes.Alerts.Preferences.Suggestions.Title": "Alarm Vorschläge",
    "Boxes.Alerts.Tabs.Alerts": "Alarme",
    "Boxes.Alerts.Tabs.Preferences": "Einstellungen",
    "Boxes.Alerts.Time.15m": "15m",
    "Boxes.Alerts.Time.1d": "1d",
    "Boxes.Alerts.Time.1h": "1h",
    "Boxes.Alerts.Time.1m": "1m",
    "Boxes.Alerts.Time.4h": "4h",
    "Boxes.Alerts.Time.5m": "5m",
    "Boxes.Alerts.Time.8h": "8h",
    "Boxes.Alerts.Title": "???",
    "Boxes.AztecMiniGame.Description": "je grüner desto wahrscheinlicher ein Treffer:",
    "Boxes.AztecMiniGame.Title": "Azteken Helfer",
    "Boxes.BattleAssist.Text.NextEra": "Sie haben eine Einheit eines zukünftigen Zeitalters verloren. Sie haben jedoch immer noch die Möglichkeit, sie mit Diamanten zu heilen!",
    "Boxes.BattleAssist.Text.Rogue": "Deine Armee besteht nur aus Agenten. Heile deine Einheiten mit Diamanten oder zieh dich zurück!",
    "Boxes.BattleAssist.Title": "Stopp!",
    "Boxes.BetterMusic.Auto": "Autoplay",
    "Boxes.BetterMusic.Battle": "Kampf",
    "Boxes.BetterMusic.Colony": "Kolonie",
    "Boxes.BetterMusic.CurrentEra": "nur aktuelles ZA spielen",
    "Boxes.BetterMusic.EventT": "Eventfenster beachten",
    "Boxes.BetterMusic.Finish": "Titel ausspielen lassen",
    "Boxes.BetterMusic.GBG": "Gilden-Gefechte",
    "Boxes.BetterMusic.GE": "Expedition",
    "Boxes.BetterMusic.GeneralSettings": "Allgemeines",
    "Boxes.BetterMusic.GvG": "Gilde gegen Gilde (GvG)",
    "Boxes.BetterMusic.IgnoreEra": "ZA ignorieren",
    "Boxes.BetterMusic.IgnoreSettlement": "Siedlungstyp ignorieren",
    "Boxes.BetterMusic.InCity": "In der Stadt",
    "Boxes.BetterMusic.InColony": "In der Kolonie",
    "Boxes.BetterMusic.Main": "Hauptstadt",
    "Boxes.BetterMusic.Map": "Karte",
    "Boxes.BetterMusic.PvPT": "PvP Fenster beachten",
    "Boxes.BetterMusic.SceneSettings": "Szeneneinstellungen",
    "Boxes.BetterMusic.Scenes": "Wähle, welche Titel in welcher Szene gespielt werden können",
    "Boxes.BetterMusic.Settlement": "Siedlung",
    "Boxes.BetterMusic.TavernT": "Tavernenfenster beachten",
    "Boxes.BetterMusic.Title": "Hintergrundmusik",
    "Boxes.BetterMusic.TitleName": "Titelname",
    "Boxes.BetterMusic.TitleSettings": "Titeleinstellungen",
    "Boxes.BetterMusic.ToEra": "bis aktuellem ZA spielen",
    "Boxes.BetterMusic.Transition": "Übergang zwischen Titeln",
    "Boxes.BetterMusic.Volume": "Lautstärke",
    "Boxes.BlueGalaxy.Building": "Gebäude",
    "Boxes.BlueGalaxy.Done": "Fertig",
    "Boxes.BlueGalaxy.DoneIn": "Fertig in",
    "Boxes.BlueGalaxy.DoneProductionsTitle": "Vorschlag: Sammle diese Produktionen ein",
    "Boxes.BlueGalaxy.EstimatedBonus": "Erwarteter Bonus __FP__ FP und __Goods__ Güter",
    "Boxes.BlueGalaxy.FP": "FP",
    "Boxes.BlueGalaxy.Goods": "Güter",
    "Boxes.BlueGalaxy.GoodsPerFP": "1 FP ist __goods__ Güter wert",
    "Boxes.BlueGalaxy.GoodsValue": "Bewertung Güter in FP",
    "Boxes.BlueGalaxy.NoChargesLeft": "Die blaue Galaxie hat keine Aufladungen mehr übrig!",
    "Boxes.BlueGalaxy.NoProductionsDone": "Es sind keine FP Produktionen fertig",
    "Boxes.BlueGalaxy.TTGoodsValue": "Dieser Wert dient zur Bewertung von Gebäuden, die Güter produzieren. Wieviele FP ist dir ein Gut wert?",
    "Boxes.BlueGalaxy.Title": "Blaue Galaxie Helfer",
    "Boxes.BonusService.aid_goods": "Friedensturm: übrige Hilfen mit Gütern",
    "Boxes.BonusService.diplomatic_gifts": "Weltraumfrachter: übrige Versuche für diplomatische Geschenke.",
    "Boxes.BonusService.donequests": "Zeigt erledigte Quests",
    "Boxes.BonusService.first_strike": "Der Kraken: übrige Versuche für Erstschlag.",
    "Boxes.BonusService.missile_launch": "Virgo Projekt: übrige Versuche für Raketenstart.",
    "Boxes.BonusService.spoils_of_war": "Burg Himeji: übrige Versuche für Kriegsbeute.",
    "Boxes.Calculator.ActiveRecurringQuest": "Aktiver Schleifenquest:",
    "Boxes.Calculator.ArkBonus": "Arche Bonus",
    "Boxes.Calculator.AvailableFP": "Verfügbare Forgepunkte",
    "Boxes.Calculator.BPs": "BPs",
    "Boxes.Calculator.Commitment": "Einsatz",
    "Boxes.Calculator.Done": "abgeschlossen",
    "Boxes.Calculator.FP": "FP",
    "Boxes.Calculator.FriendlyInvestment": "Fördern mit:",
    "Boxes.Calculator.HelpLink": "https://docs.foe-helper.com/deutsch/module/kostenrechner",
    "Boxes.Calculator.LGNotConnected": "Das Legendäre Bauwerk ist nicht mit einer Straße verbunden.",
    "Boxes.Calculator.LGNotOpen": "Die nächste Stufe des Legendären Bauwerks ist derzeit noch nicht freigeschaltet.",
    "Boxes.Calculator.LevelWarning": "ACHTUNG! Levelt das Bauwerk!",
    "Boxes.Calculator.MaxLevel": "Max. Level",
    "Boxes.Calculator.Meds": "Meds",
    "Boxes.Calculator.Profit": "Differenz",
    "Boxes.Calculator.Settings.Save": "Speichern",
    "Boxes.Calculator.Settings.newValue": "neuer Wert",
    "Boxes.Calculator.Step": "Stufe ",
    "Boxes.Calculator.TTForderCosts": "Einsatz = __nettoreward__<small>(Netto Mäzen)</small> * __forderfactor__%<small>(Fördern mit)</small> = __costs__",
    "Boxes.Calculator.TTForderFPStockLow": "ACHTUNG: FP Vorrat is zu niedrig<br>Du hast nur __fpstock__ von __costs__FP<br>Das sind __tooless__FP zu wenig",
    "Boxes.Calculator.TTForderNegativeProfit": "Platz ist nicht sicher. __fpcount__FP müssen zusätzlich zum Absichern gezahlt werden<br>Gesamt zum Absichern: __totalfp__FP",
    "Boxes.Calculator.TTLevelWarning": "__fpcount__FP passen nicht mehr hinein<br>Maximale Einzahlung: __totalfp__FP",
    "Boxes.Calculator.TTLoss": "Ertrag = __nettoreward__<small>(Netto Mäzen)</small> * __arcfactor__%<small>(Arche Bonus)</small> = __bruttoreward__<br>Einsatz: __costs__ - Platz sicher ab: __safe__<br>Verlust = __costs__<small>(Einsatz)</small> - __bruttoreward__<small>(Ertrag)</small> = __loss__",
    "Boxes.Calculator.TTLossSelf": "Ertrag = __nettoreward__<small>(Netto Mäzen)</small> * __arcfactor__%<small>(Arche Bonus)</small> = __bruttoreward__<br>Bezahlt: __paid__<br>Verlust = __paid__<small>(Bezahlt)</small> - __bruttoreward__<small>(Ertrag)</small> = __loss__",
    "Boxes.Calculator.TTPaidTooLess": "Du hast __paid__FP statt __topay__FP bezahlt. Das sind __tooless__FP zu wenig.",
    "Boxes.Calculator.TTPaidTooMuch": "Du hast __paid__FP statt __topay__FP bezahlt. Das sind __toomuch__FP zu viel.",
    "Boxes.Calculator.TTProfit": "Ertrag = __nettoreward__<small>(Netto Mäzen)</small> * __arcfactor__%<small>(Arche Bonus)</small> = __bruttoreward__<br>Einsatz: __costs__ - Platz sicher ab: __safe__<br>Differenz = __bruttoreward__<small>(Ertrag)</small> - __costs__<small>(Einsatz)</small> = __profit__",
    "Boxes.Calculator.TTProfitSelf": "Ertrag = __nettoreward__<small>(Netto Mäzen)</small> * __arcfactor__%<small>(Arche Bonus)</small> = __bruttoreward__<br>Bezahlt: __paid__<br>Differenz = __bruttoreward__<small>(Ertrag)</small> - __paid__<small>(Bezahlt)</small> = __profit__",
    "Boxes.Calculator.Title": "Kostenrechner",
    "Boxes.Calculator.Up2LevelUp": "Bis zum leveln",
    "Boxes.Campagne.AlreadyDone": " Bereits erobert! Gut gemacht :)",
    "Boxes.Campagne.DescInStock": "Vorhanden",
    "Boxes.Campagne.DescRequired": "Benötigt",
    "Boxes.Campagne.DescStillMissing": "<span style='color:#29b206'>Überschuss</span> / <span style='color:#ff4040'>Fehlt</span>",
    "Boxes.Campagne.Resource": "Ressource",
    "Boxes.Campagne.Reward": "Gesamtbelohnung ",
    "Boxes.Campagne.Title": "Eroberungskosten für ",
    "Boxes.Castle.AntiqueDealer": "Antiquitätenhändler",
    "Boxes.Castle.AuctionsWon": "Gewonnene Auktionen",
    "Boxes.Castle.Battle": "Kampf",
    "Boxes.Castle.Battles": "Kämpfe",
    "Boxes.Castle.CastlePoints": "Burgpunkte",
    "Boxes.Castle.Challenge": "Herausforderung",
    "Boxes.Castle.Daily": "Täglich",
    "Boxes.Castle.DailyCastlePoints": "Tägliche Burgpunkte",
    "Boxes.Castle.DailyChallenge": "Tägliche Herausforderung",
    "Boxes.Castle.Days": "Tage",
    "Boxes.Castle.Gex": "GEX",
    "Boxes.Castle.GexLastOfSections": "GEX Hauptbegegnungen",
    "Boxes.Castle.Level": "Stufe",
    "Boxes.Castle.Log": "Log",
    "Boxes.Castle.LogDuration": "Logdauer",
    "Boxes.Castle.Negotiation": "Verhandlung",
    "Boxes.Castle.Negotiations": "Verhandlungen",
    "Boxes.Castle.Overview": "Übersicht",
    "Boxes.Castle.Progress": "Fortschritt",
    "Boxes.Castle.SevenDayChallenge": "7-Tage Herausforderung",
    "Boxes.Castle.ShopAntiqueDealer": "Shop Antiquitätenhändler",
    "Boxes.Castle.ShowGroupNames": "zeige Gruppennamen",
    "Boxes.Castle.Time": "Zeit",
    "Boxes.Castle.Title": "Burgsystem",
    "Boxes.Castle.Type": "Typ",
    "Boxes.Castle.Unknown": "Unbekannt",
    "Boxes.Castle.VisitAntiqueDealerWarning": "Öffne den Antiquitätenhändler um die Daten zu aktualisieren.",
    "Boxes.Castle.VisitCastleWarning": "Öffne die Burg Übersicht um die Daten zu aktualisieren.",
    "Boxes.Castle.VisitGexWarning": "Öffne die GEX Übersicht um die Daten zu aktualisieren.",
    "Boxes.CityMap.CavalierPerspecitve": "Kavalier Perspektive",
    "Boxes.CityMap.CopyMetaInfos": "CityMap Daten kopieren",
    "Boxes.CityMap.Desc1": "Um deine Stadt planen zu können, müssen wir deine Daten zu foe-helper.com schicken. Dort kannst du dich dann austoben. <br>Solltest Du dort noch keinen Account haben werden mit dieser Übermittlung Deine Grunddaten mitgesendet. Auf der Webseite kannst Du dann deinen Account registrieren.",
    "Boxes.CityMap.FilterBuildings": "Gebäude Suchen",
    "Boxes.CityMap.FreeArea": "Freie Fläche: ",
    "Boxes.CityMap.HighlightOldBuildings": "Alte Gebäude hervorheben",
    "Boxes.CityMap.NormalPerspecitve": "Normal",
    "Boxes.CityMap.OlderThan1Era": " liegen 1 ZA zurück",
    "Boxes.CityMap.OlderThan2Era": " liegen 2 ZA zurück",
    "Boxes.CityMap.OlderThan3Era": " liegen 3 ZA zurück",
    "Boxes.CityMap.OlderThan4Era": " liegen 4+ ZA zurück",
    "Boxes.CityMap.ShowSubmitBox": "zeige Übermittlungs Box",
	"Boxes.CityMap.OutpostSubmit": "Zum Stadtplaner schicken",
    "Boxes.CityMap.Submit": "Abschicken",
    "Boxes.CityMap.SubmitError": "Deine Stadtdaten konnten nicht an den Server gesendet werden. Bitte melden Sie diesen Fehler direkt an ",
    "Boxes.CityMap.SubmitErrorHeader": "Ein Fehler ist aufgetreten",
    "Boxes.CityMap.SubmitSuccess": "Die Daten wurden übermittelt... Geh nun zu ",
    "Boxes.CityMap.SubmitSuccessHeader": "Übermittelt",
    "Boxes.CityMap.TitleSend": "Daten übermitteln",
    "Boxes.CityMap.ToastBodyCopyData": "CityMap Daten wurden in die Zwischenablage kopiert",
    "Boxes.CityMap.ToastHeadCopyData": "Kopiert!",
    "Boxes.CityMap.WholeArea": "Gesamte Fläche: ",
    "Boxes.CityMap.YourCity": "Deine Stadt",
    "Boxes.CityMap.clan_power_production": "Gildenmacht Produktion",
    "Boxes.CityMap.culture": "Kulturelle Gebäude",
    "Boxes.CityMap.decoration": "Dekorationen",
    "Boxes.CityMap.generic_building": "Andere Gebäude",
    "Boxes.CityMap.goods": "Gütergebäude",
    "Boxes.CityMap.greatbuilding": "Legendäre Bauwerke",
    "Boxes.CityMap.main_building": "Rathaus",
    "Boxes.CityMap.military": "Militärgebäude",
    "Boxes.CityMap.production": "Produktionsgebäude",
    "Boxes.CityMap.random_production": "Zufallsproduktionen",
    "Boxes.CityMap.residential": "Wohngebäude",
    "Boxes.CityMap.street": "Straßen",
    "Boxes.CityMap.tower": "Türme",
    "Boxes.Citymap.Efficiency": "Effizienz",
    "Boxes.CloseBox.AutoHideOnBattle": "Alles Ausblenden beim Kampf",
    "Boxes.CloseBox.Automation": "Automatisierung",
    "Boxes.CloseBox.BoxAlignment": "Box Ausrichtung",
    "Boxes.CloseBox.ButtonSize": "Button Größe",
    "Boxes.CloseBox.CloseAllButton": "Alles Schließen Button",
    "Boxes.CloseBox.ExcludeFromClosing": "vom Schließen ausgeschlossen",
    "Boxes.CloseBox.HideAllButton": "Alles Ausblenden Button",
    "Boxes.CloseBox.Horizontal": "horizontal",
    "Boxes.CloseBox.Title": "Titel",
    "Boxes.CloseBox.Vertical": "vertikal",
    "Boxes.CloseBox.View": "Anzeige",
    "Boxes.DBExport.Compression": "Komprimierung",
    "Boxes.DBExport.Description": "Bezeichnung",
    "Boxes.DBExport.Export": "Export",
    "Boxes.DBExport.ExportData": "Daten exportieren",
    "Boxes.DBExport.Import": "Import",
    "Boxes.DBExport.ImportDescription": "Klicke hier oder ziehe eine exportierte JSON Datei/ Zip Archiv in dieses Feld um die Daten zu importieren.",
    "Boxes.DBExport.ImportFileError": "Diese Datei kann nicht verarbeitet werden oder besitzt nicht das richtige Format.",
    "Boxes.DBExport.ImportPartlySuccessful": "Der Import wurde erfolgreich aber mit Fehlern abgschlossen.",
    "Boxes.DBExport.ImportSuccessful": "Der Import wurde erfolgreich abgschlossen. Bitte lade das Spiel neu.",
    "Boxes.DBExport.LocalSettings": "lokale Einstellungen",
    "Boxes.DBExport.Records": "Datensätze",
    "Boxes.DBExport.ReloadPage": "Seite neu laden",
    "Boxes.DBExport.Tables": "Tabellen",
    "Boxes.DBExport.Title": "Daten Export/Import Tool",
    "Boxes.DBExport.Type": "Typ",
    "Boxes.DBExport.WrongDBPlayerID": "Die Spieler ID der zu importierenden DB passt nicht zum aktuellen Account.",
    "Boxes.DBExport.WrongDBWorld": "Die Welt der zu importierenden DB passt nicht zum aktuellen Account.",
    "Boxes.Discord.Title": "???",
    "Boxes.EventChests.Chance": "Chance",
    "Boxes.EventChests.Cost": "Kosten",
    "Boxes.EventChests.CostPerPrize": "Kosten/Preis",
    "Boxes.EventChests.CostPerStep": "Kosten/Schritt",
    "Boxes.EventChests.MainPrize": "Großer Preis",
    "Boxes.EventChests.MainPrizeTitle": "Preis des Tages: ",
    "Boxes.EventChests.Steps": "Schritte",
    "Boxes.EventChests.Title": "Event Auswahlassistent",
    "Boxes.FPCollector.antiquesDealer": "Antiquitätenhändler",
    "Boxes.FPCollector.archeology_event": "Archeology-Event",
    "Boxes.FPCollector.auto_collect": "Automatische-Einsammlung",
    "Boxes.FPCollector.battlegrounds_conquest": "GG-Belohnung",
    "Boxes.FPCollector.card_duel": "Kartenduell-Belohnung",
    "Boxes.FPCollector.carnival_event": "Karneval-Event",
    "Boxes.FPCollector.castle_system_daily_reward_chest": "Burgsystem",
    "Boxes.FPCollector.chest": "GEX-Belohnung",
    "Boxes.FPCollector.collectReward": "Quests-Belohnung",
    "Boxes.FPCollector.dailyChallenges": "Tägliche-Herausforderung",
    "Boxes.FPCollector.diplomaticGifts": "Weltraumfrachter",
    "Boxes.FPCollector.double_collection": "Blaue Galaxie",
    "Boxes.FPCollector.event": "Event",
    "Boxes.FPCollector.fall_event": "Herbst-Event",
    "Boxes.FPCollector.forge_ages_event": "Jubiläums-Event",
    "Boxes.FPCollector.forge_bowl_event": "Forge-Bowl-Event",
    "Boxes.FPCollector.FP": " FP",
    "Boxes.FPCollector.grand_prize": "Hauptpreis",
    "Boxes.FPCollector.Guildexpedition": "Gilden-Expedition",
    "Boxes.FPCollector.guildExpedition": "Relikte",
    "Boxes.FPCollector.Guildfights": "Gildengefechte",
    "Boxes.FPCollector.halloween_event": "Halloween-Event",
    "Boxes.FPCollector.hiddenReward": "Ereignise",
    "Boxes.FPCollector.league_reward": "Liga-Belohnung",
    "Boxes.FPCollector.may_day_event": "Mai-Feiertags-Event",
    "Boxes.FPCollector.NoEntriesFound": "Noch keine Einträge gefunden…",
    "Boxes.FPCollector.pickupProduction": "Gebäude Ernte",
    "Boxes.FPCollector.plunderReward": "Plündern",
    "Boxes.FPCollector.pvp_arena": "PvP-Belohnung",
    "Boxes.FPCollector.reward_calendar": "Kalender-Belohnung",
    "Boxes.FPCollector.reward_calendar_completion": "Kalender-Abschluss-Belohnung",    
    "Boxes.FPCollector.satDown": "Tavernenbesuche",
    "Boxes.FPCollector.shards": "Fliegende Insel",
    "Boxes.FPCollector.soccer_cup_event": "Fußball-Event",
    "Boxes.FPCollector.spoilsOfWar": "Burg Himeji",
    "Boxes.FPCollector.spring_event": "Frühlings-Event",
    "Boxes.FPCollector.st_patricks_event": "St. Patrick's Day-Event",
    "Boxes.FPCollector.summer_event": "Sommer-Event",
    "Boxes.FPCollector.task_reward": "Aufgaben-Belohnung",
    "Boxes.FPCollector.Total": "Gesamt:",
    "Boxes.FPCollector.wildlife_event": "Wildpark-Event",
    "Boxes.FPCollector.winter_event": "Winter-Event",
    "Boxes.General.Export": "Export",
    "Boxes.General.ExportCSV": "Exportieren als CSV",
    "Boxes.General.ExportJSON": "Exportieren als jSON",
    "Boxes.General.Save": "Speichern",
    "Boxes.GexStat.CompareLast": "Vergleiche letze",
    "Boxes.GexStat.Course": "Verlauf",
    "Boxes.GexStat.DeleteDataOlderThan": "Lösche Daten älter als",
    "Boxes.GexStat.Encounters": "Begegnungen",
    "Boxes.GexStat.ExportLast": "exportiere letzte",
    "Boxes.GexStat.General": "Allgemein",
    "Boxes.GexStat.Gex": "GEX",
    "Boxes.GexStat.Level": "Stufe",
    "Boxes.GexStat.Member": "Mitglieder",
    "Boxes.GexStat.MemberParticipation": "Mitgliederbeteiligung",
    "Boxes.GexStat.Never": "niemals",
    "Boxes.GexStat.Participant": "Teilnehmer",
    "Boxes.GexStat.ParticipationNoData": "Keine Daten vorhanden!<br />Bitte besuche die Gilden-Expedition Beitrag Seite in der GEX-Übersicht um die Daten zu aktualisieren.",
    "Boxes.GexStat.Player": "Spieler",
    "Boxes.GexStat.Points": "Punkte",
    "Boxes.GexStat.Rank": "Rang",
    "Boxes.GexStat.Ranking": "Rangliste",
    "Boxes.GexStat.ResultsNoData": "Keine Daten vorhanden!<br />Bitte besuche die Ergebnisseite der GEX-Übersicht um die Daten zu aktualisieren.",
    "Boxes.GexStat.Rounds": "Runden",
    "Boxes.GexStat.Save": "Speichern",
    "Boxes.GexStat.ShowAxisLabel": "Achsenbeschriftungen",
    "Boxes.GexStat.Title": "GEX Ergebnisse",
    "Boxes.GexStat.Week": "Woche",
    "Boxes.GexStat.Weeks": "Wochen",
    "Boxes.GreatBuildings.ArcBonus": "Fördern mit",
    "Boxes.GreatBuildings.Attack": "% Angriff",
    "Boxes.GreatBuildings.AttackPerFP": "1 FP ist __percent__% Bonus für die angreifende Armee wert",
    "Boxes.GreatBuildings.AttackValue": "Bewertung Bonus angr. Armee in FP",
    "Boxes.GreatBuildings.BreakEven": "Break even in",
    "Boxes.GreatBuildings.BreakEvenTT": "Es dauert __days__ Tage, bis die Kosten von __costs__ FP mit einer Tagesproduktion von __fpproduction__ FP/Tag eingespielt wurden.",
    "Boxes.GreatBuildings.BreakEvenTTAttack": "Es dauert __days__ Tage, bis die Kosten von __costs__ FP mit einer Tagesproduktion von __fpproduction__ FP/Tag und __attackproduction__ % Angriffsbonus (entspricht __attackproduction__ * __attackvalue__ = __attackproductionvalue__ FP/Tag) eingespielt wurden",
    "Boxes.GreatBuildings.BreakEvenTTGoods": "Es dauert __days__ Tage, bis die Kosten von __costs__ FP mit einer Tagesproduktion von __fpproduction__ FP/Tag und __goodsproduction__ Gütern/Tag (entspricht __goodsproduction__ * __goodsvalue__ = __goodsproductionvalue__ FP/Tag) eingespielt wurden.",
    "Boxes.GreatBuildings.BreakEvenTTGoodsAttack": "Es dauert __days__ Tage, bis die Kosten von __costs__ FP mit einer Tagesproduktion von __fpproduction__ FP/Tag, __goodsproduction__ Gütern/Tag (entspricht __goodsproduction__ * __goodsvalue__ = __goodsproductionvalue__ FP/Tag) und __attackproduction__ % Angriffsbonus (entspricht __attackproduction__ * __attackvalue__ = __attackproductionvalue__ FP/Tag) eingespielt wurden",
    "Boxes.GreatBuildings.BreakEvenUnit": "__days__ Tagen",
    "Boxes.GreatBuildings.Costs": "Kosten",
    "Boxes.GreatBuildings.DailyFP": "FP / Tag",
    "Boxes.GreatBuildings.DailyGoods": "Güter / Tag",
    "Boxes.GreatBuildings.FPCostGoods": "FP Kosten für Güter",
    "Boxes.GreatBuildings.FPPerTile": "Neue Gebäude: Tägliche FP/Feld von ersetzten Gebäuden",
    "Boxes.GreatBuildings.GoodsPerFP": "1 FP ist __goods__ Güter wert",
    "Boxes.GreatBuildings.GoodsValue": "Bewertung \"__eraname__\" Güter in FP",
    "Boxes.GreatBuildings.GreatBulding": "Legendäres Bauwerk",
    "Boxes.GreatBuildings.HelpLink": "https://foe-helper.com/docs/de/lg-investitionen/?lang=de",
    "Boxes.GreatBuildings.HideNewGBs": "Nicht gebaute LG ausblenden",
    "Boxes.GreatBuildings.Level": "Stufe",
    "Boxes.GreatBuildings.NewGBCostsTT": "Enthält Güterkosten zum Bau im Wert von __goodcosts__ FP",
    "Boxes.GreatBuildings.NewGBFPProductionTT": "__tiles__ * __fppertile__ = __opcost__ FP/Tag wurden abgezogen. Diese gehen verloren, um die __tiles__ Felder Platz für das legendäre Bauwerk zu schaffen.",
    "Boxes.GreatBuildings.RewardPerDay": "Arche: Mäzen FP von fremden LG/Tag",
    "Boxes.GreatBuildings.ShowAttack": "Angriffsbonus berücksichtigen",
    "Boxes.GreatBuildings.ShowGoods": "Güterproduktion berücksichtigen",
    "Boxes.GreatBuildings.SuggestionDescription": "Bauwerke oben in der Liste sind besser",
    "Boxes.GreatBuildings.SuggestionTitle": "FP produzierende legendäre Bauwerke im Vergleich",
    "Boxes.GreatBuildings.TTAttackValue": "Dieser Wert dient zur Bewertung von Gebäuden, die Angriffs- und/oder Verteidigungsboni für die angreifende Armee bieten. Wieviele FP ist dir 1% Angriffs+Verteidigungsbonus für die angreifende Armee wert?",
    "Boxes.GreatBuildings.TTFPPerTile": "Wie viele tägliche FP pro Feld verlierst du um für ein legendäres Bauwerk Platz zu schaffen? Beispiel: Du entfernst Schreine des Wissens um ein LG zu bauen => 1FP/5 Felder = 0.2FP/Feld",
    "Boxes.GreatBuildings.TTGoodCosts": "Du hast dieses legendäre Bauwerk noch nicht gebaut. Dies sind die FP Kosten für den Kauf der benötigten Güter",
    "Boxes.GreatBuildings.TTGoodCostsColumn": "Diese Spalte enthält die FP Kosten zum Kaufen der jeweiligen Gütersets (betrifft nur legendäre Bauwerk, die du noch nicht errichtet hast)",
    "Boxes.GreatBuildings.TTGoodsValue": "Dieser Wert dient zur Bewertung von Gebäuden, die Güter produzieren. Wieviele FP ist dir ein Gut wert?",
    "Boxes.GreatBuildings.TTRewardPerDay": "Optional: Wie viele FP bekommst du per Tag als Mäzenbelohnungen? Diese Information wird benutzt um die Rentabilität von weiteren Archelveln zu berechnen. Um diesen Wert automatisch zu berechnen gehe zu 'Rathaus'> 'Neuigkeiten'> 'Ereignisübersicht' und scrolle alle Seiten durch",
    "Boxes.GreatBuildings.Title": "LG Investitionen",
    "Boxes.GuildFights.Copy": "Kopieren",
    "Boxes.GuildFights.CopyToClipBoard.Desc": "Die Angriffszeiten für die ausgewählten Provinzen wurde kopiert.",
    "Boxes.GuildFights.CopyToClipBoard.Title": "Kopiert!",
    "Boxes.GuildFights.Count": "in",
    "Boxes.GuildFights.Date": "Datum",
    "Boxes.GuildFights.DeleteAlert": "Alarm löschen",
    "Boxes.GuildFights.DeleteMessage.Desc": "Der Alarm für die Provinz __provinceName__ wurde gelöscht!",
    "Boxes.GuildFights.DeleteMessage.Title": "Gelöscht!",
    "Boxes.GuildFights.Fights": "Kämpfe",
    "Boxes.GuildFights.LastSnapshot": " - letzter Snapshot vor __time__",
    "Boxes.GuildFights.Negotiations": "Verhandlungen",
    "Boxes.GuildFights.NoOwner": "Kein Besitzer",
    "Boxes.GuildFights.OpenMap": "Karte",
    "Boxes.GuildFights.Owner": "Besitzer",
    "Boxes.GuildFights.Player": "Spieler",
    "Boxes.GuildFights.Progress": "Fortschritt",
    "Boxes.GuildFights.ProgressFilterDesc": "Filtert alle Mitglieder mit vorhandenem neuen Fortschritt.",
    "Boxes.GuildFights.Province": "Provinz",
    "Boxes.GuildFights.SaveAlert": "Provinz __provinceName__ wird entsperrt",
    "Boxes.GuildFights.SaveMessage.Desc": "Der Alarm für die Provinz __provinceName__ wurde gespeichert!",
    "Boxes.GuildFights.SaveMessage.Title": "Gespeichert!",
    "Boxes.GuildFights.SaveSettings": "Speichern",
    "Boxes.GuildFights.SetAlert": "Alarm setzen",
    "Boxes.GuildFights.ShowLogButton": "zeige Snapshot Log Button",
    "Boxes.GuildFights.ShowOwner": "Besitzer anzeigen",
    "Boxes.GuildFights.ShowProgressFilter": "zeige Fortschrittsfilter",
    "Boxes.GuildFights.ShowRoundSelector": "zeige GG Rundenauswahl",
    "Boxes.GuildFights.SnapshotLog": "Snapshot Log",
    "Boxes.GuildFights.Time": "um",
    "Boxes.GuildFights.Title": "Spieler Übersicht",
    "Boxes.GuildFights.Total": "Gesamt",
    "Boxes.GuildMemberStat.AutoStartOnUpdate": "öffne Übersicht nach Aktualisierung",
    "Boxes.GuildMemberStat.Available": "vorhanden",
    "Boxes.GuildMemberStat.Battles": "Kämpfe",
    "Boxes.GuildMemberStat.CalendarWeek": "Kalenderwoche",
    "Boxes.GuildMemberStat.ChangeView": "Ansicht wechseln",
    "Boxes.GuildMemberStat.ConfirmNo": "Nein",
    "Boxes.GuildMemberStat.ConfirmYes": "Ja",
    "Boxes.GuildMemberStat.Date": "Datum",
    "Boxes.GuildMemberStat.Days": "Tagen",
    "Boxes.GuildMemberStat.DeleteDataWarning": "Wenn Du früher erfasste Daten löscht, sind sie für immer weg.",
    "Boxes.GuildMemberStat.DeleteExMembersAfter": "lösche Ex-Mitglieder nach",
    "Boxes.GuildMemberStat.DeleteGBGRound": "lösche GG Runde",
    "Boxes.GuildMemberStat.DeleteInactivityWarning": "Inaktivitätswarnung löschen",
    "Boxes.GuildMemberStat.EndDate": "Enddatum",
    "Boxes.GuildMemberStat.EraTreasuryGoods": "vorhandene Gildengüter des Zeitalters",
    "Boxes.GuildMemberStat.Eras": "Zeitalter",
    "Boxes.GuildMemberStat.FpForLevelUp": "FP bis zum leveln",
    "Boxes.GuildMemberStat.FpInvested": "investierte FP",
    "Boxes.GuildMemberStat.GBFRound": "GG Runde",
    "Boxes.GuildMemberStat.GEXWeek": "GEX Woche",
    "Boxes.GuildMemberStat.GbgParticipation": "Gildengefechts Teilnahmen",
    "Boxes.GuildMemberStat.GexGbgDateFormat": "Gex/GG Datumsformat",
    "Boxes.GuildMemberStat.GexParticipation": "Gildenexpeditions Teilnahmen",
    "Boxes.GuildMemberStat.GotIt": "Hab es verstanden!",
    "Boxes.GuildMemberStat.GreatBuildings": "Legendäre Gebäude",
    "Boxes.GuildMemberStat.GuildBuildingNotification": "Besuche die Städte deiner Mitglieder, um die Gebäudestatistik zu aktualisieren.",
    "Boxes.GuildMemberStat.GuildBuildings": "Gildengebäude",
    "Boxes.GuildMemberStat.GuildGoods": "Gildengüter",
    "Boxes.GuildMemberStat.GuildMembers": "Gildenmitglieder",
    "Boxes.GuildMemberStat.GuildMessages": "Anzahl der Beiträge im Gilden Nachrichtenzentrum",
    "Boxes.GuildMemberStat.GuildPower": "Gildenmacht",
    "Boxes.GuildMemberStat.GuildSupportBuildings": "Gilden unterstützende Gebäude",
    "Boxes.GuildMemberStat.GuildTreasuryNotification": "Rufe in der Gildenübersicht den Tab Kasse auf, um die Gildengüter zu aktualisieren.",
    "Boxes.GuildMemberStat.Inactivity": "Inaktivität",
    "Boxes.GuildMemberStat.Instantly": "sofort",
    "Boxes.GuildMemberStat.LastUpdate": "letzte Aktualisierung",
    "Boxes.GuildMemberStat.Level": "Stufe",
    "Boxes.GuildMemberStat.MaxLevel": "max. Stufe",
    "Boxes.GuildMemberStat.Member": "Mitglied",
    "Boxes.GuildMemberStat.MemberActiviy": "Aktivität des Gildenmitglieds",
    "Boxes.GuildMemberStat.MemberLeavedGuild": "Der Spieler ist nicht mehr in der Gilde.",
    "Boxes.GuildMemberStat.MemberWithoutGB": "Mitglieder ohne __greatbuilding__",
    "Boxes.GuildMemberStat.MinLevel": "min. Stufe",
    "Boxes.GuildMemberStat.Negotiations": "Verhandlungen",
    "Boxes.GuildMemberStat.Never": "nielmals",
    "Boxes.GuildMemberStat.Points": "Punkte",
    "Boxes.GuildMemberStat.ProducedTreasuryGoods": "produziert durch Gildengebäude",
    "Boxes.GuildMemberStat.Rank": "Rang",
    "Boxes.GuildMemberStat.ResetMessageCounter": "Nachrichtenzähler zurücksetzen",
    "Boxes.GuildMemberStat.Search": "Suche",
    "Boxes.GuildMemberStat.ShowBattlesWon": "Kampfpunkte anzeigen",
    "Boxes.GuildMemberStat.ShowDeletedMembers": "Ex-Mitglieder anzeigen",
    "Boxes.GuildMemberStat.ShowSearchbar": "Suchleiste anzeigen",
    "Boxes.GuildMemberStat.ShowZeroValues": "Zeige 0-Werte an (Gex/GG)",
    "Boxes.GuildMemberStat.StartDate": "Startdatum",
    "Boxes.GuildMemberStat.Title": "Gilden Mitglieder Übersicht",
    "Boxes.GuildMemberStat.TotalGuildGoods": "Summe aller Güter",
    "Boxes.GuildMemberStat.TotalGuildPower": "Summe Gildenmacht",
    "Boxes.GuildMemberStat.TreasuryGoods": "Güter der Gildenkasse",
    "Boxes.GuildMemberStat.UnlockedLevel": "freigeschaltete Stufen",
    "Boxes.GvGMap.Action.Drag": "Ziehen",
    "Boxes.GvGMap.Action.Edit": "Bearbeiten",
    "Boxes.GvGMap.Action.Zoom": "Zoom",
    "Boxes.GvGMap.Guild.Name": "Gilde",
    "Boxes.GvGMap.Guild.Power": "Macht",
    "Boxes.GvGMap.Guild.Sectors": "Sektoren",
    "Boxes.GvGMap.Guilds": "Gilden",
    "Boxes.GvGMap.Log": "Protokoll",
    "Boxes.GvGMap.Log.Explanation": "Dieses Protokoll befüllt sich während du auf einer GvG Karte bist mit Aktionen von allen Gilden. Die Einträge werden (aktuell) nicht gespeichert, sind also nach Neuladen des Spiels verloren.<br> Du kannst nach vielem filtern, z.B.: der Sektornummer, einem Gildennamen, einer bestimmten Aktion, deinem Nicknamen.",
    "Boxes.GvGMap.Log.Info": "Info",
    "Boxes.GvGMap.Log.NPC": "NPC",
    "Boxes.GvGMap.Log.Sector": "Sektor",
    "Boxes.GvGMap.Log.UnknownGuild": "Unbekannte Gilde",
    "Boxes.GvGMap.Log.clan_defeated": "Gilde besiegt",
    "Boxes.GvGMap.Log.defender_damaged": "VA angeschlagen",
    "Boxes.GvGMap.Log.defender_defeated": "VA vernichtet",
    "Boxes.GvGMap.Log.defender_deployed": "VA gestellt",
    "Boxes.GvGMap.Log.defender_replaced": "VA ersetzt",
    "Boxes.GvGMap.Log.headquarter_placed": "HQ platziert",
    "Boxes.GvGMap.Log.sector_conquered": "Sektor erobert",
    "Boxes.GvGMap.Log.sector_independence_granted": "Freiheit gewährt",
    "Boxes.GvGMap.Log.sector_slot_unlocked": "Slot freigeschaltet",
    "Boxes.GvGMap.Log.siege_damaged": "BA angeschlagen",
    "Boxes.GvGMap.Log.siege_defeated": "BA vernichtet",
    "Boxes.GvGMap.Log.siege_deleted": "BA gelöscht",
    "Boxes.GvGMap.Log.siege_deployed": "BA gestellt",
    "Boxes.GvGMap.Sector.Coords": "Koordinaten",
    "Boxes.GvGMap.Sector.Hitpoints": "Lebenspunkte",
    "Boxes.GvGMap.Sector.Power": "Macht",
    "Boxes.GvGMap.Sector.Protected": "Sektor ist geschützt",
    "Boxes.GvGMap.Sector.Terrain": "Gelände",
    "Boxes.GvGMap.Sector.Terrain_beach": "Strand",
    "Boxes.GvGMap.Sector.Terrain_plain": "Ebene",
    "Boxes.GvGMap.Title": "GvG Karte",
    "Boxes.HiddenRewards.Disappears": "Verschwindet",
    "Boxes.HiddenRewards.HelpLink": "https://foe-helper.com/docs/2/incidents",
    "Boxes.HiddenRewards.NoEvents": "Keine Ereignisse vorhanden.",
    "Boxes.HiddenRewards.Title": "Ereignisse",
    "Boxes.HiddenRewards.CountAll": "alle ",
    "Boxes.HiddenRewards.onlyVis": "nur aufgedeckte",
    "Boxes.HiddenRewards.none": "keine",
    "Boxes.Infobox.Filter": "Filter",
    "Boxes.Infobox.FilterAuction": "Auktion",
    "Boxes.Infobox.FilterGex": "GEX",
    "Boxes.Infobox.FilterGuildFights": "Gildengefechte",
    "Boxes.Infobox.FilterLevel": "LB",
    "Boxes.Infobox.FilterMessage": "Nachricht",
    "Boxes.Infobox.FilterTrade": "Handel",
    "Boxes.Infobox.Messages.Auction": "<strong>__player__</strong> hat gerade __amount__ Münzen geboten.",
    "Boxes.Infobox.Messages.GEX": "<strong>__player__</strong> hat gerade __points__ Punkte in der GEX bekommen.",
    "Boxes.Infobox.Messages.GildFightOccupied": "Provinz <span style=\"color:#ffb539\">__provinceName__</span> wurde von <span style=\"color:__attackerColor__;text-shadow: 0 1px 1px __attackerShadow__\">__attackerName__</span> übernommen und ist bis __untilOccupied__ Uhr gesperrt.",
    "Boxes.Infobox.Messages.LevelUp": "__player__'s __building__ hat gerade Stufe __level__ erreicht.<br>Du hast Platz <strong>__rank__</strong> belegt und erhältst <strong>__fps__ FP</strong>.",
    "Boxes.Infobox.Messages.MsgBuilding": "__building__ - Stufe __level__",
    "Boxes.Infobox.Messages.Trade": "<strong>__player__</strong> hat dein Angebot angenommen.<br>Du hast __needValue__ __need__ für __offerValue__ __offer__ bekommen.",
    "Boxes.Infobox.Messages.Welcome": "Herzlich willkommen in der <strong>Infobox</strong>! Solange du dieses Fenster geöffnet hast, wird es nach und nach mit Ereignissen gefüllt, die im Hintergrund ablaufen (unter anderem Chatnachrichten, GG-Angriffe und Auktionsgebote beim Antiquitätenhändler)",
    "Boxes.Infobox.NewMessageArrived": "Neue Nachricht!",
    "Boxes.Infobox.ResetBox": "Box leeren",
    "Boxes.Infobox.Title": "Infobox",
    "Boxes.Infobox.UnknownConversation": "Unbekannte Unterhaltung",
    "Boxes.Investment.AllUpToDate": "Alles aktuell",
    "Boxes.Investment.AllUpToDateDesc": "Alle Spieler dieser Seite wurden bereits erfasst",
    "Boxes.Investment.CurrReward": "Aktueller Gewinn: ",
    "Boxes.Investment.DateParseError": "Fehler beim Parsen eines Datums",
    "Boxes.Investment.DateParseErrorDesc": "Das Datum \"__InvalidDate__\" konnte nicht geparsed werden",
    "Boxes.Investment.HiddenGB": "versteckte LG",
    "Boxes.Investment.InvestBar": "Investierte FP: ",
    "Boxes.Investment.Overview.AdditionalColumns": "zusätzliche Spalten",
    "Boxes.Investment.Overview.Blueprints": "Blaupausen",
    "Boxes.Investment.Overview.Building": "Gebäude",
    "Boxes.Investment.Overview.DateOfIncrease": "Zuwachsdatum",
    "Boxes.Investment.Overview.DateOfIncreaseDesc": "Datum und Zeit der letzten Einzahlung in das LG",
    "Boxes.Investment.Overview.EntryTime": "Eintragszeit",
    "Boxes.Investment.Overview.EntryTimeDesc": "Wann wurde die erste Einzahlung erfasst?",
    "Boxes.Investment.Overview.HideGB": "LG aus Berechnung und Liste ausblenden.",
    "Boxes.Investment.Overview.Invested": "Investiert",
    "Boxes.Investment.Overview.InvestedDesc": "Wieviele FP wurden investiert?",
    "Boxes.Investment.Overview.Medals": "Medaillen",
    "Boxes.Investment.Overview.MedalsProfit": "Medaillen-Gewinn",
    "Boxes.Investment.Overview.Player": "Spieler",
    "Boxes.Investment.Overview.Profit": "Gewinn",
    "Boxes.Investment.Overview.ProfitDesc": "erzielter Gewinn, gelb -> Platz ist noch nicht sicher, rot/grün -> Verlust/Gewinn sicher",
    "Boxes.Investment.Overview.Progress": "Fortschritt",
    "Boxes.Investment.Overview.RemainingFP": "verbleibende FP",
    "Boxes.Investment.Overview.RestFP": "Rest FP",
    "Boxes.Investment.Overview.RestFPDesc": "Wieviele FP noch bis zum leveln?",
    "Boxes.Investment.Overview.SettingsEntryTime": "Eintragsdatum",
    "Boxes.Investment.Overview.SettingsHiddenGB": "zeige ausgeblendete LG",
    "Boxes.Investment.Overview.SettingsRestFP": "restliche FP",
    "Boxes.Investment.Overview.SettingsSave": "Speichern",
    "Boxes.Investment.Overview.SettingsUnsafeCalc": "berechne nur sicheren Gewinn/Verlust",
    "Boxes.Investment.PlayerFound": "Spieler gefunden",
    "Boxes.Investment.PlayerFoundCount": "__count__ neues Spieler-Ereigniss wurden gefunden",
    "Boxes.Investment.PlayerFoundCounter": "__count__ neue Spieler-Ereignisse wurden gefunden",
    "Boxes.Investment.Rank": "Rang",
    "Boxes.Investment.Safe": "sicher",
    "Boxes.Investment.Title": "Investitionen",
    "Boxes.Investment.TotalFP": "Lager + Umlauf + Gewinn: ",
    "Boxes.Investment.UpToDate": "Die Investitionen wurden vor weniger als 30 Minuten aktualisiert.",
    "Boxes.Investment.UpdateRequired": "Deine Investitionen sind älter als 30 Minuten. Bitte aktualisiere sie über das Rathaus.",
    "Boxes.Kits.Extensions": "Erweiterungen",
    "Boxes.Kits.Fragment": "Fragment",
    "Boxes.Kits.InStock": "Im Lager",
    "Boxes.Kits.KitName": "Kit-Name",
    "Boxes.Kits.Name": "Name",
    "Boxes.Kits.SelectionKit": "Auswahl-Kit",
    "Boxes.Kits.Title": "Gebäude-/Auswahl-Kits",
    "Boxes.Kits.ToggleButtonActive": "???",
    "Boxes.Kits.ToggleButtonInActive": "???",
    "Boxes.Kits.TripleStateButton0": "Zeige fehlende Teile",
    "Boxes.Kits.TripleStateButton1": "Zeige alle Teile",
    "Boxes.Kits.TripleStateButton2": "Verstecke fehlende Teile",
    "Boxes.Kits.Udate": "Datenbank update Datum: ",
    "Boxes.Kits.UpgradeKit": "Upgrade-Kit",
    "Boxes.Market.AllGoods": "Alle Güter",
    "Boxes.Market.MaxResults": "Max Ergebnisse",
    "Boxes.Market.MinQuantity": "min. Menge",
    "Boxes.Market.Need": "Bedarf",
    "Boxes.Market.NeedColumn": "Bedarf",
    "Boxes.Market.NeedTT": "__era__<br>Du hast: __stock__",
    "Boxes.Market.Offer": "Angebot",
    "Boxes.Market.OfferColumn": "Angebot",
    "Boxes.Market.OfferTT": "__era__<br>Du hast: __stock__",
    "Boxes.Market.OnlyAffordable": "Nur akzeptierbare Angebote",
    "Boxes.Market.PageColumn": "Seite",
    "Boxes.Market.PlayerColumn": "Spieler",
    "Boxes.Market.RateColumn": "Kurs",
    "Boxes.Market.Rating": "Bewertung",
    "Boxes.Market.Settings.Autostart": "Automatisch öffnen",
    "Boxes.Market.ShowOwnOffers": "Eigene Angebote",
    "Boxes.Market.TTMinQuantity": "Stelle die Mindestmenge der Güter ein. Dieser Filter greift nicht für Gildenmitglieder",
    "Boxes.Market.Title": "Marktübersicht",
    "Boxes.Market.TradeAdvantage": "Vor­teil­haft",
    "Boxes.Market.TradeDisadvantage": "Nachteilig",
    "Boxes.Market.TradeFair": "Fair",
    "Boxes.Market.TradeFairStock": "Fair (bei niedrigerem Lagerbestand)",
    "Boxes.Market.TradeFairStockTT": "Dies schließt alle fairen Geschäfte ein, bei denen das angebotene Gut einen niedrigeren Bestand als das angeforderte Gut hat.",
    "Boxes.Market.TradeForEqual": "Gleiches",
    "Boxes.Market.TradeForGoods": "Zeitalter (Angebot)",
    "Boxes.Market.TradeForHigher": "Höheres",
    "Boxes.Market.TradeForLower": "Geringeres",
    "Boxes.Market.TradeLowerStock": "niedrigerer Lagerbestand",
    "Boxes.Market.TradeLowerStockTT": "Dies schließt alle Geschäfte aus, bei denen das angebotene Gut einen niedrigeren Bestand hat als das angeforderte Gut.",
    "Boxes.Market.TradePartner": "Handelspartner",
    "Boxes.Market.TradePartnerFriend": "Freunde",
    "Boxes.Market.TradePartnerGuild": "Gilden Mitglieder",
    "Boxes.Market.TradePartnerNeighbor": "Nachbarn",
    "Boxes.MarketOffers.Era": "Zeitalter",
    "Boxes.MarketOffers.Events": "Ereignisse",
    "Boxes.MarketOffers.Good": "Gut",
    "Boxes.MarketOffers.Inventory": "Inventar",
    "Boxes.MarketOffers.InventoryNeedSum": "Summe Inventar + Bedarf",
    "Boxes.MarketOffers.InventoryOfferSum": "Summe Inventar + Angebot",
    "Boxes.MarketOffers.NeedSum": "Summe Bedarf",
    "Boxes.MarketOffers.OfferSum": "Summe Angebot",
    "Boxes.MarketOffers.Title": "Güter Inventar",
    "Boxes.MarketOffersEvents.Accepted": "Akzeptierte Angebote",
    "Boxes.MarketOffersEvents.Count": "Anzahl",
    "Boxes.MarketOffersEvents.Date": "Datum",
    "Boxes.MarketOffersEvents.DateNA": "N/A",
    "Boxes.MarketOffersEvents.Expired": "Abgelaufene Angebote",
    "Boxes.MarketOffersEvents.Title": "Handel - Ereignisse",
    "Boxes.MoppelHelper.Attacks": "Angriffe",
    "Boxes.MoppelHelper.Days": "__days__ Tag(e)",
    "Boxes.MoppelHelper.Era": "Zeitalter",
    "Boxes.MoppelHelper.Event": "Ereignis",
    "Boxes.MoppelHelper.Friends": "Freunde",
    "Boxes.MoppelHelper.FriendsSocialTabTT": "Klicke im Spiel auf den Freunde-Tab um die Eventanzeige für Freunde freizuschalten",
    "Boxes.MoppelHelper.GBs": "Legendäre Bauwerke",
    "Boxes.MoppelHelper.GuildMembers": "Gilden Mitglieder",
    "Boxes.MoppelHelper.GuildSocialTabTT": "Klicke im Spiel auf den Gildenmitglieder-Tab um die Eventanzeige für Gildenmitglieder freizuschalten",
    "Boxes.MoppelHelper.HeaderWarning": "ACHTUNG: Um die Werte zu aktualisieren musst du unter Rathaus => Neuigkeiten => Ereignisübersicht alle Seiten durchscrollen",
    "Boxes.MoppelHelper.MoppelEvents": "Motivieren/Polieren",
    "Boxes.MoppelHelper.Name": "Name",
    "Boxes.MoppelHelper.Neighbors": "Nachbarn",
    "Boxes.MoppelHelper.NeighborsSocialTabTT": "Klicke im Spiel auf den Nachbarn-Tab um die Eventanzeige für Nachbarn freizuschalten",
    "Boxes.MoppelHelper.Never": "NIE",
    "Boxes.MoppelHelper.Plunders": "Plünderungen",
    "Boxes.MoppelHelper.Points": "Punkte",
    "Boxes.MoppelHelper.Rank": "Rang",
    "Boxes.MoppelHelper.TavernVisits": "Tavernenbesuche",
    "Boxes.MoppelHelper.Title": "Moppelassistent",
    "Boxes.MoppelHelper.Trades": "Handel",
    "Boxes.Negotiation.Average": "Bevorzugte Reihenfolge",
    "Boxes.Negotiation.Canceled": "Verhandlung wurde abgebrochen",
    "Boxes.Negotiation.Chance": "Chance",
    "Boxes.Negotiation.DragDrop": "Du kannst die Icons der Durchschnittsanzeige selber via Drag&Drop neu anordnen um die Reihenfolge vor dem 1. Versuch festzulegen.",
    "Boxes.Negotiation.GoodsCritical": "ACHTUNG: Der Gütervorrat ist auf kritischem Niveau!",
    "Boxes.Negotiation.GoodsLow": "ACHTUNG: Dein Gütervorrat ist knapp!",
    "Boxes.Negotiation.HelpLink": "https://foe-helper.com/docs/de/verhandlungsassistent/?lang=de",
    "Boxes.Negotiation.Person": "Person",
    "Boxes.Negotiation.Round": "Runde",
    "Boxes.Negotiation.SaveCurrentEraGoods": "Aktuelle Güter sparen?",
    "Boxes.Negotiation.SaveMedals": "Medaillen sparen?",
    "Boxes.Negotiation.Stock": "Lager:",
    "Boxes.Negotiation.Success": "Erfolg",
    "Boxes.Negotiation.TableLoadError": "Fehler beim Laden der Verhandlungtabelle",
    "Boxes.Negotiation.Title": "Verhandlungassistent",
    "Boxes.Negotiation.TryEnd": "Versuche zu Ende",
    "Boxes.Negotiation.WrongGoods": "Falsche Güter ausgewählt, bitte manuell fertig spielen",
    "Boxes.Negotiation.confirmGoodsMissmatch": "Ok",
    "Boxes.Notice.ContentHeadIsFriend": "Freund",
    "Boxes.Notice.ContentHeadIsGuild": "Gilden Mitglied",
    "Boxes.Notice.ContentHeadIsNeighbor": "nachbar",
    "Boxes.Notice.DeleteGroup": "Gruppe und Seiten löschen",
    "Boxes.Notice.DeleteItem": "Seite löschen",
    "Boxes.Notice.DummyHeading": "Deine Überschrift",
    "Boxes.Notice.Edit": "Bearbeiten",
    "Boxes.Notice.GlobalSendRequired": "Dieses Modul funktioniert nur mit eingeschalteter Option \"Übermittlung an foe-helper.com\".<br>Bitte aktivere diese Option um die Notizen benutzen zu können.",
    "Boxes.Notice.GroupName": "Gruppenname",
    "Boxes.Notice.HelpLink": "https://foe-helper.com/docs/de/notizen/?lang=de",
    "Boxes.Notice.ModalChoosePlayer": "Wähle einen Spieler",
    "Boxes.Notice.ModalMissingPlayers": "Gibt es Spieler, die auf der Auswahlliste fehlen? Schließe diese Box, klicken Sie auf die beiden anderen Reiter unten in der Sozialleiste (Nachbarn, Gildenmitglieder, Freunde) und öffne dann diese Box erneut.",
    "Boxes.Notice.NewGroup": "Gruppe",
    "Boxes.Notice.NewGroupDesc": "Lege zuerst eine Gruppe an... ",
    "Boxes.Notice.NewPlayer": "Spieler",
    "Boxes.Notice.NewSide": "Seite",
    "Boxes.Notice.Save": "Speichern",
    "Boxes.Notice.SelectPlayerGroupDefault": "-- Eine Spieler \"Gruppe\" erstellen? --",
    "Boxes.Notice.SelectPlayerGroupFriend": "Freunde",
    "Boxes.Notice.SelectPlayerGroupGuild": "Gilden Mitglieder",
    "Boxes.Notice.SelectPlayerGroupNeighbor": "Nachbarn",
    "Boxes.Notice.SideName": "Seitenname",
    "Boxes.Notice.Sorting": "Sortierung",
    "Boxes.Notice.Title": "Notizen",
    "Boxes.Outpost.DescInStock": "Vorhanden",
    "Boxes.Outpost.DescRequired": "Benötigt",
    "Boxes.Outpost.DescStillMissing": "<span style='color:#29b206'>Überschuss</span> / <span style='color:#ff4040'>Fehlt</span>",
    "Boxes.Outpost.ExpansionsSum": "Erweiterungen",
    "Boxes.Outpost.ShowSums": "Summen anzeigen:",
    "Boxes.Outpost.Title": "Güter der Siedlung",
    "Boxes.Outpost.TitleBuildings": "Gebäude",
    "Boxes.Outpost.TitleFree": "Frei",
    "Boxes.Outpost.TitleShort": "Güterübersicht - ",
    "Boxes.Outpost.including4x": "effektiv - inklusive x4 Chance",
    "Boxes.Outpost.infoLine": "__runNumber__. Durchlauf, Bonus x4 Chance: __chanceX4__%",
    "Boxes.Outpost.nextTile": "nächste Erweiterung",
    "Boxes.Outpost.tileNotPlanned": "aus",
    "Boxes.OwnpartCalculator.All": "Alle",
    "Boxes.OwnpartCalculator.Arc": "Arche",
    "Boxes.OwnpartCalculator.Auto": "Auto",
    "Boxes.OwnpartCalculator.AutoWithUnsafe": "Auto + Nicht sichere",
    "Boxes.OwnpartCalculator.BPs": "BPs",
    "Boxes.OwnpartCalculator.BuildingName": "Gebäude",
    "Boxes.OwnpartCalculator.CopyFormatPerGB": "Kopieren - Format pro legendärem Bauwerk speichern",
    "Boxes.OwnpartCalculator.CopyValues": "Werte kopieren",
    "Boxes.OwnpartCalculator.Deposit": "Einzahlen",
    "Boxes.OwnpartCalculator.Done": "Erledigt",
    "Boxes.OwnpartCalculator.ExistingPayments": "Bestehende Einzahlungen",
    "Boxes.OwnpartCalculator.Ext": "Ext",
    "Boxes.OwnpartCalculator.GBsNoted": "__GBCount__ gemerkt",
    "Boxes.OwnpartCalculator.HelpLink": "https://docs.foe-helper.com/deutsch/module/eigenanteilsrechner",
    "Boxes.OwnpartCalculator.IncludeData": "Enthaltene Daten",
    "Boxes.OwnpartCalculator.LGTotalFP": "LG Gesamt-FP",
    "Boxes.OwnpartCalculator.Lock": "Absichern",
    "Boxes.OwnpartCalculator.Meds": "Meds",
    "Boxes.OwnpartCalculator.NoPlaceAvailable": "Kein Platz verfügbar",
    "Boxes.OwnpartCalculator.NoPlaceSafe": "Kein Platz sicher",
    "Boxes.OwnpartCalculator.Note": "Merken",
    "Boxes.OwnpartCalculator.OldLevel": "Altes Level",
    "Boxes.OwnpartCalculator.OptionsDescending": "Absteigend",
    "Boxes.OwnpartCalculator.OptionsFP": "Forge Punkte",
    "Boxes.OwnpartCalculator.OptionsGB": "Name Bauwerk",
    "Boxes.OwnpartCalculator.OptionsLevel": "Level",
    "Boxes.OwnpartCalculator.OptionsLevelUp": "Bitte leveln",
    "Boxes.OwnpartCalculator.OptionsOwnPart": "Eigenanteil",
    "Boxes.OwnpartCalculator.OptionsPlayer": "Spieler",
    "Boxes.OwnpartCalculator.Order": "Reihenfolge",
    "Boxes.OwnpartCalculator.OwnPart": "Eigenanteil",
    "Boxes.OwnpartCalculator.OwnPartRemaining": "Verbleibend",
    "Boxes.OwnpartCalculator.OwnPartShort": "EA",
    "Boxes.OwnpartCalculator.PatronPart": "Mäzen Anteil",
    "Boxes.OwnpartCalculator.Place": "Platz",
    "Boxes.OwnpartCalculator.Places": "Plätze",
    "Boxes.OwnpartCalculator.PlayerName": "Spieler",
    "Boxes.OwnpartCalculator.PowerLeveling": "Powerleveln",
    "Boxes.OwnpartCalculator.Preview": "Vorschau",
    "Boxes.OwnpartCalculator.Step": "Stufe",
    "Boxes.OwnpartCalculator.Title": "Eigenanteilsrechner",
    "Boxes.OwnpartCalculator.Trust": "Vertrauen",
    "Boxes.PowerLeveling.CopyValues": "Kopieren",
    "Boxes.PowerLeveling.DoubleCollection": "Doppelernte",
    "Boxes.PowerLeveling.Level": "Level",
    "Boxes.PowerLeveling.MaxLevel": "Max. Level",
    "Boxes.PowerLeveling.OwnPartBrutto": "Eigenanteil Brutto",
    "Boxes.PowerLeveling.OwnPartNetto": "Eigenanteil Netto",
    "Boxes.PowerLeveling.OwnPartSum": "Summe Eigenanteil",
    "Boxes.PowerLeveling.P1": "Platz1",
    "Boxes.PowerLeveling.P2": "Platz2",
    "Boxes.PowerLeveling.P3": "Platz3",
    "Boxes.PowerLeveling.P4": "Platz4",
    "Boxes.PowerLeveling.P5": "Platz5",
    "Boxes.PowerLeveling.Title": "Powerleveln",
    "Boxes.Productions.DateNA": "Unbekannt",
    "Boxes.Productions.Done": "Fertig",
    "Boxes.Productions.GoodEraTotal": "Gesamt",
    "Boxes.Productions.GuildGoods": "Gildengüter",
    "Boxes.Productions.GuildPower": "Gildenmacht",
    "Boxes.Productions.Happiness": "Zufriedenheit",
    "Boxes.Productions.Headings.Done": "Fertig",
    "Boxes.Productions.Headings.all": "Alle",
    "Boxes.Productions.Headings.amount": "Menge",
    "Boxes.Productions.Headings.area": "Fläche",
    "Boxes.Productions.Headings.clan_power_production": "Gildenmacht Produktion",
    "Boxes.Productions.Headings.culture": "Kulturelle Gebäude",
    "Boxes.Productions.Headings.decoration": "Dekorationen",
    "Boxes.Productions.Headings.earning": "Ernte",
    "Boxes.Productions.Headings.efficiency": "Effizienz",
    "Boxes.Productions.Headings.era": "Zeitalter",
    "Boxes.Productions.Headings.generic_building": "Andere Gebäude",
    "Boxes.Productions.Headings.goods": "Gütergebäude",
    "Boxes.Productions.Headings.greatbuilding": "Legendäre Bauwerke",
    "Boxes.Productions.Headings.main_building": "Rathaus",
    "Boxes.Productions.Headings.name": "Name",
    "Boxes.Productions.Headings.number": "Anzahl",
    "Boxes.Productions.Headings.off_grid": "Spezialgebäude",
    "Boxes.Productions.Headings.production": "Produktionsgebäude",
    "Boxes.Productions.Headings.random_production": "Zufalls Produktionen",
    "Boxes.Productions.Headings.residential": "Wohngebäude",
    "Boxes.Productions.Headings.size": "Größe inkl. Straßen",
    "Boxes.Productions.Headings.street": "Straßen",
    "Boxes.Productions.ModeCurrent": "Aktuell",
    "Boxes.Productions.ModeDaily": "Tagesprod.",
    "Boxes.Productions.ModeGroups": "Gruppiert",
    "Boxes.Productions.ModeSingle": "Einzeln",
    "Boxes.Productions.NoAsteroidDataWarning": "Güter vom Asteroidengürtel sind nicht inkludiert. Bitte besuche deinen Asteroidengürtel Außenposten und öffne das Fenster erneut",
    "Boxes.Productions.NoMarsDataWarning": "Güter vom Mars sind nicht inkludiert. Bitte besuche deinen Mars Außenposten und öffne das Fenster erneut",
    "Boxes.Productions.NoVenusDataWarning": "Güter von der Venus sind nicht inkludiert. Bitte besuche deinen Venus Außenposten und öffne das Fenster erneut",
    "Boxes.Productions.SearchInput": "Gebäude Suche... ",
    "Boxes.Productions.SizeTT": "Größe enthält den durchschnittlichen Platzbedarf für Straßen von __streetnettosize__ Feldern",
    "Boxes.Productions.TTGoodsEra": "Diese Spalte zeigt das Zeitalter des Gebäudes, nicht das Zeitalter der produzierten Güter",
    "Boxes.Productions.Title": "Produktions Übersicht",
    "Boxes.Productions.Total": "Gesamt: ",
    "Boxes.Productions.Units": "Einheiten",
    "Boxes.Productions.att_boost_attacker": "Angriffsbonus angr. Armee",
    "Boxes.Productions.att_boost_defender": "Angriffsbonus vert. Armee",
    "Boxes.Productions.def_boost_attacker": "Verteidiungsbonus angr. Armee",
    "Boxes.Productions.def_boost_defender": "Verteidigungsbonus vert. Armee",
    "Boxes.Productions.goods": "Güter",
    "Boxes.ProductionsRating.BuildingName": "Gebäude",
    "Boxes.ProductionsRating.Enabled": "Aktiviert",
    "Boxes.ProductionsRating.ProdPerTile": "Erwartete Tagesproduktion/Feld",
    "Boxes.ProductionsRating.Results": "Ergebnis",
    "Boxes.ProductionsRating.Score": "Bewertung",
    "Boxes.ProductionsRating.Settings": "Einstellungen",
    "Boxes.ProductionsRating.Title": "Gebäude - Effizienzberechnung",
    "Boxes.RecurringQuests.Title":"Wiederkehrende Quests",
    "Boxes.RecurringQuests.showCounter":"Zeige Zähler für offene Quests im Menu",
    "Boxes.Settings.Active": "Aktiv",
    "Boxes.Settings.Autostart": "Fenster automatisch öffnen",
    "Boxes.Settings.DeletedBoxCoordsBody": "Alle Box Koordinaten wurden zurück gesetzt, bzw. gelöscht.",
    "Boxes.Settings.DeletedBoxCoordsHead": "Gelöscht!",
    "Boxes.Settings.Inactive": "Inaktiv",
    "Boxes.Settings.Save": "Einstellungen speichern",
    "Boxes.Settings.Title": "Einstellungen",
    "Boxes.Stats.BtnAll": "Alles",
    "Boxes.Stats.BtnAllPlayableEras": "Nur Zeitalter",
    "Boxes.Stats.BtnAllPlayableErasTitle": "Wähle alle spielbaren Zeitalter (außer: \"Kein Zeitalter\", Spezielle)",
    "Boxes.Stats.BtnAllTittle": "Zeitalter + kein Zeitalter + Spezielle",
    "Boxes.Stats.BtnChartType.delta": "Delta",
    "Boxes.Stats.BtnChartType.line": "Linien",
    "Boxes.Stats.BtnChartType.streamgraph": "Stream",
    "Boxes.Stats.BtnChartTypeTitle.delta": "Diagramm erhöhen / verringern",
    "Boxes.Stats.BtnChartTypeTitle.line": "Linien diagramm",
    "Boxes.Stats.BtnChartTypeTitle.streamgraph": "Stream-Diagramm",
    "Boxes.Stats.BtnLastEras": "letzte 2",
    "Boxes.Stats.BtnLastErasTitle": "Zeige das aktuelle und das vorhergehende Zeitalter",
    "Boxes.Stats.BtnMyEra": "Aktuelles",
    "Boxes.Stats.BtnNoEra": "Ohne",
    "Boxes.Stats.BtnSource.statsGBGPlayers": "Gildengefechte",
    "Boxes.Stats.BtnSource.statsRewards": "Belohnungen",
    "Boxes.Stats.BtnSource.statsTreasureClanD": "Gildenkasse - täglich",
    "Boxes.Stats.BtnSource.statsTreasureClanH": "Gildenkasse",
    "Boxes.Stats.BtnSource.statsTreasurePlayerD": "Güter - täglich",
    "Boxes.Stats.BtnSource.statsTreasurePlayerH": "Güter",
    "Boxes.Stats.BtnSource.statsUnitsD": "Armeen - täglich",
    "Boxes.Stats.BtnSource.statsUnitsH": "Armeen - stündlich",
    "Boxes.Stats.BtnToggleAnnotations": "GvG Aktionen",
    "Boxes.Stats.BtnToggleAnnotationsTitle": "Zeigt eine Abnahme der Güter auf der GvG-Karte.",
    "Boxes.Stats.BtnToggleGroupBy": "Gruppieren",
    "Boxes.Stats.BtnToggleGroupByTitle": "nach Namen gruppieren",
    "Boxes.Stats.Era": "Zeitalter",
    "Boxes.Stats.HelpLink": "https://foe-helper.com/docs/de/statistiken/?lang=de",
    "Boxes.Stats.Period.all": "Alle",
    "Boxes.Stats.Period.last30days": "letzten 30 Tage",
    "Boxes.Stats.Period.last7days": "letzten 7 Tage",
    "Boxes.Stats.Period.sinceTuesday": "seit Dienstag",
    "Boxes.Stats.Period.thisMonth": "diesen Monat",
    "Boxes.Stats.Period.today": "Heute",
    "Boxes.Stats.PeriodTitle.all": "Gesamter Zeitraum",
    "Boxes.Stats.PeriodTitle.last30days": "In den letzten 30 Tagen gesammelt",
    "Boxes.Stats.PeriodTitle.last7days": "In den letzten 7 Tagen gesammelt",
    "Boxes.Stats.PeriodTitle.sinceTuesday": "Seit letzten Dienstag gesammelt (die GEX startet Dienstags)",
    "Boxes.Stats.PeriodTitle.thisMonth": "Diesen Monat gesammelt",
    "Boxes.Stats.PeriodTitle.today": "Heute gesammelt",
    "Boxes.Stats.Rewards.Source.__event": "Event",
    "Boxes.Stats.Rewards.Source.battlegrounds_conquest": "Gildengefechte",
    "Boxes.Stats.Rewards.Source.default": "Ereignisse",
    "Boxes.Stats.Rewards.Source.diplomaticGifts": "Dipl. Geschenke",
    "Boxes.Stats.Rewards.Source.guildExpedition": "GEX",
    "Boxes.Stats.Rewards.Source.pvp_arena": "PvP-Arena",
    "Boxes.Stats.Rewards.Source.shards": "Scherben",
    "Boxes.Stats.Rewards.Source.spoilsOfWar": "Kriegsbeute",
    "Boxes.Stats.Rewards.SourceTitle.__event": "Eventbelohnungen",
    "Boxes.Stats.Rewards.SourceTitle.battlegrounds_conquest": "Belohnungen von den Gildengefechten",
    "Boxes.Stats.Rewards.SourceTitle.default": "Belohnungen aus Ereignissen",
    "Boxes.Stats.Rewards.SourceTitle.diplomaticGifts": "Vom Weltfraumfrachter gesammelte diplomatische Geschenke",
    "Boxes.Stats.Rewards.SourceTitle.guildExpedition": "Belohnungen von der Gildenexpedition, die vom Relikttempel erzeugt wurden",
    "Boxes.Stats.Rewards.SourceTitle.pvp_arena": "Belohnungen aus der PvP-Arena",
    "Boxes.Stats.Rewards.SourceTitle.shards": "Mysteriöse Scherben von der Fliegenden Insel",
    "Boxes.Stats.Rewards.SourceTitle.spoilsOfWar": "Kriegsbeute durch die Burg Himeji",
    "Boxes.Stats.SourceTitle.statsGBGPlayers": "Punktestände der Spieler der Gildengefechte",
    "Boxes.Stats.SourceTitle.statsRewards": "Deine Belohnungen der Burg Himeji, Relikttempel und Gildengefechten",
    "Boxes.Stats.SourceTitle.statsTreasureClanD": "Gildenkasse - täglich",
    "Boxes.Stats.SourceTitle.statsTreasureClanH": "Gildenkasse - stündlich",
    "Boxes.Stats.SourceTitle.statsTreasurePlayerD": "Deine Güter - täglich",
    "Boxes.Stats.SourceTitle.statsTreasurePlayerH": "Deine Güter - stündlich",
    "Boxes.Stats.SourceTitle.statsUnitsD": "Deine Einheiten - täglich",
    "Boxes.Stats.SourceTitle.statsUnitsH": "Deine Einheiten - stündlich",
    "Boxes.Stats.Title": "Statistiken",
    "Boxes.Technologies.DescInStock": "Vorhanden",
    "Boxes.Technologies.DescRequired": "Benötigt",
    "Boxes.Technologies.DescStillMissing": "<span style='color:#29b206'>Überschuss</span> / <span style='color:#ff4040'>Fehlt</span>",
    "Boxes.Technologies.IgnoreCurrentEraOptional": "Ignoriere Optionale Technologien des aktuellen/zukünftigen Zeitalters",
    "Boxes.Technologies.IgnorePrevEra": "Ignoriere optionale Technologien des vorhergehenden Zeitalters",
    "Boxes.Technologies.NoTechs": "Du bist am Ende des Zeitalters angelangt",
    "Boxes.Technologies.Resource": "Ressource",
    "Boxes.Technologies.Title": "Forschungskosten für",
    "Boxes.Treasury.Action": "Nachricht",
    "Boxes.Treasury.Amount": "Menge",
    "Boxes.Treasury.DateTime": "Datum/Uhrzeit",
    "Boxes.Treasury.Era": "Zeitalter",
    "Boxes.Treasury.Export": "Exportieren",
    "Boxes.Treasury.Message": "Bitte scrolle durch alle Seiten die exportiert werden sollen und drücke den Export Button",
    "Boxes.Treasury.PlayerID": "Spieler-ID",
    "Boxes.Treasury.PlayerName": "Spieler",
    "Boxes.Treasury.Reset": "Zurücksetzen",
    "Boxes.Treasury.Resource": "Gut",
    "Boxes.Treasury.RowNumber": "Verarbeitete Datensätze",
    "Boxes.Treasury.Settings.Autostart": "Fenster automatisch öffnen",
    "Boxes.Treasury.Title": "Gildenkassenprotokoll-Export",
    "Boxes.Units.alca": "letzte Alcatraz Produktion",
    "Boxes.Units.arenaDefense": "PvP-Arena Verteidigung",
    "Boxes.Units.attack": "Angriffsarmee",
    "Boxes.Units.defense": "Stadtverteidigung",
    "Boxes.Units.pool": "Einheiten-Vorrat",
    "Boxes.Units.AlcaHarvest": "Dein Alcatraz ist bereit zur Ernte!",
    "Boxes.Units.Attack": "Angriff",
    "Boxes.Units.Bind": "Gebunden",
    "Boxes.Units.Defend": "Verteidigung",
    "Boxes.Units.NextUnitsIn": "Die nächsten __count__ Einheiten kommen in <span class=\"alca-countdown\"></span> um __harvest__ Uhr",
    "Boxes.Units.NotFilled": "nicht gefüllt",
    "Boxes.Units.PictogramScalingDesc": "Wähle einen Wert zwischen 1 und 4 !&#10;Wähle einen kleinerer Wert für mehr Daten&#10;oder einen größeren für bessere Darstellung.",
    "Boxes.Units.PictogramScalingTitle": "Bildgröße",
    "Boxes.Units.Proportionally": "Anteilig",
    "Boxes.Units.Quantity": "Anzahl",
    "Boxes.Units.ReadyToLoot": "Bereit zur Ernte!",
    "Boxes.Units.Status": "Status",
    "Boxes.Units.Title": "Armee Übersicht",
    "Boxes.Units.Unbind": "Ungebunden",
    "Boxes.Units.Unit": "Einheit",
    "Boxes.Units.alca": "letzte Alcatraz Produktion",
    "Boxes.Units.arenaDefense": "PvP-Arena Verteidigung",
    "Boxes.Units.attack": "Angriffsarmee",
    "Boxes.Units.defense": "Stadtverteidigung",
    "Boxes.Units.fast": "Schnelle Einheit",
    "Boxes.Units.heavy_melee": "Schwere Einheit",
    "Boxes.Units.light_melee": "Leichte Einheit",
    "Boxes.Units.long_ranged": "Artillerie-Einheit",
    "Boxes.Units.pool": "Einheiten-Vorrat",
    "Boxes.Units.short_ranged": "Fernkampf-Einheit",
    "Boxes.UnitsGex.Lost": "Verloren",
    "Boxes.UnitsGex.NoUnitsAvailable": "Drücke zuerst die Taste \"U\" um deine Einheiten zu laden.",
    "Boxes.UnitsGex.Stage": "Station",
    "Boxes.UnitsGex.Won": "Gewonnen",
    "Boxes.mapTradeWarning.Text": "Vermeidung",
    "Boxes.mapTradeWarning.Title": "Handel",
    "Boxes.scoutingTimes.HelpLink": "https://docs.foe-helper.com/deutsch/module/scouting",
    "Boxes.scoutingTimes.ProvinceName": "Provinzname",
    "Boxes.scoutingTimes.ScoutingCost": "Erkundungskosten",
    "Boxes.scoutingTimes.ScoutingTime": "Erkundungsdauer",
    "Boxes.scoutingTimes.Title": "Späherstatus",
    "Boxes.scoutingTimes.Warning": "Erkundungszeiten können höher sein als angegeben - 10 min je Provinz, die der Späher durchqueren muss, um die Zielprovinz zu erreichen",
    "Boxes.stPatrick.ActiveTasks": "Aktive Sammelaufgaben",
    "Boxes.stPatrick.B": "Milliarden",
    "Boxes.stPatrick.BuildingUpgrades": "Gebäude Upgrade Kosten",
    "Boxes.stPatrick.CurrentRun": "Durchgang",
    "Boxes.stPatrick.Hourly": "Stündliche Produktion",
    "Boxes.stPatrick.K": "Tausend",
    "Boxes.stPatrick.M": "Millionen",
    "Boxes.stPatrick.NextTown": "Nächste Stadt",
    "Boxes.stPatrick.Production": "Fabriken",
    "Boxes.stPatrick.Q": "Billarden",
    "Boxes.stPatrick.QT": "Trillionen",
    "Boxes.stPatrick.T": "Billionen",
    "Boxes.stPatrick.Title": "St Patrick Info",
    "Boxes.stPatrick.UpcomingTasks": "Folgende Aufgaben",
    "Boxes.stPatrick.Variant": "Variante",
    "Boxes.stPatrick.Warning": "Aktualisierung der Werte kann verzögert sein - je nach Serverantwortzeit. Angegebene Zeiten nehmen keine Rücksicht auf Aktualisierungen des Vorrat.",
    "Date": "DD.MM.YYYY",
    "DateShort": "DD.MM",
    "DateTime": "DD.MM.YYYY HH:mm [Uhr]",
    "Eras.0": "Kein Zeitalter",
    "Eras.1": "Steinzeit",
    "Eras.10": "Moderne",
    "Eras.11": "Postmoderne",
    "Eras.12": "Gegenwart",
    "Eras.13": "Morgen",
    "Eras.14": "Zukunft",
    "Eras.15": "Arktische Zukunft",
    "Eras.16": "Ozeanische Zukunft",
    "Eras.17": "Virtuelle Zukunft",
    "Eras.18": "Raumfahrt: Mars",
    "Eras.19": "Raumfahrt: Asteroidengürtel",
    "Eras.2": "Bronzezeit",
    "Eras.20": "Raumfahrt: Venus",
    "Eras.21": "Raumfahrt: Jupiter Mond",
    "Eras.3": "Eisenzeit",
    "Eras.4": "Frühes Mittelalter",
    "Eras.5": "Hochmittelalter",
    "Eras.6": "Spätes Mittelalter",
    "Eras.7": "Kolonialzeit",
    "Eras.8": "Industriezeitalter",
    "Eras.9": "Jahrhundertwende",
    "Eras.GvGAllAge": "Alle Zeitalter",
    "Global.BoxTitle": "FoE Helfer",
    "GvG.Independences.Tooltip": "Anzahl der Sektorfreigaben seit der letzten Abrechnung.",
    "GvG.Independences.Tooltip.Warning": "Kann ungenau sein, wenn du an mehreren Desktop-Geräten spielst.",
    "HiddenRewards.Positions.cityRoadBig": "zweispurige Strasse",
    "HiddenRewards.Positions.cityRoadSmall": "einspurige Strasse",
    "HiddenRewards.Positions.culturalOutpost": "Scherbe - Kult. Siedlung",
    "HiddenRewards.Positions.guildExpedition": "Gildenexpedition",
    "HiddenRewards.Positions.nature": "Natur",
    "HiddenRewards.Positions.shore": "Küste",
    "HiddenRewards.Positions.water": "im Wasser",
    "HiddenRewards.Table.expires": "Verschwindet am/um",
    "HiddenRewards.Table.position": "Position",
    "HiddenRewards.Table.type": "Typ",
    "Kits.Sets.Guild_Battlegrounds": "Gilden-Gefechte",
    "Kits.Sets.Statue_of_Honor": "Ehrenstatue",
    "Kits.Sets.The_Great_Elephant": "Der große Elefant",
    "Kits.Sets.Events": "Events",
    "Kits.Sets.Gentiana_Windmill": "Enzian-Windmühle",
    "Kits.Sets.Butterfly_Sanctuary_Set": "Schmetterlingsgarten-Set",
    "Kits.Sets.Golden_Orrery": "Goldenes Orrery",
    "Kits.Sets.Grand_Monarchs_Set": "Großmonarchen-Set",
    "Kits.Sets.Celtic_Farmstead": "Keltischer Bauernhof",
    "Kits.Sets.Fiore_Village": "Fiore-Dorf",
    "Kits.Sets.Winter_Canal": "Winterkanal",
    "Kits.Sets.Horror_Circus_Set": "Zirkus des Horrors-Set",
    "Kits.Sets.Golden_Crops": "Goldene Felder",
    "Kits.Sets.Pirates_Hideout": "Piratenversteck",
    "Kits.Sets.Mountain_Reserve": "Bergschutzgebiet",
    "Kits.Sets.Athlon_Abbey": "Athlon-Kloster",
    "Kits.Sets.Ferris_Wheel": "Riesenrad",
    "Kits.Sets.Suishun_Mill": "Suishun-Mühle",
    "Kits.Sets.Druid_Temple": "Druidentempel",
    "Kits.Sets.Terracotta_Vineyard": "Terrakotta-Weingut",
    "Kits.Sets.Winter_Bakery": "Winterbäckerei",
    "Kits.Sets.House_of_Horrors": "Horrorhaus",
    "Kits.Sets.Harvest_Farm_Set": "Erntefest-Set",
    "Kits.Sets.Governors_Villa": "Villa des Gouverneurs",
    "Kits.Sets.Hall_of_Fame": "Ruhmeshalle",
    "Kits.Sets.Hippodrome": "Hippodrom",
    "Kits.Sets.Airship": "Luftschiff",
    "Kits.Sets.Hanami_Bridge": "Hanami-Brücke",
    "Kits.Sets.Celtic_Forest_Set": "Keltischer Wald-Set",
    "Kits.Sets.Olympic_Treasury": "Olympischer Tresor",
    "Kits.Sets.Winter_Train": "Winterzug",
    "Kits.Sets.Abandoned_Asylum": "Verlassene Anstalt",
    "Kits.Sets.September_Cottage": "September Häuschen",
    "Kits.Sets.Guard_Post": "Wachposten",
    "Kits.Sets.The_Crows_Nest": "Großer Leuchtturm",
    "Kits.Sets.Altar_Garden": "Altargarten",
    "Kits.Sets.Worlds_Fair": "Weltausstellung",
    "Kits.Sets.Piazza_Set": "Piazza-Set",
    "Kits.Sets.Colossus": "Koloss",
    "Kits.Sets.Classical_Garden_Set": "Klassischer Garten-Set",
    "Kits.Sets.Winter_Spire": "Winterdom",
    "Kits.Sets.Mill_of_Fall": "Herbstmühle",
    "Kits.Sets.The_Ship": "Das Schiff",
    "Kits.Sets.Tholos_of_Idols": "Tholos der Idole",
    "Kits.Sets.Grand_Bridge": "Große Brücke",
    "Kits.Sets.Pillar_of_Heroes": "Monument der Helden",
    "Kits.Sets.Winners_Plaza": "Siegerplatz",
    "Kits.Sets.Winter_Village_Set": "Winterdorf-Set",
    "Kits.Sets.Winterdeco_Set": "Winterdeko-Auswahl-Kit",
    "Kits.Sets.Indian_Palace_Set": "Indischer Palast-Set",
    "Kits.Sets.Indian_Fountain_Set": "Indischer Brunnen-Set",
    "Kits.Sets.Royal_Garden_Set": "Königlicher Garten-Set",
    "Kits.Sets.Pagoda": "Pagode",
    "Kits.Sets.Cherry_Garden_Set": "Kirschgarten-Set",
    "Kits.Sets.Cider_Mill": "Apfelmühle",
    "Kits.Sets.Maypole": "Maibaum",
    "Kits.Sets.Shrine_of_Inspiration": "Schrein der Inspiration",
    "Kits.Sets.Confectionary": "Zuckerbäckerei",
    "Kits.Sets.Graveyard": "Friedhof",
    "Kits.Sets.Cultural_Settlements": "Kulturellen-Siedlungen",
    "Kits.Sets.Yggdrasil": "Yggdrasil",
    "Kits.Sets.Greater_Runestone": "Größerer Runenstein",
    "Kits.Sets.Shinto_Temple": "Shinto-Tempel",
    "Kits.Sets.Timeless_Dojo": "Zeitloses Dojo",
    "Kits.Sets.Royal_Bathhouse": "Königliches Badehaus",
    "Kits.Sets.Ancient_Obelisk": "Uralter Obelisk",
    "Kits.Sets.Sun_Temple": "Sonnentempel",
    "Kits.Sets.Jade_Statue": "Jade Statue",
    "Kits.Sets.Mughals_Temple": "Mogultempel",
    "Kits.Sets.Minaret": "Minarett",
    "Kits.Sets.Guild_Expeditions": "Gilden-Expeditionen",
    "Kits.Sets.Terrace_Farm": "Terrassenfelder",
    "Kits.Sets.Fountain_of_Youth": "Der Jungbrunnen",
    "Kits.Sets.Sacred_Sky_Watch": "Heilige Himmelswacht",
    "Kits.Sets.Tribal_Square": "Stammesplatz",
    "Kits.Sets.Gate_of_the_Sun_God": "Tor des Sonnengottes",
    "Kits.Sets.Face_of_the_Ancient": "Antikes Gesicht",
    "Kits.Sets.Ritual_Flame": "Ritualflamme",
    "Kits.Sets.Antiques_Dealer": "Antiquitätenhändler",
    "Kits.Sets.Art_Exhibition": "Kunstausstellung",
    "Kits.Sets.Shrine_of_Knowledge": "Schrein des Wissens",
    "Kits.Sets.Specials": "Spezielles",
    "Kits.Sets.Rogue_Hideout": "Agenten-Versteck",
    "Kits.Sets.Wishing_Well": "Wunschbrunnen",
    "Kits.Sets.Kits": "Sonstige Kits",
    "Kits.Sets.Towers": "Türme",
    "Kits.Sets.Sentinel_Outpost": "Schildwacht",
    "Kits.Sets.Tacticians_Tower": "Taktikerturm",
    "Kits.Sets.Watchfire": "Signalfeuer",
    "Kits.Sets.Victory_Tower": "Siegesturm",
    "Local": "de-DE",
    "Menu.Alerts.Desc": "Verwaltet Alarme und verpasse nichts mehr",
    "Menu.Alerts.Title": "Alarm",
    "Menu.AztecMiniGame.Desc": "<em id=\"minigame_aztecs-Btn-closed\" class=\"tooltip-error\">Öffnet automatisch wenn ein Minigame startet<br></em>Azteken Minigame Helfer",
    "Menu.AztecMiniGame.Title": "Azteken Helfer",
    "Menu.Bluegalaxy.Desc": "Dieses Tool macht Vorschläge welche Gebäude du für deine blaue Galaxie einsammeln solltest",
    "Menu.Bluegalaxy.Title": "Blaue Galaxie Helfer",
    "Menu.BottomBar": "Unten",
    "Menu.Box": "Als Box",
    "Menu.Calculator.Desc": "Rechnet für Dich alle Plätze aus mit einstellbaren Prozenten",
    "Menu.Calculator.Title": "Kostenrechner",
    "Menu.Calculator.Warning": "Deaktiviert: Öffne zuerst das LG eines anderen Spielers!",
    "Menu.Campagne.Desc": "Zeigt die Ressourcen an, die zum Erobern eines Kampagnen-Kartensektors erforderlich sind.",
    "Menu.Campagne.Title": "Kampagne",
    "Menu.Campagne.Warning": "Deaktiviert: Besuche zuerst eine Provinz (M)!",
    "Menu.Castle.Desc": "Zeigt dir die vorhandenen Möglichkeiten Burgpunkte zu verdienen.",
    "Menu.Castle.Title": "Burgsystem",
    "Menu.Citymap.Desc": "Zeigt deine Stadt schematisch von oben",
    "Menu.Citymap.Title": "Stadtübersicht",
    "Menu.Discord.Desc": "???",
    "Menu.Discord.Title": "???",
    "Menu.Dropdown": "Als DropDown",
    "Menu.GexStat.Desc": "zeigt dir die Gex Ergebnisse deiner Gilde an",
    "Menu.GexStat.Title": "GEX Ergebnisse",
    "Menu.Gildfight.Desc": "Zeigt dir eine Übersicht über die aktuellen und nächsten Sektoren",
    "Menu.Gildfight.Title": "Gildengefechte",
    "Menu.Gildfight.Warning": "<em id='selectorCalc-Btn-closed' class='tooltip-error'>Deaktiviert: Besuche zuerst das Gildengefecht!<br></em> ",
    "Menu.GuildMemberStat.Desc": "Listet eine Statistik über die Gildenmitglieder auf",
    "Menu.GuildMemberStat.Title": "Gilden Mitglieder Übersicht",
    "Menu.GuildMemberStat.Warning": "Bitte erst einmal die Gildenmitglieder Übersicht im Spiel öffnen.",
    "Menu.HiddenRewards.Desc": "Übersicht der Ereignisse auf der Map",
    "Menu.HiddenRewards.Title": "Ereignisse",
    "Menu.Info.Desc": "Zeigt dir alle Dinge an die im \"Hintergrund\" passieren.<br><em>Füllt sich nach und nach mit Infos...</em>",
    "Menu.Info.Title": "Infobox",
    "Menu.Investment.Desc": "Zeigt den Fortschritt der Investitionen an.",
    "Menu.Investment.Title": "Investitionen",
    "Menu.Kits.Desc": "Listet alle vorhandenen Gebäude-, Upgrade- und Auswahlkits auf.",
    "Menu.Kits.Title": "Gebäude-Kits",
    "Menu.Market.Desc": "Handel auf dem Markt filtern",
    "Menu.Market.Title": "Markt Filter",
    "Menu.Market.Warning": "Bitte öffne zuerst den Markt (T)",
    "Menu.MarketOffers.Desc": "Dieses Tool hilft dir deinen Güterbestand und Angebote im Markt zu verwalten",
    "Menu.MarketOffers.Title": "Markt Angebote",
    "Menu.MarketOffers.Warning": "Bitte öffne zuerst den Markt (T)",
    "Menu.Moppelhelper.Desc": "Zeigt dir an, wann dich deine Freunde, Gildenmitglieder oder Nachbarn das letzte Mal besucht haben",
    "Menu.Moppelhelper.Title": "Moppelassistent",
    "Menu.Music.Desc": "Wähle deinen eigenen Soundtrack!",
    "Menu.Music.Title": "Hintergrundmusik",
    "Menu.MusicControl.Desc": "Play/Stop",
    "Menu.MusicControl.Title": "Musik-Steuerung",
    "Menu.Negotiation.Desc": "Macht dir präzise Vorschläge für Verhandlungen.",
    "Menu.Negotiation.Title": "Verhandlungassistent",
    "Menu.Negotiation.Warning": "Deaktiviert: Starte zuerst eine neue Verhandlung!",
    "Menu.Notice.Desc": "Mach dir Notizen für alles, was du nicht vergessen willst.",
    "Menu.Notice.Title": "Notizen",
    "Menu.Notification.Position.bottom-center": "unten mitte",
    "Menu.Notification.Position.bottom-left": "unten links",
    "Menu.Notification.Position.bottom-right": "unten rechts",
    "Menu.Notification.Position.mid-center": "mitte mitte",
    "Menu.Notification.Position.top-center": "oben mitte",
    "Menu.Notification.Position.top-left": "oben links",
    "Menu.Notification.Position.top-right": "oben rechts",
    "Menu.OutP.Desc": "Übersicht über die benötigten Ressourcen.",
    "Menu.OutP.DescWarningBuildings": "<em id='outPW' class='tooltip-error'>Deaktiviert: Besuche zuerst die Siedlung!<br></em>Übersicht über die benötigten Ressourcen.",
    "Menu.OutP.DescWarningOutpostData": "<em id='outPW' class='tooltip-error'>Deaktiviert: Starte zuerst eine Siedlung und lade das Spiel neu (F5)</em>",
    "Menu.OutP.Title": "Siedlung",
    "Menu.OwnpartCalculator.Desc": "Zahlplan erstellen, externe Plätze berechnen und Werte kopieren",
    "Menu.OwnpartCalculator.Title": "Eigenanteilsrechner",
    "Menu.OwnpartCalculator.Warning": "Deaktiviert: Öffne zuerst eines deiner Legendären Bauwerke!",
    "Menu.Productions.Desc": "Zeigt die derzeitige Anzahl aller Produktionen an.",
    "Menu.Productions.Title": "Produktions Übersicht",
    "Menu.ProductionsRating.Desc": "Suche nach Gebäuden, die weniger Ertrag pro Feld haben als erwünscht",
    "Menu.ProductionsRating.Title": "Gebäude Effizienzbewertung",
    "Menu.RightBar": "Rechts",
    "Menu.recurringQuests.Title": "Widerkehrende Quests",
    "Menu.recurringQuests.Desc": "Verfolgt, welche der wiederkehrenden Quests schon Diamanten spendiert haben",
    "Menu.SaveMessage.Desc": "Die neue Menü-Reihenfolge wurde gespeichert",
    "Menu.SaveMessage.Title": "Gespeichert!",
    "Menu.Settings.Desc": "Hier stellst du ein paar Kleinigkeiten ein",
    "Menu.Settings.Title": "Einstellungen",
    "Menu.Stats.Desc": "Güter, Einheiten, Belohnungen, Gildengefechte",
    "Menu.Stats.Title": "Statistiken",
    "Menu.Technologies.Desc": "Kosten für Forschung berechnen",
    "Menu.Technologies.Title": "Technologien",
    "Menu.Technologies.Warning": "Deaktiviert: Öffne zuerst das Forschungsmenü (R)!",
    "Menu.Unit.Desc": "Alle deine Armeen auf einen Blick",
    "Menu.Unit.Title": "Armeen",
    "Menu.Unit.Warning": "Öffne erst 1x deine \"Armee-Organisation\"<br>Taste \"U\"!",
    "Menu.fpCollector.Desc": "Zeigt dir nach Tagen sortiert an was du nebenbei an FPs bekommen hast",
    "Menu.fpCollector.Title": "FP-Einsammlungen",
    "Menu.greatbuildings.Desc": "Welches FP produzierende LG solltest du als nächstes ausbauen?",
    "Menu.greatbuildings.Title": "LG Investitionen",
    "Menu.unitsGex.Desc": "???",
    "Menu.unitsGex.Title": "???",
    "Quests.CounterTooltip.Content": "Es gibt ein Limit von 2000 übersprungenen Quests pro Tag",
    "RecurringQuests.Table.Quest":"Quest Name",
    "RecurringQuests.Warning":"Diese Liste zeigt an für welche der Quests sich der Helfer sicher ist, dass du bereits Diamanten erhalten hast - Quests werden hier als offen gelistet, auch wenn du bereits Diamanten für diese Quest auf einem anderen Gerät oder vor Aktivierung dieses Features erhalten hast. Da Medaillen nur dann als Belohnung auftauchen, wenn zuvor bereits einmal Diamanten erhalten wurden, wird die Liste entweder nach Erhalt von Diamanten oder Medaillen aktualisiert.",
    "Settings.About.Desc": "Der FoE Helper ist eine kostenlose Browser-Erweiterung für Forge of Empires, die von Spielern für Spieler entwickelt wurde. Das Tool ist nicht mit InnoGames verbunden.",
    "Settings.About.RatingDesc": "Gefällt dir, was du siehst? Dann würden wir uns über eine Rezension im Store freuen!",
    "Settings.About.RatingTitle": "Bewerte die Extension",
    "Settings.About.Title": "Über FoE Helfer",
    "Settings.About.TranslateDesc": "Du kannst bei der Übersetzung der Erweiterung helfen, indem du dich für unser Übersetzungstool anmeldest: ",
    "Settings.About.TranslateTitle": "Übersetzungen",
    "Settings.AutoOpenCloseBox.Desc": "Soll die \"Alle Fenster Schließen\" Box automatisch nach Spielstart geöffnet werden?",
    "Settings.AutoOpenCloseBox.Title": "\"Alle Fenster schließen\" Box automatisch öffnen",
    "Settings.AutoOpenInfoBox.Desc": "Soll die Infobox automatisch nach Spielstart geöffnet werden?",
    "Settings.AutoOpenInfoBox.Title": "Infobox automatisch öffnen",
    "Settings.AutomaticNegotiation.Desc": "Soll der Assistent automatisch mit einer Verhandlung geöffnet und bei Abbruch geschlossen werden? Gilt nicht für Gildengefechte.",
    "Settings.AutomaticNegotiation.Title": "Verhandlungsassistent",
    "Settings.ChangeLanguage.Desc": "Wähle deine bevorzugte Sprache aus der drop-down-Liste",
    "Settings.ChangeLanguage.Title": "Sprache wechseln",
    "Settings.EnableSound.Desc": "Sollen Soundeffekte der Extension aktiviert werden",
    "Settings.EnableSound.Title": "Ton aktivieren",
    "Settings.Entry.About": "Über uns",
    "Settings.Entry.AutoOpenCloseBox": "Alles Schließen Box",
    "Settings.Entry.AutoOpenInfoBox": "Infobox",
    "Settings.Entry.AutomaticNegotiation": "Verhandlungsassistent",
    "Settings.Entry.ChangeLanguage": "Sprache wechseln",
    "Settings.Entry.EnableSound": "Ton aktivieren",
    "Settings.Entry.ExportSettings": "Import / Export",
    "Settings.Entry.GlobalSend": "Übermittlungen",
    "Settings.Entry.Help": "Hilfe",
    "Settings.Entry.HideHelperDuringBattle": "Sichtbarkeit von Helfern im Kampf",
    "Settings.Entry.InfoboxEntryCount": "Infobox Nachrichtenanzahl",
    "Settings.Entry.LoadBeta": "Lade aktuelle Beta",
    "Settings.Entry.MenuContent": "Menü Inhalt",
    "Settings.Entry.MenuLength": "Menü Länge",
    "Settings.Entry.NotificationsPosition": "Benachrichtiguns- position",
    "Settings.Entry.NotificationsStack": "Benachrichtigungsfenster",
    "Settings.Entry.ResetBoxPositions": "Boxen Koordinaten",
    "Settings.Entry.SelectedMenu": "Menü Position",
    "Settings.Entry.SendGEXInfo": "GEX Stände",
    "Settings.Entry.SendGildMemberLGInfo": "LG-Info der Gildenmitglieder",
    "Settings.Entry.Show2kQuestMark": "2k Quest Grenze",
    "Settings.Entry.ShowAztecHelper": "Azteken Helfer",
    "Settings.Entry.ShowBlueGalaxyHelper": "Blaue Galaxie",
    "Settings.Entry.ShowEventChest": "Eventpreis-Rechner",
    "Settings.Entry.ShowGuildTreasuryLogExport": "Gilden Kassen Export",
    "Settings.Entry.ShowInvestments": "FP Investitionen",
    "Settings.Entry.ShowMapTradeWarning": "Handelsblocker",
    "Settings.Entry.ShowMarketFilter": "Marktplatz Filter",
    "Settings.Entry.ShowNotifications": "Benachrichtigungen",
    "Settings.Entry.ShowOwnPartOnAllGBs": "Eigenanteilsrechner",
    "Settings.Entry.ShowPlayerLinks": "Spielerlinks",
    "Settings.Entry.ShowPlayersMotivation": "Motivationen",
    "Settings.Entry.ShowRougeUnitWarning": "Kampf Assistent",
    "Settings.Entry.ShowScoutingTimes": "Späherstatus",
    "Settings.Entry.ShowTavernBadge": "Tavern Badge",
    "Settings.Entry.Version": "Version",
    "Settings.CountRelics": "Relikte in Menu-Icon mitzählen",
    "Settings.ExportImport.Error": "Das ist keine gültige Einstellungs-Datei!",
    "Settings.ExportImport.Reload": "Das Spiel wird nun mit den importierten Einstellungen neu geladen.",
    "Settings.ExportSettings.Desc": "Sichern oder wiederherstellen der Extension Einstellungen und anderer Spieldaten",
    "Settings.ExportSettings.OpenImportExportTool": "Öffne Import/Export Tool",
    "Settings.ExportSettings.Title": "Export / Import der Einstellungen",
    "Settings.GlobalSend.Desc": "Wenn Du mit deiner Gilde Daten tracken möchtest, aktiviere diesen Punkt.<br>Für eine autarke Extension einfach deaktivieren.",
    "Settings.GlobalSend.Title": "Übermittlung an foe-helper.com",
    "Settings.Help.Desc": "Hier kannst du Hilfe und Infos bekommen:",
    "Settings.Help.Discord": "Discord: tritt unserem Server bei, um über die Extension zu diskutieren, zum Chatten und für Support.",
    "Settings.Help.Forums": "Forum: bei Problemen oder Ideen für den Helfer kannst du dich hier melden.",
    "Settings.Help.Github": "GitHub: für konkrete Ideen und Bug Reports und die Entwicklung des Helfers.",
    "Settings.Help.Title": "Hilfe und Community",
    "Settings.Help.Website": "Website: Informationen zum Helfer und seinen Funktionen, sowie weitere Features.",
    "Settings.HideHelperDuringBattle.Desc": "Wenn während eines manuellen Kampfes die HelperBox im Weg ist, wird sie mit dieser Option vorübergehend ausgeblendet, bis der Kampf vorbei ist. Dies funktioniert nur mit dem Helfer 'Als Box'",
    "Settings.HideHelperDuringBattle.Title": "Helfer während des Kampfes ausblenden",
    "Settings.InfoboxEntryCount.Desc": "Wie viele Nachrichten soll die Infobox anzeigen und speichern?<br>Leer oder \"0\" bedeutet unendlich.",
    "Settings.InfoboxEntryCount.Title": "Infobox Anzahl an Nachrichten",
    "Settings.LoadBeta.Desc": "Nur verfügbar in der <a href=\"https://github.com/mainIine/foe-helfer-extension/archive/refs/heads/betaLoader.zip\">separat erhältlichen Extension</a>!!!<br>Diese muss heruntergeladen und manuell zu den Erweiterungen hinzugefügt werden.<br>Die Original Erweiterung darf nicht parallel zur Beta-Erweiterung aktiv sein<br><br>In dieser Version kann zum vermehrten Auftreten von Fehlern kommen! Bitte meldet Fehler die euch begegnen auf Github oder im Discord! <br> Ladezeiten für die Erweiterung können größer sein als üblich! <br> Das Spiel muss neu geladen werden, um den Modus zu wechseln!",
    "Settings.LoadBeta.Title": "Lade aktuelle Beta",
    "Settings.MenuContent.Desc": "Welche Buttons willst du im Menü haben?<br>Grün: Button wird angezeigt. Rot: Button wird nicht angezeigt.",
    "Settings.MenuContent.Title": "Menü Inhalt",
    "Settings.MenuLength.Desc": "Wie viele Elemente soll das Menü hoch oder breit sein?<br> Leer oder \"0\" ist automatische Höhe.<br>Gilt nicht für die \"Menü Box\".",
    "Settings.MenuLength.Title": "Menü Länge",
    "Settings.NotificationPosition.ToastTestBody": "Ab sofort erscheinen deine Benachrichtigungen an dieser Position.<br>Bevor du die nächste Position testest, warte bis diese Meldung verschwunden ist.",
    "Settings.NotificationPosition.ToastTestHeader": "Benachrichtigungs Vorschau",
    "Settings.NotificationsPosition.Desc": "Auf welcher Stelle Deines Bildschirmes sollen die Benachrichtigungen erscheinen?",
    "Settings.NotificationsPosition.Title": "Benachrichtigung Position",
    "Settings.NotificationsStack.Desc": "Wie viele Benachrichtigungsfenster willst du auf einmal sehen. Das Maximum ist 4.",
    "Settings.NotificationsStack.Title": "Benachrichtigungsfenster",
    "Settings.ResetBoxPositions.Button": "Löschen!",
    "Settings.ResetBoxPositions.Desc": "Sollen alle Box Koordinaten zurückgesetzt werden?",
    "Settings.ResetBoxPositions.Title": "Box Koordinaten",
    "Settings.SelectedMenu.Desc": "Wähle dein bevorzugtes Menü aus der Drop-Down-Liste (das Spiel wird automatisch neu geladen)",
    "Settings.SelectedMenu.Title": "Menü Position wählen",
    "Settings.Show2kQuestMark.Desc": "Zeigt einen kleinen Bagde mit einem Zähler an, wie viele Quests Sie noch ablehnen können. 2000 ist das Maximum.",
    "Settings.Show2kQuestMark.Title": "2000 Quest Grenze",
    "Settings.ShowAztecHelper.Desc": "Soll der Azteken Helfer geöffnet werden wenn ein Minigame gestartet wird?",
    "Settings.ShowAztecHelper.Title": "Azteken Helfer",
    "Settings.ShowBlueGalaxyHelper.Desc": "Zeigt sobald die blaue Galaxie eingesammelt wurde ein Tool an, das vorschlägt, welche Gebäude als nächstes eingesammelt werden sollten. Wird automatisch wieder ausgeblendet, wenn alle Aufladungen verbraucht sind.",
    "Settings.ShowBlueGalaxyHelper.Title": "Blaue Galaxie: Helfer anzeigen",
    "Settings.ShowEventChest.Desc": "Zeigt das Kästchen mit den besten Preisen für eine Veranstaltung an.",
    "Settings.ShowEventChest.Title": "Zeige Eventrechner Box",
    "Settings.ShowGuildTreasuryLogExport.Desc": "Zeigt ein Tool zum Exportieren von Gildenkassen-Protokollen in eine .csv-Datei, wenn das Gildenkassen-Protokollfenster geöffnet wird",
    "Settings.ShowGuildTreasuryLogExport.Title": "Exportwerkzeug für Gildenkassenprotokolle anzeigen",
    "Settings.ShowInvestments.Desc": "Beim Betreten des 'Rathauses' > 'Neuigkeiten' > 'Legendäre Bauwerke' wird eine Übersicht der FP Investitionen angezeigt",
    "Settings.ShowInvestments.Title": "LG Investitionen Übersicht anzeigen",
    "Settings.ShowMapTradeWarning.Desc": "Zeigt eine Box über dem 'Verhandeln' Button in Provinzen an, die ein versehentliches Verhandeln vermeiden soll ",
    "Settings.ShowMapTradeWarning.Title": "Handelsblocker",
    "Settings.ShowMarketFilter.Desc": "Zeigt ein Tool zum Filtern von Angeboten bei der Öffnung der Marktübersicht",
    "Settings.ShowMarketFilter.Title": "Marktfilter-Tool anzeigen",
    "Settings.ShowNotifications.Desc": "Der Helfer benutzt an verschiedenen Stellen Benachrichtigungen. Hier kannst Du sie an- oder abschalten.",
    "Settings.ShowNotifications.Title": "Benachrichtigungen",
    "Settings.ShowOwnPartOnAllGBs.Desc": "Den EA Rechner auch bei legendären Bauwerken von anderen Spielern anzeigen",
    "Settings.ShowOwnPartOnAllGBs.Title": "EA Rechner immer anzeigen",
    "Settings.ShowPlayerLinks.Desc": "Ersetzt alle Spielernamen durch Links zum Profil des Spielers auf scoredb.io",
    "Settings.ShowPlayerLinks.Title": "Spielerlinks anzeigen",
    "Settings.ShowPlayersMotivation.Desc": "Sollen die Aktivitäten aus der Ereignisliste erfasst werden?<br><br><em>Bitte Spiel anschließend neu laden</em>",
    "Settings.ShowPlayersMotivation.Title": "Moppel Aktivitäten aufzeichnen",
    "Settings.ShowRougeUnitWarning.Desc": "Setze eine Box über die Schaltfläche \"Angriff\" oder \"Autokampf\", um eine Niederlage zu verhindern, wenn nach der ersten Welle nur noch Agenten übrig sind. <br> Wenn wertvolle Einheiten des nächsten Zeitalters getötet wurden, gibt dir diese Box die Möglichkeit diese mit Diamanten zu heilen.",
    "Settings.ShowRougeUnitWarning.Title": "Kampfassistenten anzeigen",
    "Settings.ShowScoutingTimes.Desc": "Zeigt beim Betreten der Karte ein Fenster, dass den aktuellen Späherstatus und die Erkundungsdauern für die aktuell verfügbaren Provinzen ausgibt",
    "Settings.ShowScoutingTimes.Title": "Späherstatus",
    "Settings.Tab.About": "Über",
    "Settings.Tab.Boxes": "Boxen",
    "Settings.Tab.Extension": "Erweiterung",
    "Settings.Tab.Sending": "Übermittlung",
    "Settings.Version.Desc": "Die unten stehenden Daten können markiert werden, um sie zu kopieren.",
    "Settings.Version.GuildId": "Gilden Id:",
    "Settings.Version.Link": "<a target='_blank' href='https://foe-helper.com/extension/update?v=__version__&lang=de'  class='game-cursor'>Letzter Changelog</a>",
    "Settings.Version.PlayerId": "Spieler Id:",
    "Settings.Version.Title": "Version",
    "Settings.Version.World": "Welt:",
    "StrategyPoints.BuyableFP": "Anzahl der Forge Punkte, welche mit Münzen gekauft werden können.",
    "YYYYMMDD": "???",
    "_Language": "Deutsch"
}
