﻿{
    "Boxes.Alerts.Form.Antiques.Auction": "Δημοπρασία",
    "Boxes.Alerts.Form.Antiques.Cooldown": "Χρόνος Παύσης Πλειστηριασμού",
    "Boxes.Alerts.Form.Antiques.Dealer": "Παλαιοπώλης",
    "Boxes.Alerts.Form.Antiques.Exchange": "Καθημερινή ανταλλαγή",
    "Boxes.Alerts.Form.Battleground": "Πεδία Μάχης",
    "Boxes.Alerts.Form.Body": "Σώμα",
    "Boxes.Alerts.Form.Create": "Δημιουργία",
    "Boxes.Alerts.Form.CreateAlert": "Ειδοποίηση δημιουργίας",
    "Boxes.Alerts.Form.CreateAllSectors": "Δημιουργία Για Όλους τους Τομείς",
    "Boxes.Alerts.Form.CreateNewAlert": "Δημιουργία Νέας Ειδοποίησης",
    "Boxes.Alerts.Form.Datetime": "Ημερομηνία &amp; Ώρα",
    "Boxes.Alerts.Form.Delete": "Διαγραφή",
    "Boxes.Alerts.Form.Discard": "Απόρριψη",
    "Boxes.Alerts.Form.Edit": "Επεξεργασία",
    "Boxes.Alerts.Form.EditAlert": "Επεξεργασία Ειδοποίησης",
    "Boxes.Alerts.Form.Expiration": "Λήξη",
    "Boxes.Alerts.Form.Expired": "Έληξε",
    "Boxes.Alerts.Form.Expires": "Λήγει",
    "Boxes.Alerts.Form.Neighborhood": "Γειτονιά",
    "Boxes.Alerts.Form.Persistence": "Επιμονή",
    "Boxes.Alerts.Form.Persistence.Description": "Η ειδοποίηση να παραμείνει ανοιχτή έως ότου ο χρήστης απορρίψει ή κάνει κλικ στην ειδοποίηση",
    "Boxes.Alerts.Form.Persistence.Off": "Εκτός",
    "Boxes.Alerts.Form.Persistence.On": "Εντός",
    "Boxes.Alerts.Form.Persistent": "Επίμονο",
    "Boxes.Alerts.Form.Preset.Now": "Τώρα",
    "Boxes.Alerts.Form.Presets": "Προεπιλογές",
    "Boxes.Alerts.Form.Preview": "Προεπισκόπηση",
    "Boxes.Alerts.Form.Repeat": "Επανάληψη",
    "Boxes.Alerts.Form.Repeat.Every": "ή κάθε",
    "Boxes.Alerts.Form.Repeat.Never": "ποτέ",
    "Boxes.Alerts.Form.Save": "Αποθήκευση",
    "Boxes.Alerts.Form.Tag": "Ετικέτα",
    "Boxes.Alerts.Form.Tag.Description": "Ετικέτες μπορούν να χρησιμοποιηθούν για να ομαδοποιήσουν ειδοποιήσεις (μια νέα ειδοποίηση με υφιστάμενη ετικέτα, θα αντικαταστήσει μια παλαιότερη ειδοποίηση με την ίδια ετικέτα)",
    "Boxes.Alerts.Form.Title": "Τίτλος",
    "Boxes.Alerts.Preferences.Auction.Info": "Δημιουργήστε αυτόματα μια νέα ειδοποίηση όταν υποβάλω προσφορά στη Δημοπρασία Παλαιοπώλη.",
    "Boxes.Alerts.Preferences.Auction.Title": "Δημοπρασία Παλαιοπώλη",
    "Boxes.Alerts.Preferences.Battlegrounds.Info": "Στείλτε μια άμεση ειδοποίηση όταν υπάρχει υψηλή δραστηριότητα στα Πεδία Μάχης Συντεχνιών (για παράδειγμα, 10 μάχες σε έναν τομέα εντός 5 δευτερολέπτων). Λάβετε υπόψη ότι αυτή η δυνατότητα λειτουργεί μόνο όταν τα Πεδία Μάχης Συντεχνιών είναι ανοιχτά στο παιχνίδι!",
    "Boxes.Alerts.Preferences.Battlegrounds.Title": "Ανιχνευτής Πεδίων Μάχης Συντεχνιών",
    "Boxes.Alerts.Preferences.ComingSoon": "Προσεχώς...  ",
    "Boxes.Alerts.Preferences.Early.Info": "Οι χρόνοι ειδοποίησης που δημιουργούνται αυτόματα (Παλαιοπώλης, Πεδία Μάχης Συντεχνιών κλπ.) θα χρησιμοποιήσουν αυτή τη τιμή για να στείλουν ειδοποίηση προτού συμβεί πραγματικά το συμβάν. Για παράδειγμα, ορίζοντας αυτήν την τιμή στα 30 (δευτερόλεπτα), οι ειδοποιήσεις δημοπρασίας θα εμφανίζονται 30 δευτερόλεπτα πριν από τη λήξη της δημοπρασίας!",
    "Boxes.Alerts.Preferences.Early.Title": "Χρόνος Ειδοποίησης",
    "Boxes.Alerts.Preferences.InGame.Info": "Εμφάνιση ειδοποίησης εντός παιχνιδιού αντί για την ειδοποίηση στην επιφάνειας εργασίας, όταν το παράθυρο του παιχνιδιού είναι ενεργό",
    "Boxes.Alerts.Preferences.InGame.Title": "Ειδοποίηση εντός παιχνιδιού",
    "Boxes.Alerts.Preferences.MenuIcon.Info": "Εμφάνιση της επόμενης αντίστροφης μέτρησης ως επικάλυψη του εικονίδιου Κύριου Μενού",
    "Boxes.Alerts.Preferences.MenuIcon.Title": "Αντίστροφη μέτρηση Κύριου Μενού",
    "Boxes.Alerts.Preferences.Start.Info": "Εμφάνιση λίστας ειδοποιήσεων που έληξαν εκτός σύνδεσης (αφότου το παράθυρο του παιχνιδιού έκλεισε)",
    "Boxes.Alerts.Preferences.Start.Title": "Σύνοψη Ειδοποιήσεων που έληξαν, κατά την Έναρξη",
    "Boxes.Alerts.Preferences.Suggestions.Info": "Εμφάνιση προτάσεων ειδοποίησης (για παράδειγμα, όταν κάνετε κλικ σε έναν τομέα μάχης ή συλλέγετε μια παραγωγή κτιρίων)",
    "Boxes.Alerts.Preferences.Suggestions.Title": "Προτάσεις Ειδοποίησης",
    "Boxes.Alerts.Tabs.Alerts": "Ειδοποιήσεις",
    "Boxes.Alerts.Tabs.Preferences": "Προτιμήσεις",
    "Boxes.Alerts.Time.15m": "15λ",
    "Boxes.Alerts.Time.1d": "1μ",
    "Boxes.Alerts.Time.1h": "1ώ",
    "Boxes.Alerts.Time.1m": "1λ",
    "Boxes.Alerts.Time.4h": "4ώ",
    "Boxes.Alerts.Time.5m": "5λ",
    "Boxes.Alerts.Time.8h": "8ώ",
    "Boxes.BattleAssist.Text.NextEra": "Έχετε χάσει μονάδες του Μέλλοντος. Ωστόσο, έχετε ακόμα την ευκαιρία να τις θεραπεύσετε με διαμάντια!",
    "Boxes.BattleAssist.Text.Rogue": "Ο στρατός σας έχει μόνο Κακοποιούς. Είτε θεραπεύστε μονάδες χρησιμοποιώντας διαμάντια είτε υποχωρήστε!",
    "Boxes.BattleAssist.Title": "Προειδοποίηση!",
    "Boxes.BlueGalaxy.Building": "Κτίριο",
    "Boxes.BlueGalaxy.Done": "Έτοιμο",
    "Boxes.BlueGalaxy.DoneIn": "Έτοιμο σε",
    "Boxes.BlueGalaxy.DoneProductionsTitle": "Πρόταση: Συλλέξτε αυτά τα κτίρια",
    "Boxes.BlueGalaxy.EstimatedBonus": "Εκτιμώμενο μπόνους __FP__ FP και __Goods__ αγαθά",
    "Boxes.BlueGalaxy.FP": "FP",
    "Boxes.BlueGalaxy.Goods": "Αγαθά",
    "Boxes.BlueGalaxy.GoodsPerFP": "1 FP ισούται με__goods__αγαθά",
    "Boxes.BlueGalaxy.GoodsValue": "Τιμή αξιολόγησης 1 αγαθού (σε FP)",
    "Boxes.BlueGalaxy.NoChargesLeft": "Ο Μπλέ Γαλαξίας δεν έχει άλλες χρήσεις!",
    "Boxes.BlueGalaxy.NoProductionsDone": "Δεν έχουν ολοκληρωθεί οι παραγωγές FP",
    "Boxes.BlueGalaxy.TTGoodsValue": "Αυτή η τιμή χρησιμοποιείται για την κατάταξη κτιρίων που παράγουν αγαθά. Πόσα FP αξίζει 1 αγαθό για εσάς;",
    "Boxes.BlueGalaxy.Title": "Βοηθός Μπλέ Γαλαξία",
    "Boxes.Calculator.ActiveRecurringQuest": "Ενεργή επαναλαμβανόμενη αποστολή:",
    "Boxes.Calculator.ArkBonus": "Μπόνους Θόλου",
    "Boxes.Calculator.AvailableFP": "Διαθέσιμοι FP",
    "Boxes.Calculator.BPs": "Σχέδια",
    "Boxes.Calculator.Commitment": "Κόστος",
    "Boxes.Calculator.Done": "Ολοκληρώθηκε",
    "Boxes.Calculator.FP": "FP",
    "Boxes.Calculator.FriendlyInvestment": "Φιλική επένδυση:",
    "Boxes.Calculator.HelpLink": "https://foe-helper.com/docs/en/cost-calculator/",
    "Boxes.Calculator.LGNotConnected": "Αυτό το Μεγάλο Κτίριο δεν συνδέεται με δρόμο.",
    "Boxes.Calculator.LGNotOpen": "Το επόμενο επίπεδο του Μεγάλου Κτιρίου είναι επί του παρόντος ΚΛΕΙΔΩΜΕΝΟ.",
    "Boxes.Calculator.LevelWarning": "Προειδοποίηση! Αναβάθμιση αυτού του μεγάλου κτιρίου!",
    "Boxes.Calculator.MaxLevel": "Μέγιστο επίπεδο",
    "Boxes.Calculator.Meds": "Μετάλλια",
    "Boxes.Calculator.Profit": "Διαφορά",
    "Boxes.Calculator.Settings.Save": "Αποθήκευση",
    "Boxes.Calculator.Settings.newValue": "Νέα Αξία",
    "Boxes.Calculator.Step": "Επίπεδο ",
    "Boxes.Calculator.TTForderCosts": "Κόστος = __nettoreward__<small>(Ανταμοιβή)</small> X __forderfactor__%<small>(Φιλική επένδυση;;)</small> = __costs__",
    "Boxes.Calculator.TTForderFPStockLow": "ΠΡΟΣΟΧΗ: Δεν υπάρχουν αρκετά πακέτα FP σε απόθεμα! <br> Έχετε μόνο __fpstock__ από __costs__FP <br> Δηλαδή __tooless__FP λιγότερα",
    "Boxes.Calculator.TTForderNegativeProfit": "Η θέση δεν είναι εξασφαλισμένη. Πρέπει να προστεθούν __fpcount__ επιπλέον FP. <br> Σύνολο για να εξασφαλιστεί η θέση: __totalfp__FP",
    "Boxes.Calculator.TTLevelWarning": "Προσθήκη __fpcount__ FP παραπάνω! <br> Μέγιστη επένδυση: __totalfp__ FP",
    "Boxes.Calculator.TTLoss": "Συν.Ανταμοιβή = __nettoreward__ <small>(Ανταμοιβή)</small> X __arcfactor__% <small>(Μπόνους Θόλου)</small> = __bruttoreward__<br>Κόστος: __costs__ - Θέση κλειδωμένη στη: __safe__<br>Απώλειες = __costs__ <small>(Κόστος)</small> - __bruttoreward__ <small>(Ανταμοιβή)</small> = __loss__",
    "Boxes.Calculator.TTLossSelf": "Συν.Ανταμοιβή = __nettoreward__<small>(Ανταμοιβή)</small> * __arcfactor__% <small>(Μπόνους Θόλου)</small> = __bruttoreward__<br>Πληρώθηκε: __paid__<br>Απώλειες = __paid__ <small>(Πληρώθηκε)</small> - __bruttoreward__ <small>(Ανταμοιβή)</small> = __loss__",
    "Boxes.Calculator.TTPaidTooLess": "Πληρώσατε __paid__ FP αντί __topay__ FP. Αυτό είναι __tooless__FP λιγότερα.",
    "Boxes.Calculator.TTPaidTooMuch": "Πληρώσατε __paid__ FP αντί __topay__ FP. Αυτό είναι __toomuch__FP περισσότερα.",
    "Boxes.Calculator.TTProfit": "Συν.Ανταμοιβή = __nettoreward__ <small>(Ανταμοιβή)</small> X __arcfactor__% <small>(Μπόνους Θόλου)</small> = __bruttoreward__<br>Κόστος: __costs__ - Θέση κλειδωμένη στη: __safe__ <br>Κέρδος = __bruttoreward__ <small>(Ανταμοιβή)</small> - __costs__ <small>(Κόστος)</small> = __profit__",
    "Boxes.Calculator.TTProfitSelf": "Ανταμοιβή = __nettoreward__ <small>(Ανταμοιβή)</small> * __arcfactor__% <small>(Μπόνους Θόλου)</small> = __bruttoreward__ <br>Πληρωμή: __paid__<br>Κέρδος = __bruttoreward__ <small>(Αμοιβή)</ small> - __paid__ <small>(Πληρωμή)</small> = __profit__",
    "Boxes.Calculator.Title": "Υπολογιστής Κόστους ΜΚ",
    "Boxes.Calculator.Up2LevelUp": "Υπόλοιπο FP για επόμενο επίπεδο",
    "Boxes.Campagne.AlreadyDone": " Ήδη κατακτήθηκε! Μπράβο :)",
    "Boxes.Campagne.DescInStock": "Σε Απόθεμα",
    "Boxes.Campagne.DescRequired": "Απαιτούμενα",
    "Boxes.Campagne.DescStillMissing": "<span style='color:#29b206'>Υπολειπόμενα</span> / <span style='color:#ff4040'>Απαιτούμενα</span>",
    "Boxes.Campagne.Resource": "Είδος Πόρου",
    "Boxes.Campagne.Reward": "Ανταμοιβές ",
    "Boxes.Campagne.Title": "Κόστος Πόρων Τομέα ",
    "Boxes.Castle.Daily": "Καθημερινά",
    "Boxes.Castle.DailyCastlePoints": "Καθημερινοί πόντοι Κάστρου",
    "Boxes.Castle.Days": "ημέρες",
    "Boxes.Castle.Level": "Επίπεδο",
    "Boxes.Castle.Negotiation": "Διαπραγμάτευση",
    "Boxes.Castle.Negotiations": "Διαπραγματεύσεις",
    "Boxes.Castle.Progress": "Πρόοδο",
    "Boxes.Castle.SevenDayChallenge": "7-ήμερη πρόκληση",
    "Boxes.Castle.Time": "Χρόνος",
    "Boxes.Castle.Unknown": "Άγνωστο",
    "Boxes.CityMap.CavalierPerspecitve": "Πλαϊνή όψη",
    "Boxes.CityMap.CopyMetaInfos": "Αντιγραφή δεδομένων χάρτη πόλης",
    "Boxes.CityMap.Desc1": "Για να μπορέσετε να σχεδιάσετε την πόλη σας, πρέπει να μεταφέρουμε τα δεδομένα σας στο foe-helper.com.",
    "Boxes.CityMap.FreeArea": "Διαθέσιμα τετράγωνα: ",
    "Boxes.CityMap.HighlightOldBuildings": "Επισήμανε παλιά κτίρια",
    "Boxes.CityMap.NormalPerspecitve": "Κάτοψη",
    "Boxes.CityMap.ShowSubmitBox": "Εμφάνιση πλαισίου υποβολής",
    "Boxes.CityMap.Submit": "Υποβολή",
    "Boxes.CityMap.SubmitError": "Δεν ήταν δυνατή η αποστολή των δεδομένων της πόλης σας στο διακομιστή. Αναφέρετε αυτό το σφάλμα απευθείας στο ",
    "Boxes.CityMap.SubmitErrorHeader": "Προέκυψε σφάλμα",
    "Boxes.CityMap.SubmitSuccess": "Τα δεδομένα μεταφέρθηκαν με επιτυχία ... Τώρα επισκεφθείτε ",
    "Boxes.CityMap.SubmitSuccessHeader": "Διαβιβάστηκε",
    "Boxes.CityMap.TitleSend": "Υποβολή δεδομένων",
    "Boxes.CityMap.ToastBodyCopyData": "Τα δεδομένα της πόλης σας είναι τώρα στο πρόχειρο",
    "Boxes.CityMap.ToastHeadCopyData": "Αντιγράφηκε!",
    "Boxes.CityMap.WholeArea": "Σύνολο τετραγώνων: ",
    "Boxes.CityMap.YourCity": "Η πόλη σου",
    "Boxes.CityMap.clan_power_production": "Παραγωγή ισχύος Συντεχνίας",
    "Boxes.CityMap.culture": "Πολιτιστικά Κτίρια",
    "Boxes.CityMap.decoration": "Διακοσμητικά",
    "Boxes.CityMap.goods": "Κτίρια Αγαθών",
    "Boxes.CityMap.greatbuilding": "Μεγάλα Κτίρια",
    "Boxes.CityMap.main_building": "Δημαρχείο",
    "Boxes.CityMap.military": "Στρατιωτικά Κτίρια",
    "Boxes.CityMap.production": "Κτίρια Παραγωγής",
    "Boxes.CityMap.random_production": "Τυχαίες Παραγωγές",
    "Boxes.CityMap.residential": "Οικιστικά Κτίρια",
    "Boxes.CityMap.street": "Δρόμοι",
    "Boxes.CityMap.tower": "Πύργοι",
    "Boxes.Citymap.Efficiency": "Απόδοση",
    "Boxes.EventChests.Chance": "Πιθανότητα",
    "Boxes.EventChests.Cost": "Κόστος",
    "Boxes.EventChests.CostPerPrize": "Κόστος/Βραβείο",
    "Boxes.EventChests.CostPerStep": "Κόστος/Βήμα",
    "Boxes.EventChests.MainPrize": "Κύρια Ανταμοιβή",
    "Boxes.EventChests.MainPrizeTitle": "Ημερήσια Ανταμοιβή: ",
    "Boxes.EventChests.Steps": "Βήματα",
    "Boxes.EventChests.Title": "Βοηθός Επιλογής Βήματος Εκδήλωσης",
    "Boxes.FPCollector.Guildexpedition": "Εκστρατεία Συντεχνίας",
    "Boxes.FPCollector.Guildfights": "Μάχες Συντεχνιών",
    "Boxes.FPCollector.Mainmap": "Χάρτης πόλης",
    "Boxes.FPCollector.NoEntriesFound": "Καμία καταχώρηση δεν βρέθηκε…",
    "Boxes.FPCollector.TotalFP": "Σύνολο FP:",
    "Boxes.FPCollector.What": "Τι;",
    "Boxes.FPCollector.Where": "Πού;",
    "Boxes.FPCollector.Who": "Ποιός;",
    "Boxes.FPCollector.antiquesDealer": "Παλαιοπώλης",
    "Boxes.FPCollector.archeologyEvent": "Βάζο Αρχαιολογικής Εκδήλωσης",
    "Boxes.FPCollector.archeologyEventAutoCollect": "Βάζο Αρχαιολογικής Εκδήλωσης",
    "Boxes.FPCollector.battlegrounds_conquest": "Ανταμοιβή ΜΚ μετά από διαπραγμάτευση ή μάχη",
    "Boxes.FPCollector.chest": "Ανταμοιβή ΕΣ",
    "Boxes.FPCollector.chestEvent": "Αμοιβή Αποστολής",
    "Boxes.FPCollector.chestEventGrandPrize": "Αποτέλεσμα Εκδήλωσης",
    "Boxes.FPCollector.collectReward": "Ανταμοιβή",
    "Boxes.FPCollector.dailyChallenges": "Ημερήσια Πρόκληση",
    "Boxes.FPCollector.diplomaticGifts": "Διπλωματικό δώρο",
    "Boxes.FPCollector.double_collection": "επί2 μέσω Μπλέ Γαλαξία",
    "Boxes.FPCollector.guildExpedition": "Κειμήλιο",
    "Boxes.FPCollector.hiddenReward": "Κρυφή ανταμοιβή",
    "Boxes.FPCollector.leagueReward": "Ανταμοιβή Πρωταθλήματος",
    "Boxes.FPCollector.pickupProduction": "Μάζεμα κτιρίων",
    "Boxes.FPCollector.plunderReward": "Ανταμοιβή λεηλασίας",
    "Boxes.FPCollector.reward_calendar": "Ημερολόγιο Εκδηλώσεων",
    "Boxes.FPCollector.satDown": "Επίσκεψη ταβέρνας",
    "Boxes.FPCollector.spoilsOfWar": "Κάστρο Himeji (Λάφυρα πολέμου)",
    "Boxes.FPCollector.st_patricks_event_grand_prize": "Αγ. Πατρίκου - Μεγάλο Βραβείο",
    "Boxes.FPCollector.st_patricks_task_reward": "Ημέρα Αγ. Πατρίκου - Αμοιβή Αποστολής",
    "Boxes.FPCollector.winterEvent": "Χειμερινή εκδήλωση",
    "Boxes.FPCollector.winterEventGrandPrize": "Μεγάλο Βραβείο Χειμερινής Εκδήλωσης",
    "Boxes.General.Export": "Εξαγωγή",
    "Boxes.General.ExportCSV": "Εξαγωγή ως CSV",
    "Boxes.General.ExportJSON": "Εξαγωγή ως jSON",
    "Boxes.GreatBuildings.ArcBonus": "Φιλική επένδυση",
    "Boxes.GreatBuildings.BreakEven": "Ισοβαθμήσατε σε",
    "Boxes.GreatBuildings.BreakEvenTT": "Θα χρειαστούν __days__ ημέρες έως ότου επιστραφεί η επένδυση __costs__ FP με ημερήσια παραγωγή __fpproduction__ FP / ημέρα",
    "Boxes.GreatBuildings.BreakEvenTTGoods": "Θα χρειαστούν __days__ ημέρες έως ότου επιστραφεί η επένδυση __costs__ FP με ημερήσια παραγωγή __fpproduction__ FP / ημέρα και __goodsproduction__ αγαθά / ημέρα (ισούται με __goodsproduction__ * __goodsvalue__ = __goodsproductionvalue__ FP / day)",
    "Boxes.GreatBuildings.BreakEvenUnit": "__days__ ημέρες",
    "Boxes.GreatBuildings.Costs": "Κόστος",
    "Boxes.GreatBuildings.DailyFP": "Ημερήσιοι FP",
    "Boxes.GreatBuildings.DailyGoods": "Καθημερινά αγαθά",
    "Boxes.GreatBuildings.FPCostGoods": "Κόστος FP για αγαθά",
    "Boxes.GreatBuildings.FPPerTile": "Νέα κτίρια: Καθημερινό FP / πλακίδιο αντικατεστημένων κτιρίων",
    "Boxes.GreatBuildings.GoodsPerFP": "1 FP ισούται με__goods__αγαθά",
    "Boxes.GreatBuildings.GoodsValue": "Τιμή αξιολόγησης 1 __eraname__ καλή (σε FP)",
    "Boxes.GreatBuildings.GreatBulding": "Μεγάλο Κτίριο",
    "Boxes.GreatBuildings.HelpLink": "https://foe-helper.com/docs/en/gb-investments/",
    "Boxes.GreatBuildings.HideNewGBs": "Απόκρυψη μη ανεγερμένων ΜΚ",
    "Boxes.GreatBuildings.Level": "Επίπεδο",
    "Boxes.GreatBuildings.NewGBCostsTT": "Περιλαμβάνει κόστος αγαθών για την κατασκευή του ΜΚ αξίας __goodcosts__ FP",
    "Boxes.GreatBuildings.NewGBFPProductionTT": "__tiles__ * __fppertile__ = __opcost__ FP αφαιρέθηκαν. Αυτά χάνονται αφαιρώντας άλλα κτίρια που παράγουν FP για να κάνουν χώρο για __tiles__ πλακάκια για να χτίσουν το ΜΚ",
    "Boxes.GreatBuildings.RewardPerDay": "Θόλος: FP Ανταμοιβές / Ημέρα από άλλους παίκτες",
    "Boxes.GreatBuildings.ShowGoods": "Εξετάστε την παραγωγή αγαθών",
    "Boxes.GreatBuildings.SuggestionDescription": "Τα κτίρια στην κορυφή της λίστας είναι αποδοτικότερα",
    "Boxes.GreatBuildings.SuggestionTitle": "FP ΜΚ Ανταμοιβή ανά Επένδυση συγκριτικά",
    "Boxes.GreatBuildings.TTFPPerTile": "Πόσους ημερήσιους FP ανά πλακίδιο χάνετε για να δημιουργήσετε χώρο για νέα μεγάλα κτίρια; Παράδειγμα: Καταργείτε ορισμένα Ιερά της Γνώσης για να δημιουργήσετε ένα Μεγάλο Κτίριο => 1FP / 5 πλακίδια = 0,2FP / πλακίδιο",
    "Boxes.GreatBuildings.TTGoodCosts": "Δεν έχετε χτίσει ακόμα αυτό το Μεγάλο Κτίριο. Αυτό είναι το κόστος FP για την αγορά των απαραίτητων αγαθών",
    "Boxes.GreatBuildings.TTGoodCostsColumn": "Παραθέτει το κόστος FP για την αγορά των απαραίτητων αγαθών (ισχύει μόνο για Μεγάλα Κτίρια που δεν έχετε κατασκευάσει ακόμα)",
    "Boxes.GreatBuildings.TTGoodsValue": "Αυτή η τιμή χρησιμοποιείται για την κατάταξη κτιρίων που παράγουν αγαθά. Πόσα FP αξίζει 1 αγαθό για εσάς;",
    "Boxes.GreatBuildings.TTRewardPerDay": "Προαιρετικά: Πόσες ανταμοιβές FP λαμβάνετε ανά ημέρα; Αυτές οι πληροφορίες χρησιμοποιούνται για τον υπολογισμό κέρδους στα επόμενα επίπεδα Θόλου. Για να λάβετε μια πρόταση, μεταβείτε στο Δημαρχείο> Ειδήσεις> Ιστορικό εκδηλώσεων και μετακινηθείτε σε όλες τις σελίδες",
    "Boxes.GreatBuildings.Title": "Επενδύσεις σε ΜΚ",
    "Boxes.GuildFights.Count": "μέσα",
    "Boxes.GuildFights.Fights": "Μάχες",
    "Boxes.GuildFights.LastSnapshot": " - Τελευταίο στιγμιότυπο: __time__ πριν",
    "Boxes.GuildFights.Negotiations": "Διαπραγματεύσεις",
    "Boxes.GuildFights.NoOwner": "Κανένας ιδιοκτήτης",
    "Boxes.GuildFights.Owner": "Ιδιοκτήτης",
    "Boxes.GuildFights.Player": "Μέλος Συντεχνίας",
    "Boxes.GuildFights.Progress": "Πρόοδος",
    "Boxes.GuildFights.Province": "Επαρχία",
    "Boxes.GuildFights.SaveAlert": "Επαρχία __provinceName__ ξεκλείδωσε",
    "Boxes.GuildFights.SaveMessage.Desc": "Η ειδοποίηση για __provinceName__ αποθηκεύτηκε!",
    "Boxes.GuildFights.SaveMessage.Title": "Αποθηκεύτηκε!",
    "Boxes.GuildFights.SaveSettings": "Αποθήκευση",
    "Boxes.GuildFights.SetAlert": "Ορισμός ειδοποίησης",
    "Boxes.GuildFights.ShowOwner": "Δείξε Συντεχνίες",
    "Boxes.GuildFights.Time": "σε",
    "Boxes.GuildFights.Title": "Επισκόπηση ΠΜΣ",
    "Boxes.GuildFights.Total": "Σύνολο",
    "Boxes.GuildMemberStat.AutoStartOnUpdate": "Άνοιξε επισκόπηση μετά την ενημέρωση",
    "Boxes.GuildMemberStat.Battles": "Μάχες",
    "Boxes.GuildMemberStat.ConfirmNo": "Όχι",
    "Boxes.GuildMemberStat.ConfirmYes": "Ναί",
    "Boxes.GuildMemberStat.Date": "Ημερομηνία",
    "Boxes.GuildMemberStat.Days": "Μέρες",
    "Boxes.GuildMemberStat.DeleteDataWarning": "Εάν διαγράψετε δεδομένα που έχουν ήδη καταγραφεί, θα χαθούν ανεπανόρθωτα.",
    "Boxes.GuildMemberStat.DeleteExMembersAfter": "διαγραφή παλαιού μέλους μετά",
    "Boxes.GuildMemberStat.DeleteGBGRound": "διαγραφή γύρου ΠΜΣ",
    "Boxes.GuildMemberStat.DeleteInactivityWarning": "διαγραφή προειδοποίησης αδράνειας",
    "Boxes.GuildMemberStat.EraTreasuryGoods": "σε απόθεμα αγαθά θησαυροφυλακίου της εποχής",
    "Boxes.GuildMemberStat.Eras": "Εποχές",
    "Boxes.GuildMemberStat.GBFRound": "Γύρος ΠΜΣ",
    "Boxes.GuildMemberStat.GEXWeek": "Εβδομάδα ΕΣ",
    "Boxes.GuildMemberStat.GbgParticipation": "Συμμετοχή στα Πεδία Μάχης Συντεχνιών",
    "Boxes.GuildMemberStat.GexParticipation": "Συμμετοχή στην Εκστρατεία Συντεχνίας",
    "Boxes.GuildMemberStat.GotIt": "Τό πιασα!",
    "Boxes.GuildMemberStat.GuildBuildingNotification": "Επισκεφτείτε τις πόλεις των μελών σας για να ενημερώσετε τα στατιστικά στοιχεία κτιρίων.",
    "Boxes.GuildMemberStat.GuildBuildings": "Συντεχνιακά Κτίρια",
    "Boxes.GuildMemberStat.GuildGoods": "Αγαθά Θησαυροφυλακίου",
    "Boxes.GuildMemberStat.GuildMembers": "Μέλη Συντεχνίας",
    "Boxes.GuildMemberStat.GuildMessages": "Αριθμός μηνυμάτων στο κέντρο μηνυμάτων συντεχνίας",
    "Boxes.GuildMemberStat.GuildPower": "Ισχύς Συντεχνίας",
    "Boxes.GuildMemberStat.GuildSupportBuildings": "Κτίρια υποστήριξης Συντεχνίας",
    "Boxes.GuildMemberStat.GuildTreasuryNotification": "Επισκεφτείτε την καρτέλα Θησαυροφυλακίου στο προφίλ της συντεχνίας για να ενημερώσετε τα αγαθά της συντεχνίας σας.",
    "Boxes.GuildMemberStat.Inactivity": "Αδράνεια",
    "Boxes.GuildMemberStat.Instantly": "στιγμιαία",
    "Boxes.GuildMemberStat.LastUpdate": "τελευταία ενημέρωση",
    "Boxes.GuildMemberStat.Level": "Επίπεδο",
    "Boxes.GuildMemberStat.Member": "Μέλος",
    "Boxes.GuildMemberStat.MemberActiviy": "Δραστηριότητα μέλους",
    "Boxes.GuildMemberStat.MemberLeavedGuild": "Ο παίκτης δεν είναι πια στη Συντεχνία.",
    "Boxes.GuildMemberStat.Negotiations": "Διαπραγματεύσεις",
    "Boxes.GuildMemberStat.Never": "ποτέ",
    "Boxes.GuildMemberStat.Points": "Πόντοι",
    "Boxes.GuildMemberStat.ProducedTreasuryGoods": "παράγεται από κτίρια συντεχνίας",
    "Boxes.GuildMemberStat.Rank": "Θέση",
    "Boxes.GuildMemberStat.ResetMessageCounter": "επαναφορά μετρητή μηνυμάτων",
    "Boxes.GuildMemberStat.Search": "Αναζήτηση",
    "Boxes.GuildMemberStat.ShowDeletedMembers": "δείξε παλαιά μέλη",
    "Boxes.GuildMemberStat.ShowSearchbar": "δείξε μπάρα αναζήτησης",
    "Boxes.GuildMemberStat.Title": "Επισκόπηση μέλους της συντεχνίας",
    "Boxes.GuildMemberStat.TotalGuildGoods": "Σύνολο όλων των αγαθών",
    "Boxes.GuildMemberStat.TotalGuildPower": "Συνολική δύναμη Συντεχνίας",
    "Boxes.GuildMemberStat.TreasuryGoods": "Αγαθά Θησαυροφυλακίου",
    "Boxes.GvGMap.Action.Edit": "Επεξεργασία",
    "Boxes.GvGMap.Guild.Name": "Συντεχνία",
    "Boxes.GvGMap.Guild.Power": "Ισχύς",
    "Boxes.GvGMap.Guilds": "Συντεχνίες",
    "Boxes.GvGMap.Sector.Power": "Ισχύς",
    "Boxes.HiddenRewards.Disappears": "Εξαφάνιση",
    "Boxes.HiddenRewards.HelpLink": "https://foe-helper.com/docs/2/incidents",
    "Boxes.HiddenRewards.NoEvents": "Δεν εμφανίζονται Περιστατικά.",
    "Boxes.HiddenRewards.Title": "Επισκόπηση Περιστατικών",
    "Boxes.Infobox.Filter": "Φίλτρο",
    "Boxes.Infobox.FilterAuction": "Δημοπρασία",
    "Boxes.Infobox.FilterGex": "ΕΣ",
    "Boxes.Infobox.FilterGuildFights": "ΠΜΣ",
    "Boxes.Infobox.FilterLevel": "ΜΚ (Μεγάλο Κτίριο)",
    "Boxes.Infobox.FilterMessage": "Μήνυμα",
    "Boxes.Infobox.FilterTrade": "Ανταλλαγή",
    "Boxes.Infobox.Messages.Auction": "-<strong> __player__ </strong> μόλις υπέβαλε προσφορά για __amount__ Εμπορικά Νομίσματα.",
    "Boxes.Infobox.Messages.GEX": "<strong> __player__ </strong> μόλις συνέβαλε __points__ ΕΣ πόντους.",
    "Boxes.Infobox.Messages.GildFightOccupied": "<span style=\"color:#ffb539\">__provinceName__</span> κατακτήθηκε από <span style=\"color:__attackerColor__;text-shadow: 0 1px 1px __attackerShadow__\">__attackerName__</span> και κλειδώθηκε έως __untilOccupied__.",
    "Boxes.Infobox.Messages.LevelUp": "__player__ __building__ μόλις αναβαθμίστηκε στο επίπεδο __level__.<br>Κατέκτησες <strong>__rank__ </strong> θέση και έλαβες <strong>__fps__</strong> FP ανταμοιβή.",
    "Boxes.Infobox.Messages.MsgBuilding": "__building__ - Επίπεδο __level__",
    "Boxes.Infobox.Messages.Trade": "<strong>__player__</strong> δέχτηκε την προσφορά σου __offerValue__ __offer__ για __needValue__ __need__.",
    "Boxes.Infobox.Messages.Welcome": "Καλώς ορίσατε στο <strong> Παράθυρο Πληροφοριών </strong>! Ενώ αυτό το παράθυρο παραμένει ανοιχτό, θα δείχνει συμβάντα που συμβαίνουν στο παρασκήνιο (όπως μηνύματα συνομιλίας, ενέργεις σε ΠΜΣ και προσφορές δημοπρασίας)",
    "Boxes.Infobox.ResetBox": "Εκκαθάριση Όλων",
    "Boxes.Infobox.Title": "Παράθυρο Πληροφοριών",
    "Boxes.Infobox.UnknownConversation": "Άγνωστη Συνομιλία",
    "Boxes.Investment.AllUpToDate": "Το Ιστορικό Γεγονότων ενημερώθηκε προηγουμένως",
    "Boxes.Investment.AllUpToDateDesc": "Όλες οι πληροφορίες συλλέχθηκαν",
    "Boxes.Investment.CurrReward": "Τρέχον κέρδος: ",
    "Boxes.Investment.DateParseError": "Σφάλμα ανάλυσης ημερομηνίας",
    "Boxes.Investment.DateParseErrorDesc": "Η ημερομηνία \"__InvalidDate__\" δεν μπόρεσε να αναλυθεί",
    "Boxes.Investment.HiddenGB": "Κρυφά ΜΚ",
    "Boxes.Investment.InvestBar": "Επενδυθέντα FP: ",
    "Boxes.Investment.Overview.Blueprints": "Σχέδια",
    "Boxes.Investment.Overview.Building": "Κτίριο",
    "Boxes.Investment.Overview.EntryTime": "Ώρα εισόδου",
    "Boxes.Investment.Overview.EntryTimeDesc": "Πότε καταγράφηκε η πρώτη κατάθεση;",
    "Boxes.Investment.Overview.HideGB": "Απόκρυψη ΜΚ από τον υπολογισμό και τη λίστα.",
    "Boxes.Investment.Overview.Invested": "Επενδύθηκαν",
    "Boxes.Investment.Overview.InvestedDesc": "Πόσα FP επενδύθηκαν",
    "Boxes.Investment.Overview.Medals": "Μετάλλια",
    "Boxes.Investment.Overview.Player": "Παίκτης",
    "Boxes.Investment.Overview.Profit": "Κέρδος",
    "Boxes.Investment.Overview.ProfitDesc": "Κέρδος που επιτεύχθηκε, κίτρινο -> Η θέση δεν είναι ασφαλής, κόκκινο / πράσινο -> απώλεια / κέρδος",
    "Boxes.Investment.Overview.Progress": "Πρόοδος",
    "Boxes.Investment.Overview.RemainingFP": "Εναπομείναντες FP",
    "Boxes.Investment.Overview.RestFP": "Υπόλοιπο FP",
    "Boxes.Investment.Overview.RestFPDesc": "Πόσοι FPs ακόμα μέχρι το επόμενο επίπεδο",
    "Boxes.Investment.Overview.SettingsEntryTime": "χρόνος εισόδου",
    "Boxes.Investment.Overview.SettingsHiddenGB": "εμφάνιση κρυφών ΜΚ",
    "Boxes.Investment.Overview.SettingsRestFP": "υπόλοιπο FP",
    "Boxes.Investment.Overview.SettingsSave": "Αποθήκευση",
    "Boxes.Investment.Overview.SettingsUnsafeCalc": "υπολόγισε μόνο τα ασφαλή κέρδη / απώλειες",
    "Boxes.Investment.PlayerFound": "Βρέθηκαν νέα Γεγονότα!",
    "Boxes.Investment.PlayerFoundCount": "Συγκεντρώθηκαν __count__ νέα γεγονότα παίκτη",
    "Boxes.Investment.PlayerFoundCounter": "Βρέθηκαν __count__ νέα γεγονότα παίκτη.",
    "Boxes.Investment.Safe": "ασφαλή",
    "Boxes.Investment.Title": "Περίληψη Επενδύσεων FP",
    "Boxes.Investment.TotalFP": "Απόθεμα + Επένδυση + Κέρδος = ",
    "Boxes.Investment.UpToDate": "Η λίστα επενδύσεων ενημερώθηκε πριν από λιγότερο 30 λεπτά.",
    "Boxes.Investment.UpdateRequired": "Η λίστα επενδύσεων είναι παλαιότερη από 30 λεπτά. Ενημερώστε τη λίστα επενδύσεών σας στο Δημαρχείο.",
    "Boxes.Kits.Extensions": "Επεκτάσεις",
    "Boxes.Kits.InStock": "Σε Απόθεμα",
    "Boxes.Kits.KitName": "Τύπος Αντικειμένου",
    "Boxes.Kits.Name": "Κτίριο",
    "Boxes.Kits.SelectionKit": "Σετ επιλογής",
    "Boxes.Kits.Title": "Σε Απόθεμα Σετ, Αναβαθμίσεις και Κιτ",
    "Boxes.Kits.ToggleButtonActive": "Απόκρυψη κομματιών που λείπουν",
    "Boxes.Kits.ToggleButtonInActive": "Εμφάνιση κομματιών που λείπουν",
    "Boxes.Kits.UpgradeKit": "Κιτ Αναβάθμισης",
    "Boxes.Market.AllGoods": "Όλα τα Αγαθά",
    "Boxes.Market.MaxResults": "Μέγιστα αποτελέσματα",
    "Boxes.Market.MinQuantity": "Ελάχ. Ποσ.",
    "Boxes.Market.Need": "Ανάγκη",
    "Boxes.Market.NeedColumn": "Ανάγκη",
    "Boxes.Market.NeedTT": "__era__<br>Έχεις: __stock__",
    "Boxes.Market.Offer": "Προσφορά",
    "Boxes.Market.OfferColumn": "Προσφορά",
    "Boxes.Market.OfferTT": "__era__<br>Έχεις: __stock__",
    "Boxes.Market.OnlyAffordable": "Μόνο αποδεκτές Προσφορές",
    "Boxes.Market.PageColumn": "Σελίδα",
    "Boxes.Market.PlayerColumn": "Παίκτης",
    "Boxes.Market.RateColumn": "Αναλογία",
    "Boxes.Market.Rating": "Εκτίμηση",
    "Boxes.Market.ShowOwnOffers": "Δικές σου προσφορές",
    "Boxes.Market.TTMinQuantity": "Επιλέξτε το ελάχιστο ποσό προσφερόμενων αγαθών. Αυτό το φίλτρο ΔΕΝ ισχύει για συναλλαγές μεταξύ μελών της Συντεχνίας",
    "Boxes.Market.Title": "Φίλτρο αγοράς",
    "Boxes.Market.TradeAdvantage": "Πλεονέκτημα",
    "Boxes.Market.TradeDisadvantage": "Μειονέκτημα",
    "Boxes.Market.TradeFair": "Δίκαιη",
    "Boxes.Market.TradeFairStock": "Δίκαιη (σε χαμηλότερο απόθεμα)",
    "Boxes.Market.TradeFairStockTT": "Αυτό περιλαμβάνει όλες τις δίκαιες συναλλαγές όπου το προσφερόμενο αγαθό έχει χαμηλότερο απόθεμα από το ζητούμενο αγαθό",
    "Boxes.Market.TradeForEqual": "Ίσο",
    "Boxes.Market.TradeForGoods": "Προσφορά Εποχής",
    "Boxes.Market.TradeForHigher": "Υψηλότερο",
    "Boxes.Market.TradeForLower": "Χαμηλότερο",
    "Boxes.Market.TradePartner": "Συνεταίροι",
    "Boxes.Market.TradePartnerFriend": "Φίλοι",
    "Boxes.Market.TradePartnerGuild": "Μέλη Συντεχνίας",
    "Boxes.Market.TradePartnerNeighbor": "Γείτονες",
    "Boxes.MoppelHelper.Attacks": "Επιθέσεις",
    "Boxes.MoppelHelper.Days": "__days__ Μέρα(ες)",
    "Boxes.MoppelHelper.Event": "Επίσκεψη",
    "Boxes.MoppelHelper.Friends": "Φίλοι",
    "Boxes.MoppelHelper.FriendsSocialTabTT": "Κάντε κλικ στην καρτέλα φίλων στο παιχνίδι για να ξεκλειδώσετε τη λίστα εκδηλώσεων των φίλων σας",
    "Boxes.MoppelHelper.GBs": "Μεγάλα Κτίρια",
    "Boxes.MoppelHelper.GuildMembers": "Μέλη Συντεχνίας",
    "Boxes.MoppelHelper.GuildSocialTabTT": "Κάντε κλικ στην καρτέλα συντέχνων στο παιχνίδι για να ξεκλειδώσετε τη λίστα εκδηλώσεων των συντέχνων σας",
    "Boxes.MoppelHelper.HeaderWarning": "ΠΡΟΣΟΧΗ: Αυτές οι αναφορές ισχύουν μόνο αν μετακινηθείτε σε όλες τις σελίδες στη λίστα Ιστορικό Γεγονότων στο Δημαρχείο> Νέα> Ιστορικό Γεγονότων ",
    "Boxes.MoppelHelper.MoppelEvents": "Κινητ./Τελειοπ",
    "Boxes.MoppelHelper.Name": "Όνομα",
    "Boxes.MoppelHelper.Neighbors": "Γείτονες",
    "Boxes.MoppelHelper.NeighborsSocialTabTT": "Κάντε κλικ στην καρτέλα γειτόνων στο παιχνίδι για να ξεκλειδώσετε τη λίστα εκδηλώσεων των γειτόνων σας",
    "Boxes.MoppelHelper.Never": "ΠΟΤΕ",
    "Boxes.MoppelHelper.Plunders": "Λεηλασία",
    "Boxes.MoppelHelper.Points": "Πόντοι",
    "Boxes.MoppelHelper.Rank": "Θέση",
    "Boxes.MoppelHelper.TavernVisits": "Ταβέρνα",
    "Boxes.MoppelHelper.Title": "Βοηθός Κινητοποίησης/Τελειοποίησης",
    "Boxes.MoppelHelper.Trades": "Προσφορές",
    "Boxes.Negotiation.Average": "Σειρά προτίμησης",
    "Boxes.Negotiation.Canceled": "Η διαπραγμάτευση ακυρώθηκε",
    "Boxes.Negotiation.Chance": "Πιθανότητα",
    "Boxes.Negotiation.DragDrop": "Σύρετε & αποθέστε τα εικονίδια πόρων από πάνω, για να αναδιατάξετε τον μέσο όρο απεικόνισης, καθορίζοντας νέες ακολουθίες από την πρώτη προσπάθεια.",
    "Boxes.Negotiation.GoodsCritical": "ΠΡΟΕΙΔΟΠΟΙΗΣΗ!: Αποθέματα αγαθών σε ΚΡΙΣΙΜΕΣ ποσότητες!",
    "Boxes.Negotiation.GoodsLow": "ΠΡΟΣΟΧΗ: ΧΑΜΗΛΟ απόθεμα αγαθών!",
    "Boxes.Negotiation.HelpLink": "https://foe-helper.com/docs/2/negotioation-helper",
    "Boxes.Negotiation.Person": "Άτομο",
    "Boxes.Negotiation.Round": "Γύρος",
    "Boxes.Negotiation.SaveCurrentEraGoods": "Αποθήκευση τρέχοντων αγαθών;",
    "Boxes.Negotiation.SaveMedals": "Αποθήκευση μεταλλίων;",
    "Boxes.Negotiation.Stock": "Απόθεμα:",
    "Boxes.Negotiation.Success": "Επιτυχία",
    "Boxes.Negotiation.TableLoadError": "Σφάλμα κατά τη φόρτωση του Πίνακα Διαπραγματεύσεων",
    "Boxes.Negotiation.Title": "Πίνακας Διαπραγματεύσεων",
    "Boxes.Negotiation.TryEnd": "Όχι άλλες προσπάθειες",
    "Boxes.Negotiation.WrongGoods": "Επιλέχθηκαν λανθασμένα προϊόντα, ολοκληρώστε χειροκίνητα",
    "Boxes.Negotiation.confirmGoodsMissmatch": "ΟΚ",
    "Boxes.Notice.ContentHeadIsFriend": "Φίλος",
    "Boxes.Notice.ContentHeadIsGuild": "Μέλος Συντεχνίας",
    "Boxes.Notice.ContentHeadIsNeighbor": "Γείτονας",
    "Boxes.Notice.DeleteGroup": "Διαγραφή ομάδας και θέσης",
    "Boxes.Notice.DeleteItem": "Διαγραφή θέσης",
    "Boxes.Notice.DummyHeading": "Ο τίτλος σας",
    "Boxes.Notice.Edit": "Επεξεργασία",
    "Boxes.Notice.GlobalSendRequired": "Αυτή η ενότητα λειτουργεί μόνο με ενεργοποιημένο το \"Transmission to foe-helper.com\". <br> Ενεργοποιήστε αυτήν την επιλογή για να χρησιμοποιήσετε τις σημειώσεις.",
    "Boxes.Notice.GroupName": "Όνομα ομάδας",
    "Boxes.Notice.HelpLink": "https://foe-helper.com/docs/2/notes",
    "Boxes.Notice.ModalChoosePlayer": "Επιλογή παίκτη",
    "Boxes.Notice.ModalMissingPlayers": "Υπάρχουν παίκτες που λείπουν από τη σύντομη λίστα; Κλείστε αυτό το πλαίσιο, κάντε κλικ στις άλλες δύο καρτέλες στο κάτω μέρος της γραμμής Κοινωνικής Δικτύωσης (Γείτονες, Μέλη Συντεχνίας, Φίλοι) και στη συνέχεια, ανοίξτε ξανά αυτό το πλαίσιο.",
    "Boxes.Notice.NewGroup": "Ομάδα",
    "Boxes.Notice.NewGroupDesc": "Δημιουργήστε πρώτα μια ομάδα... ",
    "Boxes.Notice.NewPlayer": "Παίκτης",
    "Boxes.Notice.NewSide": "Θέση",
    "Boxes.Notice.Save": "Αποθήκευση",
    "Boxes.Notice.SelectPlayerGroupDefault": "-- Δημιουργία ομάδας παικτών; --",
    "Boxes.Notice.SelectPlayerGroupFriend": "Φίλοι",
    "Boxes.Notice.SelectPlayerGroupGuild": "Μέλη Συντεχνίας",
    "Boxes.Notice.SelectPlayerGroupNeighbor": "Γείτονες",
    "Boxes.Notice.SideName": "Όνομα θέσης",
    "Boxes.Notice.Sorting": "Ταξινόμηση",
    "Boxes.Notice.Title": "Σημειώσεις",
    "Boxes.Outpost.DescInStock": "Τρέχον απόθεμα",
    "Boxes.Outpost.DescRequired": "Σύνολο",
    "Boxes.Outpost.DescStillMissing": "<span style='color:#29b206'>Πλεόνασμα</span> / <span style='color:#ff4040'>Απαιτείται</span>",
    "Boxes.Outpost.ExpansionsSum": "Επεκτάσεις",
    "Boxes.Outpost.ShowSums": "Εμφάνιση αθροισμάτων:",
    "Boxes.Outpost.Title": "Αγαθά Αποικίας",
    "Boxes.Outpost.TitleBuildings": "Κτίριο",
    "Boxes.Outpost.TitleFree": "Έτοιμο",
    "Boxes.Outpost.TitleShort": "Επισκόπηση πόρων  - ",
    "Boxes.Outpost.infoLine": "Τρέχον Επίπεδο = __runNumber__; Bonus Chance (x4) = __chanceX4__%",
    "Boxes.Outpost.nextTile": "Επόμενη Επέκταση",
    "Boxes.Outpost.tileNotPlanned": "εκτός",
    "Boxes.OwnpartCalculator.All": "Όλα",
    "Boxes.OwnpartCalculator.Arc": "Θόλος",
    "Boxes.OwnpartCalculator.Auto": "Αυτόματο",
    "Boxes.OwnpartCalculator.BPs": "Σχέδια",
    "Boxes.OwnpartCalculator.BuildingName": "Κτίριο",
    "Boxes.OwnpartCalculator.CopyValues": "Αντιγραφή τιμών",
    "Boxes.OwnpartCalculator.Deposit": "FP",
    "Boxes.OwnpartCalculator.Done": "Έτοιμο",
    "Boxes.OwnpartCalculator.Ext": "Εξωτ.",
    "Boxes.OwnpartCalculator.HelpLink": "https://foe-helper.com/docs/en/gb-calculator/",
    "Boxes.OwnpartCalculator.IncludeData": "Συμπεριλαμβανόμενα δεδομένα",
    "Boxes.OwnpartCalculator.LGTotalFP": "Συνολικά απαιτούμενοι FP",
    "Boxes.OwnpartCalculator.Meds": "Μετάλλια",
    "Boxes.OwnpartCalculator.NoPlaceSafe": "Δεν εξασφαλίζετε η θέση",
    "Boxes.OwnpartCalculator.Note": "Σημείωση",
    "Boxes.OwnpartCalculator.OldLevel": "Παλαιό επίπεδο",
    "Boxes.OwnpartCalculator.OptionsDescending": "Φθίνουσα",
    "Boxes.OwnpartCalculator.OptionsFP": "Forge Πόντοι",
    "Boxes.OwnpartCalculator.OptionsGB": "Όνομα Κτιρίου",
    "Boxes.OwnpartCalculator.OptionsLevel": "Επίπεδο",
    "Boxes.OwnpartCalculator.OptionsLevelUp": "Ανεβείτε επίπεδο",
    "Boxes.OwnpartCalculator.OptionsPlayer": "Παίκτης",
    "Boxes.OwnpartCalculator.Order": "Ακολουθία",
    "Boxes.OwnpartCalculator.OwnPart": "Συνεισφορά Ιδιοκτήτη",
    "Boxes.OwnpartCalculator.OwnPartRemaining": "Υπόλοιπο συνεισφοράς Ιδιοκτήτη",
    "Boxes.OwnpartCalculator.PatronPart": "Συνεισφορά άλλων",
    "Boxes.OwnpartCalculator.Place": "Θέση",
    "Boxes.OwnpartCalculator.Places": "Θέσεις",
    "Boxes.OwnpartCalculator.PlayerName": "Παίκτης",
    "Boxes.OwnpartCalculator.PowerLeveling": "Ισχυρή αναβάθμιση",
    "Boxes.OwnpartCalculator.Preview": "Προεπισκόπηση",
    "Boxes.OwnpartCalculator.Step": "Επίπεδο",
    "Boxes.OwnpartCalculator.Title": "Υπολογιστής ΜΚ",
    "Boxes.PowerLeveling.DoubleCollection": "Διπλή Συλλογή",
    "Boxes.PowerLeveling.Level": "Επίπεδο",
    "Boxes.PowerLeveling.MaxLevel": "Μέγιστο Επίπεδο",
    "Boxes.PowerLeveling.OwnPartBrutto": "Δική σας συνεισφορά ακαθάριστο (με μπόνους)",
    "Boxes.PowerLeveling.OwnPartNetto": "Δική σας συνεισφορά καθαρό (χωρίς μπόνους)",
    "Boxes.PowerLeveling.OwnPartSum": "Δική σας συνεισφορά συνολικά",
    "Boxes.PowerLeveling.P1": "Θέση1",
    "Boxes.PowerLeveling.P2": "Θέση2",
    "Boxes.PowerLeveling.P3": "Θέση3",
    "Boxes.PowerLeveling.P4": "Θέση4",
    "Boxes.PowerLeveling.P5": "Θέση5",
    "Boxes.PowerLeveling.Title": "Ισχυρή αναβάθμιση",
    "Boxes.Productions.Done": "Έτοιμο",
    "Boxes.Productions.GoodEraTotal": "Σύνολο",
    "Boxes.Productions.GuildGoods": "Αγαθά Θησαυροφυλακίου",
    "Boxes.Productions.GuildPower": "Ισχύς Συντεχνίας",
    "Boxes.Productions.Happiness": "Ευτυχία",
    "Boxes.Productions.Headings.Done": "Έτοιμο",
    "Boxes.Productions.Headings.all": "Όλα",
    "Boxes.Productions.Headings.amount": "Ποσ.",
    "Boxes.Productions.Headings.area": "Περιοχή",
    "Boxes.Productions.Headings.clan_power_production": "Ισχύς Συντεχνίας",
    "Boxes.Productions.Headings.culture": "Πολιτιστικά Κτίρια",
    "Boxes.Productions.Headings.decoration": "Διακοσμητικά",
    "Boxes.Productions.Headings.earning": "Ώρα για συλλογή",
    "Boxes.Productions.Headings.efficiency": "Απόδοση",
    "Boxes.Productions.Headings.era": "Εποχή",
    "Boxes.Productions.Headings.goods": "Κτίρια Αγαθών",
    "Boxes.Productions.Headings.greatbuilding": "Μεγάλα Κτίρια",
    "Boxes.Productions.Headings.main_building": "Δημαρχείο",
    "Boxes.Productions.Headings.name": "Αντικείμενο",
    "Boxes.Productions.Headings.number": "Ποσ.",
    "Boxes.Productions.Headings.production": "Κτίρια Παραγωγής",
    "Boxes.Productions.Headings.random_production": "Τυχαίες Παραγωγές",
    "Boxes.Productions.Headings.residential": "Οικιστικά Κτίρια",
    "Boxes.Productions.Headings.size": "Μέγεθος",
    "Boxes.Productions.Headings.street": "Δρόμοι",
    "Boxes.Productions.ModeCurrent": "Τρέχον",
    "Boxes.Productions.ModeDaily": "Ημερήσια Παραγωγή.",
    "Boxes.Productions.ModeGroups": "Ομάδα",
    "Boxes.Productions.ModeSingle": "Λίστα",
    "Boxes.Productions.NoAsteroidDataWarning": "Δεν περιλαμβάνονται προϊόντα από την Ζώνη Αστεροειδών. Επισκεφθείτε την αποικία της Ζώνης Αστεροειδών και ανοίξτε ξανά τον διάλογο",
    "Boxes.Productions.NoMarsDataWarning": "Δεν περιλαμβάνονται προϊόντα από τον Άρη. Επισκεφτείτε την αποικία στον Άρη και ανοίξτε ξανά τον διάλογο",
    "Boxes.Productions.SearchInput": "Αναζήτηση κτιρίου... ",
    "Boxes.Productions.SizeTT": "Μέγεθος συμπεριλαμβανομένης της μέσης απαίτησης χώρου στο δρόμο __streetnettosize__ τετράγωνων",
    "Boxes.Productions.TTGoodsEra": "Αυτή η στήλη δείχνει την εποχή του κτιρίου και όχι την εποχή των παραγόμενων προϊόντων",
    "Boxes.Productions.Title": "Τρέχουσα Επισκόπηση Παραγωγής (Ημερήσια)",
    "Boxes.Productions.Total": "Σύνολο: ",
    "Boxes.Productions.Units": "Μονάδες",
    "Boxes.Productions.att_boost_attacker": "Επιθετικό μπόνους επιθ. στρατού",
    "Boxes.Productions.att_boost_defender": "Επιθετικό μπόνους αμυντ. στρατού",
    "Boxes.Productions.def_boost_attacker": "Αμυντικό μπόνους επιθ. στρατού",
    "Boxes.Productions.def_boost_defender": "Αμυντικό μπόνους αμυντ. στρατού",
    "Boxes.Settings.Active": "Ενεργό",
    "Boxes.Settings.DeletedBoxCoordsBody": "Όλες οι συντεταγμένες από τα παράθυρα, διαγράφονται.",
    "Boxes.Settings.DeletedBoxCoordsHead": "Διαγράφηκε!",
    "Boxes.Settings.Inactive": "Ανενεργό",
    "Boxes.Settings.Title": "Ρυθμίσεις",
    "Boxes.Stats.BtnAll": "Όλα",
    "Boxes.Stats.BtnAllPlayableEras": "Όλες οι Εποχές",
    "Boxes.Stats.BtnAllPlayableErasTitle": "Επιλέξτε όλες τις Εποχές (χωρίς: Καμία Εποχή, Ειδική)",
    "Boxes.Stats.BtnAllTittle": "Εποχές + Καμία Εποχή + Ειδική",
    "Boxes.Stats.BtnChartType.delta": "Διαφορά",
    "Boxes.Stats.BtnChartType.line": "Γραμμικό",
    "Boxes.Stats.BtnChartType.streamgraph": "Ροή",
    "Boxes.Stats.BtnChartTypeTitle.delta": "Αύξηση/μείωση γράφημα",
    "Boxes.Stats.BtnChartTypeTitle.line": "Γραμμικό γράφημα",
    "Boxes.Stats.BtnChartTypeTitle.streamgraph": "Ροϊκό γράφημα",
    "Boxes.Stats.BtnLastEras": "Τελευταίες 2 Εποχές",
    "Boxes.Stats.BtnLastErasTitle": "Επιλέξτε τρέχουσες και προηγούμενες εποχές",
    "Boxes.Stats.BtnMyEra": "Η Εποχή μου",
    "Boxes.Stats.BtnNoEra": "Καμία Εποχή",
    "Boxes.Stats.BtnSource.statsGBGPlayers": "ΠΜΣ",
    "Boxes.Stats.BtnSource.statsRewards": "Ανταμοιβές",
    "Boxes.Stats.BtnSource.statsTreasureClanD": "Ημερήσιο Θησαυροφυλάκιο Συντεχνίας",
    "Boxes.Stats.BtnSource.statsTreasureClanH": "Ωριαίο Θησαυροφυλάκιο Συντεχνίας",
    "Boxes.Stats.BtnSource.statsTreasurePlayerD": "Ημερήσιο Θησαυροφυλάκιο",
    "Boxes.Stats.BtnSource.statsTreasurePlayerH": "Θησαυρός",
    "Boxes.Stats.BtnSource.statsUnitsD": "Ημερήσιες Μονάδες",
    "Boxes.Stats.BtnSource.statsUnitsH": "Ωριαίες Μονάδες",
    "Boxes.Stats.BtnToggleAnnotations": "ΣεΣ Σχολιασμοί",
    "Boxes.Stats.BtnToggleAnnotationsTitle": "Εμφάνιση μείωσης αγαθών στο χάρτη ΣεΣ.",
    "Boxes.Stats.BtnToggleGroupBy": "Ομαδοποίηση ανά Εποχή",
    "Boxes.Stats.BtnToggleGroupByTitle": "Ομαδοποίηση ανά Όνομα",
    "Boxes.Stats.Era": "Εποχή",
    "Boxes.Stats.HelpLink": "https://foe-helper.com/docs/en/statistics/",
    "Boxes.Stats.Period.all": "Όλα",
    "Boxes.Stats.Period.last30days": "Τελευταίες 30 Ημέρες",
    "Boxes.Stats.Period.last7days": "Τελευταίες 7 Ημέρες",
    "Boxes.Stats.Period.sinceTuesday": "Έως Τρίτη",
    "Boxes.Stats.Period.thisMonth": "Τρέχον Μήνα",
    "Boxes.Stats.Period.today": "Σήμερα",
    "Boxes.Stats.PeriodTitle.all": "Από την ημερομηνία εγγραφής",
    "Boxes.Stats.PeriodTitle.last30days": "Συλλέχθηκαν τις τελευταίες 30 ημέρες",
    "Boxes.Stats.PeriodTitle.last7days": "Συλλέχθηκαν τις τελευταίες 7 ημέρες",
    "Boxes.Stats.PeriodTitle.sinceTuesday": "Συλλέχθηκαν από την Τρίτη (ΕΣ ξεκινά κάθε Τρίτη)",
    "Boxes.Stats.PeriodTitle.thisMonth": "Συλλέχθηκαν αυτόν τον μήνα",
    "Boxes.Stats.PeriodTitle.today": "Συλλέχθηκαν Σήμερα",
    "Boxes.Stats.Rewards.Source.__event": "Εκδήλωση",
    "Boxes.Stats.Rewards.Source.battlegrounds_conquest": "ΠΜΣ",
    "Boxes.Stats.Rewards.Source.diplomaticGifts": "Διπλωματικά Δώρα",
    "Boxes.Stats.Rewards.Source.guildExpedition": "ΕΣ",
    "Boxes.Stats.Rewards.Source.spoilsOfWar": "Λάφυρα Πολέμου",
    "Boxes.Stats.Rewards.SourceTitle.__event": "Ανταμοιβές από Εποχιακές ή Ειδικές Εκδηλώσεις",
    "Boxes.Stats.Rewards.SourceTitle.battlegrounds_conquest": "ΠΜΣ Ανταμοιβές",
    "Boxes.Stats.Rewards.SourceTitle.diplomaticGifts": "Διπλωματικά δώρα (Διαστημικός Μεταφορέας)",
    "Boxes.Stats.Rewards.SourceTitle.guildExpedition": "ΕΣ Ανταμοιβές Κειμηλίων (Ναός των Κειμηλίων)",
    "Boxes.Stats.Rewards.SourceTitle.spoilsOfWar": "Ανταμοιβές Λάφυρων Πολέμου (Κάστρο Χιμέτζι)",
    "Boxes.Stats.SourceTitle.statsGBGPlayers": "ΠΜΣ Πίνακας αποτελεσμάτων παίκτη",
    "Boxes.Stats.SourceTitle.statsRewards": "Οι ανταμοιβές σας από το Κάστρο Χιμέτζι, Ναός των Κειμηλίων, ΠΜΣ",
    "Boxes.Stats.SourceTitle.statsTreasureClanD": "Ημερήσιο Θησαυροφυλάκιο Συντεχνίας",
    "Boxes.Stats.SourceTitle.statsTreasureClanH": "Ωριαίο Θησαυροφυλάκιο Συντεχνίας",
    "Boxes.Stats.SourceTitle.statsTreasurePlayerD": "Ημερήσιο Θησαυροφυλάκιο",
    "Boxes.Stats.SourceTitle.statsTreasurePlayerH": "Ωριαίο Θησαυροφυλάκιο",
    "Boxes.Stats.SourceTitle.statsUnitsD": "Ημερήσιες Μονάδες",
    "Boxes.Stats.SourceTitle.statsUnitsH": "Ωριαίες Μονάδες",
    "Boxes.Stats.Title": "Στατιστικά",
    "Boxes.Technologies.DescInStock": "Διαθέσιμα",
    "Boxes.Technologies.DescRequired": "Απαιτούμενα",
    "Boxes.Technologies.DescStillMissing": "<span style='color:#29b206'>Υπολειπόμενα</span> / <span style='color:#ff4040'>Απαιτούμενα</span>",
    "Boxes.Technologies.IgnoreCurrentEraOptional": "Αγνοήστε τις προαιρετικές τεχνολογίες των τρέχουσων / μελλοντικών εποχών",
    "Boxes.Technologies.IgnorePrevEra": "Αγνοήστε τις προαιρετικές τεχνολογίες προηγούμενων εποχών",
    "Boxes.Technologies.NoTechs": "Φτάσατε στο τέλος αυτής της Εποχής",
    "Boxes.Technologies.Resource": "Πόροι",
    "Boxes.Technologies.Title": "Έξοδα έρευνας Τεχνολογικού δέντρου",
    "Boxes.Treasury.Action": "Μήνυμα",
    "Boxes.Treasury.Amount": "Ποσό",
    "Boxes.Treasury.DateTime": "Ημερομηνία/Ώρα",
    "Boxes.Treasury.Era": "Εποχή",
    "Boxes.Treasury.Export": "Εξαγωγή",
    "Boxes.Treasury.Message": "Μετακινηθείτε σε όλες τις σελίδες και πατήστε το κουμπί Εξαγωγής",
    "Boxes.Treasury.PlayerID": "ID Παίκτη",
    "Boxes.Treasury.PlayerName": "Όνομα παίκτη",
    "Boxes.Treasury.Reset": "Επαναφορά",
    "Boxes.Treasury.Resource": "Καλό",
    "Boxes.Treasury.RowNumber": "Επεξεργασία σειρών",
    "Boxes.Treasury.Title": "Εξαγωγή καταγραφής Θησαυροφυλακίου Συντεχνίας",
    "Boxes.Units.AlcaHarvest": "Το Αλκατράζ σας είναι έτοιμο για συλλογή!",
    "Boxes.Units.Attack": "Επίθεση%",
    "Boxes.Units.Bind": "Εκπαιδευμένες",
    "Boxes.Units.Defend": "Άμυνα%",
    "Boxes.Units.NextUnitsIn": "Οι επόμενες __count__ μονάδες Αλκατράζ θα ολοκληρωθούν σε <span class = \"alca-countdown\"> </span> στις __harvest__ ώ",
    "Boxes.Units.NotFilled": "Κενή θέση",
    "Boxes.Units.Proportionally": "Ποσοστό",
    "Boxes.Units.Quantity": "Ποσότητα",
    "Boxes.Units.ReadyToLoot": "Έτοιμο για λεηλασία!",
    "Boxes.Units.Status": "Κατάσταση",
    "Boxes.Units.Title": "Επισκόπηση Μονάδων",
    "Boxes.Units.Unbind": "Ανεξάρτητες",
    "Boxes.Units.Unit": "Μονάδα",
    "Boxes.UnitsGex.NoUnitsAvailable": "Δεν εντοπίστηκαν διαθέσιμα δεδομένα μονάδας. Πατήστε το πλήκτρο \"U\"",
    "Boxes.mapTradeWarning.Text": "Εμπόδιση Διαπραγμάτευσης",
    "Boxes.mapTradeWarning.Title": "Ανταλλαγή",
    "Date": "DD-MMM-YY",
    "DateTime": "DD-MMM-YY @ HH:mm:ss a",
    "Eras.0": "Καμία Εποχή",
    "Eras.1": "Λίθινη Εποχή",
    "Eras.10": "Σύγχρονη Εποχή",
    "Eras.11": "Μεταμοντέρνα Εποχή",
    "Eras.12": "Σημερινή Εποχή",
    "Eras.13": "Αύριο",
    "Eras.14": "Μέλλον",
    "Eras.15": "Αρκτικό Μέλλον",
    "Eras.16": "Ωκεάνιο Μέλλον",
    "Eras.17": "Εικονικό Μέλλον",
    "Eras.18": "Διαστημική Εποχή: Άρης",
    "Eras.19": "Ζώνη Αστεροειδών στην Εποχή του Διαστήματος",
    "Eras.2": "Εποχή του Χαλκού",
    "Eras.20": "Η Αφροδίτη στην Εποχή του Διαστήματος",
    "Eras.21": "Space Age Jupiter Moon",
    "Eras.3": "Εποχή του Σιδήρου",
    "Eras.4": "Πρώιμος Μεσαίωνας",
    "Eras.5": "Μέσος Μεσαίωνας",
    "Eras.6": "Ύστερος Μεσαίωνας",
    "Eras.7": "Αποικιακή Εποχή",
    "Eras.8": "Βιομηχανική Εποχή",
    "Eras.9": "Προοδευτική Εποχή",
    "Global.BoxTitle": "Βοηθός FoE",
    "GvG.Independences.Tooltip": "Πλήθος ανεξαρτησιών που χορηγήθηκαν από τον τελευταίο υπολογισμό.",
    "GvG.Independences.Tooltip.Warning": "Μπορεί να είναι ανακριβές, εάν παίζετε σε πολλές επιτραπέζιες συσκευές.",
    "HiddenRewards.Positions.cityRoadBig": "Δρόμος 2 λωρίδων",
    "HiddenRewards.Positions.cityRoadSmall": "Δρόμος μονής λωρίδας",
    "HiddenRewards.Positions.guildExpedition": "Κειμήλια - ΕΣ",
    "HiddenRewards.Positions.nature": "Δάσος",
    "HiddenRewards.Positions.shore": "Παραλία",
    "HiddenRewards.Positions.water": "Νερό",
    "HiddenRewards.Table.expires": "Κατάσταση",
    "HiddenRewards.Table.position": "Τοποθεσία",
    "HiddenRewards.Table.type": "Τύπος",
    "Kits.Sets.Abandoned_Asylum": "Εγκαταλελειμμένο Άσυλο",
    "Kits.Sets.Altar_Garden": "Κήπος του Βωμού",
    "Kits.Sets.Art_Exhibition": "Έκθεση Τέχνης",
    "Kits.Sets.Celtic_Forest_Set": "Κελτικό Δάσος",
    "Kits.Sets.Cherry_Garden_Set": "Σετ Κερασόκηπου",
    "Kits.Sets.Cider_Mill": "Εργοστάσιο Χυμού Μήλου",
    "Kits.Sets.Classical_Garden_Set": "Σετ Κλασσικού Κήπου",
    "Kits.Sets.Colossus": "Κολοσσός",
    "Kits.Sets.FountainSet": "Σετ Σιντριβανιού",
    "Kits.Sets.Grand_Bridge": "Μεγάλη Γέφυρα",
    "Kits.Sets.Graveyard": "Νεκροταφείο",
    "Kits.Sets.Greater_Runestone": "Μεγαλύτερη Ρουνική Λίθος",
    "Kits.Sets.Guard_Post": "Φρουρός Οικισμού",
    "Kits.Sets.Hall_of_Fame": "Αίθουσα της Δόξας",
    "Kits.Sets.Harvest_Farm_Set": "Αγρόκτημα συγκομιδής",
    "Kits.Sets.Hippodrome": "Ιππόδρομος",
    "Kits.Sets.Indian_Palace_Set": "Σετ Ινδικού Παλατιού",
    "Kits.Sets.Obelisk": "Οβελίσκος",
    "Kits.Sets.Pagoda": "Παγόδα",
    "Kits.Sets.Piazza_Set": "Σετ Πιάτσας",
    "Kits.Sets.Pillar_of_Heroes": "Στύλοι Ηρώων",
    "Kits.Sets.Pirate": "Πειρατικό Πλοίο (Euro 2004)",
    "Kits.Sets.Royal": "Βασιλικό Πλοίο",
    "Kits.Sets.September_Cottage": "Εξοχικό του Σεπτέμβρη",
    "Kits.Sets.Statue_of_Honor": "Ανδριάντας",
    "Kits.Sets.The_Crows_Nest": "Φωλιά του Κορακιού",
    "Kits.Sets.The_Ship": "Κιτ Πλοίου",
    "Kits.Sets.Tholos_of_Idols": "Θόλος Ινδαλμάτων",
    "Kits.Sets.Timeless_Dojo": "Αιώνιο Ντότζο",
    "Kits.Sets.Trader": "Εμπορικό Πλοίο",
    "Kits.Sets.Winners_Plaza": "Πλατεία Νικητών",
    "Kits.Sets.Winter_Spire": "Χειμερινό Κωδωνοστάσιο",
    "Kits.Sets.Winter_Train": "Χειμερινό Τρένο",
    "Kits.Sets.Winter_Village_Set": "Σετ Χειμερινού Χωριού",
    "Kits.Sets.Winterdeco_Set": "Κιτ Χειμερινής Διακόσμησης",
    "Kits.Sets.Worlds_Fair": "Παγκόσμια Έκθεση",
    "Local": "el-GR",
    "Menu.Alerts.Desc": "Δημιουργήστε και διαχειριστείτε υπενθυμίσεις",
    "Menu.Alerts.Title": "Ειδοποιήσεις",
    "Menu.Bluegalaxy.Desc": "Αυτό το εργαλείο προτείνει ποια κτίρια πρέπει να συλλέξετε με τον Μπλέ Γαλαξία σας",
    "Menu.Bluegalaxy.Title": "Βοηθός Μπλέ Γαλαξία",
    "Menu.BottomBar": "Κάτω μέρος",
    "Menu.Box": "Ως κουτί",
    "Menu.Calculator.Desc": "Υπολογίζει όλες τις θέσεις στα Μεγάλα Κτίρια",
    "Menu.Calculator.Title": "Υπολογιστής Κόστους ΜΚ",
    "Menu.Calculator.Warning": "Απενεργοποιημένο: Ανοίξτε πρώτα το Μεγάλο κτίριο ενός άλλου παίκτη!",
    "Menu.Campagne.Desc": "Εμφανίζει πόρους που απαιτούνται για να κατακτηθεί ένας τομέας στον Χάρτη Ηπείρων.",
    "Menu.Campagne.Title": "Επισκόπηση Χάρτη Ηπείρων",
    "Menu.Campagne.Warning": "Απενεργοποιημένο: Επισκεφτείτε πρώτα έναν τομέα (M)!",
    "Menu.Citymap.Desc": "Εμφανίζει ένα σχεδιάγραμμα της πόλης σας",
    "Menu.Citymap.Title": "Επισκόπηση Πόλης",
    "Menu.Dropdown": "Ως πτυσσόμενο προς τα κάτω",
    "Menu.Gildfight.Desc": "Εμφανίζει τρέχουσες και επικείμενες μάχες",
    "Menu.Gildfight.Title": "Εκστρατεία Συντεχνίας",
    "Menu.Gildfight.Warning": "<em id='selectorCalc-Btn-closed' class='tooltip-error'>Ανενεργό: Επισκέψου την ΕΣ πρώτα!</em> ",
    "Menu.GuildMemberStat.Desc": "Στατιστικά μέλους συντεχνίας",
    "Menu.GuildMemberStat.Title": "Επισκόπηση μέλους της συντεχνίας",
    "Menu.GuildMemberStat.Warning": "Φορτώστε την επισκόπηση μελών της Συντεχνίας για να ενεργοποιήσετε τα στατιστικά",
    "Menu.HiddenRewards.Desc": "Εμφανίζει τύπους Περιστατικών, χρόνο παραμονής και τοποθεσίες",
    "Menu.HiddenRewards.Title": "Περιστατικά",
    "Menu.Info.Desc": "Εμφανίζει γεγονότα που συμβαίνουν στο \"παρασκήνιο\".<br><em>Συμπληρώνεται με πληροφορίες ...  </em>",
    "Menu.Info.Title": "Πλαίσιο πληροφοριών",
    "Menu.Investment.Desc": "Λίστα των πιο πρόσφατων επενδύσεών σας",
    "Menu.Investment.Title": "Επενδύσεις FP",
    "Menu.Kits.Desc": "Εμφανίζει όλα τα Σετ κτιρίων, Αναβαθμίσεων και Κιτ επιλογής.",
    "Menu.Kits.Title": "Σετ, Αναβαθμίσεις & Κιτ",
    "Menu.Market.Desc": "Φίλτρο συναλλαγών Αγοράς",
    "Menu.Market.Title": "Φίλτρο Αγοράς",
    "Menu.Market.Warning": "Ανοίξτε πρώτα την Αγορά",
    "Menu.Moppelhelper.Desc": "Σας δείχνει όταν οι φίλοι σας, τα μέλη της συντεχνίας σας ή οι γείτονες σας, επισκέπτονται την πόλη σας για διάφορες ενέργειες",
    "Menu.Moppelhelper.Title": "Βοηθός Κινητοποίησης/Τελειοποίησης",
    "Menu.Negotiation.Desc": "Επιλογή πόρων για επιτυχείς διαπραγματεύσεις.",
    "Menu.Negotiation.Title": "Βοηθός Διαπραγματεύσεων",
    "Menu.Negotiation.Warning": "Απενεργοποιημένο: Ξεκινήστε πρώτα μια διαπραγμάτευση!",
    "Menu.Notice.Desc": "Κρατήστε σημειώσεις για οτιδήποτε δεν θέλετε να ξεχάσετε.",
    "Menu.Notice.Title": "Σημειώσεις",
    "Menu.Notification.Position.bottom-center": "Κάτω μέρος μέση",
    "Menu.Notification.Position.bottom-left": "Κάτω μέρος αριστερά",
    "Menu.Notification.Position.bottom-right": "Κάτω μέρος δεξιά",
    "Menu.Notification.Position.mid-center": "Μέση μέση",
    "Menu.Notification.Position.top-center": "Πάνω μέρος μέση",
    "Menu.Notification.Position.top-left": "Πάνω μέρος αριστερά",
    "Menu.Notification.Position.top-right": "Πάνω μέρος δεξιά",
    "Menu.OutP.Desc": "Εμφανίζει τους πόρους που απαιτούνται (κατά είδος) για την Αποικία σας.",
    "Menu.OutP.DescWarningBuildings": "<em id='outPW' class='tooltip-error'>Απενεργοποιήθηκε: Ξεκινήστε πρώτα μια Αποικία!<br></em>Εμφανίζει τους πόρους που απαιτούνται (ανά στοιχείο) για την Αποικία σας.",
    "Menu.OutP.DescWarningOutpostData": "<em id='outPW' class='tooltip-error'>Απενεργοποιήθηκε: Ξεκινήστε μια Αποικία και φορτώστε ξανά το παιχνίδι (F5)",
    "Menu.OutP.Title": "Επισκόπηση Αποικίας",
    "Menu.OwnpartCalculator.Desc": "Δημιουργήστε πρόγραμμα κατάθεσης πόντων και υπολογίστε τις θέσεις για τα ΜΚ σας",
    "Menu.OwnpartCalculator.Title": "Υπολογιστής ΜΚ",
    "Menu.OwnpartCalculator.Warning": "Απενεργοποιήθηκε: Ανοίξτε πρώτα ένα από τα Μεγάλα Κτίρια σας!",
    "Menu.Productions.Desc": "Εμφανίζει τις τρέχουσες καθημερινές σας παραγωγές.",
    "Menu.Productions.Title": "Επισκόπηση παραγωγής",
    "Menu.RightBar": "Δεξιά",
    "Menu.SaveMessage.Desc": "Η καινούργια σειρά στο μενού, αποθηκεύτηκε",
    "Menu.SaveMessage.Title": "Αποθηκεύτηκε!",
    "Menu.Settings.Desc": "Διαμόρφωση Βοηθού FoE",
    "Menu.Settings.Title": "Ρυθμίσεις",
    "Menu.Stats.Desc": "Εμφανίζει τα στατιστικά του παιχνιδιού για αγαθά, μονάδες, ανταμοιβές, ΠΜΣ",
    "Menu.Stats.Title": "Στατιστικά",
    "Menu.Technologies.Desc": "Δείτε και υπολογίστε το κόστος έρευνας στο Τεχνολογικό Δέντρο",
    "Menu.Technologies.Title": "Τεχνολογικό Δέντρο",
    "Menu.Technologies.Warning": "Απενεργοποιημένο: Ανοίξτε πρώτα το Τεχνολογικό Δέντρο (R)!",
    "Menu.Unit.Desc": "Εμφάνιση της τρέχουσας κατάστασης όλων των στρατιωτικών μονάδων σας",
    "Menu.Unit.Title": "Επισκόπηση στρατιωτικών μονάδων",
    "Menu.Unit.Warning": "Απενεργοποιημένο: Ανοίξτε πρώτα τη διαχείριση στρατού σας (U)!",
    "Menu.fpCollector.Desc": "Εμφανίζει όλους τους συλλεγμένους FP ταξινομημένους ανά τύπο, ημερομηνία, από πού και πόσους.",
    "Menu.fpCollector.Title": "Συλλογή FP",
    "Menu.greatbuildings.Desc": "Ποιό Μεγάλο Κτίριο που παράγει FP θα πρέπει να κάνετε αναβάθμιση στη συνέχεια;",
    "Menu.greatbuildings.Title": "Επένδυση ΜΚ",
    "Quests.CounterTooltip.Content": "Υπάρχει όριο 2000 απορριφθέντων αποστολών ανά ημέρα",
    "Settings.About.Desc": "Το FoE Helper είναι μια δωρεάν επέκταση προγράμματος περιήγησης για το Forge of Empires που αναπτύχθηκε για παίκτες από παίκτες. Το εργαλείο δεν σχετίζεται με την InnoGames.",
    "Settings.About.RatingDesc": "Αν σας αρέσει αυτό που βλέπετε και τι κάνουμε, αφήστε μια καλή κριτική στο Store!",
    "Settings.About.RatingTitle": "Βαθμολογήστε την Επέκταση",
    "Settings.About.Title": "Σχετικά με το FoE Helper",
    "Settings.About.TranslateDesc": "Μπορείτε να βοηθήσετε στη μετάφραση της επέκτασης εγγραφείτε στο εργαλείο μετάφρασης: ",
    "Settings.About.TranslateTitle": "Μετάφραση",
    "Settings.AutoOpenInfoBox.Desc": "Να ανοίξει αυτόματα το Παράθυρο Πληροφοριών κατά την έναρξη του παιχνιδιού;",
    "Settings.AutoOpenInfoBox.Title": "Αυτόματο άνοιγμα του Παράθυρου Πληροφοριών",
    "Settings.AutomaticNegotiation.Desc": "Αυτόματο Άνοιγμα/Κλείσιμο του Βοηθού Διαπραγμάτευσης κατά τη διαπραγμάτευση; Δεν είναι διαθέσιμο στις Μάχες Συντεχνίας.",
    "Settings.AutomaticNegotiation.Title": "Βοηθός διαπραγματεύσεων",
    "Settings.ChangeLanguage.Desc": "Επιλέξτε τη γλώσσα που προτιμάτε από την αναπτυσσόμενη λίστα",
    "Settings.ChangeLanguage.Title": "Αλλαγή Γλώσσας",
    "Settings.Entry.About": "Σχετικά",
    "Settings.Entry.AutoOpenInfoBox": "Παράθυρο Πληροφοριών",
    "Settings.Entry.AutomaticNegotiation": "Βοηθός διαπραγματεύσεων",
    "Settings.Entry.ChangeLanguage": "Γλώσσα",
    "Settings.Entry.ExportSettings": "Εισαγωγή / Εξαγωγή",
    "Settings.Entry.GlobalSend": "Υποβολές",
    "Settings.Entry.Help": "Βοήθεια",
    "Settings.Entry.InfoboxEntryCount": "Πλήθος καταχώρησης στο Infoboard",
    "Settings.Entry.MenuContent": "Περιεχόμενο μενού",
    "Settings.Entry.MenuLength": "Μήκος μενού",
    "Settings.Entry.NotificationsPosition": "Θέση ειδοποίησης",
    "Settings.Entry.NotificationsStack": "Ειδοποίηση στοίβας",
    "Settings.Entry.ResetBoxPositions": "Συντεταγμένες Παράθυρου",
    "Settings.Entry.SelectedMenu": "Θέση μενού",
    "Settings.Entry.Show2kQuestMark": "2k σημείο αποστολών",
    "Settings.Entry.ShowBlueGalaxyHelper": "Μπλέ Γαλαξίας",
    "Settings.Entry.ShowEventChest": "Σεντούκι εκδήλωσης",
    "Settings.Entry.ShowGuildTreasuryLogExport": "Εξαγωγή δεδομένων Θησαυροφυλάκιου Συντεχνίας",
    "Settings.Entry.ShowInvestments": "Επενδύσεις FP",
    "Settings.Entry.ShowMapTradeWarning": "Εμπόδιση Διαπραγμάτευσης",
    "Settings.Entry.ShowMarketFilter": "Φίλτρο Αγοράς",
    "Settings.Entry.ShowNotifications": "Ειδοποιήσεις",
    "Settings.Entry.ShowOwnPartOnAllGBs": "Υπολογιστής ΜΚ",
    "Settings.Entry.ShowPlayersMotivation": "Δραστηριότητα Κινητοποίησης",
    "Settings.Entry.ShowRougeUnitWarning": "Βοηθός μάχης",
    "Settings.Entry.Version": "Έκδοση",
    "Settings.ExportImport.Error": "Μη έγκυρο αρχείο ρυθμίσεων!",
    "Settings.ExportImport.Reload": "Το παιχνίδι θα ανανεωθεί με τις νέες ρυθμίσεις.",
    "Settings.ExportSettings.Desc": "Αποθήκευση και επαναφορά ρυθμίσεων",
    "Settings.ExportSettings.Title": "Αποθήκευση και επαναφορά",
    "Settings.GlobalSend.Desc": "Αν θέλετε να παρακολουθείτε τα δεδομένα με τη Συντεχνία σας, ενεργοποιήστε αυτό το σημείο. <br> Για μια αυτόνομη επέκταση απλώς απενεργοποιήστε.",
    "Settings.GlobalSend.Title": "Μεταφόρτωση / Αποστολή δεδομένων στο foe-helper.com",
    "Settings.Help.Desc": "Υπάρχουν διάφοροι τρόποι για να λάβετε υποστήριξη:",
    "Settings.Help.Discord": "Discord: εγγραφείτε στο κανάλι μας για γενικές συζητήσεις σχετικά με την επέκταση, γενικές συζητήσεις και υποστήριξη.",
    "Settings.Help.Forums": "Φόρουμ: μεταβείτε εδώ για υποστήριξη και υποβολή ιδεών, καθώς και αναφορές σφαλμάτων.",
    "Settings.Help.Github": "GitHub: για περισσότερες τεχνικές αναφορές σφαλμάτων, συγκεκριμένες ιδέες και βοήθεια στην ανάπτυξη.",
    "Settings.Help.Title": "Βοήθεια και Κοινότητα",
    "Settings.Help.Website": "Ιστότοπος: Πληροφορίες σχετικά με την επέκταση και τεκμηρίωση των χαρακτηριστικών της.",
    "Settings.InfoboxEntryCount.Desc": "Πόσα στοιχεία πρέπει να εμφανίζονται και να αποθηκεύονται στο Infoboard; <br> Κενό ή \"0\" σημαίνει άπειρο.",
    "Settings.InfoboxEntryCount.Title": "Πλήθος καταχώρησης στο Infoboard",
    "Settings.MenuContent.Desc": "Ποια κουμπιά θέλετε στο μενού; <br> Πράσινο: εμφάνιση κουμπιού. Κόκκινο: μη εμφάνιση κουμπιού.",
    "Settings.MenuContent.Title": "Μενού Περιεχόμενου",
    "Settings.MenuLength.Desc": "Πόσα στοιχεία ψηλά πρέπει να είναι το μενού; <br> Κενό ή \"0\" σημαίνει αυτόματο ύψος.",
    "Settings.MenuLength.Title": "Ύψος μενού",
    "Settings.NotificationPosition.ToastTestBody": "Αυτή είναι η θέση που έχετε επιλέξει. <br> Προτού δοκιμάσετε την επόμενη θέση, περιμένετε μέχρι να εξαφανιστεί αυτό το μήνυμα.",
    "Settings.NotificationPosition.ToastTestHeader": "Προεπισκόπηση ειδοποίησης",
    "Settings.NotificationsPosition.Desc": "Πού θέλετε να εμφανίζονται οι ειδοποιήσεις στην οθόνη σας;",
    "Settings.NotificationsPosition.Title": "Θέση ειδοποίησης",
    "Settings.NotificationsStack.Desc": "Πόσα μηνύματα πληροφοριών θέλετε να δείτε ταυτόχρονα; Η προεπιλογή είναι το πολύ 4.",
    "Settings.NotificationsStack.Title": "Ειδοποίηση στοίβας",
    "Settings.ResetBoxPositions.Button": "Διαγραφή!",
    "Settings.ResetBoxPositions.Desc": "Να γίνει επαναφορά όλων των συντεταγμένων παραθύρων;",
    "Settings.ResetBoxPositions.Title": "Συντεταγμένες Παραθύρων",
    "Settings.SelectedMenu.Desc": "Επιλέξτε το μενού που προτιμάτε από την αναπτυσσόμενη λίστα (το παιχνίδι θα επαναφορτωθεί αυτόματα)",
    "Settings.SelectedMenu.Title": "Αλλαγή Μενού",
    "Settings.Show2kQuestMark.Desc": "Εμφανίζει ένα μικρό σήμα με έναν μετρητή πόσων αποστολών μπορείτε ακόμα να απορρίψετε.",
    "Settings.Show2kQuestMark.Title": "2000 σημείο αποστολών",
    "Settings.ShowBlueGalaxyHelper.Desc": "Εμφάνιση εργαλείου με προτάσεις συλλογής κτιρίων, μετά από την συλλογή του Μπλέ Γαλαξία",
    "Settings.ShowBlueGalaxyHelper.Title": "Εμφάνιση Βοηθού Μπλέ Γαλαξία",
    "Settings.ShowEventChest.Desc": "Εμφανίζει το πλαίσιο για τις καλύτερες τιμές για μια εκδήλωση",
    "Settings.ShowEventChest.Title": "Εμφάνιση σεντουκιού εκδήλωσης",
    "Settings.ShowGuildTreasuryLogExport.Desc": "Εμφανίζει ένα εργαλείο για την εξαγωγή αρχείων καταγραφής Θησαυροφυλακίου Συντεχνίας σε αρχείο .csv κατά το άνοιγμα του παραθύρου του αρχείου καταγραφής Θησαυροφυλακίου Συντεχνίας",
    "Settings.ShowGuildTreasuryLogExport.Title": "Εμφάνιση εργαλείου εξαγωγής αρχείου καταγραφής Θησαυροφυλακίου Συντεχνίας",
    "Settings.ShowInvestments.Desc": "Εμφάνιση αθροισμάτων των επενδυτικών σας δεδομένων FP κατά την είσοδο στην καρτέλα \"Δημαρχείο\"> \"Ειδήσεις\"> \"Μεγάλα κτίρια\".",
    "Settings.ShowInvestments.Title": "Εμφάνιση ποσών επένδυσης FP",
    "Settings.ShowMapTradeWarning.Desc": "Εμφανίζει ένα πλαίσιο που καλύπτει το κουμπί \"Διαπραγμάτευση\" στις επαρχίες, για την αποφυγή τυχαίας επιλογής ",
    "Settings.ShowMapTradeWarning.Title": "Εμπόδιση Διαπραγμάτευσης",
    "Settings.ShowMarketFilter.Desc": "Εμφανίζει εργαλείο για φιλτράρισμα συναλλαγών κατά το άνοιγμα της Αγοράς.",
    "Settings.ShowMarketFilter.Title": "Εμφάνιση εργαλείου φίλτρου Αγοράς",
    "Settings.ShowNotifications.Desc": "Ο βοηθός χρησιμοποιεί ειδοποιήσεις σε διάφορα μέρη. Μπορείτε να το ενεργοποιήσετε ή να το απενεργοποιήσετε εδώ.",
    "Settings.ShowNotifications.Title": "Ειδοποιήσεις",
    "Settings.ShowOwnPartOnAllGBs.Desc": "Δείχνει τον υπολογιστή ΜΚ και για μεγάλα κτίρια άλλων παικτών",
    "Settings.ShowOwnPartOnAllGBs.Title": "Εμφάνιση Υπολογιστή ΜΚ για όλα τα ΜΚ",
    "Settings.ShowPlayersMotivation.Desc": "Να καταγραφούν οι δραστηριότητες κινητοποίησης όταν καλούνται οι εκδηλώσεις;<br><br><em>Reload game after conversion</em>",
    "Settings.ShowPlayersMotivation.Title": "Δραστηριότητα Κινητοποίησης",
    "Settings.ShowRougeUnitWarning.Desc": "Βάζει ένα κουτί πάνω από το κουμπί \"Επίθεση\" ή \"Αυτόματη Μάχη\" για να αποτρέψετε την ήττα, εάν απομένουν μόνο Κακοποιοί μετά το πρώτο κύμα. <br> Εάν έχουν σκοτωθεί μονάδες της επόμενης εποχής, αυτό το κουτί σας δίνει τη δυνατότητα να τις θεραπεύσετε με διαμάντια.",
    "Settings.ShowRougeUnitWarning.Title": "Εμφάνιση βοήθειες μάχης",
    "Settings.Tab.About": "Σχετικά",
    "Settings.Tab.Boxes": "Παράθυρα",
    "Settings.Tab.Extension": "Γενικά",
    "Settings.Tab.Sending": "Μεταφορά δεδομένων",
    "Settings.Version.Desc": "Τα παρακάτω δεδομένα μπορούν να επιλεγούν για αντιγραφή.",
    "Settings.Version.GuildId": "Αναγνωριστικό Συντεχνίας:",
    "Settings.Version.Link": "<a target='_blank' href='https://foe-helper.com/extension/update?v=__version__&lang=en'  class='game-cursor'>Τελευταία Αναφορά</a>",
    "Settings.Version.PlayerId": "Αναγνωριστικό Παίκτη:",
    "Settings.Version.Title": "Έκδοση",
    "Settings.Version.World": "Κόσμος:",
    "StrategyPoints.BuyableFP": "Αριθμός FP που μπορούν να αγοραστούν με κέρματα.",
    "_Language": "Ελληνικά"
}
