{
    "Boxes.Alerts.Form.Antiques.Auction": "Auction",
    "Boxes.Alerts.Form.Antiques.Cooldown": "Auction Cool-down",
    "Boxes.Alerts.Form.Antiques.Dealer": "Antiques Dealer",
    "Boxes.Alerts.Form.Antiques.Exchange": "Daily Deals",
    "Boxes.Alerts.Form.Battleground": "GBG Provinces",
    "Boxes.Alerts.Form.Body": "Body",
    "Boxes.Alerts.Form.Create": "Create",
    "Boxes.Alerts.Form.CreateAlert": "Create Alert",
    "Boxes.Alerts.Form.CreateAllSectors": "Create for all sectors",
    "Boxes.Alerts.Form.CreateNewAlert": "Create New Alert",
    "Boxes.Alerts.Form.Datetime": "Date &amp; Time",
    "Boxes.Alerts.Form.Delete": "Delete",
    "Boxes.Alerts.Form.Discard": "Discard",
    "Boxes.Alerts.Form.Edit": "Edit",
    "Boxes.Alerts.Form.EditAlert": "Edit Alert",
    "Boxes.Alerts.Form.Expiration": "Opens In",
    "Boxes.Alerts.Form.Expired": "Expired",
    "Boxes.Alerts.Form.Expires": "Expires",
    "Boxes.Alerts.Form.Neighborhood": "Neighborhood",
    "Boxes.Alerts.Form.Persistence": "Persistent",
    "Boxes.Alerts.Form.Persistence.Description": "Should the Alert remain open until the user dismisses or clicks the notification?",
    "Boxes.Alerts.Form.Persistence.Off": "Off",
    "Boxes.Alerts.Form.Persistence.On": "On",
    "Boxes.Alerts.Form.Persistent": "Persistent",
    "Boxes.Alerts.Form.Preset.Now": "Now",
    "Boxes.Alerts.Form.Presets": "Presets",
    "Boxes.Alerts.Form.Preview": "Preview",
    "Boxes.Alerts.Form.Repeat": "Repeat",
    "Boxes.Alerts.Form.Repeat.Every": "or every",
    "Boxes.Alerts.Form.Repeat.Never": "never",
    "Boxes.Alerts.Form.Save": "Save",
    "Boxes.Alerts.Form.Tag": "Tag",
    "Boxes.Alerts.Form.Tag.Description": "Tags can be used to group Alerts (a new notification with a given tag will replace an older notification with the same tag).",
    "Boxes.Alerts.Form.Title": "Title",
    "Boxes.Alerts.Preferences.Auction.Info": "Automatically create a new Alert when I make a bid in the Antiques Dealer.",
    "Boxes.Alerts.Preferences.Auction.Title": "Antiques Dealer Auction",
    "Boxes.Alerts.Preferences.Battlegrounds.Info": "Send an instant Alert when there is a high activity in GBG (for example, 10 fights in a single sector within 5 seconds). Please note that this function works only when the GBG in-game window is opened!",
    "Boxes.Alerts.Preferences.Battlegrounds.Title": "GBG Tracker",
    "Boxes.Alerts.Preferences.ComingSoon": "Coming Soon…  ",
    "Boxes.Alerts.Preferences.Early.Info": "Automatically generated Alert times (Antiques Dealer, GBG etc) will use this offset to send notification before the event actually happens. For example, setting this value to 30 (seconds), Auction Alerts will be displayed 30s before the auction actually ends!",
    "Boxes.Alerts.Preferences.Early.Title": "Notify Early Offset",
    "Boxes.Alerts.Preferences.InGame.Info": "Show in-game notification instead of the native Desktop notification when the game window is focused.",
    "Boxes.Alerts.Preferences.InGame.Title": "In-game Notifications",
    "Boxes.Alerts.Preferences.MenuIcon.Info": "Show the next Alert countdown as an overlay of the Main Menu icon",
    "Boxes.Alerts.Preferences.MenuIcon.Title": "Main Menu Countdown",
    "Boxes.Alerts.Preferences.Start.Info": "Display a list of Alerts which expired while offline (since the game window was closed)",
    "Boxes.Alerts.Preferences.Start.Title": "Expired Alert Summary at Start",
    "Boxes.Alerts.Preferences.Suggestions.Info": "Display Alert suggestions (for example, when clicking on a GBG sector, or collecting a building production)",
    "Boxes.Alerts.Preferences.Suggestions.Title": "Alert Suggestions",
    "Boxes.Alerts.Tabs.Alerts": "Alerts",
    "Boxes.Alerts.Tabs.Preferences": "Preferences",
    "Boxes.Alerts.Time.15m": "15m",
    "Boxes.Alerts.Time.1d": "1d",
    "Boxes.Alerts.Time.1h": "1h",
    "Boxes.Alerts.Time.1m": "1m",
    "Boxes.Alerts.Time.4h": "4h",
    "Boxes.Alerts.Time.5m": "5m",
    "Boxes.Alerts.Time.8h": "8h",
    "Boxes.Alerts.Title": "Alerts",
    "Boxes.AztecMiniGame.Description": "the greener, the higher the chance for a hit:",
    "Boxes.AztecMiniGame.Title": "Aztec Helper",
    "Boxes.BattleAssist.Text.NextEra": "You have lost a higher era unit (above you current era). However you still have the chance to heal them with diamonds!",
    "Boxes.BattleAssist.Text.Rogue": "Your army has only Rogues remining. Either heal units using diamonds or retreat!",
    "Boxes.BattleAssist.Title": "Warning!",
    "Boxes.BetterMusic.Auto": "Autoplay",
    "Boxes.BetterMusic.Battle": "Battle",
    "Boxes.BetterMusic.Colony": "Colony",
    "Boxes.BetterMusic.CurrentEra": "play only current era",
    "Boxes.BetterMusic.EventT": "allow event trigger",
    "Boxes.BetterMusic.Finish": "let titles finish",
    "Boxes.BetterMusic.GBG": "Battlegrounds",
    "Boxes.BetterMusic.GE": "Expedition",
    "Boxes.BetterMusic.GeneralSettings": "General Settings",
    "Boxes.BetterMusic.GvG": "Guild vs Guild",
    "Boxes.BetterMusic.IgnoreEra": "ignore era",
    "Boxes.BetterMusic.IgnoreSettlement": "ignore settlement type",
    "Boxes.BetterMusic.InCity": "In City",
    "Boxes.BetterMusic.InColony": "In Colony",
    "Boxes.BetterMusic.Main": "Main City",
    "Boxes.BetterMusic.Map": "Map",
    "Boxes.BetterMusic.PvPT": "allow pvp trigger",
    "Boxes.BetterMusic.SceneSettings": "Scene Settings",
    "Boxes.BetterMusic.Scenes": "Select, which titles are allowed in which respective scene",
    "Boxes.BetterMusic.Settlement": "Settlement",
    "Boxes.BetterMusic.TavernT": "allow tavern trigger",
    "Boxes.BetterMusic.Title": "Background Music",
    "Boxes.BetterMusic.TitleName": "Title name",
    "Boxes.BetterMusic.TitleSettings": "Title Settings",
    "Boxes.BetterMusic.ToEra": "play up to current era",
    "Boxes.BetterMusic.Transition": "Transition between titles",
    "Boxes.BetterMusic.Volume": "Volume",
    "Boxes.BlueGalaxy.Building": "Building",
    "Boxes.BlueGalaxy.Done": "Done",
    "Boxes.BlueGalaxy.DoneIn": "Done in",
    "Boxes.BlueGalaxy.DoneProductionsTitle": "Suggestion: Collect these buildings",
    "Boxes.BlueGalaxy.EstimatedBonus": "Estimated bonus: __FP__ FPs and __Goods__ goods",
    "Boxes.BlueGalaxy.FP": "FPs",
    "Boxes.BlueGalaxy.Goods": "Goods",
    "Boxes.BlueGalaxy.GoodsPerFP": "1 FP equals __goods__ goods",
    "Boxes.BlueGalaxy.GoodsValue": "Rating value of 1 good (in FP)",
    "Boxes.BlueGalaxy.NoChargesLeft": "No BG attempts remain!",
    "Boxes.BlueGalaxy.NoProductionsDone": "There are no finished FP productions",
    "Boxes.BlueGalaxy.TTGoodsValue": "This value is used for ranking buildings producing goods. How many FP is one good worth to you?",
    "Boxes.BlueGalaxy.Title": "Blue Galaxy Helper",
    "Boxes.BonusService.aid_goods": "Amount of Aides from Truce Tower left",
    "Boxes.BonusService.diplomatic_gifts": "Number of Diplomatic Gifts attempts remaining.",
    "Boxes.BonusService.donequests": "Shows finished quests",
    "Boxes.BonusService.first_strike": "Number of First Strikes remaining.",
    "Boxes.BonusService.missile_launch": "Number of Missile Launches remaining.",
    "Boxes.BonusService.spoils_of_war": "Number of Spoils of War attempts remaining.",
    "Boxes.Calculator.ActiveRecurringQuest": "Active Recurring Quest (RQs):",
    "Boxes.Calculator.ArkBonus": "Current Arc Bonus",
    "Boxes.Calculator.AvailableFP": "Available FP Packs",
    "Boxes.Calculator.BPs": "BPs",
    "Boxes.Calculator.Commitment": "Cost",
    "Boxes.Calculator.Done": "done",
    "Boxes.Calculator.FP": "FP",
    "Boxes.Calculator.FriendlyInvestment": "Investing at:",
    "Boxes.Calculator.HelpLink": "https://foe-helper.com/docs/en/cost-calculator/",
    "Boxes.Calculator.LGNotConnected": "This GB is not connected to a road.",
    "Boxes.Calculator.LGNotOpen": "This GB's next level is currently LOCKED.",
    "Boxes.Calculator.LevelWarning": "Warning! Levelling this GB!",
    "Boxes.Calculator.MaxLevel": "Max level",
    "Boxes.Calculator.Meds": "Meds",
    "Boxes.Calculator.Profit": "Difference",
    "Boxes.Calculator.Settings.Save": "Save",
    "Boxes.Calculator.Settings.newValue": "New Value",
    "Boxes.Calculator.Step": "Level ",
    "Boxes.Calculator.TTForderCosts": "Cost = __nettoreward__ <small>(Net Reward)</small> X __forderfactor__% <small>(Your invest)</small> = __costs__",
    "Boxes.Calculator.TTForderFPStockLow": "ATTENTION: Not enough FP Packs in stock!<br>You only have __fpstock__ of __costs__FP<br>That is __tooless__FPs too few",
    "Boxes.Calculator.TTForderNegativeProfit": "Spot is not safe. __fpcount__ additional FPs must be added.<br>Total to make spot safe: __totalfp__ FPs",
    "Boxes.Calculator.TTLevelWarning": "Adding __fpcount__ FPs too many!<br>Maximum investment: __totalfp__ FPs",
    "Boxes.Calculator.TTLoss": "Reward = __nettoreward__ <small>(Net Reward)</small> X __arcfactor__% <small>(Arc Bonus)</small> = __bruttoreward__<br>Cost: __costs__ - Place locked at: __safe__<br>Loss = __costs__ <small>(Cost)</small> - __bruttoreward__ <small>(Reward)</small> = __loss__",
    "Boxes.Calculator.TTLossSelf": "Reward = __nettoreward__ <small>(Net Reward)</small> X  __arcfactor__% <small>(Arc Bonus)</small> = __bruttoreward__<br>Paid: __paid__<br>Loss = __paid__ <small>(Paid)</small> - __bruttoreward__ <small>(Reward)</small> = __loss__",
    "Boxes.Calculator.TTPaidTooLess": "You paid __paid__ FPs instead of __topay__ FPs. That is __tooless__FPs too few.",
    "Boxes.Calculator.TTPaidTooMuch": "You paid __paid__ FPs instead of __topay__ FPs. That is __toomuch__FP too many.",
    "Boxes.Calculator.TTProfit": "Reward = __nettoreward__ <small>(Net Reward)</small> X __arcfactor__% <small>(Arc Bonus)</small> = __bruttoreward__<br>Cost: __costs__ - Place locked at: __safe__<br>Profit = __bruttoreward__ <small>(Reward)</small> - __costs__ <small>(Cost)</small> = __profit__",
    "Boxes.Calculator.TTProfitSelf": "Reward = __nettoreward__ <small>(Net Reward)</small> X __arcfactor__% <small>(Arc Bonus)</small> = __bruttoreward__<br>Paid: __paid__<br>Profit = __bruttoreward__ <small>(Reward)</small> - __paid__ <small>(Paid)</small> = __profit__",
    "Boxes.Calculator.Title": "GB Cost Calculator",
    "Boxes.Calculator.Up2LevelUp": "Remaining FPs to level",
    "Boxes.Campagne.AlreadyDone": " Already conquered! Well done :)",
    "Boxes.Campagne.DescInStock": "In Stock",
    "Boxes.Campagne.DescRequired": "Required",
    "Boxes.Campagne.DescStillMissing": "<span style='color:#29b206'>Remaining</span> / <span style='color:#ff4040'>Needed</span>",
    "Boxes.Campagne.Resource": "Resource Item",
    "Boxes.Campagne.Reward": "Rewards ",
    "Boxes.Campagne.Title": "Sector Resource Costs ",
    "Boxes.Castle.AntiqueDealer": "Antique dealer",
    "Boxes.Castle.AuctionsWon": "Auctions won",
    "Boxes.Castle.Battle": "Battle",
    "Boxes.Castle.Battles": "Battles",
    "Boxes.Castle.CastlePoints": "Castle points",
    "Boxes.Castle.Challenge": "Challenge",
    "Boxes.Castle.Daily": "Daily",
    "Boxes.Castle.DailyCastlePoints": "Daily castle points",
    "Boxes.Castle.DailyChallenge": "Daily Challenge",
    "Boxes.Castle.Days": "days",
    "Boxes.Castle.Gex": "GEX",
    "Boxes.Castle.GexLastOfSections": "GEX Main Encounters",
    "Boxes.Castle.Level": "Level",
    "Boxes.Castle.Log": "Log",
    "Boxes.Castle.LogDuration": "Log duration",
    "Boxes.Castle.Negotiation": "Negotiation",
    "Boxes.Castle.Negotiations": "Negotiations",
    "Boxes.Castle.Overview": "Overview",
    "Boxes.Castle.Progress": "Progress",
    "Boxes.Castle.SevenDayChallenge": "7-Day Challenge",
    "Boxes.Castle.ShopAntiqueDealer": "Shop antique dealer",
    "Boxes.Castle.ShowGroupNames": "show group names",
    "Boxes.Castle.Time": "Time",
    "Boxes.Castle.Title": "Castle System",
    "Boxes.Castle.Type": "Type",
    "Boxes.Castle.Unknown": "Unknown",
    "Boxes.Castle.VisitAntiqueDealerWarning": "Open the antique dealer to update the data.",
    "Boxes.Castle.VisitCastleWarning": "Open the castle overview to update the data.",
    "Boxes.Castle.VisitGexWarning": "Open the Gex overview to update the data.",
    "Boxes.CityMap.CavalierPerspecitve": "Side View",
    "Boxes.CityMap.CopyMetaInfos": "Copy citymap data",
    "Boxes.CityMap.Desc1": "To plan your city, we need to send your data to foe-helper.com. You can then let off steam there. <br>If you don't have an account there yet, your basic data will be sent along with this transmission. You can then register your account on the website.",
    "Boxes.CityMap.FilterBuildings": "Search Building",
    "Boxes.CityMap.FreeArea": "Available Squares: ",
    "Boxes.CityMap.HighlightOldBuildings": "Highlight lower Era buildings",
    "Boxes.CityMap.NormalPerspecitve": "Top View",
    "Boxes.CityMap.OlderThan1Era": " are 1 Age behind",
    "Boxes.CityMap.OlderThan2Era": " are 2 Ages behind",
    "Boxes.CityMap.OlderThan3Era": " are 3 Ages behind",
    "Boxes.CityMap.OlderThan4Era": " are 4+ Ages behind",
    "Boxes.CityMap.ShowSubmitBox": "Show Submit box",
    "Boxes.CityMap.OutpostSubmit": "Submit to City-Planner",
    "Boxes.CityMap.Submit": "Submit",
    "Boxes.CityMap.SubmitError": "Your city data could not be sent to the server. Please report this error directly to ",
    "Boxes.CityMap.SubmitErrorHeader": "Error occurred",
    "Boxes.CityMap.SubmitSuccess": "Data was successfully Uploaded...  Now visit ",
    "Boxes.CityMap.SubmitSuccessHeader": "Transmitted",
    "Boxes.CityMap.TitleSend": "Submit Data",
    "Boxes.CityMap.ToastBodyCopyData": "Your city data is now on the clipboard",
    "Boxes.CityMap.ToastHeadCopyData": "Copied!",
    "Boxes.CityMap.WholeArea": "Total Squares: ",
    "Boxes.CityMap.YourCity": "Your City",
    "Boxes.CityMap.clan_power_production": "Guild Power production",
    "Boxes.CityMap.culture": "Cultural Buildings",
    "Boxes.CityMap.decoration": "Decorations",
    "Boxes.CityMap.generic_building": "Other Buildings",
    "Boxes.CityMap.goods": "Goods Buildings",
    "Boxes.CityMap.greatbuilding": "Great Buildings",
    "Boxes.CityMap.main_building": "Town Hall",
    "Boxes.CityMap.military": "Military Buildings",
    "Boxes.CityMap.production": "Production Buildings",
    "Boxes.CityMap.random_production": "Random Productions",
    "Boxes.CityMap.residential": "Residential Buildings",
    "Boxes.CityMap.street": "Roads",
    "Boxes.CityMap.tower": "Towers",
    "Boxes.Citymap.Efficiency": "Efficiency",
    "Boxes.CloseBox.AutoHideOnBattle": "Auto hide all on battle",
    "Boxes.CloseBox.Automation": "Automation",
    "Boxes.CloseBox.BoxAlignment": "Box alignment",
    "Boxes.CloseBox.ButtonSize": "Button size",
    "Boxes.CloseBox.CloseAllButton": "Close all Button",
    "Boxes.CloseBox.ExcludeFromClosing": "Exclude from closing",
    "Boxes.CloseBox.HideAllButton": "Hide all button",
    "Boxes.CloseBox.Horizontal": "horizontal",
    "Boxes.CloseBox.Title": "Title",
    "Boxes.CloseBox.Vertical": "vertical",
    "Boxes.CloseBox.View": "View",
    "Boxes.DBExport.Compression": "compression",
    "Boxes.DBExport.Description": "Description",
    "Boxes.DBExport.Export": "Export",
    "Boxes.DBExport.ExportData": "export data",
    "Boxes.DBExport.Import": "Import",
    "Boxes.DBExport.ImportDescription": "Click here or drag an exported JSON file / Zip archive into this field to import the data.",
    "Boxes.DBExport.ImportFileError": "This file cannot be processed or is not in the correct format.",
    "Boxes.DBExport.ImportPartlySuccessful": "The import was completed with errors. Please reload the game.",
    "Boxes.DBExport.ImportSuccessful": "The import was completed successfully. Please reload the game.",
    "Boxes.DBExport.LocalSettings": "Local settings",
    "Boxes.DBExport.Records": "Records",
    "Boxes.DBExport.ReloadPage": "Reload Page",
    "Boxes.DBExport.Tables": "Tables",
    "Boxes.DBExport.Title": "Data Export/Import Tool",
    "Boxes.DBExport.Type": "Type",
    "Boxes.DBExport.WrongDBPlayerID": "The player ID of the DB to be imported does not match the current account.",
    "Boxes.DBExport.WrongDBWorld": "The world of the DB to be imported does not match the current account.",
    "Boxes.Discord.Title": "???",
    "Boxes.EventChests.Chance": "Chance",
    "Boxes.EventChests.Cost": "Costs",
    "Boxes.EventChests.CostPerPrize": "Cost/Prize",
    "Boxes.EventChests.CostPerStep": "Cost/Step",
    "Boxes.EventChests.MainPrize": "Main Prize",
    "Boxes.EventChests.MainPrizeTitle": "Daily Special: ",
    "Boxes.EventChests.Steps": "Steps",
    "Boxes.EventChests.Title": "Event Chest Selection Helper",
    "Boxes.FPCollector.antiquesDealer": "Antiques Dealerr",
    "Boxes.FPCollector.archeology_event": "Archeology Event",
    "Boxes.FPCollector.auto_collect": "Automatic collection",
    "Boxes.FPCollector.battlegrounds_conquest": "GBG (after negotiation or fight)",
    "Boxes.FPCollector.card_duel": "Card Duel",
    "Boxes.FPCollector.carnival_event": "Carnival Event",
    "Boxes.FPCollector.castle_system_daily_reward_chest": "Castle System daily reward",
    "Boxes.FPCollector.chest": "GE reward",
    "Boxes.FPCollector.collectReward": "Reward",
    "Boxes.FPCollector.dailyChallenges": "Daily Challenge",
    "Boxes.FPCollector.diplomaticGifts": "Space Carrier - Diplomatic Gift",
    "Boxes.FPCollector.double_collection": "Blue Galaxy (x2)",
    "Boxes.FPCollector.event": "Event",
    "Boxes.FPCollector.fall_event": "Fall Event",
    "Boxes.FPCollector.forge_ages_event": "Anniversary Event",
    "Boxes.FPCollector.forge_bowl_event": "Forge-Bowl-Event",
    "Boxes.FPCollector.FP": " FP's",
    "Boxes.FPCollector.grand_prize": "Grandprize",
    "Boxes.FPCollector.Guildexpedition": "Guildexpedition",
    "Boxes.FPCollector.guildExpedition": "GE Relic",
    "Boxes.FPCollector.Guildfights": "Guild Battles",
    "Boxes.FPCollector.halloween_event": "Halloween Event",
    "Boxes.FPCollector.hiddenReward": "Hidden Reward",
    "Boxes.FPCollector.league_reward": "League Reward",
    "Boxes.FPCollector.may_day_event": "May Day Event",
    "Boxes.FPCollector.NoEntriesFound": "No entries found yet…",
    "Boxes.FPCollector.pickupProduction": "Town Building Collection",
    "Boxes.FPCollector.plunderReward": "Plunder Reward",
    "Boxes.FPCollector.pvp_arena": "PVP Arena",
    "Boxes.FPCollector.reward_calendar": "Calendar",
    "Boxes.FPCollector.reward_calendar_completion": "Calendar Completion",    
    "Boxes.FPCollector.satDown": "Tavern Visit",
    "Boxes.FPCollector.shards": "Flying Island - Shards",
    "Boxes.FPCollector.soccer_cup_event": "Soccer Cup Event",
    "Boxes.FPCollector.spoilsOfWar": "Himeji Castle (Spoils of War)",
    "Boxes.FPCollector.spring_event": "Spring Event",
    "Boxes.FPCollector.st_patricks_event": "St. Patrick's Day Event",
    "Boxes.FPCollector.summer_event": "Summer Event",
    "Boxes.FPCollector.task_reward": "Task Reward",
    "Boxes.FPCollector.Total": "Total Collected:",
    "Boxes.FPCollector.wildlife_event": "Wildpark-Event",
    "Boxes.FPCollector.winter_event": "Winter-Event",
    "Boxes.General.Export": "Export",
    "Boxes.General.ExportCSV": "Export as CSV",
    "Boxes.General.ExportJSON": "Export as jSON",
    "Boxes.General.Save": "Save",
    "Boxes.GexStat.CompareLast": "compare last",
    "Boxes.GexStat.Course": "Course",
    "Boxes.GexStat.DeleteDataOlderThan": "delete data older than",
    "Boxes.GexStat.Encounters": "Encounters",
    "Boxes.GexStat.ExportLast": "export last",
    "Boxes.GexStat.General": "General",
    "Boxes.GexStat.Gex": "GE",
    "Boxes.GexStat.Level": "level",
    "Boxes.GexStat.Member": "member",
    "Boxes.GexStat.MemberParticipation": "Member participation",
    "Boxes.GexStat.Never": "never",
    "Boxes.GexStat.Participant": "Participant",
    "Boxes.GexStat.ParticipationNoData": "No data available!<br />Please visit the guild expedition contribution page in the guild expedition overview to update the data.",
    "Boxes.GexStat.Player": "Player",
    "Boxes.GexStat.Points": "Points",
    "Boxes.GexStat.Rank": "rank",
    "Boxes.GexStat.Ranking": "Ranking",
    "Boxes.GexStat.ResultsNoData": "No data available!<br />Please visit the results page of the guild expedition overview to update the data.",
    "Boxes.GexStat.Rounds": "rounds",
    "Boxes.GexStat.Save": "Save",
    "Boxes.GexStat.ShowAxisLabel": "show axis label",
    "Boxes.GexStat.Title": "GE Statistics",
    "Boxes.GexStat.Week": "week",
    "Boxes.GexStat.Weeks": "weeks",
    "Boxes.GreatBuildings.ArcBonus": "Friendly invest",
    "Boxes.GreatBuildings.Attack": "% Attack",
    "Boxes.GreatBuildings.AttackPerFP": "1 FP equals __percent__% bonus for attacking army",
    "Boxes.GreatBuildings.AttackValue": "Rating value of 1% bonus for attacking army (in FP)",
    "Boxes.GreatBuildings.BreakEven": "Break even in",
    "Boxes.GreatBuildings.BreakEvenTT": "It will take __days__ days until the investment of __costs__ FP has been returned with a daily production of __fpproduction__ FP/day",
    "Boxes.GreatBuildings.BreakEvenTTAttack": "It will take __days__ days until the investment of __costs__ FP has been returned with a daily production of __fpproduction__ FP/day and __attackproduction__ % attack bonus (equals __attackproduction__ * __attackvalue__ = __attackproductionvalue__ FP/day)",
    "Boxes.GreatBuildings.BreakEvenTTGoods": "It will take __days__ days until the investment of __costs__ FP has been returned with a daily production of __fpproduction__ FP/day and __goodsproduction__ goods/day (equals __goodsproduction__ * __goodsvalue__ = __goodsproductionvalue__ FP/day)",
    "Boxes.GreatBuildings.BreakEvenTTGoodsAttack": "It will take __days__ days until the investment of __costs__ FP has been returned with a daily production of __fpproduction__ FP/day, __goodsproduction__ goods/day (equals __goodsproduction__ * __goodsvalue__ = __goodsproductionvalue__ FP/day) and __attackproduction__ % attack bonus (equals __attackproduction__ * __attackvalue__ = __attackproductionvalue__ FP/day)",
    "Boxes.GreatBuildings.BreakEvenUnit": "__days__ days",
    "Boxes.GreatBuildings.Costs": "Costs",
    "Boxes.GreatBuildings.DailyFP": "Daily FP",
    "Boxes.GreatBuildings.DailyGoods": "Daily goods",
    "Boxes.GreatBuildings.FPCostGoods": "FP costs for goods",
    "Boxes.GreatBuildings.FPPerTile": "New buildings: Daily FP/tile of replaced buildings",
    "Boxes.GreatBuildings.GoodsPerFP": "1 FP equals __goods__ goods",
    "Boxes.GreatBuildings.GoodsValue": "Rating value of 1 __eraname__ good (in FP)",
    "Boxes.GreatBuildings.GreatBulding": "Great Building",
    "Boxes.GreatBuildings.HelpLink": "https://foe-helper.com/docs/en/gb-investments/",
    "Boxes.GreatBuildings.HideNewGBs": "Hide GBs not built",
    "Boxes.GreatBuildings.Level": "Level",
    "Boxes.GreatBuildings.NewGBCostsTT": "Includes good costs to build the GB valued at __goodcosts__ FPs",
    "Boxes.GreatBuildings.NewGBFPProductionTT": "__tiles__ * __fppertile__ = __opcost__ FPs have been subtracted. This is lost by removing other FP producing buildings to make space for __tiles__ tiles to build the GB.",
    "Boxes.GreatBuildings.RewardPerDay": "Arc: FP Rewards/day from other players",
    "Boxes.GreatBuildings.ShowAttack": "Consider attack bonus",
    "Boxes.GreatBuildings.ShowGoods": "Consider goods production",
    "Boxes.GreatBuildings.SuggestionDescription": "GBs at the top of the list are best value",
    "Boxes.GreatBuildings.SuggestionTitle": "FP GB ROI compared",
    "Boxes.GreatBuildings.TTAttackValue": "This value is used for ranking buildings providing attack or defense bonus for the attacking army. How many FP is 1% of either attack or defense boost worth to you?",
    "Boxes.GreatBuildings.TTFPPerTile": "How many daily FPs per tile are lost for making space for new GBs? Example: You are removing some Shrines of Knowledge to build a GB => 1FP/5 tiles = 0.2FP/tile",
    "Boxes.GreatBuildings.TTGoodCosts": "GB not yet built. This is the FP costs for buying the required goods",
    "Boxes.GreatBuildings.TTGoodCostsColumn": "Lists the FP costs for buying the required goods (applies only to GBs you have not yet built)",
    "Boxes.GreatBuildings.TTGoodsValue": "This value is used for ranking goods producing buildings. How many FP is one good worth to you?",
    "Boxes.GreatBuildings.TTRewardPerDay": "Optional: How many FP rewards do you get per day? This information is used to calculate profitability for further Arc levels. To get a suggestion go to: Town Hall > News > Event History and scroll through all pages",
    "Boxes.GreatBuildings.Title": "GB Investment Overview",
    "Boxes.GuildFights.Copy": "Copy",
    "Boxes.GuildFights.CopyToClipBoard.Desc": "Attack times for the selected province have been copied.",
    "Boxes.GuildFights.CopyToClipBoard.Title": "Copied!",
    "Boxes.GuildFights.Count": "in",
    "Boxes.GuildFights.Date": "Date",
    "Boxes.GuildFights.DeleteAlert": "Delete Alert",
    "Boxes.GuildFights.DeleteMessage.Desc": "The Alert for province __provinceName__ has been deleted!",
    "Boxes.GuildFights.DeleteMessage.Title": "Deleted!",
    "Boxes.GuildFights.Fights": "Fights",
    "Boxes.GuildFights.LastSnapshot": " - Last snapshot: __time__ ago",
    "Boxes.GuildFights.Negotiations": "Negotiations",
    "Boxes.GuildFights.NoOwner": "No owner yet",
    "Boxes.GuildFights.OpenMap": "Map",
    "Boxes.GuildFights.Owner": "Owner",
    "Boxes.GuildFights.Player": "Guild Member",
    "Boxes.GuildFights.Progress": "Progress",
    "Boxes.GuildFights.ProgressFilterDesc": "Filters all members with existing new progress.",
    "Boxes.GuildFights.Province": "Province",
    "Boxes.GuildFights.SaveAlert": "Province __provinceName__ unlocks",
    "Boxes.GuildFights.SaveMessage.Desc": "The Alert for __provinceName__ was saved!",
    "Boxes.GuildFights.SaveMessage.Title": "Saved!",
    "Boxes.GuildFights.SaveSettings": "Save",
    "Boxes.GuildFights.SetAlert": "Set Alert",
    "Boxes.GuildFights.ShowAdjacentSectors": "Show only adjacent sectors countdowns",
    "Boxes.GuildFights.ShowLogButton": "show snapshot log button",
    "Boxes.GuildFights.ShowOwner": "Show Guilds",
    "Boxes.GuildFights.ShowOwnSectors": "Show own sector countdowns",
    "Boxes.GuildFights.ShowProgressFilter": "show progress filter",
    "Boxes.GuildFights.ShowRoundSelector": "show GBG round selector",
    "Boxes.GuildFights.SnapshotLog": "Snapshot Log",
    "Boxes.GuildFights.Time": "at",
    "Boxes.GuildFights.Title": "GBG Overview",
    "Boxes.GuildFights.Total": "Total",
    "Boxes.GuildMemberStat.AutoStartOnUpdate": "open overview after update",
    "Boxes.GuildMemberStat.Available": "available",
    "Boxes.GuildMemberStat.Battles": "Battles",
    "Boxes.GuildMemberStat.CalendarWeek": "calendar week",
    "Boxes.GuildMemberStat.ChangeView": "Change view",
    "Boxes.GuildMemberStat.ConfirmNo": "No",
    "Boxes.GuildMemberStat.ConfirmYes": "Yes",
    "Boxes.GuildMemberStat.Date": "Date",
    "Boxes.GuildMemberStat.Days": "days",
    "Boxes.GuildMemberStat.DeleteDataWarning": "If you delete previously recorded data, they cannot be retrieved.",
    "Boxes.GuildMemberStat.DeleteExMembersAfter": "delete ex-member after",
    "Boxes.GuildMemberStat.DeleteGBGRound": "delete GBG round",
    "Boxes.GuildMemberStat.DeleteInactivityWarning": "delete inactivity warning",
    "Boxes.GuildMemberStat.EndDate": "Enddate",
    "Boxes.GuildMemberStat.EraTreasuryGoods": "in stock treasury goods of the era",
    "Boxes.GuildMemberStat.Eras": "Eras",
    "Boxes.GuildMemberStat.FpForLevelUp": "FP to level up",
    "Boxes.GuildMemberStat.FpInvested": "invested FP",
    "Boxes.GuildMemberStat.GBFRound": "GBG Round",
    "Boxes.GuildMemberStat.GEXWeek": "GE Week",
    "Boxes.GuildMemberStat.GbgParticipation": "GBG participation",
    "Boxes.GuildMemberStat.GexGbgDateFormat": "GE/GBG date format",
    "Boxes.GuildMemberStat.GexParticipation": "GE participation",
    "Boxes.GuildMemberStat.GotIt": "I Got it!",
    "Boxes.GuildMemberStat.GreatBuildings": "Great Buildings",
    "Boxes.GuildMemberStat.GuildBuildingNotification": "Visit your members towns to update the building statistic.",
    "Boxes.GuildMemberStat.GuildBuildings": "Guild Buildings",
    "Boxes.GuildMemberStat.GuildGoods": "Treasury Goods",
    "Boxes.GuildMemberStat.GuildMembers": "Guild Members",
    "Boxes.GuildMemberStat.GuildMessages": "Number of messages in the guild message center",
    "Boxes.GuildMemberStat.GuildPower": "Guild Power",
    "Boxes.GuildMemberStat.GuildSupportBuildings": "Guild supporting buildings",
    "Boxes.GuildMemberStat.GuildTreasuryNotification": "Visit tab Treasury in the guild profile to update treasury goods of your guild.",
    "Boxes.GuildMemberStat.Inactivity": "Inactivity",
    "Boxes.GuildMemberStat.Instantly": "instantly",
    "Boxes.GuildMemberStat.LastUpdate": "last update",
    "Boxes.GuildMemberStat.Level": "Level",
    "Boxes.GuildMemberStat.MaxLevel": "max. level",
    "Boxes.GuildMemberStat.Member": "Member",
    "Boxes.GuildMemberStat.MemberActiviy": "Member activity",
    "Boxes.GuildMemberStat.MemberLeavedGuild": "Player is no longer in your guild.",
    "Boxes.GuildMemberStat.MemberWithoutGB": "Members without __greatbuilding__",
    "Boxes.GuildMemberStat.MinLevel": "min. level",
    "Boxes.GuildMemberStat.Negotiations": "Negotiations",
    "Boxes.GuildMemberStat.Never": "never",
    "Boxes.GuildMemberStat.Points": "Points",
    "Boxes.GuildMemberStat.ProducedTreasuryGoods": "produced by guild buildings",
    "Boxes.GuildMemberStat.Rank": "Rank",
    "Boxes.GuildMemberStat.ResetMessageCounter": "reset message counter",
    "Boxes.GuildMemberStat.Search": "Search",
    "Boxes.GuildMemberStat.ShowBattlesWon": "show battle points",
    "Boxes.GuildMemberStat.ShowDeletedMembers": "show ex-members",
    "Boxes.GuildMemberStat.ShowSearchbar": "show searchbar",
    "Boxes.GuildMemberStat.ShowZeroValues": "show 0-values (GE/GBG)",
    "Boxes.GuildMemberStat.StartDate": "start date",
    "Boxes.GuildMemberStat.Title": "Guild Member Overview",
    "Boxes.GuildMemberStat.TotalGuildGoods": "Total of all goods",
    "Boxes.GuildMemberStat.TotalGuildPower": "Total Guild Power",
    "Boxes.GuildMemberStat.TreasuryGoods": "Treasury Goods",
    "Boxes.GuildMemberStat.UnlockedLevel": "Unlocked level",
    "Boxes.GvGMap.Action.Drag": "Drag",
    "Boxes.GvGMap.Action.Edit": "Edit",
    "Boxes.GvGMap.Action.Zoom": "Zoom",
    "Boxes.GvGMap.Guild.Name": "Guild",
    "Boxes.GvGMap.Guild.Power": "Power",
    "Boxes.GvGMap.Guild.Sectors": "Sectors",
    "Boxes.GvGMap.Guilds": "Guilds",
    "Boxes.GvGMap.Log": "Log",
    "Boxes.GvGMap.Log.Explanation": "This log is filled with actions that occur while you are active on the GvG map. The information will (currently) not be saved. You can filter it by anything: a sector number, a guild name, an action, your own nickname.",
    "Boxes.GvGMap.Log.Info": "Info",
    "Boxes.GvGMap.Log.NPC": "NPC",
    "Boxes.GvGMap.Log.Sector": "Sector",
    "Boxes.GvGMap.Log.UnknownGuild": "Unknown Guild",
    "Boxes.GvGMap.Log.clan_defeated": "Guild defeated",
    "Boxes.GvGMap.Log.defender_damaged": "Defender damaged",
    "Boxes.GvGMap.Log.defender_defeated": "Defender defeated",
    "Boxes.GvGMap.Log.defender_deployed": "Defender deployed",
    "Boxes.GvGMap.Log.defender_replaced": "Defender replaced",
    "Boxes.GvGMap.Log.headquarter_placed": "HQ placed",
    "Boxes.GvGMap.Log.sector_conquered": "Sector conquered",
    "Boxes.GvGMap.Log.sector_independence_granted": "Freedom granted",
    "Boxes.GvGMap.Log.sector_slot_unlocked": "Slot unlocked",
    "Boxes.GvGMap.Log.siege_damaged": "Siege damaged",
    "Boxes.GvGMap.Log.siege_defeated": "Siege defeated",
    "Boxes.GvGMap.Log.siege_deleted": "Siege deleted",
    "Boxes.GvGMap.Log.siege_deployed": "Siege deployed",
    "Boxes.GvGMap.Sector.Coords": "Coords",
    "Boxes.GvGMap.Sector.Hitpoints": "Hitpoints",
    "Boxes.GvGMap.Sector.Power": "Power",
    "Boxes.GvGMap.Sector.Protected": "Sector is protected",
    "Boxes.GvGMap.Sector.Terrain": "Terrain",
    "Boxes.GvGMap.Sector.Terrain_beach": "beach",
    "Boxes.GvGMap.Sector.Terrain_plain": "plain",
    "Boxes.GvGMap.Title": "GvG Map",
    "Boxes.HiddenRewards.Disappears": "Disappears",
    "Boxes.HiddenRewards.HelpLink": "https://foe-helper.com/docs/2/incidents",
    "Boxes.HiddenRewards.NoEvents": "No Incidents displayed.",
    "Boxes.HiddenRewards.Title": "Incidents Overview",
    "Boxes.HiddenRewards.CountAll": "all",
    "Boxes.HiddenRewards.onlyVis": "only uncovered",
    "Boxes.HiddenRewards.none": "none",
    "Boxes.Infobox.Filter": "Filter",
    "Boxes.Infobox.FilterAuction": "Auction",
    "Boxes.Infobox.FilterGex": "GE",
    "Boxes.Infobox.FilterGuildFights": "GBG",
    "Boxes.Infobox.FilterLevel": "GB",
    "Boxes.Infobox.FilterMessage": "Message",
    "Boxes.Infobox.FilterTrade": "Trade",
    "Boxes.Infobox.Messages.Auction": "<strong>__player__</strong> has just placed a bid for __amount__ Trade Coins.",
    "Boxes.Infobox.Messages.GEX": "<strong>__player__</strong> has just contributed __points__ GE points.",
    "Boxes.Infobox.Messages.GildFightOccupied": "<span style=\"color:#ffb539\">__provinceName__</span> was captured by <span style=\"color:__attackerColor__;text-shadow: 0 1px 1px __attackerShadow__\">__attackerName__</span> and is locked until __untilOccupied__.",
    "Boxes.Infobox.Messages.LevelUp": "__player__'s __building__ has just reached level __level__.<br>You took spot <strong>__rank__ </strong> and received <strong>__fps__</strong> FPs.",
    "Boxes.Infobox.Messages.MsgBuilding": "__building__ - Level __level__",
    "Boxes.Infobox.Messages.Trade": "<strong>__player__</strong> accepted your trade of __offerValue__ __offer__ for __needValue__ __need__.",
    "Boxes.Infobox.Messages.Welcome": "Welcome to the <strong>Infobox</strong>! While this window remains open, it will display background events (e.g. chat messages, actions in GBG and auction bids)",
    "Boxes.Infobox.NewMessageArrived": "New message arrived!",
    "Boxes.Infobox.ResetBox": "Clear All",
    "Boxes.Infobox.Title": "Infobox",
    "Boxes.Infobox.UnknownConversation": "Unknown Conversation",
    "Boxes.Investment.AllUpToDate": "Event History page previously updated",
    "Boxes.Investment.AllUpToDateDesc": "This information has already been collected",
    "Boxes.Investment.CurrReward": "Current Profit: ",
    "Boxes.Investment.DateParseError": "Error parsing date",
    "Boxes.Investment.DateParseErrorDesc": "The Date value \"__InvalidDate__\" could not be parsed",
    "Boxes.Investment.HiddenGB": "Hidden GB",
    "Boxes.Investment.InvestBar": "Invested FPs: ",
    "Boxes.Investment.Overview.AdditionalColumns": "Additional columns",
    "Boxes.Investment.Overview.Blueprints": "BPs",
    "Boxes.Investment.Overview.Building": "Building",
    "Boxes.Investment.Overview.DateOfIncrease": "Date of Increase",
    "Boxes.Investment.Overview.DateOfIncreaseDesc": "Date and time of the last recorded deposit in the GB",
    "Boxes.Investment.Overview.EntryTime": "Entry Time",
    "Boxes.Investment.Overview.EntryTimeDesc": "When was the first deposit recorded?",
    "Boxes.Investment.Overview.HideGB": "Hide GB from calculation and list.",
    "Boxes.Investment.Overview.Invested": "Invested",
    "Boxes.Investment.Overview.InvestedDesc": "How many FPs were invested",
    "Boxes.Investment.Overview.Medals": "Medals",
    "Boxes.Investment.Overview.MedalsProfit": "Medals profit",
    "Boxes.Investment.Overview.Player": "Player",
    "Boxes.Investment.Overview.Profit": "Profit",
    "Boxes.Investment.Overview.ProfitDesc": "profit achieved; yellow = Rank is not safe; red/green = Loss/Profit safe",
    "Boxes.Investment.Overview.Progress": "Progress",
    "Boxes.Investment.Overview.RemainingFP": "remaining FPs",
    "Boxes.Investment.Overview.RestFP": "Rest FPs",
    "Boxes.Investment.Overview.RestFPDesc": "How many FPs remaining to level up",
    "Boxes.Investment.Overview.SettingsEntryTime": "entry time",
    "Boxes.Investment.Overview.SettingsHiddenGB": "show hidden GB",
    "Boxes.Investment.Overview.SettingsRestFP": "rest FP",
    "Boxes.Investment.Overview.SettingsSave": "Save",
    "Boxes.Investment.Overview.SettingsUnsafeCalc": "calculate only safe profit/loss",
    "Boxes.Investment.PlayerFound": "New Events found!",
    "Boxes.Investment.PlayerFoundCount": "Collected __count__ new player Events",
    "Boxes.Investment.PlayerFoundCounter": "__count__ new player Events were found.",
    "Boxes.Investment.Rank": "Rank",
    "Boxes.Investment.Safe": "safe",
    "Boxes.Investment.Title": "Your FP Investments Summary",
    "Boxes.Investment.TotalFP": "Stock + Invested + Profit = ",
    "Boxes.Investment.UpToDate": "The investment list was updated less than 30 minutes ago.",
    "Boxes.Investment.UpdateRequired": "The investment list is older than 30 minutes. Please update your investment list in the Town Hall.",
    "Boxes.Kits.Extensions": "Extensions",
    "Boxes.Kits.Fragment": "Fragment",
    "Boxes.Kits.InStock": "In Stock",
    "Boxes.Kits.KitName": "Item Type",
    "Boxes.Kits.Name": "Building",
    "Boxes.Kits.SelectionKit": "Selection Kit",
    "Boxes.Kits.Title": "In Stock Sets, Upgrades and Kits Overview",
    "Boxes.Kits.ToggleButtonActive": "Hide missing parts",
    "Boxes.Kits.ToggleButtonInActive": "Show missing parts",
    "Boxes.Kits.TripleStateButton0": "Show missing parts",
    "Boxes.Kits.TripleStateButton1": "Show all parts",
    "Boxes.Kits.TripleStateButton2": "Hide missing parts",
    "Boxes.Kits.Udate": "Last Update: ",
    "Boxes.Kits.UpgradeKit": "Upgrade Kit",
    "Boxes.Market.AllGoods": "All goods",
    "Boxes.Market.MaxResults": "Max results",
    "Boxes.Market.MinQuantity": "Min. Qty.",
    "Boxes.Market.Need": "Need",
    "Boxes.Market.NeedColumn": "Need",
    "Boxes.Market.NeedTT": "__era__<br>You have: __stock__",
    "Boxes.Market.Offer": "Offer",
    "Boxes.Market.OfferColumn": "Offer",
    "Boxes.Market.OfferTT": "__era__<br>You have: __stock__",
    "Boxes.Market.OnlyAffordable": "Only Affordable Offers",
    "Boxes.Market.PageColumn": "Page",
    "Boxes.Market.PlayerColumn": "Player",
    "Boxes.Market.RateColumn": "Rate",
    "Boxes.Market.Rating": "Rating",
    "Boxes.Market.Settings.Autostart": "Open automatically",
    "Boxes.Market.ShowOwnOffers": "Own offers",
    "Boxes.Market.TTMinQuantity": "Select the minimum amount of goods offered. This filter does NOT apply to guild members' trades",
    "Boxes.Market.Title": "Market Filter",
    "Boxes.Market.TradeAdvantage": "Advantage",
    "Boxes.Market.TradeDisadvantage": "Disadvantage",
    "Boxes.Market.TradeFair": "Fair",
    "Boxes.Market.TradeFairStock": "Fair (at lower stock)",
    "Boxes.Market.TradeFairStockTT": "This includes all fair trades where the offered good has a lower stock than the requested good",
    "Boxes.Market.TradeForEqual": "Same",
    "Boxes.Market.TradeForGoods": "Offer Era",
    "Boxes.Market.TradeForHigher": "Higher",
    "Boxes.Market.TradeForLower": "Lower",
    "Boxes.Market.TradeLowerStock": "offer is at lower stock",
    "Boxes.Market.TradeLowerStockTT": "This excludes all trades where the offered good has a higher stock than the requested good",
    "Boxes.Market.TradePartner": "Partners",
    "Boxes.Market.TradePartnerFriend": "Friends",
    "Boxes.Market.TradePartnerGuild": "Guild Members",
    "Boxes.Market.TradePartnerNeighbor": "Neighbors",
    "Boxes.MarketOffers.Era": "Era",
    "Boxes.MarketOffers.Events": "Events",
    "Boxes.MarketOffers.Good": "Good",
    "Boxes.MarketOffers.Inventory": "Inventory",
    "Boxes.MarketOffers.InventoryNeedSum": "Sum Inventory + Needed",
    "Boxes.MarketOffers.InventoryOfferSum": "Sum Inventory + Offered",
    "Boxes.MarketOffers.NeedSum": "Sum Needed",
    "Boxes.MarketOffers.OfferSum": "Sum Offered",
    "Boxes.MarketOffers.Title": "Goods Inventory",
    "Boxes.MarketOffersEvents.Accepted": "Accepted Trades",
    "Boxes.MarketOffersEvents.Count": "Count",
    "Boxes.MarketOffersEvents.Date": "Date",
    "Boxes.MarketOffersEvents.DateNA": "N/A",
    "Boxes.MarketOffersEvents.Expired": "Expired Trades",
    "Boxes.MarketOffersEvents.Title": "Trade Events",
    "Boxes.MoppelHelper.Attacks": "Attacks",
    "Boxes.MoppelHelper.Days": "__days__ day(s)",
    "Boxes.MoppelHelper.Era": "Era",
    "Boxes.MoppelHelper.Event": "Event",
    "Boxes.MoppelHelper.Friends": "Friends",
    "Boxes.MoppelHelper.FriendsSocialTabTT": "Click on the friends tab in the game to unlock the event list of your friends",
    "Boxes.MoppelHelper.GBs": "GBs",
    "Boxes.MoppelHelper.GuildMembers": "Guild Members",
    "Boxes.MoppelHelper.GuildSocialTabTT": "Click on the guild member tab in the game to unlock the event list of your guild members",
    "Boxes.MoppelHelper.HeaderWarning": "ATTENTION: To update these values, you must scroll through all new events in the History Event tab in: Town Hall > News > Event History",
    "Boxes.MoppelHelper.MoppelEvents": "Motivate/Polish",
    "Boxes.MoppelHelper.Name": "Name",
    "Boxes.MoppelHelper.Neighbors": "Neighbours",
    "Boxes.MoppelHelper.NeighborsSocialTabTT": "Click on the neighbours tab in the game to unlock the event list of your neighbours",
    "Boxes.MoppelHelper.Never": "NEVER",
    "Boxes.MoppelHelper.Plunders": "Plunder",
    "Boxes.MoppelHelper.Points": "Points",
    "Boxes.MoppelHelper.Rank": "Rank",
    "Boxes.MoppelHelper.TavernVisits": "Tavern",
    "Boxes.MoppelHelper.Title": "Motivate/Polish Helper",
    "Boxes.MoppelHelper.Trades": "Trades",
    "Boxes.Negotiation.Average": "Preference Order",
    "Boxes.Negotiation.Canceled": "Negotiation has been cancelled",
    "Boxes.Negotiation.Chance": "Chance",
    "Boxes.Negotiation.DragDrop": "Drag & Drop the resource icons above to rearrange the average display yourself to determine a new sequence from the first attempt.",
    "Boxes.Negotiation.GoodsCritical": "WARNING!: Goods stock at CRITICAL level!",
    "Boxes.Negotiation.GoodsLow": "ATTENTION: Goods stock is LOW!",
    "Boxes.Negotiation.HelpLink": "https://foe-helper.com/docs/2/negotioation-helper",
    "Boxes.Negotiation.Person": "Person",
    "Boxes.Negotiation.Round": "Round",
    "Boxes.Negotiation.SaveCurrentEraGoods": "Save current goods?",
    "Boxes.Negotiation.SaveMedals": "Save medals?",
    "Boxes.Negotiation.Stock": "Stock:",
    "Boxes.Negotiation.Success": "Success",
    "Boxes.Negotiation.TableLoadError": "Error loading the Negotiation Table",
    "Boxes.Negotiation.Title": "Negotiation Table",
    "Boxes.Negotiation.TryEnd": "No more attempts",
    "Boxes.Negotiation.WrongGoods": "Wrong goods selected, please finish manually",
    "Boxes.Negotiation.confirmGoodsMissmatch": "Ok",
    "Boxes.Notice.ContentHeadIsFriend": "Friend",
    "Boxes.Notice.ContentHeadIsGuild": "Guild member",
    "Boxes.Notice.ContentHeadIsNeighbor": "Neighbour",
    "Boxes.Notice.DeleteGroup": "Delete group and sites",
    "Boxes.Notice.DeleteItem": "Delete site",
    "Boxes.Notice.DummyHeading": "Your headline",
    "Boxes.Notice.Edit": "Edit",
    "Boxes.Notice.GlobalSendRequired": "This module only works with \"Upload to foe-helper.com\" switched on.<br>Please activate this option to use the notes.",
    "Boxes.Notice.GroupName": "Group Name",
    "Boxes.Notice.HelpLink": "https://foe-helper.com/docs/2/notes",
    "Boxes.Notice.ModalChoosePlayer": "Choose a player",
    "Boxes.Notice.ModalMissingPlayers": "Are there players missing from the shortlist? Then close this box, click on the other two tabs at the bottom of the Social Bar (Neighbours, Guild Members, Friends) and then re-open this box.",
    "Boxes.Notice.NewGroup": "Group",
    "Boxes.Notice.NewGroupDesc": "Create a group first… ",
    "Boxes.Notice.NewPlayer": "Player",
    "Boxes.Notice.NewSide": "Site",
    "Boxes.Notice.Save": "Save",
    "Boxes.Notice.SelectPlayerGroupDefault": "-- Create a player group ? --",
    "Boxes.Notice.SelectPlayerGroupFriend": "Friends",
    "Boxes.Notice.SelectPlayerGroupGuild": "Guild Members",
    "Boxes.Notice.SelectPlayerGroupNeighbor": "Neighbours",
    "Boxes.Notice.SideName": "Site name",
    "Boxes.Notice.Sorting": "Sorting",
    "Boxes.Notice.Title": "Notes",
    "Boxes.Outpost.DescInStock": "Current Stock",
    "Boxes.Outpost.DescRequired": "Total",
    "Boxes.Outpost.DescStillMissing": "<span style='color:#29b206'>Surplus</span> / <span style='color:#ff4040'>Needed</span>",
    "Boxes.Outpost.ExpansionsSum": "Expansions",
    "Boxes.Outpost.ShowSums": "Show Sums:",
    "Boxes.Outpost.Title": "Settlement Goods",
    "Boxes.Outpost.TitleBuildings": "Building",
    "Boxes.Outpost.TitleFree": "Done",
    "Boxes.Outpost.TitleShort": "Settlements Resource Overview  - ",
    "Boxes.Outpost.including4x": "effectively - including x4 chance",
    "Boxes.Outpost.infoLine": "Current LvL = __runNumber__; Bonus Chance (x4) = __chanceX4__%",
    "Boxes.Outpost.nextTile": "Next Expansion",
    "Boxes.Outpost.tileNotPlanned": "off",
    "Boxes.OwnpartCalculator.All": "All",
    "Boxes.OwnpartCalculator.Arc": "Arc",
    "Boxes.OwnpartCalculator.Auto": "Auto",
    "Boxes.OwnpartCalculator.AutoWithUnsafe": "Auto + Not locked",
    "Boxes.OwnpartCalculator.BPs": "BPs",
    "Boxes.OwnpartCalculator.BuildingName": "Building",
    "Boxes.OwnpartCalculator.CopyFormatPerGB": "Save copy format per great building",
    "Boxes.OwnpartCalculator.CopyValues": "Copy values",
    "Boxes.OwnpartCalculator.Deposit": "FPs",
    "Boxes.OwnpartCalculator.Done": "Done",
    "Boxes.OwnpartCalculator.ExistingPayments": "Existing payments",
    "Boxes.OwnpartCalculator.Ext": "Ext",
    "Boxes.OwnpartCalculator.GBsNoted": "__GBCount__ noted",
    "Boxes.OwnpartCalculator.HelpLink": "https://foe-helper.com/docs/en/gb-calculator/",
    "Boxes.OwnpartCalculator.IncludeData": "Included data",
    "Boxes.OwnpartCalculator.LGTotalFP": "Total FPs Required",
    "Boxes.OwnpartCalculator.Lock": "Secure",
    "Boxes.OwnpartCalculator.Meds": "Meds",
    "Boxes.OwnpartCalculator.NoPlaceAvailable": "No spot available",
    "Boxes.OwnpartCalculator.NoPlaceSafe": "No spot safe",
    "Boxes.OwnpartCalculator.Note": "Note",
    "Boxes.OwnpartCalculator.OldLevel": "Old level",
    "Boxes.OwnpartCalculator.OptionsDanger": "Danger",
    "Boxes.OwnpartCalculator.OptionsDescending": "Descending",
    "Boxes.OwnpartCalculator.OptionsFP": "Forge Points",
    "Boxes.OwnpartCalculator.OptionsGB": "Name building",
    "Boxes.OwnpartCalculator.OptionsLevel": "Level",
    "Boxes.OwnpartCalculator.OptionsLevelUp": "Please level up",
    "Boxes.OwnpartCalculator.OptionsOwnPart": "Owner's Contribution",
    "Boxes.OwnpartCalculator.OptionsPlayer": "Player",
    "Boxes.OwnpartCalculator.Order": "Sequence",
    "Boxes.OwnpartCalculator.OwnPart": "Owner to Add",
    "Boxes.OwnpartCalculator.OwnPartRemaining": "Owner to Add Remaining",
    "Boxes.OwnpartCalculator.OwnPartShort": "OC",
    "Boxes.OwnpartCalculator.PatronPart": "Others to Add",
    "Boxes.OwnpartCalculator.Place": "Place",
    "Boxes.OwnpartCalculator.Places": "Places",
    "Boxes.OwnpartCalculator.PlayerName": "Player",
    "Boxes.OwnpartCalculator.PowerLeveling": "Power Levelling",
    "Boxes.OwnpartCalculator.Preview": "Preview",
    "Boxes.OwnpartCalculator.Step": "LvL",
    "Boxes.OwnpartCalculator.Title": "GB Calculator",
    "Boxes.OwnpartCalculator.Trust": "Trust",
    "Boxes.PowerLeveling.CopyValues": "Copy values",
    "Boxes.PowerLeveling.DoubleCollection": "Double Collection",
    "Boxes.PowerLeveling.Level": "Level",
    "Boxes.PowerLeveling.MaxLevel": "Max level",
    "Boxes.PowerLeveling.OwnPartBrutto": "Own part gross",
    "Boxes.PowerLeveling.OwnPartNetto": "Own part net",
    "Boxes.PowerLeveling.OwnPartSum": "Own part sum",
    "Boxes.PowerLeveling.P1": "Place1",
    "Boxes.PowerLeveling.P2": "Place2",
    "Boxes.PowerLeveling.P3": "Place3",
    "Boxes.PowerLeveling.P4": "Place4",
    "Boxes.PowerLeveling.P5": "Place5",
    "Boxes.PowerLeveling.Title": "Power leveling",
    "Boxes.Productions.DateNA": "Unknown",
    "Boxes.Productions.Done": "Done",
    "Boxes.Productions.GoodEraTotal": "Total",
    "Boxes.Productions.GuildGoods": "Treasury Goods",
    "Boxes.Productions.GuildPower": "Guild Power",
    "Boxes.Productions.Happiness": "Happiness",
    "Boxes.Productions.Headings.Done": "Done",
    "Boxes.Productions.Headings.all": "All",
    "Boxes.Productions.Headings.amount": "Qty",
    "Boxes.Productions.Headings.area": "Area",
    "Boxes.Productions.Headings.clan_power_production": "Guild Power",
    "Boxes.Productions.Headings.culture": "Cultural Buildings",
    "Boxes.Productions.Headings.decoration": "Decorations",
    "Boxes.Productions.Headings.earning": "Time to Collection",
    "Boxes.Productions.Headings.efficiency": "Efficiency",
    "Boxes.Productions.Headings.era": "Era",
    "Boxes.Productions.Headings.generic_building": "Other bulidings",
    "Boxes.Productions.Headings.goods": "Goods Buildings",
    "Boxes.Productions.Headings.greatbuilding": "GBs",
    "Boxes.Productions.Headings.main_building": "Town Hall",
    "Boxes.Productions.Headings.name": "Item",
    "Boxes.Productions.Headings.number": "Qty",
    "Boxes.Productions.Headings.off_grid": "Special buildings",
    "Boxes.Productions.Headings.production": "Production Buildings",
    "Boxes.Productions.Headings.random_production": "Random Productions",
    "Boxes.Productions.Headings.residential": "Residential Buildings",
    "Boxes.Productions.Headings.size": "Size incl. streets",
    "Boxes.Productions.Headings.street": "Streets",
    "Boxes.Productions.ModeCurrent": "Current",
    "Boxes.Productions.ModeDaily": "Daily Prod.",
    "Boxes.Productions.ModeGroups": "Group",
    "Boxes.Productions.ModeSingle": "List",
    "Boxes.Productions.NoAsteroidDataWarning": "Goods from Asteroid Belt are not included. Please visit your Asteroid Belt outpost and open the box again",
    "Boxes.Productions.NoMarsDataWarning": "Goods from Mars are not included. Please visit your Mars outpost and open the box again",
    "Boxes.Productions.NoVenusDataWarning": "Goods from Venus are not included. Please visit your Venus Outpost and open the box again",
    "Boxes.Productions.SearchInput": "Search Building… ",
    "Boxes.Productions.SizeTT": "Size including average road space requirement of __streetnettosize__ tiles",
    "Boxes.Productions.TTGoodsEra": "This column shows the era of the building, NOT the era of the produced goods",
    "Boxes.Productions.Title": "Current Production Overview (Daily)",
    "Boxes.Productions.Total": "Total: ",
    "Boxes.Productions.Units": "Units",
    "Boxes.Productions.att_boost_attacker": "Attack boost att. army",
    "Boxes.Productions.att_boost_defender": "Attack boost def. army",
    "Boxes.Productions.def_boost_attacker": "Defense boost att. army",
    "Boxes.Productions.def_boost_defender": "Defense boost def. army",
    "Boxes.Productions.goods": "Goods",
    "Boxes.ProductionsRating.BuildingName": "Building",
    "Boxes.ProductionsRating.Enabled": "Enabled",
    "Boxes.ProductionsRating.ProdPerTile": "Expected daily production/tile",
    "Boxes.ProductionsRating.Results": "Result",
    "Boxes.ProductionsRating.Score": "Score",
    "Boxes.ProductionsRating.Settings": "Settings",
    "Boxes.ProductionsRating.Title": "Buildings Efficiency Rating",
    "Boxes.RecurringQuests.Title":"Recurring Quests",
    "Boxes.RecurringQuests.showCounter":"Display counter for open quests in menu",
    "Boxes.Settings.Active": "Active",
    "Boxes.Settings.Autostart": "Open window automatically",
    "Boxes.Settings.DeletedBoxCoordsBody": "All the coords from the boxes are deleted.",
    "Boxes.Settings.DeletedBoxCoordsHead": "Deleted!",
    "Boxes.Settings.Inactive": "Inactive",
    "Boxes.Settings.Save": "Save settings",
    "Boxes.Settings.Title": "Settings",
    "Boxes.Stats.BtnAll": "All",
    "Boxes.Stats.BtnAllPlayableEras": "All Ages",
    "Boxes.Stats.BtnAllPlayableErasTitle": "Select all playable ages (without: No Age, Special)",
    "Boxes.Stats.BtnAllTittle": "Ages + No ages + Special",
    "Boxes.Stats.BtnChartType.delta": "Delta",
    "Boxes.Stats.BtnChartType.line": "Lines",
    "Boxes.Stats.BtnChartType.streamgraph": "Stream",
    "Boxes.Stats.BtnChartTypeTitle.delta": "Increase/decrease graph",
    "Boxes.Stats.BtnChartTypeTitle.line": "Line Chart",
    "Boxes.Stats.BtnChartTypeTitle.streamgraph": "Stream Chart",
    "Boxes.Stats.BtnLastEras": "Last 2 Ages",
    "Boxes.Stats.BtnLastErasTitle": "Select current and previous ages",
    "Boxes.Stats.BtnMyEra": "My Age",
    "Boxes.Stats.BtnNoEra": "No Age",
    "Boxes.Stats.BtnSource.statsGBGPlayers": "GBG",
    "Boxes.Stats.BtnSource.statsRewards": "Rewards",
    "Boxes.Stats.BtnSource.statsTreasureClanD": "Guild Treasury - d",
    "Boxes.Stats.BtnSource.statsTreasureClanH": "Guild Treasury - h",
    "Boxes.Stats.BtnSource.statsTreasurePlayerD": "Treasure Daily",
    "Boxes.Stats.BtnSource.statsTreasurePlayerH": "Treasure",
    "Boxes.Stats.BtnSource.statsUnitsD": "Units - Daily",
    "Boxes.Stats.BtnSource.statsUnitsH": "Units - Hourly",
    "Boxes.Stats.BtnToggleAnnotations": "GvG Annotations",
    "Boxes.Stats.BtnToggleAnnotationsTitle": "Show a decrease of goods on GvG map.",
    "Boxes.Stats.BtnToggleGroupBy": "Group by Ages",
    "Boxes.Stats.BtnToggleGroupByTitle": "Group by Name",
    "Boxes.Stats.Era": "Era",
    "Boxes.Stats.HelpLink": "https://foe-helper.com/docs/en/statistics/",
    "Boxes.Stats.Period.all": "All",
    "Boxes.Stats.Period.last30days": "Last 30 days",
    "Boxes.Stats.Period.last7days": "Last 7 days",
    "Boxes.Stats.Period.sinceTuesday": "Since Tuesday",
    "Boxes.Stats.Period.thisMonth": "This Month",
    "Boxes.Stats.Period.today": "Today",
    "Boxes.Stats.PeriodTitle.all": "During all the time",
    "Boxes.Stats.PeriodTitle.last30days": "Collected last 30 days",
    "Boxes.Stats.PeriodTitle.last7days": "Collected last 7 days",
    "Boxes.Stats.PeriodTitle.sinceTuesday": "Collected since Tuesday (GE starts on Tuesday)",
    "Boxes.Stats.PeriodTitle.thisMonth": "Collected this month",
    "Boxes.Stats.PeriodTitle.today": "Collected Today",
    "Boxes.Stats.Rewards.Source.__event": "Event",
    "Boxes.Stats.Rewards.Source.battlegrounds_conquest": "GBG",
    "Boxes.Stats.Rewards.Source.default": "Incidents",
    "Boxes.Stats.Rewards.Source.diplomaticGifts": "Diplomatic Gifts",
    "Boxes.Stats.Rewards.Source.guildExpedition": "GE",
    "Boxes.Stats.Rewards.Source.pvp_arena": "PvP Arena",
    "Boxes.Stats.Rewards.Source.shards": "Shards",
    "Boxes.Stats.Rewards.Source.spoilsOfWar": "Spoils of War",
    "Boxes.Stats.Rewards.SourceTitle.__event": "Rewards from Seasonal or Special Events",
    "Boxes.Stats.Rewards.SourceTitle.battlegrounds_conquest": "GBG Rewards",
    "Boxes.Stats.Rewards.SourceTitle.default": "Rewards from Incidents",
    "Boxes.Stats.Rewards.SourceTitle.diplomaticGifts": "Diplomatic Gifts (Space Carrier)",
    "Boxes.Stats.Rewards.SourceTitle.guildExpedition": "GE Relic Rewards (Temple of Relic)",
    "Boxes.Stats.Rewards.SourceTitle.pvp_arena": "PvP Arena Rewards",
    "Boxes.Stats.Rewards.SourceTitle.shards": "Mysterious Shards (Flying Island)",
    "Boxes.Stats.Rewards.SourceTitle.spoilsOfWar": "Spoils of War Rewards (Himeji Castle)",
    "Boxes.Stats.SourceTitle.statsGBGPlayers": "GBG Players' Scoreboard",
    "Boxes.Stats.SourceTitle.statsRewards": "Your Rewards from Himeji Castle, Temple of Relics, Guild Battleground",
    "Boxes.Stats.SourceTitle.statsTreasureClanD": "Guild Treasury - daily",
    "Boxes.Stats.SourceTitle.statsTreasureClanH": "Guild Treasury - Hourly",
    "Boxes.Stats.SourceTitle.statsTreasurePlayerD": "Your Treasure Daily",
    "Boxes.Stats.SourceTitle.statsTreasurePlayerH": "Your Treasure Hourly",
    "Boxes.Stats.SourceTitle.statsUnitsD": "Units - Daily",
    "Boxes.Stats.SourceTitle.statsUnitsH": "Your Units - Hourly",
    "Boxes.Stats.Title": "Statistics Overview",
    "Boxes.Technologies.DescInStock": "Available",
    "Boxes.Technologies.DescRequired": "Required",
    "Boxes.Technologies.DescStillMissing": "<span style='color:#29b206'>Remaining</span> / <span style='color:#ff4040'>Needed</span>",
    "Boxes.Technologies.IgnoreCurrentEraOptional": "Ignore optional technologies of current/higher eras",
    "Boxes.Technologies.IgnorePrevEra": "Ignore optional technologies of previous eras",
    "Boxes.Technologies.NoTechs": "You have reached the end of this era",
    "Boxes.Technologies.Resource": "Resource",
    "Boxes.Technologies.Title": "Tech Tree Research Costs",
    "Boxes.Treasury.Action": "Message",
    "Boxes.Treasury.Amount": "Amount",
    "Boxes.Treasury.DateTime": "Date/Time",
    "Boxes.Treasury.Era": "Era",
    "Boxes.Treasury.Export": "Export",
    "Boxes.Treasury.Message": "Please scroll through all the pages and press the EXPORT button",
    "Boxes.Treasury.PlayerID": "Player ID",
    "Boxes.Treasury.PlayerName": "Player name",
    "Boxes.Treasury.Reset": "Reset",
    "Boxes.Treasury.Resource": "Good",
    "Boxes.Treasury.RowNumber": "Rows processed",
    "Boxes.Treasury.Settings.Autostart": "Open window automatically",
    "Boxes.Treasury.Title": "Guild Treasury Export Log",
    "Boxes.Units.AlcaHarvest": "Your Alcatraz is ready to collect!",
    "Boxes.Units.Attack": "Attack%",
    "Boxes.Units.Bind": "Attached",
    "Boxes.Units.Defend": "Defence%",
    "Boxes.Units.NextUnitsIn": "The next __count__ Traz units will finish in <span class=\"alca-countdown\"></span> at __harvest__ hr",
    "Boxes.Units.NotFilled": "Slot Empty",
    "Boxes.Units.PictogramScalingDesc": "Choose a value between 1 and 4 !&#10;Choose a smaller value for more data&#10;or a larger one for better viewing.",
    "Boxes.Units.PictogramScalingTitle": "Imagesize",
    "Boxes.Units.Proportionally": "Percentage",
    "Boxes.Units.Quantity": "Quantity",
    "Boxes.Units.ReadyToLoot": "Ready to loot!",
    "Boxes.Units.Status": "Status",
    "Boxes.Units.Title": "Military Units Overview",
    "Boxes.Units.Unbind": "Unattached",
    "Boxes.Units.Unit": "Unit",
    "Boxes.Units.alca": "last Alcatraz production",
    "Boxes.Units.arenaDefense": "PvP-Arena-Defense",
    "Boxes.Units.attack": "Attacking-Army",
    "Boxes.Units.defense": "City-Defense",
    "Boxes.Units.fast": "Fast Unit",
    "Boxes.Units.heavy_melee": "Heavy Unit",
    "Boxes.Units.light_melee": "Light Unit",
    "Boxes.Units.long_ranged": "Artillery Unit",
    "Boxes.Units.pool": "Unit's-pool",
    "Boxes.Units.short_ranged": "Ranged Unit",
    "Boxes.UnitsGex.Lost": "Lost",
    "Boxes.UnitsGex.NoUnitsAvailable": "No unit data available. Please press \"U\" to launch the Army Management console",
    "Boxes.UnitsGex.Stage": "Stage",
    "Boxes.UnitsGex.Won": "Won",
    "Boxes.mapTradeWarning.Text": "Prevention",
    "Boxes.mapTradeWarning.Title": "Trade",
    "Boxes.scoutingTimes.HelpLink": "https://docs.foe-helper.com/english/module/scouting",
    "Boxes.scoutingTimes.ProvinceName": "Province Name",
    "Boxes.scoutingTimes.ScoutingCost": "Scouting Cost",
    "Boxes.scoutingTimes.ScoutingTime": "Scouting Time",
    "Boxes.scoutingTimes.Title": "Scouting Info",
    "Boxes.scoutingTimes.Warning": "Scouting times may be higher than stated - 10 min per province the scout has to cross before reaching the target province",
    "Boxes.stPatrick.ActiveTasks": "Active Collection Tasks",
    "Boxes.stPatrick.B": "Billion",
    "Boxes.stPatrick.BuildingUpgrades": "Building Upgrade Costs",
    "Boxes.stPatrick.CurrentRun": "Current Run",
    "Boxes.stPatrick.Hourly": "Hourly Production",
    "Boxes.stPatrick.K": "Thousend",
    "Boxes.stPatrick.M": "Million",
    "Boxes.stPatrick.NextTown": "Next Town",
    "Boxes.stPatrick.Production": "Factories",
    "Boxes.stPatrick.Q": "Quadrillion",
    "Boxes.stPatrick.QT": "Quintillion",
    "Boxes.stPatrick.T": "Trillion",
    "Boxes.stPatrick.Title": "St Patrick Info",
    "Boxes.stPatrick.UpcomingTasks": "Upcoming Tasks",
    "Boxes.stPatrick.Variant": "Variant",
    "Boxes.stPatrick.Warning": "The values may update slow - depending on server feedback. Given times do not take updates of current stock into account.",
    "Date": "DD-MMM-YY",
    "DateShort": "DD-MMM",
    "DateTime": "DD-MMM-YY @ HH:mm:ss a",
    "Eras.0": "No age",
    "Eras.1": "Stone Age",
    "Eras.10": "Modern Era",
    "Eras.11": "Postmodern Era",
    "Eras.12": "Contemporary Era",
    "Eras.13": "Tomorrow Era",
    "Eras.14": "Future Era",
    "Eras.15": "Arctic Future",
    "Eras.16": "Oceanic Future",
    "Eras.17": "Virtual Future",
    "Eras.18": "Space Age Mars",
    "Eras.19": "Space Age Asteroid Belt",
    "Eras.2": "Bronze Age",
    "Eras.20": "Space Age Venus",
    "Eras.21": "Space Age Jupiter Moon",
    "Eras.3": "Iron Age",
    "Eras.4": "Early Middle Age",
    "Eras.5": "High Middle Age",
    "Eras.6": "Late Middle Age",
    "Eras.7": "Colonial Age",
    "Eras.8": "Industrial Age",
    "Eras.9": "Progressive Era",
    "Eras.GvGAllAge": "All Ages",
    "Global.BoxTitle": "FoE Helper",
    "GvG.Independences.Tooltip": "Amount of sectors granted since last calculation.",
    "GvG.Independences.Tooltip.Warning": "Can be inaccurate, if you play on multiple desktop devices.",
    "HiddenRewards.Positions.cityRoadBig": "2-lane Road",
    "HiddenRewards.Positions.cityRoadSmall": "Single-lane Road",
    "HiddenRewards.Positions.culturalOutpost": "Shard - Settlement",
    "HiddenRewards.Positions.guildExpedition": "Relic - GE",
    "HiddenRewards.Positions.nature": "Forest",
    "HiddenRewards.Positions.shore": "Beach",
    "HiddenRewards.Positions.water": "Water",
    "HiddenRewards.Table.expires": "Status",
    "HiddenRewards.Table.position": "Location",
    "HiddenRewards.Table.type": "Type",
    "Kits.Sets.Guild_Battlegrounds": "Guild Battlegrounds",
    "Kits.Sets.Statue_of_Honor": "Statue of Honor",
    "Kits.Sets.The_Great_Elephant": "The Great Elephant",
    "Kits.Sets.Events": "Event's",
    "Kits.Sets.Gentiana_Windmill": "Gentiana Windmill",
    "Kits.Sets.Butterfly_Sanctuary_Set": "Butterfly Sanctuary Set",
    "Kits.Sets.Golden_Orrery": "Golden Orrery",
    "Kits.Sets.Grand_Monarchs_Set": "Grand Monarchs Set",
    "Kits.Sets.Celtic_Farmstead": "Celtic Farmstead",
    "Kits.Sets.Fiore_Village": "Fiore Village",
    "Kits.Sets.Winter_Canal": "Winter Canal",
    "Kits.Sets.Horror_Circus_Set": "Horror Circus Set",
    "Kits.Sets.Golden_Crops": "Golden Crops",
    "Kits.Sets.Pirates_Hideout": "Pirate's Hideout",
    "Kits.Sets.Mountain_Reserve": "Mountain Reserve",
    "Kits.Sets.Athlon_Abbey": "Athlon Abbey",
    "Kits.Sets.Ferris_Wheel": "Ferris Wheel",
    "Kits.Sets.Suishun_Mill": "Suishun Mill",
    "Kits.Sets.Druid_Temple": "Druid Temple",
    "Kits.Sets.Terracotta_Vineyard": "Terracotta Vineyard",
    "Kits.Sets.Winter_Bakery": "Winter Bakery",
    "Kits.Sets.House_of_Horrors": "House of Horrors",
    "Kits.Sets.Harvest_Farm_Set": "Harvest Farm Set",
    "Kits.Sets.Governors_Villa": "Governor's Villa",
    "Kits.Sets.Hall_of_Fame": "Hall of Fame",
    "Kits.Sets.Hippodrome": "Hippodrome",
    "Kits.Sets.Airship": "Airship",
    "Kits.Sets.Hanami_Bridge": "Hanami Bridge",
    "Kits.Sets.Celtic_Forest_Set": "Celtic Forest Set",
    "Kits.Sets.Olympic_Treasury": "Olympic Treasury",
    "Kits.Sets.Winter_Train": "Winter Train",
    "Kits.Sets.Abandoned_Asylum": "Abandoned Asylum",
    "Kits.Sets.September_Cottage": "September Cottage",
    "Kits.Sets.Guard_Post": "Guard Post",
    "Kits.Sets.The_Crows_Nest": "The Crow's Nest",
    "Kits.Sets.Altar_Garden": "Altar Garden",
    "Kits.Sets.Worlds_Fair": "World's Fair",
    "Kits.Sets.Piazza_Set": "Piazza Set",
    "Kits.Sets.Colossus": "Colossus",
    "Kits.Sets.Classical_Garden_Set": "Classical Garden Set",
    "Kits.Sets.Winter_Spire": "Winter Spire",
    "Kits.Sets.Mill_of_Fall": "Mill of Fall",
    "Kits.Sets.The_Ship": "The Ship",
    "Kits.Sets.Tholos_of_Idols": "Tholos of Idols",
    "Kits.Sets.Grand_Bridge": "Grand Bridge",
    "Kits.Sets.Pillar_of_Heroes": "Pillar of Heroes",
    "Kits.Sets.Winners_Plaza": "Winner's Plaza",
    "Kits.Sets.Winter_Village_Set": "Winter Village Set",
    "Kits.Sets.Winterdeco_Set": "Winterdeco Set",
    "Kits.Sets.Indian_Palace_Set": "Indian Palace Set",
    "Kits.Sets.Indian_Fountain_Set": "Indian Fountain Set",
    "Kits.Sets.Royal_Garden_Set": "Royal Garden Set",
    "Kits.Sets.Pagoda": "Pagoda",
    "Kits.Sets.Cherry_Garden_Set": "Cherry Garden Set",
    "Kits.Sets.Cider_Mill": "Cider Mill",
    "Kits.Sets.Maypole": "Maypole",
    "Kits.Sets.Shrine_of_Inspiration": "Shrine of Inspiration",
    "Kits.Sets.Confectionary": "Confectionary",
    "Kits.Sets.Graveyard": "Graveyard",
    "Kits.Sets.Cultural_Settlements": "Cultural Settlements",
    "Kits.Sets.Yggdrasil": "Yggdrasil",
    "Kits.Sets.Greater_Runestone": "Greater Runestone",
    "Kits.Sets.Shinto_Temple": "Shinto Temple",
    "Kits.Sets.Timeless_Dojo": "Timeless Dojo",
    "Kits.Sets.Royal_Bathhouse": "Royal Bathhouse",
    "Kits.Sets.Ancient_Obelisk": "Ancient Obelisk",
    "Kits.Sets.Sun_Temple": "Sun Temple",
    "Kits.Sets.Jade_Statue": "Jade Statue",
    "Kits.Sets.Mughals_Temple": "Mughal's Temple",
    "Kits.Sets.Minaret": "Minaret",
    "Kits.Sets.Guild_Expeditions": "Guild Expeditions",
    "Kits.Sets.Terrace_Farm": "Terrace Farm",
    "Kits.Sets.Fountain_of_Youth": "Fountain of Youth",
    "Kits.Sets.Sacred_Sky_Watch": "Sacred Sky Watch",
    "Kits.Sets.Tribal_Square": "Tribal Square",
    "Kits.Sets.Gate_of_the_Sun_God": "Gate of the Sun God",
    "Kits.Sets.Face_of_the_Ancient": "Face of the Ancient",
    "Kits.Sets.Ritual_Flame": "Ritual Flame",
    "Kits.Sets.Antiques_Dealer": "Antiques Dealer",
    "Kits.Sets.Art_Exhibition": "Art Exhibition",
    "Kits.Sets.Shrine_of_Knowledge": "Shrine of Knowledge",
    "Kits.Sets.Specials": "Specials",
    "Kits.Sets.Rogue_Hideout": "Rogue Hideout",
    "Kits.Sets.Wishing_Well": "Wishing Well",
    "Kits.Sets.Kits": "Kits",
    "Kits.Sets.Towers": "Towers",
    "Kits.Sets.Sentinel_Outpost": "Sentinel Outpost",
    "Kits.Sets.Tacticians_Tower": "Tactician's Tower",
    "Kits.Sets.Watchfire": "Watchfire",
    "Kits.Sets.Victory_Tower": "Victory Tower",
    "Local": "en-US",
    "Menu.Alerts.Desc": "Create and manage reminders",
    "Menu.Alerts.Title": "Alerts",
    "Menu.AztecMiniGame.Desc": "<em id=\"minigame_aztecs-Btn-closed\" class=\"tooltip-error\">Opens automatically when starting a aztec mini game<br></em>Aztec Minigame Helper",
    "Menu.AztecMiniGame.Title": "Aztec Helper",
    "Menu.Bluegalaxy.Desc": "This tool helps you find the best buildings to collect with your Blue Galaxy",
    "Menu.Bluegalaxy.Title": "Blue Galaxy Helper",
    "Menu.BottomBar": "Bottom",
    "Menu.Box": "As Box",
    "Menu.Calculator.Desc": "Calculates all GB spots",
    "Menu.Calculator.Title": "GB Cost Calculator",
    "Menu.Calculator.Warning": "Disabled: Open another player's GB first!",
    "Menu.Campagne.Desc": "Displays Resources required to conquer a Continent Map Sector.",
    "Menu.Campagne.Title": "Continent Map Overview",
    "Menu.Campagne.Warning": "Disabled: Visit a Map Sector first (M)!",
    "Menu.Castle.Desc": "Shows you the available opportunities to earn castle points.",
    "Menu.Castle.Title": "Castle System",
    "Menu.Citymap.Desc": "Displays a schematics of your city",
    "Menu.Citymap.Title": "Town Overview",
    "Menu.Discord.Desc": "???",
    "Menu.Discord.Title": "???",
    "Menu.Dropdown": "As Drop-down",
    "Menu.GexStat.Desc": "Displays your Guild's GE results.",
    "Menu.GexStat.Title": "GE Results",
    "Menu.Gildfight.Desc": "Displays current and upcoming GBG battles",
    "Menu.Gildfight.Title": "Guild Battleground (GBG)",
    "Menu.Gildfight.Warning": "<em id='selectorCalc-Btn-closed' class='tooltip-error'>Disabled: Visit the GBG map first!</em> ",
    "Menu.GuildMemberStat.Desc": "A guild member statistic",
    "Menu.GuildMemberStat.Title": "Guild Member Overview",
    "Menu.GuildMemberStat.Warning": "Please load ingame guild member overview to activate statistic",
    "Menu.HiddenRewards.Desc": "Displays Incident types, times and locations",
    "Menu.HiddenRewards.Title": "Incidents",
    "Menu.Info.Desc": "Displays events that are happening in the \"background\".<br><em>Fills up with info…  </em>",
    "Menu.Info.Title": "Info Box",
    "Menu.Investment.Desc": "List of your latest investments",
    "Menu.Investment.Title": "FP Investments",
    "Menu.Kits.Desc": "Displays all your in-stock building Sets, Upgrades and Selection Kits.",
    "Menu.Kits.Title": "Sets, Upgrades & Kits",
    "Menu.Market.Desc": "Displays and Filters all trades that are in the Market",
    "Menu.Market.Title": "Market Filter",
    "Menu.Market.Warning": "Please open the Market console first (T)",
    "Menu.MarketOffers.Desc": "This tools helps to manage your goods inventory and market offers",
    "Menu.MarketOffers.Title": "Market offers",
    "Menu.MarketOffers.Warning": "Please open the Market console first (T)",
    "Menu.Moppelhelper.Desc": "Displays when your friends, guild members or neighbours last motivated, polished, attacked, plundered, etc your buildings",
    "Menu.Moppelhelper.Title": "Motivate/Polish Helper",
    "Menu.Music.Desc": "Choose your own Soundtrack!",
    "Menu.Music.Title": "Background Music",
    "Menu.MusicControl.Desc": "Play/Stop Music",
    "Menu.MusicControl.Title": "Music Control",
    "Menu.Negotiation.Desc": "Select resources for successful negotiations.",
    "Menu.Negotiation.Title": "Negotiation Helper",
    "Menu.Negotiation.Warning": "Disabled: Start a Negotiation first!",
    "Menu.Notice.Desc": "Take notes on anything you don't want to forget.",
    "Menu.Notice.Title": "Notes",
    "Menu.Notification.Position.bottom-center": "bottom middle",
    "Menu.Notification.Position.bottom-left": "bottom left",
    "Menu.Notification.Position.bottom-right": "bottom right",
    "Menu.Notification.Position.mid-center": "middle middle",
    "Menu.Notification.Position.top-center": "top middle",
    "Menu.Notification.Position.top-left": "top left",
    "Menu.Notification.Position.top-right": "top right",
    "Menu.OutP.Desc": "Displays the resources required (by item) for your Settlement.",
    "Menu.OutP.DescWarningBuildings": "<em id='outPW' class='tooltip-error'>Disabled: Start a Settlement first!<br></em>Displays the resources required (by item) for your Settlement.",
    "Menu.OutP.DescWarningOutpostData": "<em id='outPW' class='tooltip-error'>Disabled: Start a Settlement and reload the game (F5)",
    "Menu.OutP.Title": "Settlements Overview",
    "Menu.OwnpartCalculator.Desc": "Create payment plan, calculate external spots and copy values for your GBs",
    "Menu.OwnpartCalculator.Title": "GB Calculator",
    "Menu.OwnpartCalculator.Warning": "Disabled: Open one of your GBs first!",
    "Menu.Productions.Desc": "Displays your current daily productions.",
    "Menu.Productions.Title": "Production Overview",
    "Menu.ProductionsRating.Desc": "Search for buildings that produce less resources per tile than expected.",
    "Menu.ProductionsRating.Title": "Building Efficiency Rating",
    "Menu.RightBar": "Right",
    "Menu.recurringQuests.Title": "Recurring Quests",
    "Menu.recurringQuests.Desc": "Tracks, which of the recurring quests already gave diamonds",
    "Menu.SaveMessage.Desc": "The new menu-order was saved",
    "Menu.SaveMessage.Title": "Saved!",
    "Menu.Settings.Desc": "Configure FoE Helper",
    "Menu.Settings.Title": "Settings",
    "Menu.Stats.Desc": "Displays game stats on goods, units, rewards, GBG",
    "Menu.Stats.Title": "Statistics",
    "Menu.Technologies.Desc": "View and calculate Tech Tree research costs",
    "Menu.Technologies.Title": "Technology (Tech) Tree",
    "Menu.Technologies.Warning": "Disabled: Open your Tech Tree first (R)!",
    "Menu.Unit.Desc": "Displays current status of all your military units",
    "Menu.Unit.Title": "Military Units Overview",
    "Menu.Unit.Warning": "Disabled: Open your Army Management console first (U)!",
    "Menu.fpCollector.Desc": "Displays all FPs collected details sorted by type, date, from where and how many.",
    "Menu.fpCollector.Title": "FP Collector Overview",
    "Menu.greatbuildings.Desc": "Which FP producing GB should you upgrade next?",
    "Menu.greatbuildings.Title": "GB Investment",
    "Menu.unitsGex.Desc": "???",
    "Menu.unitsGex.Title": "???",
    "Quests.CounterTooltip.Content": "There is a limit of 2000 aborted quests per day.",
    "RecurringQuests.Table.Quest":"Quest name",
    "RecurringQuests.Warning":"This list shows for which of the quests the helper is sure you have already received diamonds - quests are listed here as open even if you have already received diamonds for that quest on another device or before this feature was activated. Since medals only show up as rewards if diamonds have been obtained before, the list will update after either diamonds or medals are obtained.",
    "Settings.About.Desc": "The FoE Helper is a free browser extension for Forge of Empires developed for players by players. The tool is not affiliated with InnoGames.",
    "Settings.About.RatingDesc": "If you like what you see and what we do, please leave a good review in the Store!",
    "Settings.About.RatingTitle": "Rate the Extension",
    "Settings.About.Title": "About FoE Helper",
    "Settings.About.TranslateDesc": "Help translate FoE Helper by registering on our translation tool: ",
    "Settings.About.TranslateTitle": "Translation",
    "Settings.AutoOpenCloseBox.Desc": "Should the \"Close all windows\" box be opened automatically after the game starts?",
    "Settings.AutoOpenCloseBox.Title": "\"Close all windows\" box open automatically",
    "Settings.AutoOpenInfoBox.Desc": "Should the Infobox open itself automatically once the game loads?",
    "Settings.AutoOpenInfoBox.Title": "Auto open Infobox",
    "Settings.AutomaticNegotiation.Desc": "Automatically Open/Close the Negotiation Assistant when negotiating? Not available in GBG.",
    "Settings.AutomaticNegotiation.Title": "Negotiation Helper",
    "Settings.ChangeLanguage.Desc": "Choose your preferred language from the drop-down list",
    "Settings.ChangeLanguage.Title": "Change Language",
    "Settings.EnableSound.Desc": "Enable sound effects in the extension.",
    "Settings.EnableSound.Title": "Enable sound",
    "Settings.Entry.About": "About",
    "Settings.Entry.AutoOpenCloseBox": "Close all Box",
    "Settings.Entry.AutoOpenInfoBox": "Infobox",
    "Settings.Entry.AutomaticNegotiation": "Negotiation Helper",
    "Settings.Entry.ChangeLanguage": "Language",
    "Settings.Entry.EnableSound": "Enable sound",
    "Settings.Entry.ExportSettings": "Import / Export",
    "Settings.Entry.GlobalSend": "Upload",
    "Settings.Entry.Help": "Help",
    "Settings.Entry.HideHelperDuringBattle": "Helper Battle visibility",
    "Settings.Entry.InfoboxEntryCount": "Infobox Entry Count",
    "Settings.Entry.LoadBeta": "Load current Beta",
    "Settings.Entry.MenuContent": "Menu Content",
    "Settings.Entry.MenuLength": "Menu Length",
    "Settings.Entry.NotificationsPosition": "Notify position",
    "Settings.Entry.NotificationsStack": "Notify stacks",
    "Settings.Entry.ResetBoxPositions": "Box Coordinates",
    "Settings.Entry.SelectedMenu": "Menu position",
    "Settings.Entry.SendGEXInfo": "Upload GE info",
    "Settings.Entry.SendGildMemberLGInfo": "Upload Guild member's GB info",
    "Settings.Entry.Show2kQuestMark": "2k quest mark",
    "Settings.Entry.ShowAztecHelper": "Aztec Helper",
    "Settings.Entry.ShowBlueGalaxyHelper": "Blue Galaxy",
    "Settings.Entry.ShowEventChest": "Event Chest",
    "Settings.Entry.ShowGuildTreasuryLogExport": "Guild Treasury Export Log",
    "Settings.Entry.ShowInvestments": "Display FP Investment Sum",
    "Settings.Entry.ShowMapTradeWarning": "Negotiation Blocker",
    "Settings.Entry.ShowMarketFilter": "Market Filter",
    "Settings.Entry.ShowNotifications": "Notifications",
    "Settings.Entry.ShowOwnPartOnAllGBs": "GB Calculator",
    "Settings.Entry.ShowPlayerLinks": "Player Links",
    "Settings.Entry.ShowPlayersMotivation": "Motivation Activity",
    "Settings.Entry.ShowRougeUnitWarning": "Battle Assistant/Rogue Warning",
    "Settings.Entry.ShowScoutingTimes": "Scouting Info",
    "Settings.Entry.ShowTavernBadge": "Tavern Badge",
    "Settings.Entry.Version": "Version",
    "Settings.CountRelics": "Count relics in menu icon",
    "Settings.ExportImport.Error": "This is not a valid settings file!",
    "Settings.ExportImport.Reload": "The game will now reload with the imported settings.",
    "Settings.ExportSettings.Desc": "Saving and restoring the settings",
    "Settings.ExportSettings.OpenImportExportTool": "Open Import/Export Tool",
    "Settings.ExportSettings.Title": "Saving and Restoring",
    "Settings.GlobalSend.Desc": "If you want to track data with your guild, click here.<br>For a stand-alone extension simply disable and no data will be uploaded.",
    "Settings.GlobalSend.Title": "Upload/Send data to foe-helper.com",
    "Settings.Help.Desc": "There are several ways to get support:",
    "Settings.Help.Discord": "Discord: join our server for general discussions about the extension, chats and support.",
    "Settings.Help.Forums": "Forums: go here for support and submitting ideas, as well as bug reports.",
    "Settings.Help.Github": "GitHub: for more technical bug reports, concrete ideas and helping with development.",
    "Settings.Help.Title": "Help and Community",
    "Settings.Help.Website": "Website: information and documentation on the extension and it's features.",
    "Settings.HideHelperDuringBattle.Desc": "During manual battle if the HelperBox gets in the way, this option temporarily hides the box until the battle is over. This only works with Helper 'As Box'",
    "Settings.HideHelperDuringBattle.Title": "Hide helper during battle",
    "Settings.InfoboxEntryCount.Desc": "How many elements should the Infobox display  and save?<br>Empty or \"0\" means infinite.",
    "Settings.InfoboxEntryCount.Title": "Infobox Entry Count",
    "Settings.LoadBeta.Desc": "Only available in the <a href=\"https://github.com/mainIine/foe-helfer-extension/archive/refs/heads/betaLoader.zip\">separate extension</a>!!!<br>It has to be downloaded and added manually to the extensions.<br>It may not be used in conjunction with the regular Helper extension!<br><br>In the beta-version, errors are more likely to occur than on the released version! Please let us know about any found bug on Discord or Github! <br> Loading times for the extension may be higher than usual!<br> The game has to be reloaded in order to switch modes!",
    "Settings.LoadBeta.Title": "Load current Beta",
    "Settings.MenuContent.Desc": "Which buttons do you want in the menu?<br>Green: show button. Red: don't show button.",
    "Settings.MenuContent.Title": "Menu Content",
    "Settings.MenuLength.Desc": "How many elements high should the menu be?<br>Empty or \"0\" means automatic height.",
    "Settings.MenuLength.Title": "Menu Length",
    "Settings.NotificationPosition.ToastTestBody": "This is the position you have chosen.<br>Before you test the next position, wait until this message disappears.",
    "Settings.NotificationPosition.ToastTestHeader": "Preview notification",
    "Settings.NotificationsPosition.Desc": "Where do you want the notifications to appear on your screen?",
    "Settings.NotificationsPosition.Title": "Notify position",
    "Settings.NotificationsStack.Desc": "How many info messages do you want to see at once? The default is a maximum of 4.",
    "Settings.NotificationsStack.Title": "Notify stacks",
    "Settings.ResetBoxPositions.Button": "Delete!",
    "Settings.ResetBoxPositions.Desc": "Should all box coordinates be reset?",
    "Settings.ResetBoxPositions.Title": "Box Coordinates",
    "Settings.SelectedMenu.Desc": "Choose your preferred menu from the drop-down list (game will automatically reload)",
    "Settings.SelectedMenu.Title": "Change Menu",
    "Settings.Show2kQuestMark.Desc": "Shows a small bagde with a counter of how many quests you can still refuse.",
    "Settings.Show2kQuestMark.Title": "2000 Quest Mark",
    "Settings.ShowAztecHelper.Desc": "Aztec Helper",
    "Settings.ShowAztecHelper.Title": "Should the \"Aztec Helper\" box be opened when starting a Aztec Minigame?",
    "Settings.ShowBlueGalaxyHelper.Desc": "Displays a tool that suggests buildings to collect after collecting your Blue Galaxy",
    "Settings.ShowBlueGalaxyHelper.Title": "Display Blue Galaxy Helper",
    "Settings.ShowEventChest.Desc": "Displays an Event's Prize chance summary window",
    "Settings.ShowEventChest.Title": "Display Event Chest Box",
    "Settings.ShowGuildTreasuryLogExport.Desc": "Displays guild treasury export log tool when opening the Guild Treasury Log window",
    "Settings.ShowGuildTreasuryLogExport.Title": "Show guild treasury log export tool",
    "Settings.ShowInvestments.Desc": "Display a GB FP investment window when entering 'Town Hall'> 'News'> 'Great Buildings' tab.",
    "Settings.ShowInvestments.Title": "Display FP Investment sums",
    "Settings.ShowMapTradeWarning.Desc": "Displays a window that covers the 'Negotiate' Button in Provinces preventing accidental clicking ",
    "Settings.ShowMapTradeWarning.Title": "Negotiation Blocker",
    "Settings.ShowMarketFilter.Desc": "Displays a Trade filtering tool when the Market console is opened.",
    "Settings.ShowMarketFilter.Title": "Display Market Filter Tool",
    "Settings.ShowNotifications.Desc": "The assistant uses notifications in various places. You can switch this on or off here.",
    "Settings.ShowNotifications.Title": "Notifications",
    "Settings.ShowOwnPartOnAllGBs.Desc": "Displays the 'GB calculator' for GBs of other players",
    "Settings.ShowOwnPartOnAllGBs.Title": "Display the  'GB calculator' for all GBs",
    "Settings.ShowPlayerLinks.Desc": "Replace all player names with links to the players profile on ScoreDB",
    "Settings.ShowPlayerLinks.Title": "Show player links",
    "Settings.ShowPlayersMotivation.Desc": "Should the motivation activities be tracked when the events are called?<br><br><em>Reload game after conversion</em>",
    "Settings.ShowPlayersMotivation.Title": "Motivation Activity",
    "Settings.ShowRougeUnitWarning.Desc": "Display a window over the \"Attack\" or \"Auto Battle\" buttons to prevent accidental clicking when only Rogues remain after the first wave.<br>If units of a higher era are killed, this window gives you the chance to heal them with diamonds.",
    "Settings.ShowRougeUnitWarning.Title": "Battle Assistant/Rogue Warning",
    "Settings.ShowScoutingTimes.Desc": "Displays a window when opening the map, stating the scouting times of the currently available provinces and the current scouting progress",
    "Settings.ShowScoutingTimes.Title": "Scouting Info",
    "Settings.Tab.About": "About",
    "Settings.Tab.Boxes": "Boxes",
    "Settings.Tab.Extension": "General",
    "Settings.Tab.Sending": "Upload Data",
    "Settings.Version.Desc": "The data below can be marked to copy them.",
    "Settings.Version.GuildId": "Guild ID:",
    "Settings.Version.Link": "<a target='_blank' href='https://foe-helper.com/extension/update?v=__version__&lang=en'  class='game-cursor'>Last Changelog</a>",
    "Settings.Version.PlayerId": "Player ID:",
    "Settings.Version.Title": "Version",
    "Settings.Version.World": "World:",
    "StrategyPoints.BuyableFP": "Number of FPs that can be bought with coins.",
    "YYYYMMDD": "???",
    "_Language": "English"
}
