﻿{
    "Boxes.Alerts.Form.Antiques.Auction": "Subasta",
    "Boxes.Alerts.Form.Antiques.Cooldown": "Se reinicia en",
    "Boxes.Alerts.Form.Antiques.Dealer": "Mercader de Antigüedades",
    "Boxes.Alerts.Form.Antiques.Exchange": "Intercambio diario",
    "Boxes.Alerts.Form.Battleground": "Provincias del Campo de batalla",
    "Boxes.Alerts.Form.Body": "Cuerpo",
    "Boxes.Alerts.Form.Create": "Crear",
    "Boxes.Alerts.Form.CreateAlert": "Crear Alerta",
    "Boxes.Alerts.Form.CreateAllSectors": "Crear para todos los sectores",
    "Boxes.Alerts.Form.CreateNewAlert": "Crear nueva alerta",
    "Boxes.Alerts.Form.Datetime": "Fecha y hora",
    "Boxes.Alerts.Form.Delete": "Eliminar",
    "Boxes.Alerts.Form.Discard": "Descartar",
    "Boxes.Alerts.Form.Edit": "Editar",
    "Boxes.Alerts.Form.EditAlert": "Editar alerta",
    "Boxes.Alerts.Form.Expiration": "Abre en",
    "Boxes.Alerts.Form.Expired": "Expirado",
    "Boxes.Alerts.Form.Expires": "Expira",
    "Boxes.Alerts.Form.Neighborhood": "Vecindario",
    "Boxes.Alerts.Form.Persistence": "Persistencia",
    "Boxes.Alerts.Form.Persistence.Description": "La notificación permanecerá abierta hasta que el usuario la rechace o haga click en la notificación",
    "Boxes.Alerts.Form.Persistence.Off": "Desactivado",
    "Boxes.Alerts.Form.Persistence.On": "Activado",
    "Boxes.Alerts.Form.Persistent": "Persistente",
    "Boxes.Alerts.Form.Preset.Now": "Ahora",
    "Boxes.Alerts.Form.Presets": "Configuración por defecto",
    "Boxes.Alerts.Form.Preview": "Vista previa",
    "Boxes.Alerts.Form.Repeat": "Repetir",
    "Boxes.Alerts.Form.Repeat.Every": "cada",
    "Boxes.Alerts.Form.Repeat.Never": "nunca",
    "Boxes.Alerts.Form.Save": "Guardar",
    "Boxes.Alerts.Form.Tag": "Etiqueta",
    "Boxes.Alerts.Form.Tag.Description": "Las etiquetas se pueden usar para agrupar notificaciones (una nueva notificación con una etiqueta dada reemplazará la notificación antigua con la misma etiqueta)",
    "Boxes.Alerts.Form.Title": "Título",
    "Boxes.Alerts.Preferences.Auction.Info": "Crear automáticamente una nueva alerta cuando haga una puja en la Subasta del Mercader de Antigüedades",
    "Boxes.Alerts.Preferences.Auction.Title": "Subasta del Mercader de Antigüedades",
    "Boxes.Alerts.Preferences.Battlegrounds.Info": "Enviar una alerta instantánea cuando haya actividad alta en el Campo de Batalla (por ejemplo, 10 luchas en un único sector en un periodo de 5 segundos). ¡Por favor, nota que esta función funciona solo cuando el Campo de Batalla está abierto!",
    "Boxes.Alerts.Preferences.Battlegrounds.Title": "Rastreador del Campo de Batalla",
    "Boxes.Alerts.Preferences.ComingSoon": "Pronto. . .  ",
    "Boxes.Alerts.Preferences.Early.Info": "La hora de las alertas generadas automáticamente (Mercader de Antigüedades, Campos de Batalla, etc.) usarán este desfase para enviar la notificación antes de que el evento tenga lugar. Por ejemplo, ajustando este valor a 30 (segundos), ¡las alertas de la Subasta se mostrarán 30 s antes de que la subasta acabe!",
    "Boxes.Alerts.Preferences.Early.Title": "Desfase de notificación temprana",
    "Boxes.Alerts.Preferences.InGame.Info": "Mostrar notificación en el juego en vez de en el escritorio nativo cuando la ventana del juego tiene el foco",
    "Boxes.Alerts.Preferences.InGame.Title": "Notificaciones en el juego",
    "Boxes.Alerts.Preferences.MenuIcon.Info": "Mostrar la siguiente alerta de cuenta atrás como una superposición en el icono del Menú Principal",
    "Boxes.Alerts.Preferences.MenuIcon.Title": "Cuenta atrás del Menú Principal",
    "Boxes.Alerts.Preferences.Start.Info": "Mostrar una lista de Alertas que han expirado mientras estaba desconectado (puesto que la ventana del juego estaba cerrada)",
    "Boxes.Alerts.Preferences.Start.Title": "Resumen de alertas expiradas al comienzo",
    "Boxes.Alerts.Preferences.Suggestions.Info": "Mostrar sugerencias de alerta (por ejemplo, cuando se hace click en un sector del Campo de Batallas, o se recoge la producción de un edificio)",
    "Boxes.Alerts.Preferences.Suggestions.Title": "Sugerencias de alerta",
    "Boxes.Alerts.Tabs.Alerts": "Alertas",
    "Boxes.Alerts.Tabs.Preferences": "Preferencias",
    "Boxes.Alerts.Time.15m": "15m",
    "Boxes.Alerts.Time.1d": "1d",
    "Boxes.Alerts.Time.1h": "1h",
    "Boxes.Alerts.Time.1m": "1m",
    "Boxes.Alerts.Time.4h": "4h",
    "Boxes.Alerts.Time.5m": "5m",
    "Boxes.Alerts.Time.8h": "8h",
    "Boxes.BattleAssist.Text.NextEra": "Perdiste una unidad de futuro. De todas maneras todavía puedes sanarla con diamantes!",
    "Boxes.BattleAssist.Text.Rogue": "Tu ejercito tiene solo Agentes Secretos. O sanas las unidades con diamantes o te retiras!",
    "Boxes.BattleAssist.Title": "Pare!",
    "Boxes.BlueGalaxy.Building": "Edificio",
    "Boxes.BlueGalaxy.Done": "Listo",
    "Boxes.BlueGalaxy.DoneIn": "Listo en",
    "Boxes.BlueGalaxy.DoneProductionsTitle": "Sugerencia: Recolectar estos edificios",
    "Boxes.BlueGalaxy.EstimatedBonus": "Bonus Estimado __FP__FP y __Goods__materiales",
    "Boxes.BlueGalaxy.FP": "FP",
    "Boxes.BlueGalaxy.Goods": "Materiales",
    "Boxes.BlueGalaxy.GoodsValue": "Valor de 1 Material (en FP)",
    "Boxes.BlueGalaxy.NoChargesLeft": "No quedan cargas de Galaxia",
    "Boxes.BlueGalaxy.NoProductionsDone": "No hay producciones de FP terminadas",
    "Boxes.BlueGalaxy.TTGoodsValue": "Este valor es usado para el ranking de edificios de producción de materiales. Cuantos FP vale un material para vos?",
    "Boxes.BlueGalaxy.Title": "Galaxia Azul helper",
    "Boxes.Calculator.ActiveRecurringQuest": "Misión recurrente activa:",
    "Boxes.Calculator.ArkBonus": "Bonus del Arca",
    "Boxes.Calculator.AvailableFP": "Disponibles puntos forge",
    "Boxes.Calculator.BPs": "Plano",
    "Boxes.Calculator.Commitment": "Contribución",
    "Boxes.Calculator.Done": "Hecho",
    "Boxes.Calculator.FP": "PF",
    "Boxes.Calculator.FriendlyInvestment": "Inversión amistosa:",
    "Boxes.Calculator.HelpLink": "https://foe-helper.com/docs/en/cost-calculator/",
    "Boxes.Calculator.LGNotConnected": "El edificio no esta conectado a una carretera.",
    "Boxes.Calculator.LGNotOpen": "El próximo nivel no esta disponible todavía.",
    "Boxes.Calculator.LevelWarning": "ATENCIÓN: sube el nivel del gran edificio!",
    "Boxes.Calculator.MaxLevel": "Nivel max",
    "Boxes.Calculator.Meds": "Medallas",
    "Boxes.Calculator.Profit": "Ganancia",
    "Boxes.Calculator.Settings.Save": "Guardar",
    "Boxes.Calculator.Step": "Nivel ",
    "Boxes.Calculator.TTForderCosts": "Costes = __nettoreward__<small>(premio neto)</small> * __forderfactor__%<small>(Inversores amistosos)</small> = __costs__",
    "Boxes.Calculator.TTForderFPStockLow": "ATENCION: El stock de FP es demasiado bajo<br>Sólo tienes __fpstock__ de __costs__FP<br>Esos son __tooless__FP de menos",
    "Boxes.Calculator.TTForderNegativeProfit": "El puesto no está asegurado. __fpcount__ FPs adicionales deben invertirse para asegurarlo<br>Total para asegurar el puesto: __totalfp__FP",
    "Boxes.Calculator.TTLevelWarning": "Añadir __fpcount__ PFs es demasiado<br>La inversión máxima es: __totalfp__ PFs",
    "Boxes.Calculator.TTLoss": "Premio = __nettoreward__<small>(premio neto)</small> * __arcfactor__%<small>(Bonus del Arca)</small> = __bruttoreward__<br>Cuesta: __costs__ - Place locked at: __safe__<br>Pérdida = __costs__<small>(cuesta)</small> - __bruttoreward__<small>(premio)</small> = __loss__",
    "Boxes.Calculator.TTLossSelf": "Premio = __nettoreward__<small>(premio neto)</small> * __arcfactor__%<small>(Bonus del Arca)</small> = __bruttoreward__<br>Pagado: __paid__<br>Pérdida = __paid__<small>(pagado)</small> - __bruttoreward__<small>(premio)</small> = __loss__",
    "Boxes.Calculator.TTPaidTooLess": "Has puesto __paid__ PFs en vez de __topay__ FPs. Eso hacen __tooless__PFs de menos.",
    "Boxes.Calculator.TTPaidTooMuch": "Has puesto __paid__ PFs en vez de __topay__ FPs. Eso hacen __toomuch__PFs de más.",
    "Boxes.Calculator.TTProfit": "Premio = __nettoreward__<small>(premio neto)</small> * __arcfactor__%<small>(Bonus del Arca)</small> = __bruttoreward__<br>Cuesta: __costs__ - Place locked at: __safe__<br>Beneficio = __bruttoreward__<small>(premio)</small> - __costs__<small>(cuesta)</small> = __profit__",
    "Boxes.Calculator.TTProfitSelf": "Premio = __nettoreward__<small>(premio neto)</small> * __arcfactor__%<small>(Bonus del Arca)</small> = __bruttoreward__<br>Pagado: __paid__<br>Beneficio = __bruttoreward__<small>(premio)</small> - __paid__<small>(pagado)</small> = __profit__",
    "Boxes.Calculator.Title": "Calculador de costes",
    "Boxes.Calculator.Up2LevelUp": "Hasta el próximo nivel",
    "Boxes.Campagne.AlreadyDone": " ¡Ya conquistado! Bien hecho :)",
    "Boxes.Campagne.DescInStock": "Disponible",
    "Boxes.Campagne.DescRequired": "Requerido",
    "Boxes.Campagne.DescStillMissing": "<span style='color:#29b206'>Sobrante</span> / <span style='color:#ff4040'>Faltan</span>",
    "Boxes.Campagne.Resource": "Recurso",
    "Boxes.Campagne.Reward": "Recompensa total ",
    "Boxes.Campagne.Title": "Coste de conquista para ",
    "Boxes.CityMap.CavalierPerspecitve": "Perspectiva caballera",
    "Boxes.CityMap.Desc1": "Para poder planificar tu ciudad necesitamos transferir tus datos a foe-helper.com",
    "Boxes.CityMap.FreeArea": "Zonas sin uso: ",
    "Boxes.CityMap.NormalPerspecitve": "Estándar",
    "Boxes.CityMap.ShowSubmitBox": "Mostrar ventana de envío",
    "Boxes.CityMap.Submit": "<button class='btn-default' id='submit-data' onclick='CityMap.SubmitData()'>Enviar</button>",
    "Boxes.CityMap.SubmitSuccess": "Los datos fueron transferidos con éxito. . . Ahora visita ",
    "Boxes.CityMap.TitleSend": "Enviar datos",
    "Boxes.CityMap.WholeArea": "Área completa: ",
    "Boxes.CityMap.YourCity": "Tu ciudad",
    "Boxes.CityMap.clan_power_production": "Producción de poder de gremio",
    "Boxes.CityMap.culture": "Edificios Culturales",
    "Boxes.CityMap.decoration": "Decoraciones",
    "Boxes.CityMap.goods": "Edificios de Materiales",
    "Boxes.CityMap.greatbuilding": "Grandes Edificios",
    "Boxes.CityMap.main_building": "Ayuntamiento",
    "Boxes.CityMap.military": "Edificios Militares",
    "Boxes.CityMap.production": "Edificios de Producción",
    "Boxes.CityMap.random_production": "Producción Aleatoria",
    "Boxes.CityMap.residential": "Edificios Residenciales",
    "Boxes.CityMap.street": "Calles",
    "Boxes.CityMap.tower": "Torres",
    "Boxes.EventChests.Chance": "Probabilidad",
    "Boxes.EventChests.Cost": "Coste",
    "Boxes.EventChests.CostPerPrize": "Coste/Premio",
    "Boxes.EventChests.CostPerStep": "Cost/Paso",
    "Boxes.EventChests.MainPrize": "Precio habitual",
    "Boxes.EventChests.MainPrizeTitle": "Precio del día: ",
    "Boxes.EventChests.Steps": "Pasos",
    "Boxes.EventChests.Title": "Ayuda de selección de cofre del evento",
    "Boxes.FPCollector.Guildexpedition": "Expedición de Gremio",
    "Boxes.FPCollector.Guildfights": "Batallas Gremiales",
    "Boxes.FPCollector.Mainmap": "Mapa Principal",
    "Boxes.FPCollector.NoEntriesFound": "Aún no se han encontrado entradas…",
    "Boxes.FPCollector.TotalFP": "Total FP:",
    "Boxes.FPCollector.What": "Qué?",
    "Boxes.FPCollector.Where": "Donde?",
    "Boxes.FPCollector.Who": "Quien?",
    "Boxes.FPCollector.antiquesDealer": "Comerciante de antigüedades",
    "Boxes.FPCollector.battlegrounds_conquest": "Recompensa de GE luego de negociar o batallar",
    "Boxes.FPCollector.chest": "Recompensa de Encuentro",
    "Boxes.FPCollector.collectReward": "Recompensa",
    "Boxes.FPCollector.dailyChallenges": "Desafío Diario",
    "Boxes.FPCollector.diplomaticGifts": "Regalo Diplomático",
    "Boxes.FPCollector.double_collection": "x2 mediante Galaxia Azul",
    "Boxes.FPCollector.guildExpedition": "Reliquia",
    "Boxes.FPCollector.hiddenReward": "Recompensa Oculta",
    "Boxes.FPCollector.pickupProduction": "Recolección de Edificio",
    "Boxes.FPCollector.satDown": "Visita de Taberna",
    "Boxes.FPCollector.spoilsOfWar": "Castillo Himeji - Botín de Guerra",
    "Boxes.FPCollector.winterEvent": "Evento de Invierno",
    "Boxes.FPCollector.winterEventGrandPrize": "Gran Premio Evento de Invierno",
    "Boxes.GreatBuildings.ArcBonus": "Inversión amistosa",
    "Boxes.GreatBuildings.Costs": "Costos",
    "Boxes.GreatBuildings.DailyFP": "PF diario",
    "Boxes.GreatBuildings.FPCostGoods": "Costo de PF para materiales",
    "Boxes.GreatBuildings.FPPerTile": "Nuevo Edificio: FP Diario / Espacio de edificio reemplazado",
    "Boxes.GreatBuildings.GreatBulding": "Gran edificio",
    "Boxes.GreatBuildings.HelpLink": "https://foe-helper.com/docs/en/gb-investments/",
    "Boxes.GreatBuildings.HideNewGBs": "Ocultar GEs no construidos",
    "Boxes.GreatBuildings.Level": "Nivel",
    "Boxes.GreatBuildings.RewardPerDay": "Arca: Recompensa PF /día de otros jugadores",
    "Boxes.GreatBuildings.SuggestionDescription": "Los edificios al principio de la lista son los mejores",
    "Boxes.GreatBuildings.SuggestionTitle": "Comparación PF / GM (retorno de inversión)",
    "Boxes.GreatBuildings.TTFPPerTile": "Cuantos PF diarios por espacio se pierden por hacer espacio para un nuevo edificio? Ejemplo: Esta removiendo algunos templos del conocimiento para construir un Gran Edificio => 1FP/5 espacios = 0.2FP/espacio",
    "Boxes.GreatBuildings.TTGoodCosts": "No has construido este GE todavía. Este es el coste de PFs para comprar los bienes necesarios",
    "Boxes.GreatBuildings.TTGoodCostsColumn": "Lista el coste de PFs para comprar los bienes necesarios (aplica solo a GEs que no tienes construidos todavía)",
    "Boxes.GreatBuildings.TTRewardPerDay": "Opcional: ¿Cuántos PFs al día obtienes por día? Esta información se usa para calcular la rentabilidad para próximos niveles de arca. Para obtener la sugerencia ir al Ayuntamiento > Noticias>Eventos Históricos y recorrer las paginas",
    "Boxes.GreatBuildings.Title": "Inversión GE",
    "Boxes.GuildFights.Fights": "Batallas",
    "Boxes.GuildFights.LastSnapshot": " - Ultima Captura: __time__ Tiempo atras",
    "Boxes.GuildFights.Negotiations": "Negociaciones",
    "Boxes.GuildFights.Player": "Miembro Gremial",
    "Boxes.GuildFights.Title": "GvG Resumen",
    "Boxes.GuildFights.Total": "Total",
    "Boxes.HiddenRewards.Disappears": "Desaparece",
    "Boxes.HiddenRewards.HelpLink": "https://calculador-foe.es/docs/2/incidentes",
    "Boxes.HiddenRewards.NoEvents": "Sin incidentes actualmente.",
    "Boxes.HiddenRewards.Title": "Premios ocultos",
    "Boxes.Infobox.Filter": "Filtro",
    "Boxes.Infobox.FilterAuction": "Subastas",
    "Boxes.Infobox.FilterGex": "EG",
    "Boxes.Infobox.FilterGuildFights": "Gremio contra gremio",
    "Boxes.Infobox.FilterLevel": "Subidas de nivel",
    "Boxes.Infobox.FilterMessage": "Mensajes",
    "Boxes.Infobox.FilterTrade": "Comercio",
    "Boxes.Infobox.Messages.Auction": "<strong>__player__</strong> ha pujado ahora mismo __amount__ monedas.",
    "Boxes.Infobox.Messages.GEX": "<strong>__player__</strong> ha conseguido __points__ puntos en la EG.",
    "Boxes.Infobox.Messages.GildFightOccupied": "La provincia <span style=\"color:#ffb539\">__provinceName__</span> fue tomada por <span style=\"color:__attackerColor__;text-shadow: 0 1px 1px __attackerShadow__\">__attackerName__</span> y está bloqueada hasta __untilOccupied__.",
    "Boxes.Infobox.Messages.LevelUp": "__building__ de __player__ ha alcanzado el nivel __level__.<br>Has conseguido el puesto <strong>__rank__ </strong> y has recibido <strong>__fps__</strong> PFs como beneficio.",
    "Boxes.Infobox.Messages.MsgBuilding": "__building__ - nivel __level__",
    "Boxes.Infobox.Messages.Trade": "<strong>__player__</strong> ha aceptado tu oferta de __offerValue__ __offer__ a cambio de __needValue__ __need__.",
    "Boxes.Infobox.Messages.Welcome": "¡Bienvenidos al <strong>Infobox</strong>! Mientras esta ventana permanezca abierta, se irá llenando gradualmente de eventos que ocurren en silencio (como mensajes de chat, ataques en GBG y pujas en subastas)",
    "Boxes.Infobox.ResetBox": "Limpiar historial de eventos",
    "Boxes.Infobox.Title": "Ventana de Información",
    "Boxes.Infobox.UnknownConversation": "Conversación desconocida",
    "Boxes.Investment.AllUpToDate": "Todo está actualizado",
    "Boxes.Investment.AllUpToDateDesc": "Esta información ya fue registrada.",
    "Boxes.Investment.CurrReward": "Ganancia actual: ",
    "Boxes.Investment.DateParseError": "Error analizando la fecha",
    "Boxes.Investment.DateParseErrorDesc": "El valor fecha \"__InvalidDate__\" no puede ser analizada",
    "Boxes.Investment.InvestBar": "FP invertidos: ",
    "Boxes.Investment.PlayerFound": "Encontrado jugador",
    "Boxes.Investment.PlayerFoundCount": "Se encontraron __count__ nuevos eventos de jugador",
    "Boxes.Investment.PlayerFoundCounter": "Se encontraron __count__ nuevos eventos de jugador",
    "Boxes.Investment.Title": "Inversión",
    "Boxes.Investment.TotalFP": "Stock + circulante + beneficio: ",
    "Boxes.Kits.Extensions": "Extensiones",
    "Boxes.Kits.InStock": "En stock",
    "Boxes.Kits.KitName": "Tipo de artículo",
    "Boxes.Kits.Name": "Edificio",
    "Boxes.Kits.SelectionKit": "Selección - Kit",
    "Boxes.Kits.Title": "Edificio - / Kits de Selección",
    "Boxes.Kits.ToggleButtonActive": "Ocultar las partes que faltan",
    "Boxes.Kits.ToggleButtonInActive": "Mostrar las partes que faltan",
    "Boxes.Kits.UpgradeKit": "Kit de actualización",
    "Boxes.Market.AllGoods": "Todos los bienes",
    "Boxes.Market.MaxResults": "Resultados máx",
    "Boxes.Market.MinQuantity": "Cantidad Min.",
    "Boxes.Market.Need": "Necesidad",
    "Boxes.Market.NeedColumn": "Necesidad",
    "Boxes.Market.NeedTT": "__era__<br>Tu tienes: __stock__",
    "Boxes.Market.Offer": "Oferta",
    "Boxes.Market.OfferColumn": "Oferta",
    "Boxes.Market.OfferTT": "__era__<br>Tu tienes: __stock__",
    "Boxes.Market.OnlyAffordable": "Solo ofertas asequibles",
    "Boxes.Market.PageColumn": "Página",
    "Boxes.Market.PlayerColumn": "Jugador",
    "Boxes.Market.RateColumn": "Tasa",
    "Boxes.Market.Rating": "Puntuación",
    "Boxes.Market.TTMinQuantity": "Seleccione la cantidad mínima de bienes que se ofrece. Este filtro NO se aplica a los intercambios de los miembros del Gremio.",
    "Boxes.Market.Title": "Filtro de mercado",
    "Boxes.Market.TradeAdvantage": "Ventaja",
    "Boxes.Market.TradeDisadvantage": "Desventaja",
    "Boxes.Market.TradeFair": "Justo",
    "Boxes.Market.TradeFairStock": "Justo (a un nivel más bajo)",
    "Boxes.Market.TradeFairStockTT": "Incluye todos los intercambios comerciales en los que el bien ofrecido tiene un stock menor que el bien solicitado.",
    "Boxes.Market.TradeForEqual": "Igual",
    "Boxes.Market.TradeForGoods": "Era de la oferta",
    "Boxes.Market.TradeForHigher": "Más alta",
    "Boxes.Market.TradeForLower": "Más baja",
    "Boxes.Market.TradePartner": "Socios",
    "Boxes.Market.TradePartnerFriend": "Amigos",
    "Boxes.Market.TradePartnerGuild": "Miembros del gremio",
    "Boxes.Market.TradePartnerNeighbor": "Vecinos",
    "Boxes.MoppelHelper.Attacks": "Ataques",
    "Boxes.MoppelHelper.Days": "__days__dia(s)",
    "Boxes.MoppelHelper.Event": "Evento",
    "Boxes.MoppelHelper.Friends": "Amigos",
    "Boxes.MoppelHelper.FriendsSocialTabTT": "Click en la pestaña de amigos en el juego para desbloquear la lista de eventos de tus amigos",
    "Boxes.MoppelHelper.GBs": "Gran Edificio",
    "Boxes.MoppelHelper.GuildMembers": "Miembros del Gremio",
    "Boxes.MoppelHelper.GuildSocialTabTT": "Click en la pestaña de miembros del gremio en el juego para desbloquear la lista de eventos de tus compañeros gremiales",
    "Boxes.MoppelHelper.HeaderWarning": "ATENCIÓN: Estos valores son validos únicamente si te deslizas por todos los nuevos eventos de la lista de eventos en el Ayuntamiento > Noticias > Historial de Eventos ",
    "Boxes.MoppelHelper.MoppelEvents": "Motivar/Embellecer",
    "Boxes.MoppelHelper.Name": "Nombre",
    "Boxes.MoppelHelper.Neighbors": "Vecinos",
    "Boxes.MoppelHelper.NeighborsSocialTabTT": "Click en la pestaña de vecinos en el juego para desbloquear el historial de evento de los vecinos",
    "Boxes.MoppelHelper.Never": "NUNCA",
    "Boxes.MoppelHelper.Plunders": "Saquear",
    "Boxes.MoppelHelper.Points": "Puntos",
    "Boxes.MoppelHelper.Rank": "Rango",
    "Boxes.MoppelHelper.TavernVisits": "Taberna",
    "Boxes.MoppelHelper.Title": "Motivar/Embellecer Helper",
    "Boxes.MoppelHelper.Trades": "Mercado",
    "Boxes.Negotiation.Average": "Orden de preferencia",
    "Boxes.Negotiation.Canceled": "Negociación cancelada",
    "Boxes.Negotiation.Chance": "Probabilidad",
    "Boxes.Negotiation.DragDrop": "Puedes reordenar los iconos usando drag & drop para determinar el orden del primer intento.",
    "Boxes.Negotiation.GoodsCritical": "¡ATENCIÓN: ¡El stock de bienes está en estado crítico!",
    "Boxes.Negotiation.GoodsLow": "¡ATENCIÓN: ¡El stock de bienes está bajo!",
    "Boxes.Negotiation.HelpLink": "https://foe-helper.com/docs/2/negotioation-helper",
    "Boxes.Negotiation.Person": "Persona",
    "Boxes.Negotiation.Round": "Ronda",
    "Boxes.Negotiation.SaveCurrentEraGoods": "¿Guardar la mercancía actual?",
    "Boxes.Negotiation.SaveMedals": "¿Salvar las medallas?",
    "Boxes.Negotiation.Stock": "Almacén:",
    "Boxes.Negotiation.Success": "Acierto",
    "Boxes.Negotiation.TableLoadError": "Error cargando la tabla de negociación",
    "Boxes.Negotiation.Title": "Ayudante de negociación",
    "Boxes.Negotiation.TryEnd": "Se terminaron los intentos",
    "Boxes.Negotiation.WrongGoods": "Mercancía equivocada, por favor seguir a mano",
    "Boxes.Negotiation.confirmGoodsMissmatch": "OK",
    "Boxes.Notice.ContentHeadIsFriend": "Amigo",
    "Boxes.Notice.ContentHeadIsGuild": "Miembro del gremio",
    "Boxes.Notice.ContentHeadIsNeighbor": "Vecino",
    "Boxes.Notice.DeleteGroup": "Eliminar el grupo y los sitios",
    "Boxes.Notice.DeleteItem": "Eliminar el sitio",
    "Boxes.Notice.DummyHeading": "Su encabezado",
    "Boxes.Notice.Edit": "Editar",
    "Boxes.Notice.GlobalSendRequired": "Este módulo sólo funciona con \"Transmisión a foe-helper.com\" activado.<br>Por favor, active esta opción para utilizar las notas.",
    "Boxes.Notice.GroupName": "Nombre del grupo",
    "Boxes.Notice.HelpLink": "https://foe-helper.com/docs/2/notes",
    "Boxes.Notice.ModalChoosePlayer": "Elija un jugador",
    "Boxes.Notice.ModalMissingPlayers": "¿Faltan jugadores en la lista de candidatos? Entonces cierra esta casilla, haz clic en las otras dos pestañas en la parte inferior de la Barra Social (Vecinos, Miembros del Gremio, Amigos) y luego vuelve a abrir esta casilla.",
    "Boxes.Notice.NewGroup": "Grupo",
    "Boxes.Notice.NewGroupDesc": "Crear un grupo primero... ",
    "Boxes.Notice.NewPlayer": "Jugador",
    "Boxes.Notice.NewSide": "Sitio",
    "Boxes.Notice.Save": "Guardar",
    "Boxes.Notice.SelectPlayerGroupDefault": "-- Crear un grupo de jugadores ? --",
    "Boxes.Notice.SelectPlayerGroupFriend": "Amigos",
    "Boxes.Notice.SelectPlayerGroupGuild": "Miembros del gremio",
    "Boxes.Notice.SelectPlayerGroupNeighbor": "Vecinos",
    "Boxes.Notice.SideName": "Nombre del sitio",
    "Boxes.Notice.Sorting": "Clasificación",
    "Boxes.Notice.Title": "Notas",
    "Boxes.Outpost.DescInStock": "Disponible",
    "Boxes.Outpost.DescRequired": "Necesitado",
    "Boxes.Outpost.DescStillMissing": "<span style='color:#29b206'>Sobrante</span> / <span style='color:#ff4040'>Faltan</span>",
    "Boxes.Outpost.ExpansionsSum": "Expansiones",
    "Boxes.Outpost.ShowSums": "Mostrar Sumas:",
    "Boxes.Outpost.Title": "Mercancías de los Asentamientos Culturales",
    "Boxes.Outpost.TitleBuildings": "Edificio",
    "Boxes.Outpost.TitleFree": "Libre",
    "Boxes.Outpost.TitleShort": "Resumen de mercancias - ",
    "Boxes.Outpost.infoLine": "Current LvL = __runNumber__; % de oportunidad (x4) = __chanceX4__%",
    "Boxes.Outpost.nextTile": "próxima expansión",
    "Boxes.Outpost.tileNotPlanned": "desactivado",
    "Boxes.OwnpartCalculator.All": "Todos",
    "Boxes.OwnpartCalculator.Arc": "Arca",
    "Boxes.OwnpartCalculator.Auto": "Auto",
    "Boxes.OwnpartCalculator.BPs": "Plano",
    "Boxes.OwnpartCalculator.BuildingName": "Edificio",
    "Boxes.OwnpartCalculator.CopyValues": "Copiar valores",
    "Boxes.OwnpartCalculator.Deposit": "Ingresar",
    "Boxes.OwnpartCalculator.Done": "Listo",
    "Boxes.OwnpartCalculator.Ext": "Ext.",
    "Boxes.OwnpartCalculator.HelpLink": "https://foe-helper.com/docs/en/gb-calculator/",
    "Boxes.OwnpartCalculator.IncludeData": "Datos Incluidos",
    "Boxes.OwnpartCalculator.LGTotalFP": "Gran edificio FP en total",
    "Boxes.OwnpartCalculator.Meds": "Méds",
    "Boxes.OwnpartCalculator.NoPlaceSafe": "Ningún puesto está asegurado",
    "Boxes.OwnpartCalculator.Note": "Guadar",
    "Boxes.OwnpartCalculator.OldLevel": "Nivel viejo",
    "Boxes.OwnpartCalculator.OptionsDescending": "Descendiendo",
    "Boxes.OwnpartCalculator.OptionsFP": "Puntos Forge",
    "Boxes.OwnpartCalculator.OptionsGB": "Nombre Edificio",
    "Boxes.OwnpartCalculator.OptionsLevel": "Nivel",
    "Boxes.OwnpartCalculator.OptionsLevelUp": "Por favor subir nivel",
    "Boxes.OwnpartCalculator.OptionsPlayer": "Jugador",
    "Boxes.OwnpartCalculator.Order": "Orden",
    "Boxes.OwnpartCalculator.OwnPart": "Cuota propia",
    "Boxes.OwnpartCalculator.OwnPartRemaining": "quedan",
    "Boxes.OwnpartCalculator.PatronPart": "Parte del contribuyente",
    "Boxes.OwnpartCalculator.Place": "Puesto",
    "Boxes.OwnpartCalculator.Places": "Puestos",
    "Boxes.OwnpartCalculator.PlayerName": "Jugador",
    "Boxes.OwnpartCalculator.PowerLeveling": "Niveles",
    "Boxes.OwnpartCalculator.Preview": "Vista Previa",
    "Boxes.OwnpartCalculator.Step": "Nivel",
    "Boxes.OwnpartCalculator.Title": "Calculadora de GE propio",
    "Boxes.PowerLeveling.DoubleCollection": "Colección doble",
    "Boxes.PowerLeveling.Level": "Nivel",
    "Boxes.PowerLeveling.MaxLevel": "Nivel máximo",
    "Boxes.PowerLeveling.OwnPartBrutto": "Contribución propia",
    "Boxes.PowerLeveling.OwnPartNetto": "Red propia",
    "Boxes.PowerLeveling.OwnPartSum": "Suma propia",
    "Boxes.PowerLeveling.P1": "P1",
    "Boxes.PowerLeveling.P2": "P2",
    "Boxes.PowerLeveling.P3": "P3",
    "Boxes.PowerLeveling.P4": "P4",
    "Boxes.PowerLeveling.P5": "P5",
    "Boxes.PowerLeveling.Title": "Niveles GM",
    "Boxes.Productions.Done": "Listo",
    "Boxes.Productions.GoodEraTotal": "Total",
    "Boxes.Productions.GuildGoods": "Los bienes del gremio",
    "Boxes.Productions.GuildPower": "El poder del gremio",
    "Boxes.Productions.Happiness": "Felicidad",
    "Boxes.Productions.Headings.all": "Todos",
    "Boxes.Productions.Headings.amount": "Cantidad",
    "Boxes.Productions.Headings.area": "Área",
    "Boxes.Productions.Headings.culture": "Edificios culturales",
    "Boxes.Productions.Headings.decoration": "Decorativos",
    "Boxes.Productions.Headings.earning": "Recogida disponible a las",
    "Boxes.Productions.Headings.efficiency": "Eficiencia",
    "Boxes.Productions.Headings.era": "Era",
    "Boxes.Productions.Headings.goods": "Edificios de bienes",
    "Boxes.Productions.Headings.greatbuilding": "Grandes Edificio",
    "Boxes.Productions.Headings.main_building": "Ayuntamiento",
    "Boxes.Productions.Headings.name": "Nombre",
    "Boxes.Productions.Headings.number": "Número",
    "Boxes.Productions.Headings.production": "Edificios de producción",
    "Boxes.Productions.Headings.random_production": "Producción casual",
    "Boxes.Productions.Headings.residential": "Edificios residenciales",
    "Boxes.Productions.Headings.size": "Tamaño",
    "Boxes.Productions.Headings.street": "Calles",
    "Boxes.Productions.ModeCurrent": "Actual",
    "Boxes.Productions.ModeDaily": "Producción diaria",
    "Boxes.Productions.ModeGroups": "Agrupar",
    "Boxes.Productions.ModeSingle": "Uno por uno",
    "Boxes.Productions.NoAsteroidDataWarning": "No se incluyen los bienes del anillo de asteroides. Por favor, visite su puesto de avanzada del anillo de asteroides y abra la caja de nuevo",
    "Boxes.Productions.NoMarsDataWarning": "No se incluyen los bienes de Marte. Por favor, visite su puesto de avanzada en Marte y abra la caja de nuevo",
    "Boxes.Productions.SearchInput": "Búsqueda de edificio... ",
    "Boxes.Productions.SizeTT": "El tamaño, incluido el requisito de espacio promedio de la calle de __streetnettosize__ tiles",
    "Boxes.Productions.TTGoodsEra": "Esta columna muestra la era del edificio, no la era de los bienes producidos",
    "Boxes.Productions.Title": "Resumen de producción",
    "Boxes.Productions.Total": "Total: ",
    "Boxes.Productions.Units": "Unidades",
    "Boxes.Settings.Active": "Activo",
    "Boxes.Settings.Inactive": "Inactivo",
    "Boxes.Settings.Title": "Ajustes",
    "Boxes.Stats.BtnAll": "Todas",
    "Boxes.Stats.BtnAllPlayableEras": "Todas las edades",
    "Boxes.Stats.BtnAllPlayableErasTitle": "Selecciona todas las edades jugables (sin: Sin edad, Especial)",
    "Boxes.Stats.BtnAllTittle": "Edades + Sin edades + Especial",
    "Boxes.Stats.BtnChartType.delta": "Delta",
    "Boxes.Stats.BtnChartType.line": "Líneas",
    "Boxes.Stats.BtnChartType.streamgraph": "Flujo",
    "Boxes.Stats.BtnChartTypeTitle.delta": "Gráfico de aumento/disminución",
    "Boxes.Stats.BtnChartTypeTitle.line": "Gráfico de líneas",
    "Boxes.Stats.BtnChartTypeTitle.streamgraph": "Gráfico de Stream",
    "Boxes.Stats.BtnLastEras": "Últimas 2 edades",
    "Boxes.Stats.BtnLastErasTitle": "Seleccione la edad actual y la anterior",
    "Boxes.Stats.BtnMyEra": "Mi Edad",
    "Boxes.Stats.BtnNoEra": "No Edad",
    "Boxes.Stats.BtnSource.statsGBGPlayers": "Campos de batalla",
    "Boxes.Stats.BtnSource.statsRewards": "Recompensas",
    "Boxes.Stats.BtnSource.statsTreasureClanD": "Tesoro del gremio D",
    "Boxes.Stats.BtnSource.statsTreasureClanH": "Tesoro del gremio H",
    "Boxes.Stats.BtnSource.statsTreasurePlayerD": "Tesoro diario",
    "Boxes.Stats.BtnSource.statsTreasurePlayerH": "Tesoro",
    "Boxes.Stats.BtnSource.statsUnitsD": "Unidades diarias",
    "Boxes.Stats.BtnSource.statsUnitsH": "Unidades por hora",
    "Boxes.Stats.BtnToggleAnnotations": "Anotaciones GvG",
    "Boxes.Stats.BtnToggleAnnotationsTitle": "Muestra una disminución de los bienes en el mapa GvG.",
    "Boxes.Stats.BtnToggleGroupBy": "Grupo por edades",
    "Boxes.Stats.BtnToggleGroupByTitle": "grupo por nombre",
    "Boxes.Stats.Era": "La Era",
    "Boxes.Stats.HelpLink": "https://foe-helper.com/docs/en/statistics/",
    "Boxes.Stats.Period.all": "Todas",
    "Boxes.Stats.Period.last30days": "Los últimos 30 días",
    "Boxes.Stats.Period.last7days": "Los últimos 7 días",
    "Boxes.Stats.Period.sinceTuesday": "Desde el martes",
    "Boxes.Stats.Period.thisMonth": "Este mes",
    "Boxes.Stats.Period.today": "Hoy",
    "Boxes.Stats.PeriodTitle.all": "Durante todo el tiempo",
    "Boxes.Stats.PeriodTitle.last30days": "Recolectados los últimos 30 días",
    "Boxes.Stats.PeriodTitle.last7days": "Recogido los últimos 7 días",
    "Boxes.Stats.PeriodTitle.sinceTuesday": "Recogido desde el martes (GE comienza el martes)",
    "Boxes.Stats.PeriodTitle.thisMonth": "Recogido este mes",
    "Boxes.Stats.PeriodTitle.today": "Recogido hoy",
    "Boxes.Stats.Rewards.Source.__event": "Evento",
    "Boxes.Stats.Rewards.Source.battlegrounds_conquest": "GBG",
    "Boxes.Stats.Rewards.Source.diplomaticGifts": "Donaciones diplomáticas",
    "Boxes.Stats.Rewards.Source.guildExpedition": "GE",
    "Boxes.Stats.Rewards.Source.spoilsOfWar": "Himeji",
    "Boxes.Stats.Rewards.SourceTitle.__event": "Recompensas por eventos estacionales o especiales",
    "Boxes.Stats.Rewards.SourceTitle.battlegrounds_conquest": "Recompensas GBG",
    "Boxes.Stats.Rewards.SourceTitle.diplomaticGifts": "Premios de Regalo Diplomático del Transportista Espacial",
    "Boxes.Stats.Rewards.SourceTitle.guildExpedition": "Recompensas de la Reliquia GE (Templo de la Reliquia)",
    "Boxes.Stats.Rewards.SourceTitle.spoilsOfWar": "Botín de las recompensas de la guerra (Castillo de Himeji)",
    "Boxes.Stats.SourceTitle.statsGBGPlayers": "Marcador de los jugadores del GBG",
    "Boxes.Stats.SourceTitle.statsRewards": "Sus recompensas del Castillo Himeji, Templo de Reliquias, Campo de Batalla del Gremio",
    "Boxes.Stats.SourceTitle.statsTreasureClanD": "El Tesoro Diario del gremio",
    "Boxes.Stats.SourceTitle.statsTreasureClanH": "Tesoro del gremio por hora",
    "Boxes.Stats.SourceTitle.statsTreasurePlayerD": "Su tesoro diario",
    "Boxes.Stats.SourceTitle.statsTreasurePlayerH": "Su tesoro cada hora",
    "Boxes.Stats.SourceTitle.statsUnitsD": "Unidades diarias",
    "Boxes.Stats.SourceTitle.statsUnitsH": "Sus unidades por hora",
    "Boxes.Stats.Title": "Estadísticas",
    "Boxes.Technologies.DescInStock": "Disponible",
    "Boxes.Technologies.DescRequired": "Necesitado",
    "Boxes.Technologies.DescStillMissing": "<span style='color:#29b206'>Exceso</span> / <span style='color:#ff4040'>Perdido</span>",
    "Boxes.Technologies.IgnoreCurrentEraOptional": "Ignorar tecnologías opciones de la actual /futura era",
    "Boxes.Technologies.IgnorePrevEra": "Ignorar tecnologías opcionales de la era previa",
    "Boxes.Technologies.NoTechs": "Has alcanzado el final de esta era",
    "Boxes.Technologies.Resource": "Recurso",
    "Boxes.Technologies.Title": "Coste de investigacion por",
    "Boxes.Treasury.Action": "Mensaje",
    "Boxes.Treasury.Amount": "Cantidad",
    "Boxes.Treasury.DateTime": "Fecha y hora",
    "Boxes.Treasury.Era": "La Era",
    "Boxes.Treasury.Export": "Exportar",
    "Boxes.Treasury.Message": "Por favor, desplácese por todas las páginas y pulse el botón de exportación",
    "Boxes.Treasury.PlayerID": "ID del jugador",
    "Boxes.Treasury.PlayerName": "Nombre del jugador",
    "Boxes.Treasury.Reset": "Reiniciar",
    "Boxes.Treasury.Resource": "Recursos",
    "Boxes.Treasury.RowNumber": "Filas procesadas",
    "Boxes.Treasury.Title": "Exportación del registro del tesoro del gremio",
    "Boxes.Units.AlcaHarvest": "Tu Alcatraz está listo para recoger!",
    "Boxes.Units.Attack": "Ataque",
    "Boxes.Units.Bind": "Atado",
    "Boxes.Units.Defend": "Defensa",
    "Boxes.Units.NextUnitsIn": "Las próximas __count__ unidades llegan <span class=\"alca-countdown\"></span> a las __harvest__ horas",
    "Boxes.Units.NotFilled": "no está lleno",
    "Boxes.Units.Proportionally": "En proporción",
    "Boxes.Units.Quantity": "Cantidad",
    "Boxes.Units.ReadyToLoot": "Listo para la recogida!",
    "Boxes.Units.Status": "Estado",
    "Boxes.Units.Title": "Resumen del ejército",
    "Boxes.Units.Unbind": "libre",
    "Boxes.Units.Unit": "Unidad",
    "Date": "DD-MMM-YY",
    "DateTime": "DD.MM.YYYY HH:mm [Uhr]",
    "Eras.0": "Sin edad",
    "Eras.1": "Edad de Piedra",
    "Eras.10": "Edad Moderna",
    "Eras.11": "Edad PostModerna",
    "Eras.12": "Edad Contemporánea",
    "Eras.13": "El Mañana",
    "Eras.14": "El Futuro",
    "Eras.15": "Futuro Ártico",
    "Eras.16": "Futuro Oceánico",
    "Eras.17": "Futuro Virtual",
    "Eras.18": "Edad Espacial: Marciana",
    "Eras.19": "Edad Espacial: Ceres",
    "Eras.2": "Edad de Bronce",
    "Eras.20": "Era espacial de Venus",
    "Eras.21": "Space Age Jupiter Moon",
    "Eras.3": "Edad de Hierro",
    "Eras.4": "Alta Edad Media",
    "Eras.5": "Plena Edad Media",
    "Eras.6": "Baja Edad Media",
    "Eras.7": "Edad Colonial",
    "Eras.8": "Edad Industrial",
    "Eras.9": "Edad del Progreso",
    "Global.BoxTitle": "Ayudante de FoE",
    "HiddenRewards.Positions.cityRoadBig": "Carretera grande",
    "HiddenRewards.Positions.cityRoadSmall": "Carretera pequeña",
    "HiddenRewards.Positions.guildExpedition": "Expedición de gremio",
    "HiddenRewards.Positions.nature": "Naturaleza",
    "HiddenRewards.Positions.shore": "Costa",
    "HiddenRewards.Positions.water": "en el agua",
    "HiddenRewards.Table.expires": "Finaliza a",
    "HiddenRewards.Table.position": "Posición",
    "HiddenRewards.Table.type": "Tipo",
    "Kits.Sets.Abandoned_Asylum": "Asilo abandonado",
    "Kits.Sets.Altar_Garden": "Jardín del Altar",
    "Kits.Sets.Art_Exhibition": "Exposición de arte",
    "Kits.Sets.Celtic_Forest_Set": "El Bosque Celta",
    "Kits.Sets.Cherry_Garden_Set": "Conjunto del jardín de cerezos",
    "Kits.Sets.Cider_Mill": "molino de sidra",
    "Kits.Sets.Classical_Garden_Set": "Juego de jardín clásico",
    "Kits.Sets.Colossus": "Coloso",
    "Kits.Sets.FountainSet": "Juego de fuentes",
    "Kits.Sets.Grand_Bridge": "El Gran Puente",
    "Kits.Sets.Graveyard": "Cementerio",
    "Kits.Sets.Greater_Runestone": "Piedra de la Gran Runa",
    "Kits.Sets.Guard_Post": "Puesto de guardia",
    "Kits.Sets.Hall_of_Fame": "Salón de la Fama",
    "Kits.Sets.Hippodrome": "Hipódromo",
    "Kits.Sets.Indian_Palace_Set": "Conjunto del Palacio Indio",
    "Kits.Sets.Obelisk": "Obelisco",
    "Kits.Sets.Pagoda": "La Pagoda",
    "Kits.Sets.Piazza_Set": "El juego de la plaza",
    "Kits.Sets.Pillar_of_Heroes": "Pilar de los Héroes",
    "Kits.Sets.Pirate": "Barco pirata",
    "Kits.Sets.Royal": "Barco real",
    "Kits.Sets.September_Cottage": "Cabaña de Septiembre",
    "Kits.Sets.Statue_of_Honor": "Estatua de Honor",
    "Kits.Sets.The_Crows_Nest": "Nido de cuervos",
    "Kits.Sets.The_Ship": "Kit del barco",
    "Kits.Sets.Tholos_of_Idols": "Tholos de los ídolos",
    "Kits.Sets.Timeless_Dojo": "Dojo eterno",
    "Kits.Sets.Trader": "Buque mercante",
    "Kits.Sets.Winners_Plaza": "Plaza de los Ganadores",
    "Kits.Sets.Winter_Spire": "Espira de invierno",
    "Kits.Sets.Winter_Train": "Tren de invierno",
    "Kits.Sets.Winter_Village_Set": "Conjunto de la Aldea de Invierno",
    "Kits.Sets.Winterdeco_Set": "Kit de Winterdeco",
    "Kits.Sets.Worlds_Fair": "Feria de los Mundos",
    "Local": "es-ES",
    "Menu.Bluegalaxy.Desc": "Esta herramienta ayuda a encontrar los mejores edificios para recolectar utilizando su Galaxia Azul",
    "Menu.Bluegalaxy.Title": "Galaxia Azul ayudante",
    "Menu.BottomBar": "Fondo",
    "Menu.Box": "Como Menu",
    "Menu.Calculator.Desc": "Calcula todos los puestos para tí y determina si se pueden conseguir FPs",
    "Menu.Calculator.Title": "Calculador de costes",
    "Menu.Calculator.Warning": "Deshabilitado: Entra primero en un gran edificio de otro jugador!",
    "Menu.Campagne.Desc": "Muestra los recursos requeridos para conquistar un Sector del Mapa de Campaña.",
    "Menu.Campagne.Title": "Campaña",
    "Menu.Campagne.Warning": "Deshabilitado: Visita una provincia primero!",
    "Menu.Citymap.Desc": "Muestra tu ciudad esquemáticamente desde arriba",
    "Menu.Citymap.Title": "Vista de la ciudad",
    "Menu.Dropdown": "Desplegable",
    "Menu.HiddenRewards.Desc": "Vistazo de premios ocultos",
    "Menu.HiddenRewards.Title": "Premios ocultos",
    "Menu.Info.Desc": "Te enseña todas las cosas que pasan en el \"fondo\"<br><em>Poco a poco se llena con información. . . </em>",
    "Menu.Info.Title": "Cuadro de información",
    "Menu.Kits.Desc": "Lista todos los edificios existentes y los kits de selección y actualización.",
    "Menu.Kits.Title": "Kits para edificios",
    "Menu.Market.Desc": "Filtrar las operaciones en el mercado",
    "Menu.Market.Title": "Filtro de mercado",
    "Menu.Market.Warning": "Por favor, abra el mercado primero",
    "Menu.Moppelhelper.Desc": "Muestra cuando los amigos, miembros gremiales o vecinos motivaron/embellecieron por ultima vez los edificios",
    "Menu.Moppelhelper.Title": "Motivar/Embellecer Ayudante",
    "Menu.Negotiation.Desc": "Te da sugerencias precisas para las negociaciones.",
    "Menu.Negotiation.Title": "Asistente de negociaciones",
    "Menu.Negotiation.Warning": "Deshabilitado: Comienza primero una nueva negociación!",
    "Menu.Notice.Desc": "Toma notas de todo lo que no quieras olvidar.",
    "Menu.Notice.Title": "Notas",
    "Menu.Notification.Position.bottom-center": "Fondo Medio",
    "Menu.Notification.Position.bottom-left": "Fondo Izquierdo",
    "Menu.Notification.Position.bottom-right": "Fondo Derecho",
    "Menu.Notification.Position.mid-center": "Centro Medio",
    "Menu.Notification.Position.top-center": "Medio Superior",
    "Menu.Notification.Position.top-left": "Izquierdo Superior",
    "Menu.Notification.Position.top-right": "Derecho Superior",
    "Menu.OutP.Desc": "Resumen de los recursos necesarios.",
    "Menu.OutP.DescWarningBuildings": "<em id='outPW' class='tooltip-error'>Deshabilitado: Primero visita el asentamiento cultural!<br></em>Resumen de los recursos necesitados.",
    "Menu.OutP.DescWarningOutpostData": "<em id='outPW' class='tooltip-error'>Deshabilitado: Comienza primero un asentamiento cultural y vuelva a cargar el juego (F5)",
    "Menu.OutP.Title": "Asentamientos Culturales",
    "Menu.OwnpartCalculator.Desc": "Crear plan de pago, calcular puestos externos y copiar el valor",
    "Menu.OwnpartCalculator.Title": "Calculator cuata propia",
    "Menu.OwnpartCalculator.Warning": "Deshabilitado: Entra primero en un gran edificio tuyo!",
    "Menu.Productions.Desc": "Muestra la cantidad de las producciones actuales.",
    "Menu.Productions.Title": "Resumen de producción",
    "Menu.RightBar": "Derecha",
    "Menu.SaveMessage.Desc": "El nuevo orden del menu fue guardado",
    "Menu.SaveMessage.Title": "Guardado!",
    "Menu.Settings.Desc": "Aquí ajustas algunas cositas",
    "Menu.Settings.Title": "Ajustes",
    "Menu.Stats.Desc": "Muestra estadísticas de juego sobre bienes, unidades, recompensas, GBG",
    "Menu.Stats.Title": "Estadísticas",
    "Menu.Technologies.Desc": "Calcular costes de investigación",
    "Menu.Technologies.Title": "Tecnología",
    "Menu.Technologies.Warning": "Deshabilitado: Abre primero el árbol de tecnologías!",
    "Menu.Unit.Desc": "Todas tus tropas a simple vista",
    "Menu.Unit.Title": "Ejército",
    "Menu.Unit.Warning": "Deshabilitado: ¡Abre primero 1a Gestión del Ejercito (tecla U) !",
    "Menu.fpCollector.Desc": "Muestra por cierto los PFs recibidos ordenados por dias",
    "Menu.fpCollector.Title": "PF Recolector",
    "Menu.greatbuildings.Desc": "¿Qué gran edificio de producción de FP debería ser el próximo en actualizarse?",
    "Menu.greatbuildings.Title": "Inversión en GB",
    "Settings.About.Desc": "El Ayudante de FoE es una extensión gratuita del navegador de Forge of Empires desarrollado para jugadores por jugadores. La herramienta no está afiliada a InnoGames.",
    "Settings.About.RatingDesc": "Si te gusta lo que ves y lo que hacemos, por favor deja una buena crítica en la tienda!",
    "Settings.About.RatingTitle": "Evalúe la extensión",
    "Settings.About.Title": "Acerca del Ayudante de FoE",
    "Settings.About.TranslateDesc": "Puedes ayudar a traducir la extensión inscribiéndote en nuestra herramienta de traducción: ",
    "Settings.About.TranslateTitle": "Traducción",
    "Settings.AutomaticNegotiation.Desc": "¿Debe el asistente abrir automáticamente con una negociación y cerrar cuando se cancela? No disponible en Campos de Batalla.",
    "Settings.AutomaticNegotiation.Title": "Negociadores",
    "Settings.ChangeLanguage.Desc": "Elige el idioma de tu preferencia de la lista desplegable",
    "Settings.ChangeLanguage.Title": "Cambiar idioma",
    "Settings.Entry.About": "Acerca de",
    "Settings.Entry.AutomaticNegotiation": "Ayudante de negociación",
    "Settings.Entry.ChangeLanguage": "Idioma",
    "Settings.Entry.ExportSettings": "Importación / Exportación",
    "Settings.Entry.GlobalSend": "Transferencias",
    "Settings.Entry.Help": "Ayuda",
    "Settings.Entry.MenuLength": "Longitud del menú",
    "Settings.Entry.NotificationsPosition": "Posición de Notificación",
    "Settings.Entry.ResetBoxPositions": "Coordenadas del cuadro",
    "Settings.Entry.SelectedMenu": "Cambio de Menu",
    "Settings.Entry.ShowBlueGalaxyHelper": "Galaxia Azul",
    "Settings.Entry.ShowEventChest": "Cofre de Evento",
    "Settings.Entry.ShowGuildTreasuryLogExport": "Exportación de Guildtreasury",
    "Settings.Entry.ShowInvestments": "Inversión en FP",
    "Settings.Entry.ShowMarketFilter": "Filtro de mercado",
    "Settings.Entry.ShowNotifications": "Notificaciones",
    "Settings.Entry.ShowOwnPartOnAllGBs": "Calculadora de GB",
    "Settings.Entry.ShowPlayersMotivation": "Actividades de Motivación",
    "Settings.Entry.ShowRougeUnitWarning": "Asistente de Batalla",
    "Settings.Entry.Version": "Versión",
    "Settings.ExportImport.Error": "¡Este no es un archivo de configuración válido!",
    "Settings.ExportImport.Reload": "El juego ahora se recargará con los ajustes importados.",
    "Settings.ExportSettings.Desc": "Guardar y restaurar la configuración",
    "Settings.ExportSettings.Title": "Salvar y restaurar",
    "Settings.GlobalSend.Desc": "Si deseas realizar un seguimiento de datos con tu gremio, activa este punto.<br>Para una extensión autosuficiente, simplemente desactiva.",
    "Settings.GlobalSend.Title": "Transmisión a foe-helper.com",
    "Settings.Help.Desc": "Hay varias maneras de obtener apoyo:",
    "Settings.Help.Discord": "Discordia: únase a nuestro servidor para discusiones generales sobre la extensión, chats y soporte.",
    "Settings.Help.Forums": "Foros: vaya aquí para apoyar y enviar ideas, así como informes de errores.",
    "Settings.Help.Github": "GitHub: para más informes de errores técnicos, ideas concretas y ayuda con el desarrollo.",
    "Settings.Help.Title": "Ayuda y Comunidad",
    "Settings.Help.Website": "Sitio web: información sobre la extensión y una documentación de sus características.",
    "Settings.MenuLength.Desc": "¿Cuántos elementos de altura debe tener el menú? <br>Vacío o \"0\" significa altura automática.",
    "Settings.MenuLength.Title": "Longitud del menú",
    "Settings.NotificationPosition.ToastTestBody": "Esta es la posición seleccionada.<br>Antes de probar la siguiente posición, espere a que el mensaje desaparezca.",
    "Settings.NotificationPosition.ToastTestHeader": "Vista Previa Notificación",
    "Settings.NotificationsPosition.Desc": "Donde quiere que las notificaciones aparezcan en su pantalla?",
    "Settings.NotificationsPosition.Title": "Posición Notificación",
    "Settings.ResetBoxPositions.Button": "Borrar!",
    "Settings.ResetBoxPositions.Desc": "¿Quieres que todos las coordenadas sean restablecidas?",
    "Settings.ResetBoxPositions.Title": "Coordenadas del box",
    "Settings.SelectedMenu.Desc": "Elija su preferencia desde el menú desplegable (el juego se re cargara automáticamente)",
    "Settings.SelectedMenu.Title": "Cambio de Menu",
    "Settings.ShowBlueGalaxyHelper.Desc": "Muestra una herramienta con la sugerencia de que edificios recolectar después de recolectar el Galaxia Azul",
    "Settings.ShowBlueGalaxyHelper.Title": "Mostrar Ayudante Galaxia Azul",
    "Settings.ShowEventChest.Desc": "Muestra el cofre de la mejor recompensa para un evento.",
    "Settings.ShowEventChest.Title": "Muestra el Menu de Cofre de Evento",
    "Settings.ShowGuildTreasuryLogExport.Desc": "Muestra una herramienta para exportar los registros del tesoro del gremio en un archivo .csv al abrir la ventana de registro del tesoro del gremio",
    "Settings.ShowGuildTreasuryLogExport.Title": "Mostrar herramienta de exportación de registros del tesoro del gremio",
    "Settings.ShowInvestments.Desc": "Mostrar las sumas de sus datos de inversión en FP al entrar en la pestaña 'Ayuntamiento'> 'Noticias'> 'Grandes Edificios'.",
    "Settings.ShowInvestments.Title": "Mostrar las sumas de inversión de FP",
    "Settings.ShowMarketFilter.Desc": "Muestra una herramienta para filtrar las operaciones al abrir el mercado",
    "Settings.ShowMarketFilter.Title": "Mostrar la herramienta de filtro de mercado",
    "Settings.ShowNotifications.Desc": "El asistente usa notificaciones en varios lugares. Puede cambiar entre Activado o Desactivado aquí.",
    "Settings.ShowNotifications.Title": "Notificaciones",
    "Settings.ShowOwnPartOnAllGBs.Desc": "Muestra la \"calculadora de GB\" también para los grandes edificios de otros jugadores",
    "Settings.ShowOwnPartOnAllGBs.Title": "Mostrar \"Calculadora de GB\" para todos los GB",
    "Settings.ShowPlayersMotivation.Desc": "¿Quieres que sean transferidas las actividades de motivar al iniciar?",
    "Settings.ShowPlayersMotivation.Title": "Actividad de Motivación",
    "Settings.ShowRougeUnitWarning.Desc": "Coloca un cuadro sobre el botón de \"Batallar\" o \"Batallar Automáticamente\" para prevenir una derrota si quedan solo agentes secretos después de la primera batalla.<br>Si las unidades preciadas han sigo perdidas, este cuadro brinda la posibilidad de sanarlas mediante diamantes.",
    "Settings.ShowRougeUnitWarning.Title": "Mostrar Asistente de Batalla",
    "Settings.Tab.About": "Acerca de",
    "Settings.Tab.Boxes": "Cajas",
    "Settings.Tab.Extension": "General",
    "Settings.Tab.Sending": "Transmisión de datos",
    "Settings.Version.Desc": "Los datos que figuran a continuación pueden marcarse para copiarlos.",
    "Settings.Version.GuildId": "Id de Gremio:",
    "Settings.Version.Link": "<a target='_blank' href='https://foe-helper.com/extension/update?v=__version__&lang=en'  class='game-cursor'>Último registro de cambios</a>",
    "Settings.Version.PlayerId": "Id de jugador:",
    "Settings.Version.Title": "Versión",
    "Settings.Version.World": "Mundo:",
    "_Language": "Español"
}
