﻿{
    "Boxes.Alerts.Form.Antiques.Auction": "Huutokauppa",
    "Boxes.Alerts.Form.Antiques.Cooldown": "Huutokaupan jäähettelyaika",
    "Boxes.Alerts.Form.Antiques.Dealer": "Antiikkimyyjä",
    "Boxes.Alerts.Form.Antiques.Exchange": "Päivittäiset tarjoukset",
    "Boxes.Alerts.Form.Battleground": "",
    "Boxes.Alerts.Form.Body": "",
    "Boxes.Alerts.Form.Create": "",
    "Boxes.Alerts.Form.CreateAlert": "",
    "Boxes.Alerts.Form.CreateAllSectors": "",
    "Boxes.Alerts.Form.CreateNewAlert": "",
    "Boxes.Alerts.Form.Datetime": "",
    "Boxes.Alerts.Form.Delete": "",
    "Boxes.Alerts.Form.Discard": "",
    "Boxes.Alerts.Form.Edit": "",
    "Boxes.Alerts.Form.EditAlert": "",
    "Boxes.Alerts.Form.Expiration": "",
    "Boxes.Alerts.Form.Expired": "",
    "Boxes.Alerts.Form.Expires": "",
    "Boxes.Alerts.Form.Neighborhood": "",
    "Boxes.Alerts.Form.Persistence": "",
    "Boxes.Alerts.Form.Persistence.Description": "",
    "Boxes.Alerts.Form.Persistence.Off": "",
    "Boxes.Alerts.Form.Persistence.On": "",
    "Boxes.Alerts.Form.Persistent": "",
    "Boxes.Alerts.Form.Preset.Now": "",
    "Boxes.Alerts.Form.Presets": "",
    "Boxes.Alerts.Form.Preview": "",
    "Boxes.Alerts.Form.Repeat": "",
    "Boxes.Alerts.Form.Repeat.Every": "",
    "Boxes.Alerts.Form.Repeat.Never": "",
    "Boxes.Alerts.Form.Save": "",
    "Boxes.Alerts.Form.Tag": "",
    "Boxes.Alerts.Form.Tag.Description": "",
    "Boxes.Alerts.Form.Title": "",
    "Boxes.Alerts.Preferences.Auction.Info": "",
    "Boxes.Alerts.Preferences.Auction.Title": "",
    "Boxes.Alerts.Preferences.Battlegrounds.Info": "",
    "Boxes.Alerts.Preferences.Battlegrounds.Title": "",
    "Boxes.Alerts.Preferences.ComingSoon": "",
    "Boxes.Alerts.Preferences.Early.Info": "",
    "Boxes.Alerts.Preferences.Early.Title": "",
    "Boxes.Alerts.Preferences.InGame.Info": "",
    "Boxes.Alerts.Preferences.InGame.Title": "",
    "Boxes.Alerts.Preferences.MenuIcon.Info": "",
    "Boxes.Alerts.Preferences.MenuIcon.Title": "",
    "Boxes.Alerts.Preferences.Start.Info": "",
    "Boxes.Alerts.Preferences.Start.Title": "",
    "Boxes.Alerts.Preferences.Suggestions.Info": "",
    "Boxes.Alerts.Preferences.Suggestions.Title": "",
    "Boxes.Alerts.Tabs.Alerts": "",
    "Boxes.Alerts.Tabs.Preferences": "",
    "Boxes.Alerts.Time.15m": "",
    "Boxes.Alerts.Time.1d": "",
    "Boxes.Alerts.Time.1h": "",
    "Boxes.Alerts.Time.1m": "",
    "Boxes.Alerts.Time.4h": "",
    "Boxes.Alerts.Time.5m": "",
    "Boxes.Alerts.Time.8h": "",
    "Boxes.BattleAssist.Text.NextEra": "",
    "Boxes.BattleAssist.Text.Rogue": "",
    "Boxes.BattleAssist.Title": "",
    "Boxes.BlueGalaxy.Building": "",
    "Boxes.BlueGalaxy.Done": "",
    "Boxes.BlueGalaxy.DoneIn": "",
    "Boxes.BlueGalaxy.DoneProductionsTitle": "",
    "Boxes.BlueGalaxy.EstimatedBonus": "",
    "Boxes.BlueGalaxy.FP": "",
    "Boxes.BlueGalaxy.Goods": "",
    "Boxes.BlueGalaxy.GoodsPerFP": "",
    "Boxes.BlueGalaxy.GoodsValue": "",
    "Boxes.BlueGalaxy.NoChargesLeft": "",
    "Boxes.BlueGalaxy.NoProductionsDone": "",
    "Boxes.BlueGalaxy.TTGoodsValue": "",
    "Boxes.BlueGalaxy.Title": "",
    "Boxes.Calculator.ActiveRecurringQuest": "",
    "Boxes.Calculator.ArkBonus": "",
    "Boxes.Calculator.AvailableFP": "",
    "Boxes.Calculator.BPs": "",
    "Boxes.Calculator.Commitment": "",
    "Boxes.Calculator.Done": "",
    "Boxes.Calculator.FP": "",
    "Boxes.Calculator.FriendlyInvestment": "",
    "Boxes.Calculator.HelpLink": "",
    "Boxes.Calculator.LGNotConnected": "",
    "Boxes.Calculator.LGNotOpen": "",
    "Boxes.Calculator.LevelWarning": "",
    "Boxes.Calculator.MaxLevel": "",
    "Boxes.Calculator.Meds": "",
    "Boxes.Calculator.Profit": "",
    "Boxes.Calculator.Settings.Save": "",
    "Boxes.Calculator.Settings.newValue": "",
    "Boxes.Calculator.Step": "",
    "Boxes.Calculator.TTForderCosts": "",
    "Boxes.Calculator.TTForderFPStockLow": "",
    "Boxes.Calculator.TTForderNegativeProfit": "",
    "Boxes.Calculator.TTLevelWarning": "",
    "Boxes.Calculator.TTLoss": "",
    "Boxes.Calculator.TTLossSelf": "",
    "Boxes.Calculator.TTPaidTooLess": "",
    "Boxes.Calculator.TTPaidTooMuch": "",
    "Boxes.Calculator.TTProfit": "",
    "Boxes.Calculator.TTProfitSelf": "",
    "Boxes.Calculator.Title": "",
    "Boxes.Calculator.Up2LevelUp": "",
    "Boxes.Campagne.AlreadyDone": "",
    "Boxes.Campagne.DescInStock": "",
    "Boxes.Campagne.DescRequired": "",
    "Boxes.Campagne.DescStillMissing": "",
    "Boxes.Campagne.Resource": "",
    "Boxes.Campagne.Reward": "",
    "Boxes.Campagne.Title": "",
    "Boxes.CityMap.CavalierPerspecitve": "",
    "Boxes.CityMap.CopyMetaInfos": "",
    "Boxes.CityMap.Desc1": "",
    "Boxes.CityMap.FreeArea": "",
    "Boxes.CityMap.HighlightOldBuildings": "",
    "Boxes.CityMap.NormalPerspecitve": "",
    "Boxes.CityMap.ShowSubmitBox": "",
    "Boxes.CityMap.Submit": "",
    "Boxes.CityMap.SubmitSuccess": "",
    "Boxes.CityMap.TitleSend": "",
    "Boxes.CityMap.ToastBodyCopyData": "",
    "Boxes.CityMap.ToastHeadCopyData": "",
    "Boxes.CityMap.WholeArea": "",
    "Boxes.CityMap.YourCity": "",
    "Boxes.CityMap.clan_power_production": "",
    "Boxes.CityMap.culture": "",
    "Boxes.CityMap.decoration": "",
    "Boxes.CityMap.goods": "",
    "Boxes.CityMap.greatbuilding": "",
    "Boxes.CityMap.main_building": "",
    "Boxes.CityMap.military": "",
    "Boxes.CityMap.production": "",
    "Boxes.CityMap.random_production": "",
    "Boxes.CityMap.residential": "",
    "Boxes.CityMap.street": "",
    "Boxes.CityMap.tower": "",
    "Boxes.Citymap.Efficiency": "",
    "Boxes.EventChests.Chance": "",
    "Boxes.EventChests.Cost": "",
    "Boxes.EventChests.CostPerPrize": "",
    "Boxes.EventChests.CostPerStep": "",
    "Boxes.EventChests.MainPrize": "",
    "Boxes.EventChests.MainPrizeTitle": "",
    "Boxes.EventChests.Steps": "",
    "Boxes.EventChests.Title": "",
    "Boxes.FPCollector.Guildexpedition": "",
    "Boxes.FPCollector.Guildfights": "",
    "Boxes.FPCollector.Mainmap": "",
    "Boxes.FPCollector.NoEntriesFound": "",
    "Boxes.FPCollector.TotalFP": "",
    "Boxes.FPCollector.What": "",
    "Boxes.FPCollector.Where": "",
    "Boxes.FPCollector.Who": "",
    "Boxes.FPCollector.antiquesDealer": "",
    "Boxes.FPCollector.battlegrounds_conquest": "",
    "Boxes.FPCollector.chest": "",
    "Boxes.FPCollector.chestEvent": "",
    "Boxes.FPCollector.collectReward": "",
    "Boxes.FPCollector.dailyChallenges": "",
    "Boxes.FPCollector.diplomaticGifts": "",
    "Boxes.FPCollector.double_collection": "",
    "Boxes.FPCollector.guildExpedition": "",
    "Boxes.FPCollector.hiddenReward": "",
    "Boxes.FPCollector.pickupProduction": "",
    "Boxes.FPCollector.plunderReward": "",
    "Boxes.FPCollector.satDown": "",
    "Boxes.FPCollector.spoilsOfWar": "",
    "Boxes.FPCollector.st_patricks_event_grand_prize": "",
    "Boxes.FPCollector.st_patricks_task_reward": "",
    "Boxes.FPCollector.winterEvent": "",
    "Boxes.FPCollector.winterEventGrandPrize": "",
    "Boxes.General.ExportCSV": "",
    "Boxes.General.ExportJSON": "",
    "Boxes.GreatBuildings.ArcBonus": "",
    "Boxes.GreatBuildings.BreakEven": "",
    "Boxes.GreatBuildings.BreakEvenTT": "",
    "Boxes.GreatBuildings.BreakEvenTTGoods": "",
    "Boxes.GreatBuildings.BreakEvenUnit": "",
    "Boxes.GreatBuildings.Costs": "",
    "Boxes.GreatBuildings.DailyFP": "",
    "Boxes.GreatBuildings.DailyGoods": "",
    "Boxes.GreatBuildings.FPCostGoods": "",
    "Boxes.GreatBuildings.FPPerTile": "",
    "Boxes.GreatBuildings.GoodsPerFP": "",
    "Boxes.GreatBuildings.GoodsValue": "",
    "Boxes.GreatBuildings.GreatBulding": "",
    "Boxes.GreatBuildings.HelpLink": "",
    "Boxes.GreatBuildings.HideNewGBs": "",
    "Boxes.GreatBuildings.Level": "",
    "Boxes.GreatBuildings.NewGBCostsTT": "",
    "Boxes.GreatBuildings.NewGBFPProductionTT": "",
    "Boxes.GreatBuildings.RewardPerDay": "",
    "Boxes.GreatBuildings.ShowGoods": "",
    "Boxes.GreatBuildings.SuggestionDescription": "",
    "Boxes.GreatBuildings.SuggestionTitle": "",
    "Boxes.GreatBuildings.TTFPPerTile": "",
    "Boxes.GreatBuildings.TTGoodCosts": "",
    "Boxes.GreatBuildings.TTGoodCostsColumn": "",
    "Boxes.GreatBuildings.TTGoodsValue": "",
    "Boxes.GreatBuildings.TTRewardPerDay": "",
    "Boxes.GreatBuildings.Title": "",
    "Boxes.GuildFights.Count": "",
    "Boxes.GuildFights.Fights": "",
    "Boxes.GuildFights.LastSnapshot": "",
    "Boxes.GuildFights.Negotiations": "",
    "Boxes.GuildFights.NoOwner": "",
    "Boxes.GuildFights.Owner": "",
    "Boxes.GuildFights.Player": "",
    "Boxes.GuildFights.Progress": "",
    "Boxes.GuildFights.Province": "",
    "Boxes.GuildFights.SaveAlert": "",
    "Boxes.GuildFights.SaveMessage.Desc": "",
    "Boxes.GuildFights.SaveMessage.Title": "",
    "Boxes.GuildFights.SaveSettings": "",
    "Boxes.GuildFights.SetAlert": "",
    "Boxes.GuildFights.ShowOwner": "",
    "Boxes.GuildFights.Time": "",
    "Boxes.GuildFights.Title": "",
    "Boxes.GuildFights.Total": "",
    "Boxes.GuildMemberStat.AutoStartOnUpdate": "",
    "Boxes.GuildMemberStat.Battles": "",
    "Boxes.GuildMemberStat.Date": "",
    "Boxes.GuildMemberStat.Days": "",
    "Boxes.GuildMemberStat.DeleteDataWarning": "",
    "Boxes.GuildMemberStat.DeleteExMembersAfter": "",
    "Boxes.GuildMemberStat.DeleteGBGRound": "",
    "Boxes.GuildMemberStat.DeleteInactivityWarning": "",
    "Boxes.GuildMemberStat.Eras": "",
    "Boxes.GuildMemberStat.GBFRound": "",
    "Boxes.GuildMemberStat.GEXWeek": "",
    "Boxes.GuildMemberStat.GbgParticipation": "",
    "Boxes.GuildMemberStat.GexParticipation": "",
    "Boxes.GuildMemberStat.GotIt": "",
    "Boxes.GuildMemberStat.GuildBuildingNotification": "",
    "Boxes.GuildMemberStat.GuildBuildings": "",
    "Boxes.GuildMemberStat.GuildGoods": "",
    "Boxes.GuildMemberStat.GuildMembers": "",
    "Boxes.GuildMemberStat.GuildMessages": "",
    "Boxes.GuildMemberStat.GuildPower": "",
    "Boxes.GuildMemberStat.GuildSupportBuildings": "",
    "Boxes.GuildMemberStat.Inactivity": "",
    "Boxes.GuildMemberStat.LastUpdate": "",
    "Boxes.GuildMemberStat.Level": "",
    "Boxes.GuildMemberStat.Member": "",
    "Boxes.GuildMemberStat.MemberActiviy": "",
    "Boxes.GuildMemberStat.MemberLeavedGuild": "",
    "Boxes.GuildMemberStat.Negotiations": "",
    "Boxes.GuildMemberStat.Never": "",
    "Boxes.GuildMemberStat.Points": "",
    "Boxes.GuildMemberStat.Rank": "",
    "Boxes.GuildMemberStat.Search": "",
    "Boxes.GuildMemberStat.ShowDeletedMembers": "",
    "Boxes.GuildMemberStat.ShowSearchbar": "",
    "Boxes.GuildMemberStat.Title": "",
    "Boxes.GuildMemberStat.TotalGuildGoods": "",
    "Boxes.GuildMemberStat.TotalGuildPower": "",
    "Boxes.HiddenRewards.Disappears": "",
    "Boxes.HiddenRewards.HelpLink": "",
    "Boxes.HiddenRewards.NoEvents": "",
    "Boxes.HiddenRewards.Title": "",
    "Boxes.Infobox.Filter": "",
    "Boxes.Infobox.FilterAuction": "",
    "Boxes.Infobox.FilterGex": "",
    "Boxes.Infobox.FilterGuildFights": "",
    "Boxes.Infobox.FilterLevel": "",
    "Boxes.Infobox.FilterMessage": "",
    "Boxes.Infobox.FilterTrade": "",
    "Boxes.Infobox.Messages.Auction": "",
    "Boxes.Infobox.Messages.GEX": "",
    "Boxes.Infobox.Messages.GildFightOccupied": "",
    "Boxes.Infobox.Messages.LevelUp": "",
    "Boxes.Infobox.Messages.MsgBuilding": "",
    "Boxes.Infobox.Messages.Trade": "",
    "Boxes.Infobox.Messages.Welcome": "",
    "Boxes.Infobox.ResetBox": "",
    "Boxes.Infobox.Title": "",
    "Boxes.Infobox.UnknownConversation": "",
    "Boxes.Investment.AllUpToDate": "",
    "Boxes.Investment.AllUpToDateDesc": "",
    "Boxes.Investment.CurrReward": "",
    "Boxes.Investment.DateParseError": "",
    "Boxes.Investment.DateParseErrorDesc": "",
    "Boxes.Investment.HiddenGB": "",
    "Boxes.Investment.InvestBar": "",
    "Boxes.Investment.Overview.Building": "",
    "Boxes.Investment.Overview.EntryTime": "",
    "Boxes.Investment.Overview.EntryTimeDesc": "",
    "Boxes.Investment.Overview.HideGB": "",
    "Boxes.Investment.Overview.Invested": "",
    "Boxes.Investment.Overview.InvestedDesc": "",
    "Boxes.Investment.Overview.Player": "",
    "Boxes.Investment.Overview.Profit": "",
    "Boxes.Investment.Overview.ProfitDesc": "",
    "Boxes.Investment.Overview.Progress": "",
    "Boxes.Investment.Overview.RemainingFP": "",
    "Boxes.Investment.Overview.RestFP": "",
    "Boxes.Investment.Overview.RestFPDesc": "",
    "Boxes.Investment.Overview.SettingsEntryTime": "",
    "Boxes.Investment.Overview.SettingsHiddenGB": "",
    "Boxes.Investment.Overview.SettingsRestFP": "",
    "Boxes.Investment.Overview.SettingsSave": "",
    "Boxes.Investment.Overview.SettingsUnsafeCalc": "",
    "Boxes.Investment.PlayerFound": "",
    "Boxes.Investment.PlayerFoundCount": "",
    "Boxes.Investment.PlayerFoundCounter": "",
    "Boxes.Investment.Safe": "",
    "Boxes.Investment.Title": "",
    "Boxes.Investment.TotalFP": "",
    "Boxes.Investment.UpToDate": "",
    "Boxes.Investment.UpdateRequired": "",
    "Boxes.Kits.Extensions": "",
    "Boxes.Kits.InStock": "",
    "Boxes.Kits.KitName": "",
    "Boxes.Kits.Name": "",
    "Boxes.Kits.SelectionKit": "",
    "Boxes.Kits.Title": "",
    "Boxes.Kits.ToggleButtonActive": "",
    "Boxes.Kits.ToggleButtonInActive": "",
    "Boxes.Kits.UpgradeKit": "",
    "Boxes.Market.AllGoods": "",
    "Boxes.Market.MaxResults": "",
    "Boxes.Market.MinQuantity": "",
    "Boxes.Market.Need": "",
    "Boxes.Market.NeedColumn": "",
    "Boxes.Market.NeedTT": "",
    "Boxes.Market.Offer": "",
    "Boxes.Market.OfferColumn": "",
    "Boxes.Market.OfferTT": "",
    "Boxes.Market.OnlyAffordable": "",
    "Boxes.Market.PageColumn": "",
    "Boxes.Market.PlayerColumn": "",
    "Boxes.Market.RateColumn": "",
    "Boxes.Market.Rating": "",
    "Boxes.Market.ShowOwnOffers": "",
    "Boxes.Market.TTMinQuantity": "",
    "Boxes.Market.Title": "",
    "Boxes.Market.TradeAdvantage": "",
    "Boxes.Market.TradeDisadvantage": "",
    "Boxes.Market.TradeFair": "",
    "Boxes.Market.TradeFairStock": "",
    "Boxes.Market.TradeFairStockTT": "",
    "Boxes.Market.TradeForEqual": "",
    "Boxes.Market.TradeForGoods": "",
    "Boxes.Market.TradeForHigher": "",
    "Boxes.Market.TradeForLower": "",
    "Boxes.Market.TradePartner": "",
    "Boxes.Market.TradePartnerFriend": "",
    "Boxes.Market.TradePartnerGuild": "",
    "Boxes.Market.TradePartnerNeighbor": "",
    "Boxes.MoppelHelper.Attacks": "",
    "Boxes.MoppelHelper.Days": "",
    "Boxes.MoppelHelper.Event": "",
    "Boxes.MoppelHelper.Friends": "",
    "Boxes.MoppelHelper.FriendsSocialTabTT": "",
    "Boxes.MoppelHelper.GBs": "",
    "Boxes.MoppelHelper.GuildMembers": "",
    "Boxes.MoppelHelper.GuildSocialTabTT": "",
    "Boxes.MoppelHelper.HeaderWarning": "",
    "Boxes.MoppelHelper.MoppelEvents": "",
    "Boxes.MoppelHelper.Name": "",
    "Boxes.MoppelHelper.Neighbors": "",
    "Boxes.MoppelHelper.NeighborsSocialTabTT": "",
    "Boxes.MoppelHelper.Never": "",
    "Boxes.MoppelHelper.Plunders": "",
    "Boxes.MoppelHelper.Points": "",
    "Boxes.MoppelHelper.Rank": "",
    "Boxes.MoppelHelper.TavernVisits": "",
    "Boxes.MoppelHelper.Title": "",
    "Boxes.MoppelHelper.Trades": "",
    "Boxes.Negotiation.Average": "",
    "Boxes.Negotiation.Canceled": "",
    "Boxes.Negotiation.Chance": "",
    "Boxes.Negotiation.DragDrop": "",
    "Boxes.Negotiation.GoodsCritical": "",
    "Boxes.Negotiation.GoodsLow": "",
    "Boxes.Negotiation.HelpLink": "",
    "Boxes.Negotiation.Person": "",
    "Boxes.Negotiation.Round": "",
    "Boxes.Negotiation.SaveCurrentEraGoods": "",
    "Boxes.Negotiation.SaveMedals": "",
    "Boxes.Negotiation.Stock": "",
    "Boxes.Negotiation.Success": "",
    "Boxes.Negotiation.TableLoadError": "",
    "Boxes.Negotiation.Title": "",
    "Boxes.Negotiation.TryEnd": "",
    "Boxes.Negotiation.WrongGoods": "",
    "Boxes.Negotiation.confirmGoodsMissmatch": "",
    "Boxes.Notice.ContentHeadIsFriend": "",
    "Boxes.Notice.ContentHeadIsGuild": "",
    "Boxes.Notice.ContentHeadIsNeighbor": "",
    "Boxes.Notice.DeleteGroup": "",
    "Boxes.Notice.DeleteItem": "",
    "Boxes.Notice.DummyHeading": "",
    "Boxes.Notice.Edit": "",
    "Boxes.Notice.GlobalSendRequired": "",
    "Boxes.Notice.GroupName": "",
    "Boxes.Notice.HelpLink": "",
    "Boxes.Notice.ModalChoosePlayer": "",
    "Boxes.Notice.ModalMissingPlayers": "",
    "Boxes.Notice.NewGroup": "",
    "Boxes.Notice.NewGroupDesc": "",
    "Boxes.Notice.NewPlayer": "",
    "Boxes.Notice.NewSide": "",
    "Boxes.Notice.Save": "",
    "Boxes.Notice.SelectPlayerGroupDefault": "",
    "Boxes.Notice.SelectPlayerGroupFriend": "",
    "Boxes.Notice.SelectPlayerGroupGuild": "",
    "Boxes.Notice.SelectPlayerGroupNeighbor": "",
    "Boxes.Notice.SideName": "",
    "Boxes.Notice.Sorting": "",
    "Boxes.Notice.Title": "",
    "Boxes.Outpost.DescInStock": "",
    "Boxes.Outpost.DescRequired": "",
    "Boxes.Outpost.DescStillMissing": "",
    "Boxes.Outpost.ExpansionsSum": "",
    "Boxes.Outpost.ShowSums": "",
    "Boxes.Outpost.Title": "",
    "Boxes.Outpost.TitleBuildings": "",
    "Boxes.Outpost.TitleFree": "",
    "Boxes.Outpost.TitleShort": "",
    "Boxes.Outpost.infoLine": "",
    "Boxes.Outpost.nextTile": "",
    "Boxes.Outpost.tileNotPlanned": "",
    "Boxes.OwnpartCalculator.All": "",
    "Boxes.OwnpartCalculator.Arc": "",
    "Boxes.OwnpartCalculator.Auto": "",
    "Boxes.OwnpartCalculator.BPs": "",
    "Boxes.OwnpartCalculator.BuildingName": "",
    "Boxes.OwnpartCalculator.CopyValues": "",
    "Boxes.OwnpartCalculator.Deposit": "",
    "Boxes.OwnpartCalculator.Done": "",
    "Boxes.OwnpartCalculator.Ext": "",
    "Boxes.OwnpartCalculator.HelpLink": "",
    "Boxes.OwnpartCalculator.IncludeData": "",
    "Boxes.OwnpartCalculator.LGTotalFP": "",
    "Boxes.OwnpartCalculator.Meds": "",
    "Boxes.OwnpartCalculator.NoPlaceSafe": "",
    "Boxes.OwnpartCalculator.Note": "",
    "Boxes.OwnpartCalculator.OldLevel": "",
    "Boxes.OwnpartCalculator.OptionsDescending": "",
    "Boxes.OwnpartCalculator.OptionsFP": "",
    "Boxes.OwnpartCalculator.OptionsGB": "",
    "Boxes.OwnpartCalculator.OptionsLevel": "",
    "Boxes.OwnpartCalculator.OptionsLevelUp": "",
    "Boxes.OwnpartCalculator.OptionsPlayer": "",
    "Boxes.OwnpartCalculator.Order": "",
    "Boxes.OwnpartCalculator.OwnPart": "",
    "Boxes.OwnpartCalculator.OwnPartRemaining": "",
    "Boxes.OwnpartCalculator.PatronPart": "",
    "Boxes.OwnpartCalculator.Place": "",
    "Boxes.OwnpartCalculator.Places": "",
    "Boxes.OwnpartCalculator.PlayerName": "",
    "Boxes.OwnpartCalculator.PowerLeveling": "",
    "Boxes.OwnpartCalculator.Preview": "",
    "Boxes.OwnpartCalculator.Step": "",
    "Boxes.OwnpartCalculator.Title": "",
    "Boxes.PowerLeveling.DoubleCollection": "",
    "Boxes.PowerLeveling.Level": "",
    "Boxes.PowerLeveling.MaxLevel": "",
    "Boxes.PowerLeveling.OwnPartBrutto": "",
    "Boxes.PowerLeveling.OwnPartNetto": "",
    "Boxes.PowerLeveling.OwnPartSum": "",
    "Boxes.PowerLeveling.P1": "",
    "Boxes.PowerLeveling.P2": "",
    "Boxes.PowerLeveling.P3": "",
    "Boxes.PowerLeveling.P4": "",
    "Boxes.PowerLeveling.P5": "",
    "Boxes.PowerLeveling.Title": "",
    "Boxes.Productions.Done": "",
    "Boxes.Productions.GoodEraTotal": "",
    "Boxes.Productions.GuildGoods": "",
    "Boxes.Productions.GuildPower": "",
    "Boxes.Productions.Happiness": "",
    "Boxes.Productions.Headings.Done": "",
    "Boxes.Productions.Headings.all": "",
    "Boxes.Productions.Headings.amount": "",
    "Boxes.Productions.Headings.area": "",
    "Boxes.Productions.Headings.clan_power_production": "",
    "Boxes.Productions.Headings.culture": "",
    "Boxes.Productions.Headings.decoration": "",
    "Boxes.Productions.Headings.earning": "",
    "Boxes.Productions.Headings.efficiency": "",
    "Boxes.Productions.Headings.era": "",
    "Boxes.Productions.Headings.goods": "",
    "Boxes.Productions.Headings.greatbuilding": "",
    "Boxes.Productions.Headings.main_building": "",
    "Boxes.Productions.Headings.name": "",
    "Boxes.Productions.Headings.number": "",
    "Boxes.Productions.Headings.production": "",
    "Boxes.Productions.Headings.random_production": "",
    "Boxes.Productions.Headings.residential": "",
    "Boxes.Productions.Headings.size": "",
    "Boxes.Productions.Headings.street": "",
    "Boxes.Productions.ModeCurrent": "",
    "Boxes.Productions.ModeDaily": "",
    "Boxes.Productions.ModeGroups": "",
    "Boxes.Productions.ModeSingle": "",
    "Boxes.Productions.NoAsteroidDataWarning": "",
    "Boxes.Productions.NoMarsDataWarning": "",
    "Boxes.Productions.SearchInput": "",
    "Boxes.Productions.SizeTT": "",
    "Boxes.Productions.TTGoodsEra": "",
    "Boxes.Productions.Title": "",
    "Boxes.Productions.Total": "",
    "Boxes.Productions.Units": "",
    "Boxes.Productions.att_boost_attacker": "",
    "Boxes.Productions.att_boost_defender": "",
    "Boxes.Productions.def_boost_attacker": "",
    "Boxes.Productions.def_boost_defender": "",
    "Boxes.Settings.Active": "",
    "Boxes.Settings.DeletedBoxCoordsBody": "",
    "Boxes.Settings.DeletedBoxCoordsHead": "",
    "Boxes.Settings.Inactive": "",
    "Boxes.Settings.Title": "",
    "Boxes.Stats.BtnAll": "",
    "Boxes.Stats.BtnAllPlayableEras": "",
    "Boxes.Stats.BtnAllPlayableErasTitle": "",
    "Boxes.Stats.BtnAllTittle": "",
    "Boxes.Stats.BtnChartType.delta": "",
    "Boxes.Stats.BtnChartType.line": "",
    "Boxes.Stats.BtnChartType.streamgraph": "",
    "Boxes.Stats.BtnChartTypeTitle.delta": "",
    "Boxes.Stats.BtnChartTypeTitle.line": "",
    "Boxes.Stats.BtnChartTypeTitle.streamgraph": "",
    "Boxes.Stats.BtnLastEras": "",
    "Boxes.Stats.BtnLastErasTitle": "",
    "Boxes.Stats.BtnMyEra": "",
    "Boxes.Stats.BtnNoEra": "",
    "Boxes.Stats.BtnSource.statsGBGPlayers": "",
    "Boxes.Stats.BtnSource.statsRewards": "",
    "Boxes.Stats.BtnSource.statsTreasureClanD": "",
    "Boxes.Stats.BtnSource.statsTreasureClanH": "",
    "Boxes.Stats.BtnSource.statsTreasurePlayerD": "",
    "Boxes.Stats.BtnSource.statsTreasurePlayerH": "",
    "Boxes.Stats.BtnSource.statsUnitsD": "",
    "Boxes.Stats.BtnSource.statsUnitsH": "",
    "Boxes.Stats.BtnToggleAnnotations": "",
    "Boxes.Stats.BtnToggleAnnotationsTitle": "",
    "Boxes.Stats.BtnToggleGroupBy": "",
    "Boxes.Stats.BtnToggleGroupByTitle": "",
    "Boxes.Stats.Era": "",
    "Boxes.Stats.HelpLink": "",
    "Boxes.Stats.Period.all": "",
    "Boxes.Stats.Period.last30days": "",
    "Boxes.Stats.Period.last7days": "",
    "Boxes.Stats.Period.sinceTuesday": "",
    "Boxes.Stats.Period.thisMonth": "",
    "Boxes.Stats.Period.today": "",
    "Boxes.Stats.PeriodTitle.all": "",
    "Boxes.Stats.PeriodTitle.last30days": "",
    "Boxes.Stats.PeriodTitle.last7days": "",
    "Boxes.Stats.PeriodTitle.sinceTuesday": "",
    "Boxes.Stats.PeriodTitle.thisMonth": "",
    "Boxes.Stats.PeriodTitle.today": "",
    "Boxes.Stats.Rewards.Source.__event": "",
    "Boxes.Stats.Rewards.Source.battlegrounds_conquest": "",
    "Boxes.Stats.Rewards.Source.diplomaticGifts": "",
    "Boxes.Stats.Rewards.Source.guildExpedition": "",
    "Boxes.Stats.Rewards.Source.spoilsOfWar": "",
    "Boxes.Stats.Rewards.SourceTitle.__event": "",
    "Boxes.Stats.Rewards.SourceTitle.battlegrounds_conquest": "",
    "Boxes.Stats.Rewards.SourceTitle.diplomaticGifts": "",
    "Boxes.Stats.Rewards.SourceTitle.guildExpedition": "",
    "Boxes.Stats.Rewards.SourceTitle.spoilsOfWar": "",
    "Boxes.Stats.SourceTitle.statsGBGPlayers": "",
    "Boxes.Stats.SourceTitle.statsRewards": "",
    "Boxes.Stats.SourceTitle.statsTreasureClanD": "",
    "Boxes.Stats.SourceTitle.statsTreasureClanH": "",
    "Boxes.Stats.SourceTitle.statsTreasurePlayerD": "",
    "Boxes.Stats.SourceTitle.statsTreasurePlayerH": "",
    "Boxes.Stats.SourceTitle.statsUnitsD": "",
    "Boxes.Stats.SourceTitle.statsUnitsH": "",
    "Boxes.Stats.Title": "",
    "Boxes.Technologies.DescInStock": "",
    "Boxes.Technologies.DescRequired": "",
    "Boxes.Technologies.DescStillMissing": "",
    "Boxes.Technologies.IgnoreCurrentEraOptional": "",
    "Boxes.Technologies.IgnorePrevEra": "",
    "Boxes.Technologies.NoTechs": "",
    "Boxes.Technologies.Resource": "",
    "Boxes.Technologies.Title": "",
    "Boxes.Treasury.Action": "",
    "Boxes.Treasury.Amount": "",
    "Boxes.Treasury.DateTime": "",
    "Boxes.Treasury.Era": "",
    "Boxes.Treasury.Export": "",
    "Boxes.Treasury.Message": "",
    "Boxes.Treasury.PlayerID": "",
    "Boxes.Treasury.PlayerName": "",
    "Boxes.Treasury.Reset": "",
    "Boxes.Treasury.Resource": "",
    "Boxes.Treasury.RowNumber": "",
    "Boxes.Treasury.Title": "",
    "Boxes.Units.AlcaHarvest": "",
    "Boxes.Units.Attack": "",
    "Boxes.Units.Bind": "",
    "Boxes.Units.Defend": "",
    "Boxes.Units.NextUnitsIn": "",
    "Boxes.Units.NotFilled": "",
    "Boxes.Units.Proportionally": "",
    "Boxes.Units.Quantity": "",
    "Boxes.Units.ReadyToLoot": "",
    "Boxes.Units.Status": "",
    "Boxes.Units.Title": "",
    "Boxes.Units.Unbind": "",
    "Boxes.Units.Unit": "",
    "Boxes.UnitsGex.NoUnitsAvailable": "",
    "Boxes.mapTradeWarning.Text": "",
    "Boxes.mapTradeWarning.Title": "",
    "Date": "",
    "DateTime": "",
    "Eras.0": "",
    "Eras.1": "",
    "Eras.10": "",
    "Eras.11": "",
    "Eras.12": "",
    "Eras.13": "",
    "Eras.14": "",
    "Eras.15": "",
    "Eras.16": "",
    "Eras.17": "",
    "Eras.18": "",
    "Eras.19": "",
    "Eras.2": "",
    "Eras.20": "",
    "Eras.21": "Space Age Jupiter Moon",
    "Eras.3": "",
    "Eras.4": "",
    "Eras.5": "",
    "Eras.6": "",
    "Eras.7": "",
    "Eras.8": "",
    "Eras.9": "",
    "Global.BoxTitle": "",
    "HiddenRewards.Positions.cityRoadBig": "",
    "HiddenRewards.Positions.cityRoadSmall": "",
    "HiddenRewards.Positions.guildExpedition": "",
    "HiddenRewards.Positions.nature": "",
    "HiddenRewards.Positions.shore": "",
    "HiddenRewards.Positions.water": "",
    "HiddenRewards.Table.expires": "",
    "HiddenRewards.Table.position": "",
    "HiddenRewards.Table.type": "",
    "Kits.Sets.Abandoned_Asylum": "",
    "Kits.Sets.Altar_Garden": "",
    "Kits.Sets.Art_Exhibition": "",
    "Kits.Sets.Celtic_Forest_Set": "",
    "Kits.Sets.Cherry_Garden_Set": "",
    "Kits.Sets.Cider_Mill": "",
    "Kits.Sets.Classical_Garden_Set": "",
    "Kits.Sets.Colossus": "",
    "Kits.Sets.FountainSet": "",
    "Kits.Sets.Grand_Bridge": "",
    "Kits.Sets.Graveyard": "",
    "Kits.Sets.Greater_Runestone": "",
    "Kits.Sets.Guard_Post": "",
    "Kits.Sets.Hall_of_Fame": "",
    "Kits.Sets.Harvest_Farm_Set": "",
    "Kits.Sets.Hippodrome": "",
    "Kits.Sets.Indian_Palace_Set": "",
    "Kits.Sets.Obelisk": "",
    "Kits.Sets.Pagoda": "",
    "Kits.Sets.Piazza_Set": "",
    "Kits.Sets.Pillar_of_Heroes": "",
    "Kits.Sets.Pirate": "",
    "Kits.Sets.Royal": "",
    "Kits.Sets.September_Cottage": "",
    "Kits.Sets.Statue_of_Honor": "",
    "Kits.Sets.The_Crows_Nest": "",
    "Kits.Sets.The_Ship": "",
    "Kits.Sets.Tholos_of_Idols": "",
    "Kits.Sets.Timeless_Dojo": "",
    "Kits.Sets.Trader": "",
    "Kits.Sets.Winners_Plaza": "",
    "Kits.Sets.Winter_Spire": "",
    "Kits.Sets.Winter_Train": "",
    "Kits.Sets.Winter_Village_Set": "",
    "Kits.Sets.Winterdeco_Set": "",
    "Kits.Sets.Worlds_Fair": "",
    "Local": "fi-FI",
    "Menu.Alerts.Desc": "",
    "Menu.Alerts.Title": "",
    "Menu.Bluegalaxy.Desc": "",
    "Menu.Bluegalaxy.Title": "",
    "Menu.BottomBar": "",
    "Menu.Box": "",
    "Menu.Calculator.Desc": "",
    "Menu.Calculator.Title": "",
    "Menu.Calculator.Warning": "",
    "Menu.Campagne.Desc": "",
    "Menu.Campagne.Title": "",
    "Menu.Campagne.Warning": "",
    "Menu.Citymap.Desc": "",
    "Menu.Citymap.Title": "",
    "Menu.Dropdown": "",
    "Menu.Gildfight.Desc": "",
    "Menu.Gildfight.Title": "",
    "Menu.Gildfight.Warning": "",
    "Menu.GuildMemberStat.Desc": "",
    "Menu.GuildMemberStat.Title": "",
    "Menu.GuildMemberStat.Warning": "",
    "Menu.HiddenRewards.Desc": "",
    "Menu.HiddenRewards.Title": "",
    "Menu.Info.Desc": "",
    "Menu.Info.Title": "",
    "Menu.Investment.Desc": "",
    "Menu.Investment.Title": "",
    "Menu.Kits.Desc": "",
    "Menu.Kits.Title": "",
    "Menu.Market.Desc": "",
    "Menu.Market.Title": "",
    "Menu.Market.Warning": "",
    "Menu.Moppelhelper.Desc": "",
    "Menu.Moppelhelper.Title": "",
    "Menu.Negotiation.Desc": "",
    "Menu.Negotiation.Title": "",
    "Menu.Negotiation.Warning": "",
    "Menu.Notice.Desc": "",
    "Menu.Notice.Title": "",
    "Menu.Notification.Position.bottom-center": "",
    "Menu.Notification.Position.bottom-left": "",
    "Menu.Notification.Position.bottom-right": "",
    "Menu.Notification.Position.mid-center": "",
    "Menu.Notification.Position.top-center": "",
    "Menu.Notification.Position.top-left": "",
    "Menu.Notification.Position.top-right": "",
    "Menu.OutP.Desc": "",
    "Menu.OutP.DescWarningBuildings": "",
    "Menu.OutP.DescWarningOutpostData": "",
    "Menu.OutP.Title": "",
    "Menu.OwnpartCalculator.Desc": "",
    "Menu.OwnpartCalculator.Title": "",
    "Menu.OwnpartCalculator.Warning": "",
    "Menu.Productions.Desc": "",
    "Menu.Productions.Title": "",
    "Menu.RightBar": "",
    "Menu.SaveMessage.Desc": "",
    "Menu.SaveMessage.Title": "",
    "Menu.Settings.Desc": "",
    "Menu.Settings.Title": "",
    "Menu.Stats.Desc": "",
    "Menu.Stats.Title": "",
    "Menu.Technologies.Desc": "",
    "Menu.Technologies.Title": "",
    "Menu.Technologies.Warning": "",
    "Menu.Unit.Desc": "",
    "Menu.Unit.Title": "",
    "Menu.Unit.Warning": "",
    "Menu.fpCollector.Desc": "",
    "Menu.fpCollector.Title": "",
    "Menu.greatbuildings.Desc": "",
    "Menu.greatbuildings.Title": "",
    "Menu.unitsGex.Desc": "",
    "Menu.unitsGex.Title": "",
    "Settings.About.Desc": "",
    "Settings.About.RatingDesc": "",
    "Settings.About.RatingTitle": "",
    "Settings.About.Title": "",
    "Settings.About.TranslateDesc": "",
    "Settings.About.TranslateTitle": "",
    "Settings.AutoOpenInfoBox.Desc": "",
    "Settings.AutoOpenInfoBox.Title": "",
    "Settings.AutomaticNegotiation.Desc": "",
    "Settings.AutomaticNegotiation.Title": "",
    "Settings.ChangeLanguage.Desc": "",
    "Settings.ChangeLanguage.Title": "",
    "Settings.Entry.About": "",
    "Settings.Entry.AutoOpenInfoBox": "",
    "Settings.Entry.AutomaticNegotiation": "",
    "Settings.Entry.ChangeLanguage": "",
    "Settings.Entry.ExportSettings": "",
    "Settings.Entry.GlobalSend": "",
    "Settings.Entry.Help": "",
    "Settings.Entry.InfoboxEntryCount": "",
    "Settings.Entry.MenuLength": "",
    "Settings.Entry.NotificationsPosition": "",
    "Settings.Entry.NotificationsStack": "",
    "Settings.Entry.ResetBoxPositions": "",
    "Settings.Entry.SelectedMenu": "",
    "Settings.Entry.ShowBlueGalaxyHelper": "",
    "Settings.Entry.ShowEventChest": "",
    "Settings.Entry.ShowGuildTreasuryLogExport": "",
    "Settings.Entry.ShowInvestments": "",
    "Settings.Entry.ShowMapTradeWarning": "",
    "Settings.Entry.ShowMarketFilter": "",
    "Settings.Entry.ShowNotifications": "",
    "Settings.Entry.ShowOwnPartOnAllGBs": "",
    "Settings.Entry.ShowPlayersMotivation": "",
    "Settings.Entry.ShowRougeUnitWarning": "",
    "Settings.Entry.Version": "",
    "Settings.ExportImport.Error": "",
    "Settings.ExportImport.Reload": "",
    "Settings.ExportSettings.Desc": "",
    "Settings.ExportSettings.Title": "",
    "Settings.GlobalSend.Desc": "",
    "Settings.GlobalSend.Title": "",
    "Settings.Help.Desc": "",
    "Settings.Help.Discord": "",
    "Settings.Help.Forums": "",
    "Settings.Help.Github": "",
    "Settings.Help.Title": "",
    "Settings.Help.Website": "",
    "Settings.InfoboxEntryCount.Desc": "",
    "Settings.InfoboxEntryCount.Title": "",
    "Settings.MenuLength.Desc": "",
    "Settings.MenuLength.Title": "",
    "Settings.NotificationPosition.ToastTestBody": "",
    "Settings.NotificationPosition.ToastTestHeader": "",
    "Settings.NotificationsPosition.Desc": "",
    "Settings.NotificationsPosition.Title": "",
    "Settings.NotificationsStack.Desc": "",
    "Settings.NotificationsStack.Title": "",
    "Settings.ResetBoxPositions.Button": "",
    "Settings.ResetBoxPositions.Desc": "",
    "Settings.ResetBoxPositions.Title": "",
    "Settings.SelectedMenu.Desc": "",
    "Settings.SelectedMenu.Title": "",
    "Settings.ShowBlueGalaxyHelper.Desc": "",
    "Settings.ShowBlueGalaxyHelper.Title": "",
    "Settings.ShowEventChest.Desc": "",
    "Settings.ShowEventChest.Title": "",
    "Settings.ShowGuildTreasuryLogExport.Desc": "",
    "Settings.ShowGuildTreasuryLogExport.Title": "",
    "Settings.ShowInvestments.Desc": "",
    "Settings.ShowInvestments.Title": "",
    "Settings.ShowMapTradeWarning.Desc": "",
    "Settings.ShowMapTradeWarning.Title": "",
    "Settings.ShowMarketFilter.Desc": "",
    "Settings.ShowMarketFilter.Title": "",
    "Settings.ShowNotifications.Desc": "",
    "Settings.ShowNotifications.Title": "",
    "Settings.ShowOwnPartOnAllGBs.Desc": "",
    "Settings.ShowOwnPartOnAllGBs.Title": "",
    "Settings.ShowPlayersMotivation.Desc": "",
    "Settings.ShowPlayersMotivation.Title": "",
    "Settings.ShowRougeUnitWarning.Desc": "",
    "Settings.ShowRougeUnitWarning.Title": "",
    "Settings.Tab.About": "",
    "Settings.Tab.Boxes": "",
    "Settings.Tab.Extension": "",
    "Settings.Tab.Sending": "",
    "Settings.Version.Desc": "",
    "Settings.Version.GuildId": "",
    "Settings.Version.Link": "",
    "Settings.Version.PlayerId": "",
    "Settings.Version.Title": "",
    "Settings.Version.World": "",
    "_Language": ""
}
