﻿{
    "Boxes.Alerts.Form.Antiques.Auction": "Aukció",
    "Boxes.Alerts.Form.Antiques.Cooldown": "Aukció lejárt",
    "Boxes.Alerts.Form.Antiques.Dealer": "Régiségkereskedő",
    "Boxes.Alerts.Form.Antiques.Exchange": "Napi ajánlat",
    "Boxes.Alerts.Form.Battleground": "Céh-csatatér Tartományok",
    "Boxes.Alerts.Form.Body": "Törzs",
    "Boxes.Alerts.Form.Create": "Létrehozás",
    "Boxes.Alerts.Form.CreateAlert": "Értesítés létrehozása",
    "Boxes.Alerts.Form.CreateAllSectors": "Létrehozás minden szektorban",
    "Boxes.Alerts.Form.CreateNewAlert": "Új riasztás készítése",
    "Boxes.Alerts.Form.Datetime": "Dátum &amp; Idő",
    "Boxes.Alerts.Form.Delete": "Törlés",
    "Boxes.Alerts.Form.Discard": "Elvetés",
    "Boxes.Alerts.Form.Edit": "Szerkesztés",
    "Boxes.Alerts.Form.EditAlert": "Szerkesztési figyelmeztetés",
    "Boxes.Alerts.Form.Expiration": "Lejárat",
    "Boxes.Alerts.Form.Expired": "Lejárt",
    "Boxes.Alerts.Form.Expires": "Lejár",
    "Boxes.Alerts.Form.Neighborhood": "Szomszédság",
    "Boxes.Alerts.Form.Persistence": "Kitartás",
    "Boxes.Alerts.Form.Persistence.Description": "Maradjon nyitva az értesítés, amíg a felhasználó elutasítja vagy rákattint az értesítésre?",
    "Boxes.Alerts.Form.Persistence.Off": "Ki",
    "Boxes.Alerts.Form.Persistence.On": "Be",
    "Boxes.Alerts.Form.Persistent": "Kitartó",
    "Boxes.Alerts.Form.Preset.Now": "Most",
    "Boxes.Alerts.Form.Presets": "Előzetes beállítások",
    "Boxes.Alerts.Form.Preview": "Előnézet",
    "Boxes.Alerts.Form.Repeat": "Ismétlés",
    "Boxes.Alerts.Form.Repeat.Every": "vagy mindegyik",
    "Boxes.Alerts.Form.Repeat.Never": "soha",
    "Boxes.Alerts.Form.Save": "Mentés",
    "Boxes.Alerts.Form.Tag": "Bejelölés",
    "Boxes.Alerts.Form.Tag.Description": "A címkék felhasználhatók az értesítések csoportosítására (egy adott címkével ellátott új értesítés lecseréli a régebbi értesítést ugyanazzal a címkével).",
    "Boxes.Alerts.Form.Title": "cím",
    "Boxes.Alerts.Preferences.Auction.Info": "Emlékeztető automatikus létrehozása, amikor licitálok a Régiségkereskedőben.",
    "Boxes.Alerts.Preferences.Auction.Title": "antik kereskedő aukció",
    "Boxes.Alerts.Preferences.Battlegrounds.Info": "Azonnali riasztást küld, ha nagy aktivitás van a csatatéren (pl. 10 harc egy szektorban 5 másodpercen belül). Ez a funkció csak akkor működik, ha a csatatér ablaka nyitott a játékban!",
    "Boxes.Alerts.Preferences.Battlegrounds.Title": "Céh-csatatér figyelő",
    "Boxes.Alerts.Preferences.ComingSoon": "Hamarosan érkezik...  ",
    "Boxes.Alerts.Preferences.Early.Info": "Az automatikusan generált emlékeztetők (Régiségkereskedő, csatatér stb.) ennyivel korábban jelennek meg, az esemény ténylegesen megtörténte előtt. Például, ha ezt az értéket 30 (másodperc) értékre állítod, akkor az Aukciós figyelmeztetések 30 másodperccel az aukció tényleges befejezése előtt jelennek meg!",
    "Boxes.Alerts.Preferences.Early.Title": "Emlékeztető ennyivel korábban",
    "Boxes.Alerts.Preferences.InGame.Info": "Játékbeli értesítést mutasson a natív asztali értesítés helyett, ha a játékablak nyitva van.",
    "Boxes.Alerts.Preferences.InGame.Title": "Játékbeli értesítések",
    "Boxes.Alerts.Preferences.MenuIcon.Info": "Jelenítse meg a következő emlékeztető visszaszámlálását a Főmenü ikon átfedéseként",
    "Boxes.Alerts.Preferences.MenuIcon.Title": "Visszaszámlálás a főmenüben",
    "Boxes.Alerts.Preferences.Start.Info": "Lista megjelenítése azon értesítésekről melyek olline állapotban jártak le (amióta a játékablak bezárult)",
    "Boxes.Alerts.Preferences.Start.Title": "Indításkor a lejárt értesítők megjelenítése",
    "Boxes.Alerts.Preferences.Suggestions.Info": "Értesítési javaslatok megjelenítése (például csatatér szektorra kattintásakor, vagy termelés begyűjtésekor)",
    "Boxes.Alerts.Preferences.Suggestions.Title": "Riasztási javaslatok",
    "Boxes.Alerts.Tabs.Alerts": "Riasztások",
    "Boxes.Alerts.Tabs.Preferences": "Beállítások",
    "Boxes.Alerts.Time.15m": "15p",
    "Boxes.Alerts.Time.1d": "1n",
    "Boxes.Alerts.Time.1h": "1ó",
    "Boxes.Alerts.Time.1m": "1p",
    "Boxes.Alerts.Time.4h": "4ó",
    "Boxes.Alerts.Time.5m": "5p",
    "Boxes.Alerts.Time.8h": "8ó",
    "Boxes.Alerts.Title": "???",
    "Boxes.BattleAssist.Text.NextEra": "Elvesztettél egy magasabb korszakú egységet (magasabb, mint a jelenlegi korod). Gyémánttal meggyógyíthatod!",
    "Boxes.BattleAssist.Text.Rogue": "A sereged csak zsiványokból áll! Gyógyíts meg egységeket gyémánttal, vagy vonulj vissza!",
    "Boxes.BattleAssist.Title": "Figyelem!",
    "Boxes.BlueGalaxy.Building": "Épület",
    "Boxes.BlueGalaxy.Done": "Kész",
    "Boxes.BlueGalaxy.DoneIn": "Elkészül",
    "Boxes.BlueGalaxy.DoneProductionsTitle": "Javaslat: Gyűjtsd össze ezeket az épületeket",
    "Boxes.BlueGalaxy.EstimatedBonus": "Becsült bónusz: __FP__ FP és __Goods__ áru",
    "Boxes.BlueGalaxy.FP": "FP",
    "Boxes.BlueGalaxy.Goods": "Termékek",
    "Boxes.BlueGalaxy.GoodsPerFP": "1 FP egyenlő __goods__ termék",
    "Boxes.BlueGalaxy.GoodsValue": "1 termék értéke (FP-ben)",
    "Boxes.BlueGalaxy.NoChargesLeft": "A Kék Galaxisnak nincs több bónusza!",
    "Boxes.BlueGalaxy.NoProductionsDone": "Nincs elkészült FP termelés",
    "Boxes.BlueGalaxy.TTGoodsValue": "Ezt az értéket az árut előállító épületek rangsorolására használják. Hány FP-t ér egy termék neked?",
    "Boxes.BlueGalaxy.Title": "Kék Galaxis segítő",
    "Boxes.BonusService.aid_goods": "Barátság tornya: maradék segítségek száma",
    "Boxes.BonusService.diplomatic_gifts": "A maradék diplomáciai ajándékok száma.",
    "Boxes.BonusService.donequests": "Mutasd a befejezett eseményeket",
    "Boxes.BonusService.first_strike": "A fennmaradó Első csapások száma.",
    "Boxes.BonusService.missile_launch": "A fennmaradó rakétakilövések száma.",
    "Boxes.BonusService.spoils_of_war": "Himedzsi várkastély: fennmaradó kísérletek száma hadizsákmányra.",
    "Boxes.Calculator.ActiveRecurringQuest": "Aktív visszatérő küldetések:",
    "Boxes.Calculator.ArkBonus": "Bárka bónuszod",
    "Boxes.Calculator.AvailableFP": "Elérhető FP csomagok",
    "Boxes.Calculator.BPs": "T.R.",
    "Boxes.Calculator.Commitment": "Kiadás",
    "Boxes.Calculator.Done": "Kész",
    "Boxes.Calculator.FP": "fp",
    "Boxes.Calculator.FriendlyInvestment": "Befektetői bónusz:",
    "Boxes.Calculator.HelpLink": "https://foe-helper.com/docs/en/cost-calculator/",
    "Boxes.Calculator.LGNotConnected": "Ez az épület nincs úthoz csatlakoztatva.",
    "Boxes.Calculator.LGNotOpen": "A következő szint jelenleg zárva van.",
    "Boxes.Calculator.LevelWarning": "FIGYELEM! Nevezetes épület szintet lép!",
    "Boxes.Calculator.MaxLevel": "Maximális szint",
    "Boxes.Calculator.Meds": "Medál",
    "Boxes.Calculator.Profit": "Nyereség",
    "Boxes.Calculator.Settings.Save": "Mentés",
    "Boxes.Calculator.Settings.newValue": "Új érték",
    "Boxes.Calculator.Step": "Szint ",
    "Boxes.Calculator.TTForderCosts": "Költség = __nettoreward__ <small>(Nettó Jutalom)</small> X __forderfactor__% <small>(Befektetésed)</small> = __costs__",
    "Boxes.Calculator.TTForderFPStockLow": "FIGYELEM: Nincs elég FP-csomag a raktáradban!<br>Neked csak __fpstock__ / __costs__FP van.<br>Ez __tooless__FP FP-vel kevesebb, mint a szükséges",
    "Boxes.Calculator.TTForderNegativeProfit": "Hely nem biztonságos. __fpcount__ További FP szükséges a biztosításához<br>Teljes befektetés a hely biztosításához: __totalfp__FP",
    "Boxes.Calculator.TTLevelWarning": "__fpcount__FP Nem fér be<br>Maximum befektetés: __totalfp__FP",
    "Boxes.Calculator.TTLoss": "Jutalom = __nettoreward__ <small>(Alap Jutalom)</small> X __arcfactor__% <small>(Bárka Bónusz)</small> = __bruttoreward__<br>Költség: __costs__ - Hely biztosítva: __safe__<br>Veszteség = __costs__ <small>(Költség)</small> - __bruttoreward__ <small>(Jutalom)</small> = __loss__",
    "Boxes.Calculator.TTLossSelf": "Jutalom = __nettoreward__ <small>(Alap jutalom)</small> X  __arcfactor__% <small>(Bárka bónusz)</small> = __bruttoreward__<br>Fizetve: __paid__<br>Veszteség = __paid__ <small>(Fizetve)</small> - __bruttoreward__ <small>(Jutalom)</small> = __loss__",
    "Boxes.Calculator.TTPaidTooLess": "Te __paid__ FP-t fizettél a __topay__ FP helyett. Ez __tooless__FP-vel kevesebb, mint kellett volna.",
    "Boxes.Calculator.TTPaidTooMuch": "Te __paid__ FP-t fizettél a __topay__ FP helyett. Ez __toomuch__FP-vel több, mint kellett volna.",
    "Boxes.Calculator.TTProfit": "Jutalom = __nettoreward__ <small>(Alap jutalom)</small> X __arcfactor__% <small>(Bárka bónusz)</small> = __bruttoreward__<br>Költség: __costs__ - Helyezés biztosítva: __safe__<br>Profit = __bruttoreward__ <small>(Jutalom)</small> - __costs__ <small>(Költség)</small> = __profit__",
    "Boxes.Calculator.TTProfitSelf": "Jutalom = __nettoreward__ <small>(Alap jutalom)</small> X __arcfactor__% <small>(Bárka Bónusz)</small> = __bruttoreward__<br>Fizetve: __paid__<br>Profit = __bruttoreward__ <small>(Jutalom)</small> - __paid__ <small>(Fizetve)</small> = __profit__",
    "Boxes.Calculator.Title": "Nevezetes költség számoló",
    "Boxes.Calculator.Up2LevelUp": "Szint lépésig",
    "Boxes.Campagne.AlreadyDone": " Már meghódított! Szép munka :)",
    "Boxes.Campagne.DescInStock": "Elérhető",
    "Boxes.Campagne.DescRequired": "Szükséges",
    "Boxes.Campagne.DescStillMissing": "<span style='color:#29b206'>Hátralévő</span> / <span style='color:#ff4040'>Hiányzó</span>",
    "Boxes.Campagne.Resource": "Nyersanyag",
    "Boxes.Campagne.Reward": "Teljes jutalom ",
    "Boxes.Campagne.Title": "Hódítási költségek a ",
    "Boxes.Castle.AntiqueDealer": "Régiségkereskedő",
    "Boxes.Castle.AuctionsWon": "Megnyert aukciók",
    "Boxes.Castle.Battle": "Csata",
    "Boxes.Castle.Battles": "Csaták",
    "Boxes.Castle.CastlePoints": "Kastélypontok",
    "Boxes.Castle.Challenge": "Kihívás",
    "Boxes.Castle.Daily": "Napi",
    "Boxes.Castle.DailyCastlePoints": "Napi kastélypontok",
    "Boxes.Castle.DailyChallenge": "Napi kihívás",
    "Boxes.Castle.Days": "nap",
    "Boxes.Castle.Gex": "Céhexpedíció",
    "Boxes.Castle.GexLastOfSections": "CE főkapuk",
    "Boxes.Castle.Level": "Szint",
    "Boxes.Castle.Log": "Log",
    "Boxes.Castle.LogDuration": "Naplózás időtartama",
    "Boxes.Castle.Negotiation": "Tárgyalás",
    "Boxes.Castle.Negotiations": "Tárgyalások",
    "Boxes.Castle.Overview": "Áttekintés",
    "Boxes.Castle.Progress": "Folyamat",
    "Boxes.Castle.SevenDayChallenge": "7 napos kihívás",
    "Boxes.Castle.ShopAntiqueDealer": "Vásárlások a régiségkereskedőnél",
    "Boxes.Castle.ShowGroupNames": "mutasd a csoport neveket",
    "Boxes.Castle.Time": "Idő",
    "Boxes.Castle.Title": "Kastélyrendszer",
    "Boxes.Castle.Type": "Típus",
    "Boxes.Castle.Unknown": "Ismeretlen",
    "Boxes.Castle.VisitAntiqueDealerWarning": "Menj a régiségkereskedőhöz, hogy frissítsd az adatokat.",
    "Boxes.Castle.VisitCastleWarning": "Nyisd meg a kastély áttekintést, hogy frissítsd az adatokat.",
    "Boxes.Castle.VisitGexWarning": "Nyisd meg a CE áttekintőt, hogy frissítsd az adatokat.",
    "Boxes.CityMap.CavalierPerspecitve": "Oldalnézet",
    "Boxes.CityMap.CopyMetaInfos": "Várostérkép adatok másolása",
    "Boxes.CityMap.Desc1": "A városod megtervezéséhez, fel kell töltenünk az adataid a foe-helper.com oldalra. Ott kiengedheted a gőzt. <br>Ha még nincs fiókod ott, az alapvető adataidat is elküldjük ezzel az átvitellel. Ezután regisztrálhatsz egy fiókot a weblapon.",
    "Boxes.CityMap.FilterBuildings": "Épület keresése",
    "Boxes.CityMap.FreeArea": "Szabad terület: ",
    "Boxes.CityMap.HighlightOldBuildings": "Jelenleginél alacsonyabb korszakban lévő épületek kiemelése",
    "Boxes.CityMap.NormalPerspecitve": "Felülnézet",
    "Boxes.CityMap.OlderThan1Era": " van 1 korral lemaradva",
    "Boxes.CityMap.OlderThan2Era": " van 2 korral lemaradva",
    "Boxes.CityMap.OlderThan3Era": " van 3 korral lemaradva",
    "Boxes.CityMap.OlderThan4Era": " van 4-nél több korral lemaradva",
    "Boxes.CityMap.ShowSubmitBox": "Beküldés ablak megjelenítése",
    "Boxes.CityMap.Submit": "Elküldés",
    "Boxes.CityMap.SubmitError": "Városod adatait nem sikerült elküldeni a szerverre. Kérjük, jelezd ezt a hibát közvetlenül itt ",
    "Boxes.CityMap.SubmitErrorHeader": "Hiba történt",
    "Boxes.CityMap.SubmitSuccess": "Az adatok sikeresen el lettek küldve... Megtekintés ",
    "Boxes.CityMap.SubmitSuccessHeader": "Sikeres adatátvitel",
    "Boxes.CityMap.TitleSend": "Adatok elküldése",
    "Boxes.CityMap.ToastBodyCopyData": "Városod adatai a vágólapon vannak",
    "Boxes.CityMap.ToastHeadCopyData": "Másolva!",
    "Boxes.CityMap.WholeArea": "Teljes terület: ",
    "Boxes.CityMap.YourCity": "Városod",
    "Boxes.CityMap.clan_power_production": "Céh haderő termelés",
    "Boxes.CityMap.culture": "Kulturális épületek",
    "Boxes.CityMap.decoration": "Dekorációk",
    "Boxes.CityMap.goods": "Raktárépületek",
    "Boxes.CityMap.greatbuilding": "Nevezetes épületek",
    "Boxes.CityMap.main_building": "Városháza",
    "Boxes.CityMap.military": "Katonai épületek",
    "Boxes.CityMap.production": "Gazdasági épületek",
    "Boxes.CityMap.random_production": "Véletlenszerű termelők",
    "Boxes.CityMap.residential": "Lakóépületek",
    "Boxes.CityMap.street": "Utak",
    "Boxes.CityMap.tower": "Tornyok",
    "Boxes.Citymap.Efficiency": "Hatékonyság",
    "Boxes.CloseBox.AutoHideOnBattle": "Az összes elrejtése csata közben",
    "Boxes.CloseBox.Automation": "Automatizálás",
    "Boxes.CloseBox.BoxAlignment": "Doboz igazítás",
    "Boxes.CloseBox.ButtonSize": "Gomb mérete",
    "Boxes.CloseBox.CloseAllButton": "Mindent bezár gomb",
    "Boxes.CloseBox.ExcludeFromClosing": "Kivétel a bezárandók között",
    "Boxes.CloseBox.HideAllButton": "Mindent elrejt",
    "Boxes.CloseBox.Horizontal": "vízszintes",
    "Boxes.CloseBox.Title": "Cím",
    "Boxes.CloseBox.Vertical": "függőleges",
    "Boxes.CloseBox.View": "Nézet",
    "Boxes.DBExport.Compression": "Tömörítés",
    "Boxes.DBExport.Description": "Leírás",
    "Boxes.DBExport.Export": "Export",
    "Boxes.DBExport.ExportData": "Adatok exportálása",
    "Boxes.DBExport.Import": "Import",
    "Boxes.DBExport.ImportDescription": "Kattints ide, vagy húzz ebbe a mezőbe egy exportált JSON-fájlt / Zip-archívumot az adatok importálásához.",
    "Boxes.DBExport.ImportFileError": "Ezt a fájlt nem lehet feldolgozni vagy nem megfelelő a formátuma.",
    "Boxes.DBExport.ImportPartlySuccessful": "Az importálás során hibák jelentkeztek. Kérjük töltsd be újra a játékot.",
    "Boxes.DBExport.ImportSuccessful": "Az import sikeresen befejeződött. Kérjük töltsd be újra a játékot.",
    "Boxes.DBExport.LocalSettings": "Lokális beállítások",
    "Boxes.DBExport.Records": "Adatok",
    "Boxes.DBExport.ReloadPage": "Oldal újratöltése",
    "Boxes.DBExport.Tables": "Táblák",
    "Boxes.DBExport.Title": "Adat exportáló/importáló eszköz",
    "Boxes.DBExport.Type": "Típus",
    "Boxes.DBExport.WrongDBPlayerID": "Az importálandó adatbázis játékos-ID-ja nem egyezik az aktuális játékos-ID-val.",
    "Boxes.DBExport.WrongDBWorld": "Az importálandó adatbázis világa nem egyezik az aktuálissal.",
    "Boxes.EventChests.Chance": "Esély",
    "Boxes.EventChests.Cost": "Költség",
    "Boxes.EventChests.CostPerPrize": "Költség/Jutalom",
    "Boxes.EventChests.CostPerStep": "Költség/Lépés",
    "Boxes.EventChests.MainPrize": "Főnyeremény",
    "Boxes.EventChests.MainPrizeTitle": "Napi jutalom: ",
    "Boxes.EventChests.Steps": "Lépések",
    "Boxes.EventChests.Title": "Esemény láda választást segítő",
    "Boxes.FPCollector.Guildexpedition": "Céhexpedíció",
    "Boxes.FPCollector.Guildfights": "Céh csatatér",
    "Boxes.FPCollector.Mainmap": "Kontinenstérkép",
    "Boxes.FPCollector.NoEntriesFound": "Nincs bejegyzés…",
    "Boxes.FPCollector.TotalFP": "Összes FP:",
    "Boxes.FPCollector.What": "Tessék?",
    "Boxes.FPCollector.Where": "Hol?",
    "Boxes.FPCollector.Who": "Kicsoda?",
    "Boxes.FPCollector.antiquesDealer": "Régiségkereskedő",
    "Boxes.FPCollector.archeologyEvent": "Archeológiai esemény váza",
    "Boxes.FPCollector.archeologyEventAutoCollect": "Archeológiai esemény váza",
    "Boxes.FPCollector.battlegrounds_conquest": "Céh-csatatér jutalom tárgyalás vagy harc után",
    "Boxes.FPCollector.card_duel": "Futballkupa - Kártyapárbaj",
    "Boxes.FPCollector.chest": "Céh Expedíció jutalom",
    "Boxes.FPCollector.chestEvent": "Esemény jutalom",
    "Boxes.FPCollector.chestEventGrandPrize": "Esemény liga eredmény",
    "Boxes.FPCollector.collectReward": "Jutalom",
    "Boxes.FPCollector.dailyChallenges": "Napi kihívás",
    "Boxes.FPCollector.diplomaticGifts": "Teherűrhajó - Diplomáciai ajándék",
    "Boxes.FPCollector.double_collection": "x2 Kék galaxisból",
    "Boxes.FPCollector.guildExpedition": "Céh expedíció ereklye",
    "Boxes.FPCollector.halloweenEvent": "Halloween esemény",
    "Boxes.FPCollector.halloweenEventAutoCollect": "Halloween esemény - Tök",
    "Boxes.FPCollector.hiddenReward": "Rejtett jutalom",
    "Boxes.FPCollector.leagueReward": "Liga jutalom",
    "Boxes.FPCollector.pickupProduction": "Épület gyűjtemény",
    "Boxes.FPCollector.plunderReward": "Fosztogatás jutalma",
    "Boxes.FPCollector.pvp_arena": "PvP Aréna",
    "Boxes.FPCollector.reward_calendar": "Eseménynaptár",
    "Boxes.FPCollector.satDown": "Fogadó meglátogatása",
    "Boxes.FPCollector.spoilsOfWar": "Himedzsi várkastély - Hadizsákmány",
    "Boxes.FPCollector.st_patricks_event_grand_prize": "Szt. Patrik Nap - Főnyeremény",
    "Boxes.FPCollector.st_patricks_task_reward": "Szt. Patrik Nap - Feladat jutalom",
    "Boxes.FPCollector.summerEvent": "Nyári esemény",
    "Boxes.FPCollector.wildlife_event": "Vadvilági esemény",
    "Boxes.FPCollector.winterEvent": "Téli esemény",
    "Boxes.FPCollector.winterEventGrandPrize": "Téli esemény főnyereménye",
    "Boxes.General.Export": "Exportálás",
    "Boxes.General.ExportCSV": "Exportálás CSV formátumba",
    "Boxes.General.ExportJSON": "Exportálás jSON",
    "Boxes.General.Save": "Mentés",
    "Boxes.GexStat.CompareLast": "Összevetendő körök száma",
    "Boxes.GexStat.Course": "Folyamat",
    "Boxes.GexStat.DeleteDataOlderThan": "Ennél régebbi adatok törlése",
    "Boxes.GexStat.Encounters": "Találkozások",
    "Boxes.GexStat.ExportLast": "Exportálandó körök száma",
    "Boxes.GexStat.General": "Általános",
    "Boxes.GexStat.Gex": "Céh expedíció",
    "Boxes.GexStat.Level": "szint",
    "Boxes.GexStat.Member": "tagok száma",
    "Boxes.GexStat.MemberParticipation": "Tagok hozzájárulása",
    "Boxes.GexStat.Never": "soha",
    "Boxes.GexStat.Participant": "Résztvevő",
    "Boxes.GexStat.ParticipationNoData": "Nincs elérhető adat!<br />Az adatok frissítéséhez látogass el a Céhexpedíció-hozzájárulás oldalra a céhexpedíció áttekintésében.",
    "Boxes.GexStat.Player": "Játékos",
    "Boxes.GexStat.Points": "Pontok",
    "Boxes.GexStat.Rank": "Rang",
    "Boxes.GexStat.Ranking": "Ranglista",
    "Boxes.GexStat.ResultsNoData": "Nincs elérhető adat!<br />Az adatok frissítéséhez keresd fel a céhexpedíciós áttekintés eredményoldalát.",
    "Boxes.GexStat.Rounds": "kör",
    "Boxes.GexStat.Save": "Mentés",
    "Boxes.GexStat.ShowAxisLabel": "Tengelyfeliratok megjelenítése",
    "Boxes.GexStat.Title": "Céhexpedíciós eredmények",
    "Boxes.GexStat.Week": "hét",
    "Boxes.GexStat.Weeks": "hét",
    "Boxes.GreatBuildings.ArcBonus": "Építő bónusza",
    "Boxes.GreatBuildings.Attack": "% Támadás",
    "Boxes.GreatBuildings.AttackPerFP": "1 FP __percent__%-os bónuszt jelent a támadó hadseregnek",
    "Boxes.GreatBuildings.AttackValue": "A támadó hadsereg 1%-os bónuszának értéke (FP-ben)",
    "Boxes.GreatBuildings.BreakEven": "Megtérülési idő",
    "Boxes.GreatBuildings.BreakEvenTT": "__days__ napba telik, mire a __costs__ FP befektetését megtérül, ha a termelés __fpproduction__ FP/nap",
    "Boxes.GreatBuildings.BreakEvenTTAttack": "__days__ napig tart, amíg a(z) __costs__ FP befektetés vissza nem térül, ha naponta __fpproduction__ FP/nap a termelés és __attackproduction__ % a támadási bónusz (egyenlő __attackproduction__ × __attackvalue__ = __attackproductionvalue__ FP/nap)",
    "Boxes.GreatBuildings.BreakEvenTTGoods": "__days__ napba fog telni, mire a __costs__ FP befektetésed megtérül, ha a termelés __fpproduction__ FP/nap és __goodsproduction__ áruk/nap (azaz __goodsproduction__ × __goodsvalue__ = __goodsproductionvalue__ FP/nap)",
    "Boxes.GreatBuildings.BreakEvenTTGoodsAttack": "__days__ napig tart, mire a(z) __costs__ FP befektetés megtérül, ha a napi termelés __fpproduction__ FP/nap és __goodsproduction__ termék/nap (egyenlő __goodsproduction__ × __goodsvalue__ = __goodsproductionvalue__ FP/nap) és __attackproduction__ % támadási bónusz (egyenlő __attackproduction__ × __attackvalue__ = __attackproductionvalue__ FP/day)",
    "Boxes.GreatBuildings.BreakEvenUnit": "__days__ nap",
    "Boxes.GreatBuildings.Costs": "Költség",
    "Boxes.GreatBuildings.DailyFP": "Napi FP",
    "Boxes.GreatBuildings.DailyGoods": "Napi áruk",
    "Boxes.GreatBuildings.FPCostGoods": "FP költség a termékekért",
    "Boxes.GreatBuildings.FPPerTile": "Új épületek: a lecserélt épületek napi FP/terület termelése",
    "Boxes.GreatBuildings.GoodsPerFP": "1 FP egyenlő __goods__ áruval",
    "Boxes.GreatBuildings.GoodsValue": "1 __eraname__ áru elemzési értéke (FP-ben)",
    "Boxes.GreatBuildings.GreatBulding": "Nevezetes Épület",
    "Boxes.GreatBuildings.HelpLink": "https://foe-helper.com/docs/en/gb-investments/",
    "Boxes.GreatBuildings.HideNewGBs": "Nem megépített nevezetes épületek elrejtése",
    "Boxes.GreatBuildings.Level": "Szint",
    "Boxes.GreatBuildings.NewGBCostsTT": "Tartalmazza az áruk költségét is, mely a Nevezetes Épület felépítéséhez szükséges, __goodcosts__ FP költséggel számolva",
    "Boxes.GreatBuildings.NewGBFPProductionTT": "__tiles__ * __fppertile__ = __opcost__ FP levonásra került. Ez elvész azáltal, hogy eltávolítunk más FP-t gyártó épülete(ke)t, hogy helyet kapjunk __tiles__ mező számára a N.É. építéséhez.",
    "Boxes.GreatBuildings.RewardPerDay": "Bárka: FP jutalom/nap más játékosoktól",
    "Boxes.GreatBuildings.ShowAttack": "Támadási bónusz figyelembevétele",
    "Boxes.GreatBuildings.ShowGoods": "Árutermelés figyelembevétele",
    "Boxes.GreatBuildings.SuggestionDescription": "A lista elején levő épületek a legjobbak",
    "Boxes.GreatBuildings.SuggestionTitle": "Nevezetes épület befektetési összehasonlítás",
    "Boxes.GreatBuildings.TTAttackValue": "Ez az érték az épületek rangsorolására szolgál, melyek támadó vagy védekezési bónuszt adnak a támadó hadseregnek. Hány FP-t ér Neked 1% támadási vagy a védekezési bónusz?",
    "Boxes.GreatBuildings.TTFPPerTile": "Hány napi Fp/négyzetet veszítesz azzal, hogy helyet csinálsz új nevezetes épületnek? Példa: Eltávolítasz egy Tudás szentélyét, hogy megépíts egy nevezetes épületet => 1FP/4 négyzet=0.25 FP/négyzet",
    "Boxes.GreatBuildings.TTGoodCosts": "Még nem építetted meg ezt a nevezetes épületet. Ez a hozzá való termék megvásárlásához szükséges FP",
    "Boxes.GreatBuildings.TTGoodCostsColumn": "Listázza az FP költségét a szükséges termékek megvételéhez (csak meg nem épített nevezetes épületekre vonatkozik)",
    "Boxes.GreatBuildings.TTGoodsValue": "Ezt az értéket az árut előállító épületek rangsorolására használják. Hány FP-t ér egy áru neked?",
    "Boxes.GreatBuildings.TTRewardPerDay": "Opcionális: Hány FP jutalmat kapsz naponta? Ez az információ a jövedelmezőség kiszámítására szolgál a további bárka szintekhez. Ha javaslatot szeretnél kapni, akkor görgesd végig az összes oldalt itt: Városháza → Hírek → Eseménynapló",
    "Boxes.GreatBuildings.Title": "N.É. Befektetések Áttekintése",
    "Boxes.GuildFights.CopyToClipBoard.Desc": "A kiválasztott tartomány támadási ideje másolva.",
    "Boxes.GuildFights.CopyToClipBoard.Title": "Másolva!",
    "Boxes.GuildFights.Count": "időn belül",
    "Boxes.GuildFights.Date": "Dátum",
    "Boxes.GuildFights.DeleteAlert": "Riasztás törlése",
    "Boxes.GuildFights.DeleteMessage.Desc": "A(z) __provinceName__ tartományra vonatkozó riasztás törölve!",
    "Boxes.GuildFights.DeleteMessage.Title": "Törölve!",
    "Boxes.GuildFights.Fights": "Csaták",
    "Boxes.GuildFights.LastSnapshot": " __time__ telt el az utolsó megtekintés óta",
    "Boxes.GuildFights.Negotiations": "Tárgyalások",
    "Boxes.GuildFights.NoOwner": "Nincs birtokos",
    "Boxes.GuildFights.Owner": "Birtokos",
    "Boxes.GuildFights.Player": "Játékos",
    "Boxes.GuildFights.Progress": "Folyamat",
    "Boxes.GuildFights.ProgressFilterDesc": "Összes olyan tag szűrése, akinél van új fejlemény.",
    "Boxes.GuildFights.Province": "Provincia",
    "Boxes.GuildFights.SaveAlert": "__provinceName__ Provincia nyílik",
    "Boxes.GuildFights.SaveMessage.Desc": "Figyelmeztetés a __provinceName__-hoz mentve!",
    "Boxes.GuildFights.SaveMessage.Title": "Elmentve!",
    "Boxes.GuildFights.SaveSettings": "Mentés",
    "Boxes.GuildFights.SetAlert": "Figyelmeztetés beállítása",
    "Boxes.GuildFights.ShowLogButton": "Mutasd a \"Pillanatfelvételek naplója\" gombot",
    "Boxes.GuildFights.ShowOwner": "Mutasd a Céheket",
    "Boxes.GuildFights.ShowProgressFilter": "Fejleményszűrő mutatása",
    "Boxes.GuildFights.ShowRoundSelector": "Mutasd a Céh-csatatér Kör választót",
    "Boxes.GuildFights.SnapshotLog": "Pillanatfelvételek naplója",
    "Boxes.GuildFights.Time": "ekkor",
    "Boxes.GuildFights.Title": "Céh-csatatér áttekintése",
    "Boxes.GuildFights.Total": "Összes",
    "Boxes.GuildMemberStat.AutoStartOnUpdate": "áttekintés megnyitása a frissítés után",
    "Boxes.GuildMemberStat.Available": "elérhető",
    "Boxes.GuildMemberStat.Battles": "Csaták",
    "Boxes.GuildMemberStat.CalendarWeek": "naptári hét",
    "Boxes.GuildMemberStat.ChangeView": "Nézet megváltoztatása",
    "Boxes.GuildMemberStat.ConfirmNo": "Nem",
    "Boxes.GuildMemberStat.ConfirmYes": "Igen",
    "Boxes.GuildMemberStat.Date": "Dátum",
    "Boxes.GuildMemberStat.Days": "napok",
    "Boxes.GuildMemberStat.DeleteDataWarning": "Ha törlöd a korábban rögzített adatokat, akkor azokat már nem lehet visszaállítani.",
    "Boxes.GuildMemberStat.DeleteExMembersAfter": "volt tag törlése ennyi idő után",
    "Boxes.GuildMemberStat.DeleteGBGRound": "Céh-csatatér Kör törlése",
    "Boxes.GuildMemberStat.DeleteInactivityWarning": "inaktivitási figyelmeztetés törlése",
    "Boxes.GuildMemberStat.EndDate": "Befejezés dátuma",
    "Boxes.GuildMemberStat.EraTreasuryGoods": "adott korszak árui a céhes kincstárban",
    "Boxes.GuildMemberStat.Eras": "Korok",
    "Boxes.GuildMemberStat.FpForLevelUp": "Szintlépéshez szükséges FP",
    "Boxes.GuildMemberStat.GBFRound": "Céh-csatatér Kör",
    "Boxes.GuildMemberStat.GEXWeek": "C.E. hét",
    "Boxes.GuildMemberStat.GbgParticipation": "Céh-csatatér részvétel",
    "Boxes.GuildMemberStat.GexGbgDateFormat": "CE/Céh-csatatér dátumformátum",
    "Boxes.GuildMemberStat.GexParticipation": "Céh Expedíció részvétel",
    "Boxes.GuildMemberStat.GotIt": "Értem!",
    "Boxes.GuildMemberStat.GreatBuildings": "Nevezetes épületek",
    "Boxes.GuildMemberStat.GuildBuildingNotification": "Látogass el a céhtagok városába az épület statisztikák frissítéséhez.",
    "Boxes.GuildMemberStat.GuildBuildings": "Céh Épületek",
    "Boxes.GuildMemberStat.GuildGoods": "Céh áruk",
    "Boxes.GuildMemberStat.GuildMembers": "Céh tagok",
    "Boxes.GuildMemberStat.GuildMessages": "Üzenetek száma a céh üzenetközpontjában",
    "Boxes.GuildMemberStat.GuildPower": "Céh haderő",
    "Boxes.GuildMemberStat.GuildSupportBuildings": "Céhet támogató épületek",
    "Boxes.GuildMemberStat.GuildTreasuryNotification": "Látogass el a céh profiljában található Kincstár fülre, hogy frissítsd a céh kincstári áruit.",
    "Boxes.GuildMemberStat.Inactivity": "Inaktivitás",
    "Boxes.GuildMemberStat.Instantly": "azonnal",
    "Boxes.GuildMemberStat.LastUpdate": "utolsó frissítés",
    "Boxes.GuildMemberStat.Level": "Szint",
    "Boxes.GuildMemberStat.MaxLevel": "max. szint",
    "Boxes.GuildMemberStat.Member": "Tag",
    "Boxes.GuildMemberStat.MemberActiviy": "Tag tevékenysége",
    "Boxes.GuildMemberStat.MemberLeavedGuild": "A játékos már nincs a céhedben.",
    "Boxes.GuildMemberStat.MemberWithoutGB": "Tagok __greatbuilding__ nélkül",
    "Boxes.GuildMemberStat.MinLevel": "min. szint",
    "Boxes.GuildMemberStat.Negotiations": "Tárgyalások",
    "Boxes.GuildMemberStat.Never": "soha",
    "Boxes.GuildMemberStat.Points": "Pontok",
    "Boxes.GuildMemberStat.ProducedTreasuryGoods": "céhépületek által termelt",
    "Boxes.GuildMemberStat.Rank": "Rang",
    "Boxes.GuildMemberStat.ResetMessageCounter": "üzenetszámláló visszaállítása",
    "Boxes.GuildMemberStat.Search": "Keresés",
    "Boxes.GuildMemberStat.ShowBattlesWon": "Mutasd a győzelmi pontokat",
    "Boxes.GuildMemberStat.ShowDeletedMembers": "Mutasd a volt tagokat",
    "Boxes.GuildMemberStat.ShowSearchbar": "keresősáv megjelenítése",
    "Boxes.GuildMemberStat.ShowZeroValues": "0-ás értékek mutatása (CE/Céh-csatatér)",
    "Boxes.GuildMemberStat.StartDate": "Kezdés dátuma",
    "Boxes.GuildMemberStat.Title": "Céh tagok áttekintése",
    "Boxes.GuildMemberStat.TotalGuildGoods": "Minden áru összesítve",
    "Boxes.GuildMemberStat.TotalGuildPower": "Összes céh haderő",
    "Boxes.GuildMemberStat.TreasuryGoods": "Céh áruk",
    "Boxes.GuildMemberStat.UnlockedLevel": "Feloldott szint",
    "Boxes.GvGMap.Action.Drag": "Húzás",
    "Boxes.GvGMap.Action.Edit": "Szerkesztés",
    "Boxes.GvGMap.Action.Zoom": "Zoom",
    "Boxes.GvGMap.Guild.Name": "Céh",
    "Boxes.GvGMap.Guild.Power": "Haderő",
    "Boxes.GvGMap.Guild.Sectors": "Szektorok",
    "Boxes.GvGMap.Guilds": "Céhek",
    "Boxes.GvGMap.Log": "Napló",
    "Boxes.GvGMap.Log.Explanation": "Ebben a naplóban olyan események jelennek meg, melyek akkor történnek, amikor aktív vagy a céhes kontinenstérképen (GvG). Az információ (jelenleg) nem kerül lementésre. Bármit szűrhetsz: szektorszám, céhnév, esemény, saját felhasználónevedre.",
    "Boxes.GvGMap.Log.Info": "Infó",
    "Boxes.GvGMap.Log.NPC": "Lakatlan",
    "Boxes.GvGMap.Log.Sector": "Szektor",
    "Boxes.GvGMap.Log.UnknownGuild": "Ismeretlen céh",
    "Boxes.GvGMap.Log.clan_defeated": "Elesett céh",
    "Boxes.GvGMap.Log.defender_damaged": "Védelem sérült",
    "Boxes.GvGMap.Log.defender_defeated": "Védelem elesett",
    "Boxes.GvGMap.Log.defender_deployed": "Védelem telepítve",
    "Boxes.GvGMap.Log.defender_replaced": "Védelem lecserélve",
    "Boxes.GvGMap.Log.headquarter_placed": "Főhadiszállás elhelyezve",
    "Boxes.GvGMap.Log.sector_conquered": "Szektor elfoglalva",
    "Boxes.GvGMap.Log.sector_independence_granted": "Szabadság megadva",
    "Boxes.GvGMap.Log.sector_slot_unlocked": "Helyezés nyitva",
    "Boxes.GvGMap.Log.siege_damaged": "Sérült ostrom",
    "Boxes.GvGMap.Log.siege_defeated": "Legyőzött ostrom",
    "Boxes.GvGMap.Log.siege_deleted": "Törölt ostrom",
    "Boxes.GvGMap.Log.siege_deployed": "Ostrom telepítve",
    "Boxes.GvGMap.Sector.Coords": "Koordináták",
    "Boxes.GvGMap.Sector.Hitpoints": "Életerőpontok",
    "Boxes.GvGMap.Sector.Power": "Haderő",
    "Boxes.GvGMap.Sector.Protected": "Védett szektor",
    "Boxes.GvGMap.Title": "Céh vs. Céh Térkép",
    "Boxes.HiddenRewards.Disappears": "eltűnik",
    "Boxes.HiddenRewards.HelpLink": "https://foe-helper.com/docs/2/incidents",
    "Boxes.HiddenRewards.NoEvents": "Nincs incidens.",
    "Boxes.HiddenRewards.Title": "Rejtett jutalmak",
    "Boxes.Infobox.Filter": "Szűrő",
    "Boxes.Infobox.FilterAuction": "Aukció",
    "Boxes.Infobox.FilterGex": "Céhexpedíció",
    "Boxes.Infobox.FilterGuildFights": "Céh-csatatér",
    "Boxes.Infobox.FilterLevel": "Szintlépés",
    "Boxes.Infobox.FilterMessage": "Üzenetek",
    "Boxes.Infobox.FilterTrade": "Piactér",
    "Boxes.Infobox.Messages.Auction": "'<strong>__player__</strong> játékos kínált __amount__ érmét.",
    "Boxes.Infobox.Messages.GEX": "<strong>__player__</strong> nemrég __points__ C.E. pontot kapott.",
    "Boxes.Infobox.Messages.GildFightOccupied": "A <span style=\"color:#ffb539\">__provinceName__</span> tartományt elfoglalta <span style=\"color:__attackerColor__;text-shadow: 0 1px 1px __attackerShadow__\">__attackerName__</span> és ezért zárolva van eddig: __untilOccupied__.",
    "Boxes.Infobox.Messages.LevelUp": "A __player__ játékos __building__ épülete elérte a __level__. szintet.<br>Te a(z) <strong>__rank__.</strong> helyezést érted el és <strong>__fps__</strong> FP-t kaptál vissza.",
    "Boxes.Infobox.Messages.MsgBuilding": "__building__ - szint __level__",
    "Boxes.Infobox.Messages.Trade": "<strong> __player__ </strong> elfogadta az ajánlatodat. Ezt kaptad: __needValue__ __need__. Ezt adtad: __offerValue__ __offer__.",
    "Boxes.Infobox.Messages.Welcome": "Üdv az <strong>Infó dobozban</strong>! Amíg ez az ablak nyitva van, háttéreseményeket jelenít meg (pl. csevegőüzenetek, céh-csatatéren végrehajtott műveletek és aukciós ajánlatokat)",
    "Boxes.Infobox.NewMessageArrived": "Új üzenet érkezett!",
    "Boxes.Infobox.ResetBox": "Újratöltés",
    "Boxes.Infobox.Title": "Infó doboz",
    "Boxes.Infobox.UnknownConversation": "Ismeretlen beszélgetés",
    "Boxes.Investment.AllUpToDate": "Az eseménynapló oldala korábban frissült",
    "Boxes.Investment.AllUpToDateDesc": "Ezeket az információkat korábban már összegyűjtöttük",
    "Boxes.Investment.CurrReward": "Jelenlegi profit: ",
    "Boxes.Investment.DateParseError": "Hiba történt a dátum elemzése során",
    "Boxes.Investment.DateParseErrorDesc": "A(z) \"__InvalidDate__\" dátumértéket nem sikerült elemezni",
    "Boxes.Investment.HiddenGB": "Rejtett N.É.",
    "Boxes.Investment.InvestBar": "Befektetett Forge pontok: ",
    "Boxes.Investment.Overview.AdditionalColumns": "További oszlopok",
    "Boxes.Investment.Overview.Blueprints": "Tervrajzok",
    "Boxes.Investment.Overview.Building": "Épület",
    "Boxes.Investment.Overview.DateOfIncrease": "A növekedés időpontja",
    "Boxes.Investment.Overview.DateOfIncreaseDesc": "A N.É.-ben legutóbb rögzített befektetés időpontja",
    "Boxes.Investment.Overview.EntryTime": "Befektetés ideje",
    "Boxes.Investment.Overview.EntryTimeDesc": "Mikor történt az első befektetés?",
    "Boxes.Investment.Overview.HideGB": "N.É.-k elrejtése a számításból és a listából.",
    "Boxes.Investment.Overview.Invested": "Befektetés",
    "Boxes.Investment.Overview.InvestedDesc": "Hány FP került befektetésre",
    "Boxes.Investment.Overview.Medals": "Medálok",
    "Boxes.Investment.Overview.MedalsProfit": "Medál nyereség",
    "Boxes.Investment.Overview.Player": "Játékos",
    "Boxes.Investment.Overview.Profit": "Haszon",
    "Boxes.Investment.Overview.ProfitDesc": "elért nyereség, sárga → a rang nem biztonságos, piros/zöld → biztos veszteség/nyereség",
    "Boxes.Investment.Overview.Progress": "Előrehaladás",
    "Boxes.Investment.Overview.RemainingFP": "Fennmaradó FP",
    "Boxes.Investment.Overview.RestFP": "Hiányzó FP",
    "Boxes.Investment.Overview.RestFPDesc": "Hány FP kell még a szintlépéshez",
    "Boxes.Investment.Overview.SettingsEntryTime": "befektetés idejének megjelenítése",
    "Boxes.Investment.Overview.SettingsHiddenGB": "mutasd a rejtett N.É.-t",
    "Boxes.Investment.Overview.SettingsRestFP": "mutasd a hiányzó FP-t",
    "Boxes.Investment.Overview.SettingsSave": "Mentés",
    "Boxes.Investment.Overview.SettingsUnsafeCalc": "csak a biztos nyereséget/veszteséget számolja ki",
    "Boxes.Investment.PlayerFound": "Új esemény történt!",
    "Boxes.Investment.PlayerFoundCount": "__count__ új eseményt gyűjtöttünk be",
    "Boxes.Investment.PlayerFoundCounter": "__count__ új eseményt találtunk.",
    "Boxes.Investment.Rank": "Rang",
    "Boxes.Investment.Safe": "biztos",
    "Boxes.Investment.Title": "Forge Pont befektetés összesítő",
    "Boxes.Investment.TotalFP": "Készlet + Befektetett + Profit = ",
    "Boxes.Investment.UpToDate": "A befektetési listát kevesebb mint 30 perccel ezelőtt frissítettük.",
    "Boxes.Investment.UpdateRequired": "A befektetési lista 30 percnél régebbi. Frissítsd a befektetési listádat (Városháza → Hírek → Nevezetes Épületek).",
    "Boxes.Kits.Extensions": "Kiegészítők",
    "Boxes.Kits.InStock": "Készleten",
    "Boxes.Kits.KitName": "Típus",
    "Boxes.Kits.Name": "Épület",
    "Boxes.Kits.SelectionKit": "Készlet kiválasztva",
    "Boxes.Kits.Title": "Szettek, fejlesztő-és választókészletek a raktárban",
    "Boxes.Kits.ToggleButtonActive": "Hiányzó alkatrészek elrejtése",
    "Boxes.Kits.ToggleButtonInActive": "Hiányzó alkatrészek mutatása",
    "Boxes.Kits.UpgradeKit": "Fejlesztőkészlet",
    "Boxes.Market.AllGoods": "Minden termék",
    "Boxes.Market.MaxResults": "Max. eredmény",
    "Boxes.Market.MinQuantity": "Min. mennyiség",
    "Boxes.Market.Need": "Igény",
    "Boxes.Market.NeedColumn": "Igény",
    "Boxes.Market.NeedTT": "__era__<br>Raktáradban: __stock__",
    "Boxes.Market.Offer": "Ajánlat",
    "Boxes.Market.OfferColumn": "Ajánlat",
    "Boxes.Market.OfferTT": "__era__<br>Raktáradban: __stock__",
    "Boxes.Market.OnlyAffordable": "Csak a megfizethető ajánlatok",
    "Boxes.Market.PageColumn": "Oldal",
    "Boxes.Market.PlayerColumn": "Játékos",
    "Boxes.Market.RateColumn": "Arány",
    "Boxes.Market.Rating": "Értékelés",
    "Boxes.Market.ShowOwnOffers": "Saját ajánlataim",
    "Boxes.Market.TTMinQuantity": "Válaszd ki az ajánlott áruk minimális mennyiségét. Ez a szűrő NEM vonatkozik a céhes tagok ajánlataira",
    "Boxes.Market.Title": "Piaci ajánlat szűrő",
    "Boxes.Market.TradeAdvantage": "Előnyös",
    "Boxes.Market.TradeDisadvantage": "Előnytelen",
    "Boxes.Market.TradeFair": "Becsületes",
    "Boxes.Market.TradeFairStock": "Becsületes (kisebb készletnél)",
    "Boxes.Market.TradeFairStockTT": "Ide tartozik minden olyan becsületes ajánlat, ahol a kínált áru állománya kevesebb, mint az igényelt árué",
    "Boxes.Market.TradeForEqual": "Azonos",
    "Boxes.Market.TradeForGoods": "Ajánlat (Korszak)",
    "Boxes.Market.TradeForHigher": "Magasabb",
    "Boxes.Market.TradeForLower": "Alacsonyabb",
    "Boxes.Market.TradePartner": "Partnerek",
    "Boxes.Market.TradePartnerFriend": "Barátok",
    "Boxes.Market.TradePartnerGuild": "Céh tagok",
    "Boxes.Market.TradePartnerNeighbor": "Szomszédok",
    "Boxes.MarketOffers.Era": "Kor",
    "Boxes.MarketOffers.Events": "Események",
    "Boxes.MarketOffers.Good": "Termék",
    "Boxes.MarketOffers.Inventory": "Raktár",
    "Boxes.MarketOffers.InventoryNeedSum": "Összes raktárkészlet + igény",
    "Boxes.MarketOffers.InventoryOfferSum": "Összes raktárkészlet + ajánlat",
    "Boxes.MarketOffers.NeedSum": "Összes igény",
    "Boxes.MarketOffers.OfferSum": "Összes ajánlat",
    "Boxes.MarketOffers.Title": "Termékkészlet",
    "Boxes.MarketOffersEvents.Accepted": "Elfogadott ajánlatok",
    "Boxes.MarketOffersEvents.Count": "Mennyiség",
    "Boxes.MarketOffersEvents.Date": "Dátum",
    "Boxes.MarketOffersEvents.DateNA": "N.A.",
    "Boxes.MarketOffersEvents.Expired": "Lejárt ajánlatok",
    "Boxes.MarketOffersEvents.Title": "Kereskedelmi események",
    "Boxes.MoppelHelper.Attacks": "Támadások",
    "Boxes.MoppelHelper.Days": "__days__ nap",
    "Boxes.MoppelHelper.Era": "Korszak",
    "Boxes.MoppelHelper.Event": "Esemény",
    "Boxes.MoppelHelper.Friends": "Barátok",
    "Boxes.MoppelHelper.FriendsSocialTabTT": "Kattints a játékban a Barátok fülre, hogy a barátaid eseménylistáját felold",
    "Boxes.MoppelHelper.GBs": "Nevezetes épületek",
    "Boxes.MoppelHelper.GuildMembers": "Céh tagok",
    "Boxes.MoppelHelper.GuildSocialTabTT": "Kattints a játékban a Céhtagok fülre, hogy a céhtagok eseménylistáját felold",
    "Boxes.MoppelHelper.HeaderWarning": "FIGYELEM: Ezen értékek frissítéséhez végig kell görgetned az összes új eseményt az Eseménynaplóban: Városháza → Hírek → Eseménynapló ",
    "Boxes.MoppelHelper.MoppelEvents": "Motivál/Kitakarít",
    "Boxes.MoppelHelper.Name": "Név",
    "Boxes.MoppelHelper.Neighbors": "Szomszédok",
    "Boxes.MoppelHelper.NeighborsSocialTabTT": "Kattints a játékban a Szomszédok fülre, hogy a szomszédok eseménylistáját felold",
    "Boxes.MoppelHelper.Never": "SOHA",
    "Boxes.MoppelHelper.Plunders": "Fosztogatás",
    "Boxes.MoppelHelper.Points": "Pontok",
    "Boxes.MoppelHelper.Rank": "Rang",
    "Boxes.MoppelHelper.TavernVisits": "Kocsma",
    "Boxes.MoppelHelper.Title": "Motiválás/Takarítás segítő",
    "Boxes.MoppelHelper.Trades": "Piac",
    "Boxes.Negotiation.Average": "Ø Mennyiség",
    "Boxes.Negotiation.Canceled": "Tárgyalás meg lett szakítva",
    "Boxes.Negotiation.Chance": "Esély",
    "Boxes.Negotiation.DragDrop": "Az ikonokat átrendezheti drag and drop (bal klikk hosszan tartva) segítségével, hogy meghatározzák a sorrendet az első kísérletből.",
    "Boxes.Negotiation.GoodsCritical": "FIGYELEM: Az árukészlet kritikus szintre csökkent!",
    "Boxes.Negotiation.GoodsLow": "FIGYELEM: alacsony az árukészlet!",
    "Boxes.Negotiation.HelpLink": "https://foe-helper.com/docs/2/negotioation-helper/?lang=hu",
    "Boxes.Negotiation.Person": "Személy",
    "Boxes.Negotiation.Round": "Kör",
    "Boxes.Negotiation.SaveCurrentEraGoods": "Árukat megóvni?",
    "Boxes.Negotiation.SaveMedals": "Medálokat megóvni?",
    "Boxes.Negotiation.Stock": "Készlet:",
    "Boxes.Negotiation.Success": "Siker",
    "Boxes.Negotiation.TableLoadError": "Hiba a tárgyalás tábla betöltése közben",
    "Boxes.Negotiation.Title": "Tárgyalás segítő",
    "Boxes.Negotiation.TryEnd": "Nincs több próbálkozás",
    "Boxes.Negotiation.WrongGoods": "Rossz áru kiválasztva, kérlek fejezd be manuálisan",
    "Boxes.Negotiation.confirmGoodsMissmatch": "OK",
    "Boxes.Notice.ContentHeadIsFriend": "Barát",
    "Boxes.Notice.ContentHeadIsGuild": "Céh tag",
    "Boxes.Notice.ContentHeadIsNeighbor": "Szomszéd",
    "Boxes.Notice.DeleteGroup": "Csoport és oldalak törlése",
    "Boxes.Notice.DeleteItem": "Oldal törlése",
    "Boxes.Notice.DummyHeading": "Címsorod",
    "Boxes.Notice.Edit": "Szerkeszt",
    "Boxes.Notice.GlobalSendRequired": "Ez a funkció csak akkor működik, ha az \"Átvitel a foe-helper.com -re\" aktív. <br> A jegyzetek használatához aktiválja ezt az opciót: Beállítások → Adatok küldése → Feltöltés.",
    "Boxes.Notice.GroupName": "Csoport neve",
    "Boxes.Notice.HelpLink": "https://foe-helper.com/docs/de/notizen/?lang=hu",
    "Boxes.Notice.ModalChoosePlayer": "Válassz egy játékost",
    "Boxes.Notice.ModalMissingPlayers": "Hiányoznak játékosok a listáról? Akkor zárd be ezt az ablakot, kattints a közösségi sor alján található másik két fülre (Szomszédok, Céhtagok, Barátok), majd nyisd meg újra ezt az ablakot.",
    "Boxes.Notice.NewGroup": "Csoport",
    "Boxes.Notice.NewGroupDesc": "Először készítsen egy csoportot... ",
    "Boxes.Notice.NewPlayer": "Játékos",
    "Boxes.Notice.NewSide": "Oldal",
    "Boxes.Notice.Save": "Mentés",
    "Boxes.Notice.SelectPlayerGroupDefault": "-- Játékoscsoport létrehozása? --",
    "Boxes.Notice.SelectPlayerGroupFriend": "Barátok",
    "Boxes.Notice.SelectPlayerGroupGuild": "Céh tagok",
    "Boxes.Notice.SelectPlayerGroupNeighbor": "Szomszédok",
    "Boxes.Notice.SideName": "Oldal neve",
    "Boxes.Notice.Sorting": "Rendezés",
    "Boxes.Notice.Title": "Jegyzetek",
    "Boxes.Outpost.DescInStock": "Elérhető",
    "Boxes.Outpost.DescRequired": "Szükséges",
    "Boxes.Outpost.DescStillMissing": "<span style='color:#29b206'>Többlet</span> / <span style='color:#ff4040'>Hiányzó</span>",
    "Boxes.Outpost.ExpansionsSum": "Bővítmények",
    "Boxes.Outpost.ShowSums": "Összegek megjelenítése:",
    "Boxes.Outpost.Title": "Kulturális település árui",
    "Boxes.Outpost.TitleBuildings": "Épület",
    "Boxes.Outpost.TitleFree": "Ingyenes",
    "Boxes.Outpost.TitleShort": "Áru áttekintés - ",
    "Boxes.Outpost.infoLine": "__runNumber__. kör, x4 Bónusz Esély: __chanceX4__%",
    "Boxes.Outpost.nextTile": "Következő bővítmény",
    "Boxes.Outpost.tileNotPlanned": "ki",
    "Boxes.OwnpartCalculator.All": "Mind",
    "Boxes.OwnpartCalculator.Arc": "Bárka",
    "Boxes.OwnpartCalculator.Auto": "Automata",
    "Boxes.OwnpartCalculator.AutoWithUnsafe": "Automata + Nem biztonságos",
    "Boxes.OwnpartCalculator.BPs": "T.R.",
    "Boxes.OwnpartCalculator.BuildingName": "Épület",
    "Boxes.OwnpartCalculator.CopyFormatPerGB": "Másolási formátum mentése nevezetes épületenként",
    "Boxes.OwnpartCalculator.CopyValues": "Értékek másolása",
    "Boxes.OwnpartCalculator.Deposit": "Befizetés",
    "Boxes.OwnpartCalculator.Done": "Kész",
    "Boxes.OwnpartCalculator.ExistingPayments": "Eddigi befektetések",
    "Boxes.OwnpartCalculator.Ext": "Külső",
    "Boxes.OwnpartCalculator.GBsNoted": "__GBCount__ a jegyzetben",
    "Boxes.OwnpartCalculator.HelpLink": "https://foe-helper.com/docs/en/gb-calculator/",
    "Boxes.OwnpartCalculator.IncludeData": "Feltüntetni való adatok",
    "Boxes.OwnpartCalculator.LGTotalFP": "N.É. Össz pontszám",
    "Boxes.OwnpartCalculator.Lock": "Biztonságosak",
    "Boxes.OwnpartCalculator.Meds": "Medál",
    "Boxes.OwnpartCalculator.NoPlaceAvailable": "Nincs szabad hely",
    "Boxes.OwnpartCalculator.NoPlaceSafe": "Nem biztonságos hely",
    "Boxes.OwnpartCalculator.Note": "Jegyzetbe",
    "Boxes.OwnpartCalculator.OldLevel": "Előző szint",
    "Boxes.OwnpartCalculator.OptionsDescending": "Csökkenő",
    "Boxes.OwnpartCalculator.OptionsFP": "Forge pontok",
    "Boxes.OwnpartCalculator.OptionsGB": "Épület neve",
    "Boxes.OwnpartCalculator.OptionsLevel": "Szint",
    "Boxes.OwnpartCalculator.OptionsLevelUp": "Szintemelés szükséges",
    "Boxes.OwnpartCalculator.OptionsOwnPart": "Tulaj önrésze (ÖR)",
    "Boxes.OwnpartCalculator.OptionsPlayer": "Játékos",
    "Boxes.OwnpartCalculator.Order": "Sorrend",
    "Boxes.OwnpartCalculator.OwnPart": "Önrész",
    "Boxes.OwnpartCalculator.OwnPartRemaining": "Hátralevő",
    "Boxes.OwnpartCalculator.OwnPartShort": "ÖR",
    "Boxes.OwnpartCalculator.PatronPart": "Befektetői pontszám",
    "Boxes.OwnpartCalculator.Place": "Hely",
    "Boxes.OwnpartCalculator.Places": "Helyek",
    "Boxes.OwnpartCalculator.PlayerName": "Játékos",
    "Boxes.OwnpartCalculator.PowerLeveling": "Gyorsépítés",
    "Boxes.OwnpartCalculator.Preview": "Előnézet",
    "Boxes.OwnpartCalculator.Step": "Szint",
    "Boxes.OwnpartCalculator.Title": "Saját nevezetes számláló",
    "Boxes.OwnpartCalculator.Trust": "Bizalmiak",
    "Boxes.PowerLeveling.CopyValues": "Értékek másolása",
    "Boxes.PowerLeveling.DoubleCollection": "Dupla begyűjtés",
    "Boxes.PowerLeveling.Level": "Szint",
    "Boxes.PowerLeveling.MaxLevel": "Maximális szint",
    "Boxes.PowerLeveling.OwnPartBrutto": "Bruttó önrész",
    "Boxes.PowerLeveling.OwnPartNetto": "Nettó önrész",
    "Boxes.PowerLeveling.OwnPartSum": "Összes önrész",
    "Boxes.PowerLeveling.P1": "1. hely",
    "Boxes.PowerLeveling.P2": "2. hely",
    "Boxes.PowerLeveling.P3": "3. hely",
    "Boxes.PowerLeveling.P4": "4. hely",
    "Boxes.PowerLeveling.P5": "5. hely",
    "Boxes.PowerLeveling.Title": "Gyorsépítés",
    "Boxes.Productions.DateNA": "Ismeretlen",
    "Boxes.Productions.Done": "Elkészült",
    "Boxes.Productions.GoodEraTotal": "Összes",
    "Boxes.Productions.GuildGoods": "Céh áruk",
    "Boxes.Productions.GuildPower": "Céh haderő",
    "Boxes.Productions.Happiness": "Boldogság",
    "Boxes.Productions.Headings.Done": "Kész",
    "Boxes.Productions.Headings.all": "Összes",
    "Boxes.Productions.Headings.amount": "Mennyiség",
    "Boxes.Productions.Headings.area": "Terület",
    "Boxes.Productions.Headings.clan_power_production": "Céh haderőt termelő",
    "Boxes.Productions.Headings.culture": "Kulturális épületek",
    "Boxes.Productions.Headings.decoration": "Dekorációk",
    "Boxes.Productions.Headings.earning": "Bevétel",
    "Boxes.Productions.Headings.efficiency": "Hatékonyság",
    "Boxes.Productions.Headings.era": "Kor",
    "Boxes.Productions.Headings.generic_building": "Egyéb épületek",
    "Boxes.Productions.Headings.goods": "Raktárépületek",
    "Boxes.Productions.Headings.greatbuilding": "Nevezetes épületek",
    "Boxes.Productions.Headings.main_building": "Városháza",
    "Boxes.Productions.Headings.name": "Név",
    "Boxes.Productions.Headings.number": "Szám",
    "Boxes.Productions.Headings.off_grid": "Speciális épületek",
    "Boxes.Productions.Headings.production": "Termelő épületek",
    "Boxes.Productions.Headings.random_production": "Véletlenszerű termelés",
    "Boxes.Productions.Headings.residential": "Lakó épületek",
    "Boxes.Productions.Headings.size": "Méret",
    "Boxes.Productions.Headings.street": "Utak",
    "Boxes.Productions.ModeCurrent": "Jelenlegi",
    "Boxes.Productions.ModeDaily": "Napi term.",
    "Boxes.Productions.ModeGroups": "Csoport",
    "Boxes.Productions.ModeSingle": "Egyedülálló",
    "Boxes.Productions.NoAsteroidDataWarning": "Az aszteroidaövből származó árukat nem tartalmazza. Kérlek, látogasd meg az aszteroidaöv-kolóniát, majd nyisd meg újra ezt az ablakot",
    "Boxes.Productions.NoMarsDataWarning": "A Marsról származó árukat nem tartalmazza. Kérlek, látogasd meg a Marsi kolóniát, majd nyisd meg újra ezt az ablakot",
    "Boxes.Productions.NoVenusDataWarning": "A Vénuszról származó árukat nem tartalmazza. Keresd fel a Vénuszi kolóniát, majd nyisd meg újra ezt az ablakot",
    "Boxes.Productions.SearchInput": "Épület keresés... ",
    "Boxes.Productions.SizeTT": "Méret, beleértve az átlagosan __streetnettosize__ mezőnyi útigényt",
    "Boxes.Productions.TTGoodsEra": "Ez az oszlop az épület korát mutatja, nem a legyártott termékekét",
    "Boxes.Productions.Title": "Termelés áttekintése",
    "Boxes.Productions.Total": "Teljes: ",
    "Boxes.Productions.Units": "Egységek",
    "Boxes.Productions.att_boost_attacker": "Tám. bónusz támadó seregnek",
    "Boxes.Productions.att_boost_defender": "Tám. bónusz védekező seregnek",
    "Boxes.Productions.def_boost_attacker": "Véd. bónusz támadó seregnek",
    "Boxes.Productions.def_boost_defender": "Véd. bónusz védekező seregnek",
    "Boxes.Productions.goods": "Termékek",
    "Boxes.ProductionsRating.BuildingName": "Épület",
    "Boxes.ProductionsRating.Enabled": "Aktív",
    "Boxes.ProductionsRating.ProdPerTile": "Elvárt napi termelés/terület",
    "Boxes.ProductionsRating.Results": "Eredmény",
    "Boxes.ProductionsRating.Score": "Eredmény",
    "Boxes.ProductionsRating.Settings": "Beállítások",
    "Boxes.ProductionsRating.Title": "Épületek hatékonysági besorolása",
    "Boxes.Settings.Active": "Aktív",
    "Boxes.Settings.DeletedBoxCoordsBody": "Minden doboz koordinátáját visszaállítottuk.",
    "Boxes.Settings.DeletedBoxCoordsHead": "Törölve!",
    "Boxes.Settings.Inactive": "Nem aktív",
    "Boxes.Settings.Title": "Beállítások",
    "Boxes.Stats.BtnAll": "Összes",
    "Boxes.Stats.BtnAllPlayableEras": "Minden kor",
    "Boxes.Stats.BtnAllPlayableErasTitle": "Összes játszható kor kiválasztása (kivéve: Korszak nélküli, Speciális)",
    "Boxes.Stats.BtnAllTittle": "Összes kor + Korszak nélküli + Speciális",
    "Boxes.Stats.BtnChartType.delta": "Delta",
    "Boxes.Stats.BtnChartType.line": "Vonal",
    "Boxes.Stats.BtnChartType.streamgraph": "Patak",
    "Boxes.Stats.BtnChartTypeTitle.delta": "Diagram növelése / csökkentése",
    "Boxes.Stats.BtnChartTypeTitle.line": "Vonal diagram",
    "Boxes.Stats.BtnChartTypeTitle.streamgraph": "Patak-diagram",
    "Boxes.Stats.BtnLastEras": "Utóbbi két kor",
    "Boxes.Stats.BtnLastErasTitle": "Jelenlegi és az előző kor kiválasztása",
    "Boxes.Stats.BtnMyEra": "Saját kor",
    "Boxes.Stats.BtnNoEra": "Nincs kor",
    "Boxes.Stats.BtnSource.statsGBGPlayers": "Céh-csatatér",
    "Boxes.Stats.BtnSource.statsRewards": "Jutalmak",
    "Boxes.Stats.BtnSource.statsTreasureClanD": "Céhkincstár (n)",
    "Boxes.Stats.BtnSource.statsTreasureClanH": "Céhkincstár (ó)",
    "Boxes.Stats.BtnSource.statsTreasurePlayerD": "Napi kincstár",
    "Boxes.Stats.BtnSource.statsTreasurePlayerH": "Áruk",
    "Boxes.Stats.BtnSource.statsUnitsD": "Egységek - Naponta",
    "Boxes.Stats.BtnSource.statsUnitsH": "Egységek - Óránként",
    "Boxes.Stats.BtnToggleAnnotations": "Céh vs. Céh megjegyzések",
    "Boxes.Stats.BtnToggleAnnotationsTitle": "Árucsökkenés kimutatása céh-csatatéren.",
    "Boxes.Stats.BtnToggleGroupBy": "Korok szerinti csoportok",
    "Boxes.Stats.BtnToggleGroupByTitle": "Név szerinti csoportok",
    "Boxes.Stats.Era": "Kor",
    "Boxes.Stats.HelpLink": "https://foe-helper.com/docs/en/statistics/?lang=hu",
    "Boxes.Stats.Period.all": "Összes",
    "Boxes.Stats.Period.last30days": "Utolsó 30 nap",
    "Boxes.Stats.Period.last7days": "Utolsó 7 nap",
    "Boxes.Stats.Period.sinceTuesday": "Kedd óta",
    "Boxes.Stats.Period.thisMonth": "Ez a hónap",
    "Boxes.Stats.Period.today": "Ma",
    "Boxes.Stats.PeriodTitle.all": "Minden idők óta",
    "Boxes.Stats.PeriodTitle.last30days": "Elmúlt 30 napban gyűjtött",
    "Boxes.Stats.PeriodTitle.last7days": "Elmúlt 7 napban gyűjtött",
    "Boxes.Stats.PeriodTitle.sinceTuesday": "Kedd óta gyűjtött (C.E. kedden indul)",
    "Boxes.Stats.PeriodTitle.thisMonth": "Ebben a hónapban gyűjtött",
    "Boxes.Stats.PeriodTitle.today": "Ma gyűjtött",
    "Boxes.Stats.Rewards.Source.__event": "Esemény",
    "Boxes.Stats.Rewards.Source.battlegrounds_conquest": "Céh-csatatér",
    "Boxes.Stats.Rewards.Source.default": "Incidensek",
    "Boxes.Stats.Rewards.Source.diplomaticGifts": "Diplomáciai ajándékok",
    "Boxes.Stats.Rewards.Source.guildExpedition": "Céh expedíció",
    "Boxes.Stats.Rewards.Source.pvp_arena": "PvP Aréna",
    "Boxes.Stats.Rewards.Source.shards": "Titokzatos szilánkok",
    "Boxes.Stats.Rewards.Source.spoilsOfWar": "Hadizsákmány",
    "Boxes.Stats.Rewards.SourceTitle.__event": "Időszakos és speciális eseményekből származó jutalmak",
    "Boxes.Stats.Rewards.SourceTitle.battlegrounds_conquest": "Céh-csatatér jutalmak",
    "Boxes.Stats.Rewards.SourceTitle.default": "Incidensekből származó jutalmak",
    "Boxes.Stats.Rewards.SourceTitle.diplomaticGifts": "Diplomáciai ajándékok (Teherűrhajó)",
    "Boxes.Stats.Rewards.SourceTitle.guildExpedition": "Céhexpedíció jutalmak (Ereklyék templomából)",
    "Boxes.Stats.Rewards.SourceTitle.pvp_arena": "PvP Arénából származó jutalmak",
    "Boxes.Stats.Rewards.SourceTitle.shards": "Titokzatos szilánkok (Repülő sziget)",
    "Boxes.Stats.Rewards.SourceTitle.spoilsOfWar": "Hadizsákmányból származó jutalmak (Himedzsi várkastély)",
    "Boxes.Stats.SourceTitle.statsGBGPlayers": "Céh-csatatér játékosok eredménytáblája",
    "Boxes.Stats.SourceTitle.statsRewards": "Jutalmaid a Himedzsi várkastélyból, Ereklyék templomából és a Céh-csatatérről",
    "Boxes.Stats.SourceTitle.statsTreasureClanD": "Céhkincstár (napi)",
    "Boxes.Stats.SourceTitle.statsTreasureClanH": "Céhkincstár (óránkénti)",
    "Boxes.Stats.SourceTitle.statsTreasurePlayerD": "Kincstárad naponta",
    "Boxes.Stats.SourceTitle.statsTreasurePlayerH": "Kincstárad óránként",
    "Boxes.Stats.SourceTitle.statsUnitsD": "Egységeid - naponta",
    "Boxes.Stats.SourceTitle.statsUnitsH": "Egységeid - óránként",
    "Boxes.Stats.Title": "Statisztika",
    "Boxes.Technologies.DescInStock": "Elérhető",
    "Boxes.Technologies.DescRequired": "Szükséges",
    "Boxes.Technologies.DescStillMissing": "<span style='color:#29b206'>Többlet</span> / <span style='color:#ff4040'>Hiányzó</span>",
    "Boxes.Technologies.IgnoreCurrentEraOptional": "A jelenlegi/magasabb korok opcionális technológiáit hagyd figyelmen kívül",
    "Boxes.Technologies.IgnorePrevEra": "A korábbi korszakok opcionális technológiáit hagyd figyelmen kívül",
    "Boxes.Technologies.NoTechs": "A kornak a végére értél",
    "Boxes.Technologies.Resource": "Nyersanyag",
    "Boxes.Technologies.Title": "Kutatási költsége a",
    "Boxes.Treasury.Action": "Üzenet",
    "Boxes.Treasury.Amount": "Mennyiség",
    "Boxes.Treasury.DateTime": "Dátum/Idő",
    "Boxes.Treasury.Era": "Kor",
    "Boxes.Treasury.Export": "Export",
    "Boxes.Treasury.Message": "Kérlek, lapozd végig az összes oldalt, majd nyomd meg az EXPORT gombot",
    "Boxes.Treasury.PlayerID": "Játékos ID",
    "Boxes.Treasury.PlayerName": "Játékos neve",
    "Boxes.Treasury.Reset": "Visszaállít",
    "Boxes.Treasury.Resource": "Áru",
    "Boxes.Treasury.RowNumber": "Feldolgozott sorok",
    "Boxes.Treasury.Title": "Céhkincstár-export napló",
    "Boxes.Units.AlcaHarvest": "Az Alcatraz készen áll a begyűjtésre!",
    "Boxes.Units.Attack": "Támadás",
    "Boxes.Units.Bind": "Saját",
    "Boxes.Units.Defend": "Védelem",
    "Boxes.Units.NextUnitsIn": "A következő __count__ db egység <span class=\"alca-countdown\"></span> idő múlva érkezik __harvest__",
    "Boxes.Units.NotFilled": "Üres",
    "Boxes.Units.Proportionally": "Arányosan",
    "Boxes.Units.Quantity": "Mennyiség",
    "Boxes.Units.ReadyToLoot": "Kész!",
    "Boxes.Units.Status": "Állapot",
    "Boxes.Units.Title": "Hadsereg áttekintés",
    "Boxes.Units.Unbind": "Független",
    "Boxes.Units.Unit": "Egység",
    "Boxes.UnitsGex.NoUnitsAvailable": "Nincsenek adatok az egységekről. Nyomd meg az \"U\" gombot a hadsereg irányító ablak megnyitásához",
    "Boxes.mapTradeWarning.Text": "Megakadályozni",
    "Boxes.mapTradeWarning.Title": "Piac",
    "Boxes.scoutingTimes.ProvinceName": "Tartomány neve",
    "Boxes.scoutingTimes.ScoutingCost": "Felfedezési költség",
    "Boxes.scoutingTimes.ScoutingTime": "Felfedezési idő",
    "Boxes.scoutingTimes.Title": "Felfedezés állapota",
    "Date": "YYYY.MM.DD",
    "DateShort": "NN-HHH",
    "DateTime": "YY/M/D h:mm:ss a",
    "Eras.0": "Korszak nélküli",
    "Eras.1": "Kőkorszak",
    "Eras.10": "Modern kor",
    "Eras.11": "Posztmodern kor",
    "Eras.12": "Jelenkor",
    "Eras.13": "Holnap",
    "Eras.14": "A jövő",
    "Eras.15": "Távoli jégkorszak",
    "Eras.16": "Mélytengeri jövő",
    "Eras.17": "Virtuális jövő",
    "Eras.18": "Űrkorszak - Mars",
    "Eras.19": "Űrkorszak - Aszteroida övezet",
    "Eras.2": "Bronzkorszak",
    "Eras.20": "Űrkorszak - Vénusz",
    "Eras.21": "Space Age Jupiter Moon",
    "Eras.3": "Vaskorszak",
    "Eras.4": "Kora középkor",
    "Eras.5": "Virágzó középkor",
    "Eras.6": "Késő középkor",
    "Eras.7": "A gyarmatosítás kora",
    "Eras.8": "Ipari kor",
    "Eras.9": "Progresszív kor",
    "Eras.GvGAllAge": "Minden kor",
    "Global.BoxTitle": "FoE Helper",
    "GvG.Independences.Tooltip": "Legutóbbi számítás óta biztosított szektorok száma.",
    "GvG.Independences.Tooltip.Warning": "Pontatlan lehet, ha több asztali eszközön játszol.",
    "HiddenRewards.Positions.cityRoadBig": "nagy út",
    "HiddenRewards.Positions.cityRoadSmall": "kis út",
    "HiddenRewards.Positions.culturalOutpost": "Szilánk - Kulturális településen",
    "HiddenRewards.Positions.guildExpedition": "Céh expedíciója",
    "HiddenRewards.Positions.nature": "Természet",
    "HiddenRewards.Positions.shore": "Part",
    "HiddenRewards.Positions.water": "Vízben",
    "HiddenRewards.Table.expires": "Lejár",
    "HiddenRewards.Table.position": "Pozíció",
    "HiddenRewards.Table.type": "Típus",
    "Kits.Sets.Abandoned_Asylum": "Elhagyatott elmegyógyintézet",
    "Kits.Sets.Altar_Garden": "Oltárkert",
    "Kits.Sets.Art_Exhibition": "Művészeti kiállítás",
    "Kits.Sets.Athlon_Abbey": "Athlon apátság",
    "Kits.Sets.Celtic_Forest_Set": "Kelta erdő",
    "Kits.Sets.Cherry_Garden_Set": "Cseresznyevirág szett",
    "Kits.Sets.Cider_Mill": "Almafeldolgozó",
    "Kits.Sets.Classical_Garden_Set": "Klasszikus kert szett",
    "Kits.Sets.Colossus": "Kolosszus",
    "Kits.Sets.Druid_Temple": "Druida templom",
    "Kits.Sets.Ferris_Wheel": "Óriáskerék",
    "Kits.Sets.FountainSet": "Szökőkút szett",
    "Kits.Sets.Golden_Crops": "Jutafarm",
    "Kits.Sets.Grand_Bridge": "Nagy híd",
    "Kits.Sets.Graveyard": "Temető",
    "Kits.Sets.Greater_Runestone": "Nagy méretű rúna",
    "Kits.Sets.Guard_Post": "Őrtorony",
    "Kits.Sets.Hall_of_Fame": "Hősök csarnoka",
    "Kits.Sets.Harvest_Farm_Set": "Mezőgazdasági farm",
    "Kits.Sets.Hippodrome": "Hippodrom",
    "Kits.Sets.Horror_Circus_Set": "Horror cirkusz",
    "Kits.Sets.Indian_Palace_Set": "Indiai palota szett",
    "Kits.Sets.Mountain_Reserve": "Hegyi rezervátum",
    "Kits.Sets.Obelisk": "Obeliszk",
    "Kits.Sets.Pagoda": "Pagoda",
    "Kits.Sets.Piazza_Set": "Piazza szett",
    "Kits.Sets.Pillar_of_Heroes": "Hősök oszlopa",
    "Kits.Sets.Pirate": "Kalózhajó",
    "Kits.Sets.Pirates_Hideout": "Kalóz rejtekhely",
    "Kits.Sets.Royal": "Királyi hajó",
    "Kits.Sets.September_Cottage": "Szeptemberi házikó",
    "Kits.Sets.Statue_of_Honor": "Becsület szobra",
    "Kits.Sets.Suishun_Mill": "Suishun malom",
    "Kits.Sets.Terracotta_Vineyard": "Terrakotta szőlőskert",
    "Kits.Sets.The_Crows_Nest": "Varjúfészek",
    "Kits.Sets.The_Ship": "Hajó készlet",
    "Kits.Sets.Tholos_of_Idols": "Bálványok tholosza",
    "Kits.Sets.Timeless_Dojo": "Időtlen dojo",
    "Kits.Sets.Trader": "Kereskedőhajó",
    "Kits.Sets.Winners_Plaza": "Győztesek tere",
    "Kits.Sets.Winter_Canal": "Téli csatorna",
    "Kits.Sets.Winter_Spire": "Téli torony",
    "Kits.Sets.Winter_Train": "Téli vonat",
    "Kits.Sets.Winter_Village_Set": "Téli falu",
    "Kits.Sets.Winterdeco_Set": "Téli dekorációs készlet",
    "Kits.Sets.Worlds_Fair": "Világkiállítás",
    "Local": "hu-HU",
    "Menu.Alerts.Desc": "Emlékeztetők kezelése",
    "Menu.Alerts.Title": "Riasztás",
    "Menu.Bluegalaxy.Desc": "Ez az eszköz segít megkeresni azokat az épületeket, amelyeket legjobban megéri duplázni a Kék galaxisoddal",
    "Menu.Bluegalaxy.Title": "Kék galaxis segítő",
    "Menu.BottomBar": "Lent",
    "Menu.Box": "Dobozban",
    "Menu.Calculator.Desc": "Kiszámítja az összes elérhető helyet és az ahhoz szükséges FP-t",
    "Menu.Calculator.Title": "Nevezetes számláló",
    "Menu.Calculator.Warning": "Kikapcsolva: Először nyisd meg egy másik játékos Nevezetes épületét!",
    "Menu.Campagne.Desc": "A szektor elfoglalásához szükséges erőforrások áttekintése.",
    "Menu.Campagne.Title": "Kontinenstérkép áttekintés",
    "Menu.Campagne.Warning": "Kikapcsolva: Először látogass el egy tartományra!",
    "Menu.Castle.Desc": "Megmutatja a kastélypont-szerzési lehetőségeket.",
    "Menu.Castle.Title": "Kastélyrendszer",
    "Menu.Citymap.Desc": "Megmutatja város tervrajzát",
    "Menu.Citymap.Title": "Város térkép",
    "Menu.Dropdown": "Legördülő listaként",
    "Menu.GexStat.Desc": "Megjeleníti a céhed céhexpediciós (CE) eredményeit.",
    "Menu.GexStat.Title": "CE eredmények",
    "Menu.Gildfight.Desc": "Megjeleníti a jelenlegi és a közelgő céh-csatatér csatákat",
    "Menu.Gildfight.Title": "Céh-csatatér",
    "Menu.Gildfight.Warning": "<em id='selectorCalc-Btn-closed' class='tooltip-error'>Kikapcsolva: Látogasd meg először a Céh-csatatér térképét!</em> ",
    "Menu.GuildMemberStat.Desc": "Céh tagok statisztikája",
    "Menu.GuildMemberStat.Title": "Céh tagok áttekintése",
    "Menu.GuildMemberStat.Warning": "A statisztika aktiválásához nyisd meg a céhtagok áttekintését a játékon belül",
    "Menu.HiddenRewards.Desc": "A rejtett jutalmak áttekintése",
    "Menu.HiddenRewards.Title": "Rejtett jutalmak",
    "Menu.Info.Desc": "Megmutatja mindazt, ami történik a \"háttérben\"<br><em>Információval töltődik fel ...</em>",
    "Menu.Info.Title": "Infó doboz",
    "Menu.Investment.Desc": "A legutóbbi Forge Pont befektetések listája",
    "Menu.Investment.Title": "FP Befektetések",
    "Menu.Kits.Desc": "Megmutatja a raktárban található szetteket, fejlesztő- és választókészleteket.",
    "Menu.Kits.Title": "Szettek, fejlesztő-és választókészletek",
    "Menu.Market.Desc": "A piacon elérhető ajánlatok megjelenítése és szűrése",
    "Menu.Market.Title": "Piaci szűrő",
    "Menu.Market.Warning": "Előbb nyisd meg a piacot",
    "Menu.Moppelhelper.Desc": "Megmutatja, hogy a barátaid, céhtársak és a szomszédok mikor motiválták/takarították ki legutoljára az épületeidet",
    "Menu.Moppelhelper.Title": "Motiválás/Kitakarítás segítő",
    "Menu.Negotiation.Desc": "Javaslatokat tesz a tárgyalásokra.",
    "Menu.Negotiation.Title": "Tárgyalás segítő",
    "Menu.Negotiation.Warning": "Kikapcsolva: Először kezdj meg egy tárgyalást!",
    "Menu.Notice.Desc": "Jegyezz fel bármit, amit nem akarsz elfelejteni.",
    "Menu.Notice.Title": "Jegyzetfüzet",
    "Menu.Notification.Position.bottom-center": "középen lent",
    "Menu.Notification.Position.bottom-left": "baloldalt középen",
    "Menu.Notification.Position.bottom-right": "jobboldalt lent",
    "Menu.Notification.Position.mid-center": "képernyő közepén",
    "Menu.Notification.Position.top-center": "középen fent",
    "Menu.Notification.Position.top-left": "baloldalt fent",
    "Menu.Notification.Position.top-right": "jobboldalt fent",
    "Menu.OutP.Desc": "Megmutatja a kulturális településedhez szükséges erőforrásokat.",
    "Menu.OutP.DescWarningBuildings": "<em id = 'outPW' class = 'tooltip-error'>Kikapcsolva: Először látogasd meg a települést!<br></em>Megjeleníti a településhez szükséges erőforrásokat (tételesen).",
    "Menu.OutP.DescWarningOutpostData": "<em id='outPW' class='tooltip-error'>Kikapcsolva: Indítson el egy kulturális települést és töltse be újra a játékot (F5)</em>",
    "Menu.OutP.Title": "Kulturális település áttekintés",
    "Menu.OwnpartCalculator.Desc": "Készítsen tervet a behelyezett FP-ről az első 5 hely biztosítására",
    "Menu.OwnpartCalculator.Title": "Saját nevezetes számláló",
    "Menu.OwnpartCalculator.Warning": "Kikapcsolva: Először nyisd meg az egyik nevezetes épületedet!",
    "Menu.Productions.Desc": "Megjeleníti az aktuális napi termelést.",
    "Menu.Productions.Title": "Termelés áttekintése",
    "Menu.ProductionsRating.Desc": "Olyan épületek keresése, melyek területenkénti erőforrástermelése kevesebb az elvártnál.",
    "Menu.ProductionsRating.Title": "Épülethatékonysági besorolás",
    "Menu.RightBar": "Jobb",
    "Menu.SaveMessage.Desc": "A menü új sorrendje elmentve",
    "Menu.SaveMessage.Title": "Elmentve!",
    "Menu.Settings.Desc": "FoE Helper beállításai",
    "Menu.Settings.Title": "Beállítások",
    "Menu.Stats.Desc": "Megjeleníti az áruk, egységek, jutalmak és a céh-csatatér statisztikáját",
    "Menu.Stats.Title": "Statisztika",
    "Menu.Technologies.Desc": "Kutatási költségek áttekintése és kiszámítása",
    "Menu.Technologies.Title": "Kutatás",
    "Menu.Technologies.Warning": "Kikapcsolva: Először nyissa meg a fejlesztési menüt (R)!",
    "Menu.Unit.Desc": "Az összes sereg",
    "Menu.Unit.Title": "Sereg",
    "Menu.Unit.Warning": "Kikapcsolva: Először nyisd meg a \"Hadsereg irányítása\" ablakot (U)!",
    "Menu.fpCollector.Desc": "Megjeleníti az összes összegyűjtött FP-t dátumra lebontva, típus és mennyiség szerint rendezve.",
    "Menu.fpCollector.Title": "FP Gyűjtés Áttekintése",
    "Menu.greatbuildings.Desc": "Melyik FP-t termelő Nevezetes Épülettel érdemes legközelebb szintet lépni?",
    "Menu.greatbuildings.Title": "Nevezetes befektetés",
    "Menu.unitsGex.Desc": "???",
    "Menu.unitsGex.Title": "???",
    "Quests.CounterTooltip.Content": "Naponta legfeljebb 2000 küldetést lehet elutasítani.",
    "Settings.About.Desc": "A FoE Helper egy ingyenes böngészőbővítmény a Forge of Empires számára, amelyet játékosok fejlesztettek ki a játékosok számára. Az eszköz nem áll kapcsolatban az InnoGames céggel.",
    "Settings.About.RatingDesc": "Ha tetszik, amit látsz és amit csinálunk, akkor kérlek adj jó értékelést a Webáruházban!",
    "Settings.About.RatingTitle": "Értékeld a bővítményt",
    "Settings.About.Title": "A FoE Helper-ről",
    "Settings.About.TranslateDesc": "Segíts lefordítani a FoE Helper bővítményt, azáltal hogy regisztrálsz a fordító eszközünkön: ",
    "Settings.About.TranslateTitle": "Fordítás",
    "Settings.AutoOpenCloseBox.Desc": "A játék kezdete után automatikusan nyissa ki az \"Minden ablak bezárása\" dobozt?",
    "Settings.AutoOpenCloseBox.Title": "\"Minden ablak bezárása\" doboz automatikus kinyitása",
    "Settings.AutoOpenInfoBox.Desc": "Amikor a játék betöltődik, akkor az Infó doboz megnyíljon automatikusan?",
    "Settings.AutoOpenInfoBox.Title": "Az Infó doboz automatikus megnyitása",
    "Settings.AutomaticNegotiation.Desc": "Az asszisztens automatikusan megnyíljon tárgyalás indításakor, és bezáruljon, ha visszavonják? Csatatéren nem elérhető.",
    "Settings.AutomaticNegotiation.Title": "Tárgyalási segítő",
    "Settings.ChangeLanguage.Desc": "A legördülő menüből válaszd ki a kívánt nyelvet",
    "Settings.ChangeLanguage.Title": "Nyelvváltó",
    "Settings.EnableSound.Desc": "Hangok engedélyezése a bővítményben.",
    "Settings.EnableSound.Title": "Hang engedélyezése",
    "Settings.Entry.About": "Rólunk",
    "Settings.Entry.AutoOpenCloseBox": "Minden ablak bezárása",
    "Settings.Entry.AutoOpenInfoBox": "Infó doboz",
    "Settings.Entry.AutomaticNegotiation": "Tárgyalás segítő",
    "Settings.Entry.ChangeLanguage": "Nyelv",
    "Settings.Entry.EnableSound": "Hang engedélyezése",
    "Settings.Entry.ExportSettings": "Import / Export",
    "Settings.Entry.GlobalSend": "Feltöltés",
    "Settings.Entry.Help": "Segítség",
    "Settings.Entry.HideHelperDuringBattle": "A segítő elrejtése csata közben",
    "Settings.Entry.InfoboxEntryCount": "Infó doboz elemszám",
    "Settings.Entry.MenuContent": "Menü Tartalma",
    "Settings.Entry.MenuLength": "Menü hossza",
    "Settings.Entry.NotificationsPosition": "Értesítések pozíciója",
    "Settings.Entry.NotificationsStack": "Értesítések száma",
    "Settings.Entry.ResetBoxPositions": "Doboz koordináták",
    "Settings.Entry.SelectedMenu": "Menü pozíciója",
    "Settings.Entry.Show2kQuestMark": "2k küldetés",
    "Settings.Entry.ShowBlueGalaxyHelper": "A Kék galaxis",
    "Settings.Entry.ShowEventChest": "Esemény láda",
    "Settings.Entry.ShowGuildTreasuryLogExport": "Céhkincstár-export napló",
    "Settings.Entry.ShowInvestments": "FP befektetési összesítő",
    "Settings.Entry.ShowMapTradeWarning": "Egyezkedés blokkoló",
    "Settings.Entry.ShowMarketFilter": "Piaci szűrő",
    "Settings.Entry.ShowNotifications": "Értesítések",
    "Settings.Entry.ShowOwnPartOnAllGBs": "Nevezetes kalkulátor",
    "Settings.Entry.ShowPlayerLinks": "Játékoslink",
    "Settings.Entry.ShowPlayersMotivation": "Motivációs tevékenységek",
    "Settings.Entry.ShowRougeUnitWarning": "Csata Asszisztens/Zsivány Figyelmeztetés",
    "Settings.Entry.Version": "Verzió",
    "Settings.ExportImport.Error": "Ez egy nem érvényes beállítás-fájl!",
    "Settings.ExportImport.Reload": "A játék most újratöltődik az importált beállításokkal.",
    "Settings.ExportSettings.Desc": "Beállítások mentése és visszaállítása",
    "Settings.ExportSettings.OpenImportExportTool": "Export/Import eszköz megnyitása",
    "Settings.ExportSettings.Title": "Mentés és visszaállítás",
    "Settings.GlobalSend.Desc": "Ha szeretnéd nyomon követni az adatokat a céhedben, akkor aktiváld ezt a pontot. <br> Ha önálló bővítményt szeretnél, akkor egyszerűen tiltsd le, és nem kerülnek feltöltésre adatok.",
    "Settings.GlobalSend.Title": "Átvitel a foe-helper.com -re",
    "Settings.Help.Desc": "Számos módja van, hogy támogatást kapj:",
    "Settings.Help.Discord": "Discord: Csatlakozz a szerverünkhöz egy általános beszélgetésehez a bővítményről, chat és támogatás.",
    "Settings.Help.Forums": "Fórum: látogass el ide támogatásért, valamint ötletek és hibajelentések benyújtásáért.",
    "Settings.Help.Github": "GitHub: további technikai hibajelentések, konkrét ötletek és a fejlesztésben való részvétel.",
    "Settings.Help.Title": "Súgó és közösség",
    "Settings.Help.Website": "Weboldal: információk és dokumentáció a bővítményről és annak funkcióiról.",
    "Settings.HideHelperDuringBattle.Desc": "Ha kézi csata közben a Segítő doboz útban van, akkor ez az opció elrejti a dobozt a csata végéig. Csak a 'Dobozként' beállított segítővel működik.",
    "Settings.HideHelperDuringBattle.Title": "A segítő elrejtése csata közben",
    "Settings.InfoboxEntryCount.Desc": "Hány elemet jelenítsen meg és mentsen el az Infó doboz?<br>Üres vagy \"0\" végtelent jelent.",
    "Settings.InfoboxEntryCount.Title": "Infó doboz elemeinek a száma",
    "Settings.MenuContent.Desc": "Mely gombokat szeretnéd használni a menüben? <br>Zöld: gomb megjelenítése.<br>Piros: gomb elrejtése.",
    "Settings.MenuContent.Title": "Menü tartalma",
    "Settings.MenuLength.Desc": "Hány elem legyen a menüben?<br> Üresen hagyás vagy \"0\" automatikus magasságot jelent.",
    "Settings.MenuLength.Title": "Menü hossza",
    "Settings.NotificationPosition.ToastTestBody": "Ezt a pozíciót választottad. <br> A következő pozíció tesztelése előtt várd meg, amíg ez az üzenet eltűnik.",
    "Settings.NotificationPosition.ToastTestHeader": "Értesítés előnézete",
    "Settings.NotificationsPosition.Desc": "Hol szeretnéd megjeleníteni az értesítéseket a képernyőn?",
    "Settings.NotificationsPosition.Title": "Értesítések pozíciója",
    "Settings.NotificationsStack.Desc": "Hány értesítési üzenetet szeretne látni egyszerre? Az alapértelmezett érték maximum 4.",
    "Settings.NotificationsStack.Title": "Értesítések száma",
    "Settings.ResetBoxPositions.Button": "Töröl!",
    "Settings.ResetBoxPositions.Desc": "Minden doboz koordinátáját vissza kell állítani?",
    "Settings.ResetBoxPositions.Title": "Doboz koordinátái",
    "Settings.SelectedMenu.Desc": "Válaszd ki a menü kívánt helyzetét a legördülő listából (a játék automatikusan újratöltődik)",
    "Settings.SelectedMenu.Title": "Menü pozíciójának megváltoztatása",
    "Settings.Show2kQuestMark.Desc": "Címke feltüntetése egy kis számlálóval, ami megmutatja hogy hány küldetést utasíthatsz még el.",
    "Settings.Show2kQuestMark.Title": "2000 küldetés feltüntetése",
    "Settings.ShowBlueGalaxyHelper.Desc": "Megjelenít egy eszközt, amely további épületeket javasol begyűjtésre a Kék Galaxis begyűjtése után",
    "Settings.ShowBlueGalaxyHelper.Title": "A Kék Galaxis segítő megjelenítése",
    "Settings.ShowEventChest.Desc": "Megjeleníti az esemény nyereményeinek esély összesítő ablakát",
    "Settings.ShowEventChest.Title": "Esemény láda ablak megjelenítése",
    "Settings.ShowGuildTreasuryLogExport.Desc": "Megjeleníti a Céhkincstár-export napló eszközt, ha megnyitod a Céhes hozzájárulások ablakát",
    "Settings.ShowGuildTreasuryLogExport.Title": "Mutasd a Céhkincstár-export naplózó eszközt",
    "Settings.ShowInvestments.Desc": "A \"Forge Pont befektetés összesítő\" ablak megjelenítése, a \"Városháza → Hírek → Nevezetes épületek\" megnyitásakor.",
    "Settings.ShowInvestments.Title": "FP befektetés összesítő megnyitása",
    "Settings.ShowMapTradeWarning.Desc": "Megjelenít egy ablakot, amely lefedi a tartományok \"Egyezkedj!\" gombját, megakadályozva a véletlen kattintást ",
    "Settings.ShowMapTradeWarning.Title": "Egyezkedés blokkoló",
    "Settings.ShowMarketFilter.Desc": "Megjeleníti a piaci ajánlatokat szűrő eszközt, ha a Piactér ablak megnyílik.",
    "Settings.ShowMarketFilter.Title": "Piaci szűrő eszköz megjelenítése",
    "Settings.ShowNotifications.Desc": "A bővítmény különféle helyeken használ értesítéseket. Ezeket itt be- vagy kikapcsolhatja.",
    "Settings.ShowNotifications.Title": "Értesítések",
    "Settings.ShowOwnPartOnAllGBs.Desc": "\"Saját nevezetes számláló\" megnyitása más játékosok Nevezetes Épületeihez",
    "Settings.ShowOwnPartOnAllGBs.Title": "Saját nevezetes számláló minden nevezetes épülethez",
    "Settings.ShowPlayerLinks.Desc": "Összes játékos nevének átírása a ScoreDB játékosprofilra mutató linkre",
    "Settings.ShowPlayerLinks.Title": "Játékosok linkjének használata",
    "Settings.ShowPlayersMotivation.Desc": "Az események megnyitásakor átküldje a motivációs tevékenységeket?<br><br><em>Változtatás esetén a játék újratöltése szükséges</em>",
    "Settings.ShowPlayersMotivation.Title": "Motivációs tevékenységek",
    "Settings.ShowRougeUnitWarning.Desc": "Ha csak zsiványok maradtak az első hullám után, egy ablakkal kitakarja az \"Auto. csata\" és a \"Támadás\" gombokat.<br>Ha következő kori egységek haltak meg a csatában, ez az ablak lehetőséget ad, hogy gyémántért meggyógyítsd őket.",
    "Settings.ShowRougeUnitWarning.Title": "Harci segítő megjelenítése",
    "Settings.Tab.About": "Rólunk",
    "Settings.Tab.Boxes": "Ablakok",
    "Settings.Tab.Extension": "Általános",
    "Settings.Tab.Sending": "Adatok küldése",
    "Settings.Version.Desc": "Az adatok lent másoláshoz kijelölhetőek.",
    "Settings.Version.GuildId": "Céh-ID:",
    "Settings.Version.Link": "<a target='_blank' href='https://foe-helper.com/extension/update?v=__version__&lang=en'  class='game-cursor'>Változásnapló</a>",
    "Settings.Version.PlayerId": "Játékos-ID:",
    "Settings.Version.Title": "Verzió",
    "Settings.Version.World": "Világ:",
    "StrategyPoints.BuyableFP": "Érmékért megvásárolható FP-k száma.",
    "_Language": "Magyar"
}
