﻿{
    "Boxes.Alerts.Form.Antiques.Auction": "Asta",
    "Boxes.Alerts.Form.Antiques.Cooldown": "Conto alla rovescia dell'asta",
    "Boxes.Alerts.Form.Antiques.Dealer": "Rivenditore di oggetti d'antiquariato",
    "Boxes.Alerts.Form.Antiques.Exchange": "Scambi giornalieri",
    "Boxes.Alerts.Form.Battleground": "Province dei Campi di battaglia",
    "Boxes.Alerts.Form.Body": "Corpo",
    "Boxes.Alerts.Form.Create": "Crea",
    "Boxes.Alerts.Form.CreateAlert": "Crea Avviso",
    "Boxes.Alerts.Form.CreateAllSectors": "Crea per tutti i settori",
    "Boxes.Alerts.Form.CreateNewAlert": "Crea nuovo Avviso",
    "Boxes.Alerts.Form.Datetime": "Data &amp; Ora",
    "Boxes.Alerts.Form.Delete": "Cancella",
    "Boxes.Alerts.Form.Discard": "Annulla",
    "Boxes.Alerts.Form.Edit": "Modifica",
    "Boxes.Alerts.Form.EditAlert": "Modifica Avviso",
    "Boxes.Alerts.Form.Expiration": "Apertura in",
    "Boxes.Alerts.Form.Expired": "Scaduto",
    "Boxes.Alerts.Form.Expires": "Scade",
    "Boxes.Alerts.Form.Neighborhood": "Vicinato",
    "Boxes.Alerts.Form.Persistence": "Perenne",
    "Boxes.Alerts.Form.Persistence.Description": "L'avviso deve rimanere aperto fino a quando l'utente non chiude o fa clic sulla notifica?",
    "Boxes.Alerts.Form.Persistence.Off": "Off",
    "Boxes.Alerts.Form.Persistence.On": "On",
    "Boxes.Alerts.Form.Persistent": "Perenne",
    "Boxes.Alerts.Form.Preset.Now": "Ora",
    "Boxes.Alerts.Form.Presets": "Preimpostazioni",
    "Boxes.Alerts.Form.Preview": "Anteprima",
    "Boxes.Alerts.Form.Repeat": "Ripeti",
    "Boxes.Alerts.Form.Repeat.Every": "oppure ogni",
    "Boxes.Alerts.Form.Repeat.Never": "mai",
    "Boxes.Alerts.Form.Save": "Salva",
    "Boxes.Alerts.Form.Tag": "Tag",
    "Boxes.Alerts.Form.Tag.Description": "I tag possono essere utilizzati per raggruppare gli Allarmi (una nuova notifica con un determinato tag sostituirà una notifica precedente con lo stesso tag).",
    "Boxes.Alerts.Form.Title": "Titolo",
    "Boxes.Alerts.Preferences.Auction.Info": "Crea automaticamente un nuovo avviso quando faccio un'offerta nell'asta di antiquariato.",
    "Boxes.Alerts.Preferences.Auction.Title": "Asta di antiquariato",
    "Boxes.Alerts.Preferences.Battlegrounds.Info": "Invia un Allarme istantaneo quando c'è un'attività elevata in GBG (ad esempio, 10 combattimenti in un singolo settore entro 5 secondi). Tieni presente che questa funzione funziona solo quando viene aperta la finestra di gioco di GBG!",
    "Boxes.Alerts.Preferences.Battlegrounds.Title": "Tracciatore Campi di battaglia di gilda",
    "Boxes.Alerts.Preferences.ComingSoon": "In arrivo…  ",
    "Boxes.Alerts.Preferences.Early.Info": "I tempi di avviso generati automaticamente (rivenditore di oggetti d'antiquariato, campi di battaglia di gilda ecc.) utilizzeranno questo offset per inviare l'avviso prima che l'evento si verifichi effettivamente. Ad esempio, impostando questo valore su 30 (secondi), gli avvisi dell'asta verranno visualizzati 30 secondi prima che l'asta finisca!",
    "Boxes.Alerts.Preferences.Early.Title": "Offset notifica anticipata",
    "Boxes.Alerts.Preferences.InGame.Info": "Mostra la notifica in gioco invece della notifica Desktop nativa quando la finestra di gioco è in primo piano",
    "Boxes.Alerts.Preferences.InGame.Title": "Notifice in Gioco",
    "Boxes.Alerts.Preferences.MenuIcon.Info": "Mostra il conto alla rovescia dell'avviso successivo in sovrapposizione all'icona del menu principale",
    "Boxes.Alerts.Preferences.MenuIcon.Title": "Conto alla rovescia menu principale",
    "Boxes.Alerts.Preferences.Start.Info": "Visualizza un elenco di avvisi scaduti mentre eri offline (poiché la finestra di gioco è stata chiusa)",
    "Boxes.Alerts.Preferences.Start.Title": "Riepilogo avvisi scaduti all'avvio",
    "Boxes.Alerts.Preferences.Suggestions.Info": "Mostra i suggerimenti di avviso (ad esempio, quando fai clic su un settore dei campi di battaglia o raccogli una produzione di un edificio)",
    "Boxes.Alerts.Preferences.Suggestions.Title": "Suggerimenti di avviso",
    "Boxes.Alerts.Tabs.Alerts": "Avvisi",
    "Boxes.Alerts.Tabs.Preferences": "Preferenze",
    "Boxes.Alerts.Time.15m": "15m",
    "Boxes.Alerts.Time.1d": "1d",
    "Boxes.Alerts.Time.1h": "1h",
    "Boxes.Alerts.Time.1m": "1m",
    "Boxes.Alerts.Time.4h": "4h",
    "Boxes.Alerts.Time.5m": "5m",
    "Boxes.Alerts.Time.8h": "8h",
    "Boxes.BattleAssist.Text.NextEra": "Hai perso un'unità dell'era superiore (superiore all'era attuale). Tuttavia hai ancora la possibilità di curarli con i diamanti!",
    "Boxes.BattleAssist.Text.Rogue": "nel tuo esercito sono rimasti solo Furfanti.  Cura le unità usando diamanti o ritirati!",
    "Boxes.BattleAssist.Title": "Attenzione!",
    "Boxes.BlueGalaxy.Building": "edificio",
    "Boxes.BlueGalaxy.Done": "Fatto",
    "Boxes.BlueGalaxy.DoneIn": "Fatto in",
    "Boxes.BlueGalaxy.DoneProductionsTitle": "Consiglio: prendi questi edifici",
    "Boxes.BlueGalaxy.EstimatedBonus": "Bonus stimato: __FP__ PF e __Goods__ beni",
    "Boxes.BlueGalaxy.FP": "PF",
    "Boxes.BlueGalaxy.Goods": "Beni",
    "Boxes.BlueGalaxy.GoodsPerFP": "1 PF = __goods__ beni",
    "Boxes.BlueGalaxy.GoodsValue": "Valutazione di 1 bene (in PF)",
    "Boxes.BlueGalaxy.NoChargesLeft": "Nessun tentativo di negoziazione rimasto!",
    "Boxes.BlueGalaxy.NoProductionsDone": "Non ci sono altre produzioni di PF completate",
    "Boxes.BlueGalaxy.TTGoodsValue": "Questo valore è usato per valutare la produzione di beni delle costruzioni. Quanti PF sono una buona produzione per te?",
    "Boxes.BlueGalaxy.Title": "Helper Blue Galaxy",
    "Boxes.BonusService.aid_goods": "Quantità di assisti rimasti dalla Torre della Tregua",
    "Boxes.BonusService.diplomatic_gifts": "Numero di tentativi rimasti per i regali diplomatici",
    "Boxes.BonusService.donequests": "Mostra le missioni finite",
    "Boxes.BonusService.first_strike": "Numero di tentativi rimasti per il primo colpo",
    "Boxes.BonusService.missile_launch": "Numero di tentativi per il lancio di missili rimasti",
    "Boxes.BonusService.spoils_of_war": "Numero di tentativi per Bottino di guerra rimasto",
    "Boxes.Calculator.ActiveRecurringQuest": "Missione ricorrente attiva:",
    "Boxes.Calculator.ArkBonus": "Bonus Arc attuale",
    "Boxes.Calculator.AvailableFP": "PF disponibili in magazzino",
    "Boxes.Calculator.BPs": "Progetti",
    "Boxes.Calculator.Commitment": "Costi",
    "Boxes.Calculator.Done": "Versato",
    "Boxes.Calculator.FP": "PF",
    "Boxes.Calculator.FriendlyInvestment": "Investimento:",
    "Boxes.Calculator.HelpLink": "https://foe-helper.com/docs/en/cost-calculator/",
    "Boxes.Calculator.LGNotConnected": "L'edificio non è collegato ad una strada.",
    "Boxes.Calculator.LGNotOpen": "Il livello successivo è attualmente BLOCCATO.",
    "Boxes.Calculator.LevelWarning": "ATTENZIONE! Il GE avanzerà di livello!",
    "Boxes.Calculator.MaxLevel": "Massimo livello",
    "Boxes.Calculator.Meds": "Medaglie",
    "Boxes.Calculator.Profit": "Profitto",
    "Boxes.Calculator.Settings.Save": "Salva",
    "Boxes.Calculator.Settings.newValue": "Nuovo valore",
    "Boxes.Calculator.Step": "Step ",
    "Boxes.Calculator.TTForderCosts": "Costi = __nettoreward__ <small> (Ricompensa Netta) </small> * __forderfactor__% <small> (Investimento) </small> = __costs__",
    "Boxes.Calculator.TTForderFPStockLow": "ATTENZIONE: Non hai abbastanza PF!<br>Hai solo __fpstock__ su __costs__PF<br>__tooless__PF in meno",
    "Boxes.Calculator.TTForderNegativeProfit": "Il posto non è sicuro. __fpcount__ PF aggiuntivi devono essere investiti per renderlo sicuro <br> Per rendere il luogo sicuro complessivamente: __totalfp__PF",
    "Boxes.Calculator.TTLevelWarning": "__fpcount__FP in più!<br>Investimento massimo: __totalfp__PF",
    "Boxes.Calculator.TTLoss": "Ricompensa = __nettoreward__ <small>(Ricompensa Netta)</small> * __arcfactor__% <small>(Bonus Arc)</small> = __bruttoreward__<br>Costo: __costs__ - Posizione bloccata: __safe__<br>Perdita = __costs__ <small>(Costo)</small> - __bruttoreward__ <small>(Ricompensa)</small> = __loss__",
    "Boxes.Calculator.TTLossSelf": "Ricompensa = __nettoreward__ <small> (Ricompensa Netta) </small> * __arcfactor__% <small> (Bonus Arc) </small> = __bruttoreward__ <br> Pagato: __paid__ <br> Perdita = __paid__ <small> (pagato) </small> - __bruttoreward__ <small> (Ricompensa) </small> = __loss__",
    "Boxes.Calculator.TTPaidTooLess": "Hai pagato __paid__PF anziché __topay__PF. __tooless__PF in meno.",
    "Boxes.Calculator.TTPaidTooMuch": "Hai pagato __paid__PF invece di __topay__PF. __toomuch__PF in più.",
    "Boxes.Calculator.TTProfit": "Ricompensa = __nettoreward__ <small>(Ricompensa Netta)</small> * __arcfactor__% <small>(Bonus Arc)</small> = __bruttoreward__<br>Costo: __costs__ - Posizione bloccata: __safe__<br>Profitto = __bruttoreward__ <small>(Ricompensa)</small> - __costs__ <small>(Costo)</small> = __profit__",
    "Boxes.Calculator.TTProfitSelf": "Ricompensa = __nettoreward__ <small> (Ricompensa Netta) </small> * __arcfactor__% <small> (Bonus Arc) </small> = __bruttoreward__ <br> Pagato: __paid__ <br> Profitto = __bruttoreward__ <small> (Ricompensa) </small> - __paid__ <small> (Pagato) </small> = __profit__",
    "Boxes.Calculator.Title": "Calcolatore dei costi",
    "Boxes.Calculator.Up2LevelUp": "Fino al livello successivo",
    "Boxes.Campagne.AlreadyDone": " Già conquistato! Ben fatto :)",
    "Boxes.Campagne.DescInStock": "Disponibile",
    "Boxes.Campagne.DescRequired": "Richiesto",
    "Boxes.Campagne.DescStillMissing": "<span style = 'color: # 29b206'> Eccesso </span> / <span style='color:#ff4040'>Manca</span>",
    "Boxes.Campagne.Resource": "Risorsa",
    "Boxes.Campagne.Reward": "Ricompense ",
    "Boxes.Campagne.Title": "Costo settore ",
    "Boxes.Castle.AntiqueDealer": "Antiquario",
    "Boxes.Castle.AuctionsWon": "Aste vinte",
    "Boxes.Castle.Battle": "Battaglia",
    "Boxes.Castle.Battles": "Battaglie",
    "Boxes.Castle.CastlePoints": "Punti Castello",
    "Boxes.Castle.Challenge": "Sfida",
    "Boxes.Castle.Daily": "Quotidiana",
    "Boxes.Castle.DailyCastlePoints": "Punti Castello giornalieri",
    "Boxes.Castle.DailyChallenge": "Sfida Quotidiana",
    "Boxes.Castle.Days": "giorni",
    "Boxes.Castle.Gex": "SDG",
    "Boxes.Castle.GexLastOfSections": "SDG Incontri principali",
    "Boxes.Castle.Level": "Livello",
    "Boxes.Castle.LogDuration": "Durata del Log",
    "Boxes.Castle.Negotiation": "Negoziazione",
    "Boxes.Castle.Negotiations": "Negoziazioni",
    "Boxes.Castle.Overview": "Panoramica",
    "Boxes.Castle.Progress": "Progresso",
    "Boxes.Castle.SevenDayChallenge": "Sfida di 7 giorni",
    "Boxes.Castle.ShopAntiqueDealer": "Negozio antiquario",
    "Boxes.Castle.ShowGroupNames": "mostra i nomi dei gruppi",
    "Boxes.Castle.Time": "Ora",
    "Boxes.Castle.Title": "Sistema Castello",
    "Boxes.Castle.Type": "Tipo",
    "Boxes.Castle.Unknown": "Sconosciuto",
    "Boxes.Castle.VisitAntiqueDealerWarning": "Apri l'antiquario per aggiornare i dati.",
    "Boxes.Castle.VisitCastleWarning": "Apri la panoramica del castello per aggiornare i dati.",
    "Boxes.Castle.VisitGexWarning": "Apri la panoramica di Sdg per aggiornare i dati.",
    "Boxes.CityMap.CavalierPerspecitve": "Vista laterale",
    "Boxes.CityMap.CopyMetaInfos": "Copia i dati della citymap",
    "Boxes.CityMap.Desc1": "Per pianificare la tua città, dobbiamo inviare i tuoi dati a foe-helper.com. Puoi quindi sfogarti lì. <br>Se non hai ancora un account, i tuoi dati di base verranno inviati insieme a questa trasmissione. È quindi possibile registrare il proprio account sul sito web.",
    "Boxes.CityMap.FreeArea": "Area libera: ",
    "Boxes.CityMap.HighlightOldBuildings": "Evidenzia costruzioni dell'Era più antica",
    "Boxes.CityMap.NormalPerspecitve": "Vista dall'alto",
    "Boxes.CityMap.OlderThan1Era": " è 1 era indietro",
    "Boxes.CityMap.OlderThan2Era": " sono 2 ere indietro",
    "Boxes.CityMap.OlderThan3Era": " sono 3 ere indietro",
    "Boxes.CityMap.OlderThan4Era": " sono 4 + ere indietro",
    "Boxes.CityMap.ShowSubmitBox": "Mostra casella di invio dati",
    "Boxes.CityMap.Submit": "Invia",
    "Boxes.CityMap.SubmitError": "I dati della tua città non potevano essere inviati al server. Per favore, fai notare questo errore direttamente a ",
    "Boxes.CityMap.SubmitErrorHeader": "È avvenuto un errore",
    "Boxes.CityMap.SubmitSuccess": "I dati sono stati trasferiti correttamente…  Ora visita ",
    "Boxes.CityMap.SubmitSuccessHeader": "Trasmesso",
    "Boxes.CityMap.TitleSend": "Invia dati",
    "Boxes.CityMap.ToastBodyCopyData": "I dati della tua città sono nella clipboard",
    "Boxes.CityMap.ToastHeadCopyData": "Copiati!",
    "Boxes.CityMap.WholeArea": "L'intera area: ",
    "Boxes.CityMap.YourCity": "La tua città",
    "Boxes.CityMap.clan_power_production": "Capacità produttiva della Gilda",
    "Boxes.CityMap.culture": "Costruzioni culturali",
    "Boxes.CityMap.decoration": "Decorazioni",
    "Boxes.CityMap.goods": "Costruzioni di produzione beni",
    "Boxes.CityMap.greatbuilding": "Grandi Edifici",
    "Boxes.CityMap.main_building": "Municipio",
    "Boxes.CityMap.military": "Costruzioni militari",
    "Boxes.CityMap.production": "Costruzioni produttive",
    "Boxes.CityMap.random_production": "Produzioni casuali",
    "Boxes.CityMap.residential": "Costruzioni residenziali",
    "Boxes.CityMap.street": "Strade",
    "Boxes.CityMap.tower": "Torri",
    "Boxes.Citymap.Efficiency": "Efficienza",
    "Boxes.CloseBox.AutoHideOnBattle": "Nascondi automaticamente tutto in battaglia",
    "Boxes.CloseBox.Automation": "Automazione",
    "Boxes.CloseBox.BoxAlignment": "Allineamento Box",
    "Boxes.CloseBox.ButtonSize": "Dimensione del bottone",
    "Boxes.CloseBox.CloseAllButton": "Chiudi tutti i Pulsanti",
    "Boxes.CloseBox.ExcludeFromClosing": "Escludi dalla chiusura",
    "Boxes.CloseBox.HideAllButton": "Pulsante Nascondi tutto",
    "Boxes.CloseBox.Horizontal": "orizzontale",
    "Boxes.CloseBox.Title": "Titolo",
    "Boxes.CloseBox.Vertical": "verticale",
    "Boxes.CloseBox.View": "mostra",
    "Boxes.DBExport.Compression": "compressione",
    "Boxes.DBExport.Description": "Descrizione",
    "Boxes.DBExport.Export": "Esportare",
    "Boxes.DBExport.ExportData": "esportare dati",
    "Boxes.DBExport.Import": "Importare",
    "Boxes.DBExport.ImportDescription": "Fare clic qui o trascinare un file JSON/archivio Zip esportato in questo campo per importare i dati.",
    "Boxes.DBExport.ImportFileError": "Questo file non può essere elaborato o non è nel formato corretto.",
    "Boxes.DBExport.ImportPartlySuccessful": "L'importazione è stata completata con errori. Ricarica il gioco.",
    "Boxes.DBExport.ImportSuccessful": "L'importazione è stata completata con successo. Ricarica il gioco.",
    "Boxes.DBExport.LocalSettings": "Impostazioni locali",
    "Boxes.DBExport.ReloadPage": "Ricarica la pagina",
    "Boxes.DBExport.Tables": "Tabelle",
    "Boxes.DBExport.Title": "Strumento di esportazione/importazione dati",
    "Boxes.DBExport.Type": "Tipo",
    "Boxes.DBExport.WrongDBPlayerID": "L'ID giocatore del DB da importare non corrisponde al profilo corrente.",
    "Boxes.DBExport.WrongDBWorld": "Il mondo del DB da importare non corrisponde al account corrente.",
    "Boxes.EventChests.Chance": "Chance",
    "Boxes.EventChests.Cost": "Costi",
    "Boxes.EventChests.CostPerPrize": "Costo/Premio",
    "Boxes.EventChests.CostPerStep": "Costo/Step",
    "Boxes.EventChests.MainPrize": "Premio principale",
    "Boxes.EventChests.MainPrizeTitle": "Speciale giornaliero: ",
    "Boxes.EventChests.Steps": "Steps",
    "Boxes.EventChests.Title": "Aiuto scelte degli eventi",
    "Boxes.FPCollector.Guildexpedition": "Spedizione di Gilda",
    "Boxes.FPCollector.Guildfights": "Campi di Battaglia",
    "Boxes.FPCollector.Mainmap": "Mappa",
    "Boxes.FPCollector.NoEntriesFound": "Nessun elemento trovato…",
    "Boxes.FPCollector.TotalFP": "PF raccolti in totale:",
    "Boxes.FPCollector.What": "Cosa?",
    "Boxes.FPCollector.Where": "Dove?",
    "Boxes.FPCollector.Who": "Chi?",
    "Boxes.FPCollector.antiquesDealer": "Antiquario",
    "Boxes.FPCollector.archeologyEvent": "Vaso Eventi Archeologico",
    "Boxes.FPCollector.archeologyEventAutoCollect": "Vaso Evento Archeologico",
    "Boxes.FPCollector.battlegrounds_conquest": "Campi di Battaglia (dopo negoziazioni o combattimenti)",
    "Boxes.FPCollector.card_duel": "Coppa di calcio - Duello di carte",
    "Boxes.FPCollector.chest": "Premi GE",
    "Boxes.FPCollector.chestEvent": "Premi evento",
    "Boxes.FPCollector.chestEventGrandPrize": "Risultato lega dell'evento",
    "Boxes.FPCollector.collectReward": "Premi",
    "Boxes.FPCollector.dailyChallenges": "Sfida Giornaliera",
    "Boxes.FPCollector.diplomaticGifts": "Regalo Diplomatico",
    "Boxes.FPCollector.double_collection": "Blue Galaxy (x2)",
    "Boxes.FPCollector.guildExpedition": "GE Reliquia",
    "Boxes.FPCollector.halloweenEvent": "Evento di Halloween",
    "Boxes.FPCollector.halloweenEventAutoCollect": "Evento di Halloween - Zucca",
    "Boxes.FPCollector.hiddenReward": "Ricompensa Nascosta",
    "Boxes.FPCollector.leagueReward": "Premio Lega",
    "Boxes.FPCollector.pickupProduction": "Collezione di edifici urbani",
    "Boxes.FPCollector.plunderReward": "Ricompensa del saccheggio",
    "Boxes.FPCollector.pvp_arena": "PVP Arena",
    "Boxes.FPCollector.reward_calendar": "Evento - Calendario",
    "Boxes.FPCollector.satDown": "Visite Taverna",
    "Boxes.FPCollector.spoilsOfWar": "Ricompense Castello Himeji",
    "Boxes.FPCollector.st_patricks_event_grand_prize": "Giorno di San Patrizio - Gran Premio",
    "Boxes.FPCollector.st_patricks_task_reward": "Giorno di San Patrizio -Ricompensa attività",
    "Boxes.FPCollector.summerEvent": "Evento Estivo",
    "Boxes.FPCollector.wildlife_event": "Evento della fauna selvatica",
    "Boxes.FPCollector.winterEvent": "Evento Invernale",
    "Boxes.FPCollector.winterEventGrandPrize": "Evento invernale - Gran Premio",
    "Boxes.General.Export": "Esporta",
    "Boxes.General.ExportCSV": "Esporta in CSV",
    "Boxes.General.ExportJSON": "Esporta in jSON",
    "Boxes.General.Save": "Salva",
    "Boxes.GexStat.CompareLast": "confronta ultimo",
    "Boxes.GexStat.Course": "Corso",
    "Boxes.GexStat.DeleteDataOlderThan": "eliminare i dati più vecchi di",
    "Boxes.GexStat.Encounters": "Incontri",
    "Boxes.GexStat.ExportLast": "esportazione ultimo",
    "Boxes.GexStat.General": "Generale",
    "Boxes.GexStat.Level": "livello",
    "Boxes.GexStat.Member": "membro",
    "Boxes.GexStat.MemberParticipation": "Partecipazione membri",
    "Boxes.GexStat.Never": "mai",
    "Boxes.GexStat.Participant": "Partecipante",
    "Boxes.GexStat.ParticipationNoData": "Nessun dato disponibile!<br />Visita la pagina dei contributi alla spedizione di gilda nella panoramica della spedizione di gilda per aggiornare i dati.",
    "Boxes.GexStat.Player": "Giocatore",
    "Boxes.GexStat.Points": "Punti",
    "Boxes.GexStat.Rank": "Grado",
    "Boxes.GexStat.Ranking": "Classifica",
    "Boxes.GexStat.ResultsNoData": "Nessun dato disponibile!<br />Visita la pagina dei risultati della panoramica GEX per aggiornare i dati.",
    "Boxes.GexStat.Rounds": "incontri",
    "Boxes.GexStat.Save": "Salva",
    "Boxes.GexStat.Title": "Statistica GEX",
    "Boxes.GexStat.Week": "settimana",
    "Boxes.GexStat.Weeks": "settimane",
    "Boxes.GreatBuildings.ArcBonus": "Investimento amichevole",
    "Boxes.GreatBuildings.Attack": "% Attacco",
    "Boxes.GreatBuildings.AttackPerFP": "1 PF equivale al __percent__% di bonus per l'esercito che attacca",
    "Boxes.GreatBuildings.AttackValue": "Valore di valutazione dell'1% di bonus per l'esercito attaccante (in FP)",
    "Boxes.GreatBuildings.BreakEvenTT": "Ci vorranno __days__ giorni prima che l'investimento di __costs__ FP sia stato restituito con una produzione giornaliera di __fpproduction__ FP/giorno",
    "Boxes.GreatBuildings.BreakEvenTTGoods": "Ci vorranno __days__ giorni prima che l'investimento di __costs__ FP sia stato restituito con una produzione giornaliera di __fpproduction__ FP/giorno e __goodsproduction__ beni/giorno (equivale a __goodsproduction__ * __goodsvalue__ = __goodsproductionvalue__FP/giorno)",
    "Boxes.GreatBuildings.BreakEvenUnit": "__days__ giorni",
    "Boxes.GreatBuildings.Costs": "Costi",
    "Boxes.GreatBuildings.DailyFP": "PF giornalieri",
    "Boxes.GreatBuildings.DailyGoods": "Beni Giornalieri",
    "Boxes.GreatBuildings.FPCostGoods": "Costo PF per beni",
    "Boxes.GreatBuildings.FPPerTile": "Nuovi edifici: FP/riquadro giornaliero di edifici sostituiti",
    "Boxes.GreatBuildings.GoodsPerFP": "1 FP equivale a __goods__ beni",
    "Boxes.GreatBuildings.GoodsValue": "Valutazione di 1 __eraname__ bene (in FP)",
    "Boxes.GreatBuildings.GreatBulding": "Grande edificio",
    "Boxes.GreatBuildings.HelpLink": "https://foe-helper.com/docs/2/gb-investments/",
    "Boxes.GreatBuildings.HideNewGBs": "Nascondi i GE non costruiti",
    "Boxes.GreatBuildings.Level": "Livello",
    "Boxes.GreatBuildings.NewGBCostsTT": "Include buoni costi per costruire il grande edificio valutato a __goodcosts__ FP",
    "Boxes.GreatBuildings.NewGBFPProductionTT": "__tiles__ * __fppertile__ = __opcost__ FP sono stati sottratti. Questi vengono persi rimuovendo altri edifici che producono FP per fare spazio a __tiles__ quadratini per costruire il grande edificio",
    "Boxes.GreatBuildings.RewardPerDay": "Arc: PF guadagnati/giorno da altri giocatori",
    "Boxes.GreatBuildings.ShowAttack": "Considera il bonus di attacco",
    "Boxes.GreatBuildings.ShowGoods": "Considera la produzione di beni",
    "Boxes.GreatBuildings.SuggestionDescription": "Gli edifici in cima alla lista sono i migliori",
    "Boxes.GreatBuildings.SuggestionTitle": "PF GE ROI comparato",
    "Boxes.GreatBuildings.TTAttackValue": "Questo valore viene utilizzato per classificare gli edifici che forniscono beni di attacco o difesa per l'esercito attaccante. Quanti FP vale per te l'1% del potenziamento attacco o difesa?",
    "Boxes.GreatBuildings.TTFPPerTile": "Quanti PF al giorno per riquadro perdi per far spazio ad un nuovo grande edificio? Esempio: rimuovi santuari della conoscenza per costruire un grande edificio => 1PF/5 riquadro = 0.2PF/riquadro",
    "Boxes.GreatBuildings.TTGoodCosts": "Non hai ancora costruito questo grande edificio. Questi sono i PF necessari a comprare i beni richiesti",
    "Boxes.GreatBuildings.TTGoodCostsColumn": "Elenca i costi in PF necessari a comprare i beni (Si applica solo ai grandi edifici che non hai ancora costruito)",
    "Boxes.GreatBuildings.TTGoodsValue": "Questo valore viene utilizzato per classificare gli edifici che producono beni. Quanti FP vale per te uno?",
    "Boxes.GreatBuildings.TTRewardPerDay": "Opzionale: Quanti PF raccogli al giorno? Questa informazione verrà utilizzata per calcolare la redditività di futuri livelli di Arc. Per avere un suggerimento vai su Municipio> Novità> Cronologia Eventi e scorri tutte le pagine",
    "Boxes.GreatBuildings.Title": "Investimenti GE",
    "Boxes.GuildFights.CopyToClipBoard.Desc": "I tempi di attacco per la provincia selezionata sono stati copiati.",
    "Boxes.GuildFights.CopyToClipBoard.Title": "Copiato!",
    "Boxes.GuildFights.Count": "contiene",
    "Boxes.GuildFights.Date": "Data",
    "Boxes.GuildFights.DeleteAlert": "Elimina allarme",
    "Boxes.GuildFights.DeleteMessage.Desc": "L'allarme per la provincia __provinceName__ è stato cancellato!",
    "Boxes.GuildFights.DeleteMessage.Title": "Eliminato!",
    "Boxes.GuildFights.Fights": "Combattimenti",
    "Boxes.GuildFights.LastSnapshot": " - ultimo aggiornamento __time__ fa",
    "Boxes.GuildFights.Negotiations": "Negoziazioni",
    "Boxes.GuildFights.NoOwner": "Nessun proprietario ancora",
    "Boxes.GuildFights.Owner": "Possessore",
    "Boxes.GuildFights.Player": "Giocatore",
    "Boxes.GuildFights.Progress": "N. Battaglie",
    "Boxes.GuildFights.ProgressFilterDesc": "Filtra tutti i membri con nuovi progressi esistenti.",
    "Boxes.GuildFights.Province": "Provincia",
    "Boxes.GuildFights.SaveAlert": "Provincia __provinceName__ sblocca",
    "Boxes.GuildFights.SaveMessage.Desc": "L'avviso per__provinceName__ è stato salvato!",
    "Boxes.GuildFights.SaveMessage.Title": "Salvato!",
    "Boxes.GuildFights.SaveSettings": "Salva",
    "Boxes.GuildFights.SetAlert": "Imposta Allarme",
    "Boxes.GuildFights.ShowLogButton": "Mostra il pulsante del registro delle istantanee",
    "Boxes.GuildFights.ShowOwner": "Mostra i Nomi delle Gilde",
    "Boxes.GuildFights.Time": "Termina",
    "Boxes.GuildFights.Title": "Panoramica dei campi di battaglia",
    "Boxes.GuildFights.Total": "Totale",
    "Boxes.GuildMemberStat.AutoStartOnUpdate": "apri panoramica dopo l'aggiornamento",
    "Boxes.GuildMemberStat.Available": "a disposizione",
    "Boxes.GuildMemberStat.Battles": "Battaglie",
    "Boxes.GuildMemberStat.CalendarWeek": "calendario settimana",
    "Boxes.GuildMemberStat.ChangeView": "Cambia punto di vista",
    "Boxes.GuildMemberStat.ConfirmNo": "No",
    "Boxes.GuildMemberStat.ConfirmYes": "Si",
    "Boxes.GuildMemberStat.Date": "Data",
    "Boxes.GuildMemberStat.Days": "giorni",
    "Boxes.GuildMemberStat.DeleteDataWarning": "Se si eliminano i dati registrati in precedenza, vengono irrimediabilmente persi.",
    "Boxes.GuildMemberStat.DeleteExMembersAfter": "cancellare l'ex membro dopo",
    "Boxes.GuildMemberStat.DeleteGBGRound": "elimina GBG round",
    "Boxes.GuildMemberStat.DeleteInactivityWarning": "elimina l'avviso di inattività",
    "Boxes.GuildMemberStat.Eras": "Era",
    "Boxes.GuildMemberStat.FpForLevelUp": "FP per salire di livello",
    "Boxes.GuildMemberStat.FpInvested": "FP investito",
    "Boxes.GuildMemberStat.GBFRound": "GBG Round",
    "Boxes.GuildMemberStat.GbgParticipation": "Partecipazione ai campi di battaglia della gilda",
    "Boxes.GuildMemberStat.GexParticipation": "Partecipazione alla spedizione di gilda",
    "Boxes.GuildMemberStat.GotIt": "Capito!",
    "Boxes.GuildMemberStat.GreatBuildings": "Grandi Edifici",
    "Boxes.GuildMemberStat.GuildBuildingNotification": "Visita le città dei tuoi membri per aggiornare la statistica degli edifici.",
    "Boxes.GuildMemberStat.GuildBuildings": "Edifici della gilda",
    "Boxes.GuildMemberStat.GuildGoods": "Beni Tesoreria",
    "Boxes.GuildMemberStat.GuildMembers": "Membri della Gilda",
    "Boxes.GuildMemberStat.GuildMessages": "Numero di messaggi nel centro messaggi di gilda",
    "Boxes.GuildMemberStat.GuildPower": "Potere Gilda",
    "Boxes.GuildMemberStat.GuildSupportBuildings": "Edifici di supporto gilda",
    "Boxes.GuildMemberStat.GuildTreasuryNotification": "Visita la scheda Tesoreria nel profilo della gilda per aggiornare i beni del tesoreria della tua gilda.",
    "Boxes.GuildMemberStat.Inactivity": "Inattività",
    "Boxes.GuildMemberStat.Instantly": "immediatamente",
    "Boxes.GuildMemberStat.LastUpdate": "ultimo aggiornamento",
    "Boxes.GuildMemberStat.Level": "Livello",
    "Boxes.GuildMemberStat.Member": "Membro",
    "Boxes.GuildMemberStat.MemberActiviy": "Attività membri",
    "Boxes.GuildMemberStat.MemberLeavedGuild": "Il giocatore non è più in gilda.",
    "Boxes.GuildMemberStat.MemberWithoutGB": "Membri senza__greatbuilding__",
    "Boxes.GuildMemberStat.Negotiations": "Negoziazioni",
    "Boxes.GuildMemberStat.Never": "mai",
    "Boxes.GuildMemberStat.Points": "Punti",
    "Boxes.GuildMemberStat.ProducedTreasuryGoods": "prodotto da edifici di gilda",
    "Boxes.GuildMemberStat.Rank": "Grado",
    "Boxes.GuildMemberStat.ResetMessageCounter": "resetta il contatore dei messaggi",
    "Boxes.GuildMemberStat.Search": "Cerca",
    "Boxes.GuildMemberStat.ShowDeletedMembers": "mostra l'ex membro",
    "Boxes.GuildMemberStat.ShowSearchbar": "mostra la barra di ricerca",
    "Boxes.GuildMemberStat.Title": "Panoramica dei membri gilda",
    "Boxes.GuildMemberStat.TotalGuildGoods": "Totale di tutti i beni",
    "Boxes.GuildMemberStat.TotalGuildPower": "Potere totale gilda",
    "Boxes.GuildMemberStat.TreasuryGoods": "Beni del Tesoro",
    "Boxes.GuildMemberStat.UnlockedLevel": "Livello sbloccato",
    "Boxes.GvGMap.Action.Drag": "Trascina",
    "Boxes.GvGMap.Action.Edit": "Modifica",
    "Boxes.GvGMap.Action.Zoom": "Zoom",
    "Boxes.GvGMap.Guild.Name": "Gilda",
    "Boxes.GvGMap.Guild.Power": "Potere",
    "Boxes.GvGMap.Guild.Sectors": "Settore",
    "Boxes.GvGMap.Guilds": "Gilde",
    "Boxes.GvGMap.Log.Explanation": "Questo registro è pieno di azioni che si verificano mentre sei attivo su una mappa GvG. Le informazioni (attualmente) non verranno salvate. Puoi filtrarlo in base a qualsiasi cosa: un numero di settore, un nome di gilda, un'azione, il tuo nickname.",
    "Boxes.GvGMap.Log.Info": "Info",
    "Boxes.GvGMap.Log.NPC": "NPC",
    "Boxes.GvGMap.Log.Sector": "Settore",
    "Boxes.GvGMap.Log.UnknownGuild": "Gilda Sconosciuta",
    "Boxes.GvGMap.Log.clan_defeated": "Gilda sconfitta",
    "Boxes.GvGMap.Log.defender_damaged": "Difesa danneggiata",
    "Boxes.GvGMap.Log.defender_defeated": "Difesa sconfitta",
    "Boxes.GvGMap.Log.defender_deployed": "Difesa schierata",
    "Boxes.GvGMap.Log.defender_replaced": "Difensa sostituita",
    "Boxes.GvGMap.Log.headquarter_placed": "QG piazzato",
    "Boxes.GvGMap.Log.sector_conquered": "Settore conquistato",
    "Boxes.GvGMap.Log.sector_independence_granted": "Indipendenza concessa",
    "Boxes.GvGMap.Log.sector_slot_unlocked": "Slot sbloccato",
    "Boxes.GvGMap.Log.siege_damaged": "Assedio danneggiato",
    "Boxes.GvGMap.Log.siege_defeated": "Assedio sconfitto",
    "Boxes.GvGMap.Log.siege_deleted": "Assedio eliminato",
    "Boxes.GvGMap.Log.siege_deployed": "Assedio schierato",
    "Boxes.GvGMap.Sector.Coords": "Coordinate",
    "Boxes.GvGMap.Sector.Hitpoints": "Punti vita",
    "Boxes.GvGMap.Sector.Power": "Potere",
    "Boxes.GvGMap.Sector.Protected": "Il settore è protetto",
    "Boxes.GvGMap.Title": "Mappa GvG",
    "Boxes.HiddenRewards.Disappears": "Scompare",
    "Boxes.HiddenRewards.HelpLink": "https://foe-helper.com/docs/2/incidents",
    "Boxes.HiddenRewards.NoEvents": "Nessun evento presente.",
    "Boxes.HiddenRewards.Title": "Ricompense nascoste",
    "Boxes.Infobox.Filter": "Filtro",
    "Boxes.Infobox.FilterAuction": "Asta",
    "Boxes.Infobox.FilterGex": "Spedizioni",
    "Boxes.Infobox.FilterGuildFights": "CdB",
    "Boxes.Infobox.FilterLevel": "GE",
    "Boxes.Infobox.FilterMessage": "Messaggio",
    "Boxes.Infobox.FilterTrade": "Commercio",
    "Boxes.Infobox.Messages.Auction": "<strong> __player__ </strong> ha appena offerto __amount__ monete.",
    "Boxes.Infobox.Messages.GEX": "<strong> __player__ </strong> ha appena ricevuto __points__ punti nelle spedizioni.",
    "Boxes.Infobox.Messages.GildFightOccupied": "La provincia <span style='color:#ffb539'>__provinceName__</span> è stata conquistata da <span style='color: __attackerColor__;text-shadow: 0 1px 1px __attackerShadow__'>__attackerName__</span>. Il settore è chiuso fino alle __untilOccupied__.",
    "Boxes.Infobox.Messages.LevelUp": "L' edificio __player__ __building__ ha appena raggiunto il livello __level__. <br> Hai preso <strong>__rank__th</strong> e ottenuto <strong> __fps__ </strong> PF indietro.",
    "Boxes.Infobox.Messages.MsgBuilding": "__building__ - Livello __level__",
    "Boxes.Infobox.Messages.Trade": "<strong>__player__</strong> ha accettato la tua offerta di __needValue__ __need__ per __offerValue__ __offer__.",
    "Boxes.Infobox.Messages.Welcome": "Benvenuto all'<strong>Infobox</strong>! Lascia questa finestra aperta, si riempirà gradualmente di eventi che occorrono in maniera silenziosa (come messaggi dalla chat, attacchi nei Campi di Battaglia di Gilda e offerte all'asta)",
    "Boxes.Infobox.ResetBox": "Cancella cronologia",
    "Boxes.Infobox.Title": "Infobox",
    "Boxes.Infobox.UnknownConversation": "Conversazione sconosciuta",
    "Boxes.Investment.AllUpToDate": "Tutto è aggiornato",
    "Boxes.Investment.AllUpToDateDesc": "Tutti gli eventi / interazioni dei giocatori su questa pagina sono stati precedentemente aggiornati",
    "Boxes.Investment.CurrReward": "Profitto attuale: ",
    "Boxes.Investment.DateParseError": "Errore durante l'analisi della data",
    "Boxes.Investment.DateParseErrorDesc": "Impossibile analizzare il valore della data \"__InvalidDate__\"",
    "Boxes.Investment.HiddenGB": "GB nascosti",
    "Boxes.Investment.InvestBar": "PF Investiti: ",
    "Boxes.Investment.Overview.AdditionalColumns": "Colonne aggiuntive",
    "Boxes.Investment.Overview.Blueprints": "Progetti",
    "Boxes.Investment.Overview.Building": "Edificio",
    "Boxes.Investment.Overview.EntryTime": "Tempo di ingresso",
    "Boxes.Investment.Overview.EntryTimeDesc": "Quando è stato registrato il primo deposito?",
    "Boxes.Investment.Overview.HideGB": "Nascondi GB dal calcolo e dall'elenco.",
    "Boxes.Investment.Overview.Invested": "Investito",
    "Boxes.Investment.Overview.InvestedDesc": "Quanti FP sono stati investiti",
    "Boxes.Investment.Overview.Medals": "Medaglie",
    "Boxes.Investment.Overview.Player": "Giocatore",
    "Boxes.Investment.Overview.Profit": "Profitto",
    "Boxes.Investment.Overview.ProfitDesc": "profitto raggiunto, giallo -> Grado non sicuro, rosso / verde -> Perdita / profitto sicuro",
    "Boxes.Investment.Overview.Progress": "Progresso",
    "Boxes.Investment.Overview.RemainingFP": "FP rimanenti",
    "Boxes.Investment.Overview.RestFPDesc": "Quanti FP per salire di livello",
    "Boxes.Investment.Overview.SettingsEntryTime": "orario di ingresso",
    "Boxes.Investment.Overview.SettingsHiddenGB": "mostra GB nascosti",
    "Boxes.Investment.Overview.SettingsSave": "Salva",
    "Boxes.Investment.Overview.SettingsUnsafeCalc": "calcolare solo profitti / perdite sicuri",
    "Boxes.Investment.PlayerFound": "Nuovi eventi trovati!",
    "Boxes.Investment.PlayerFoundCount": "__count__ nuovi eventi giocatore sono stati trovati",
    "Boxes.Investment.PlayerFoundCounter": "__count__ nuovi eventi giocatore sono stati trovati",
    "Boxes.Investment.Rank": "Grado",
    "Boxes.Investment.Safe": "sicuro",
    "Boxes.Investment.Title": "Investimento",
    "Boxes.Investment.TotalFP": "PF in magazzino + investiti + profitti: ",
    "Boxes.Investment.UpToDate": "L'elenco degli investimenti è stato aggiornato meno di 30 minuti fa.",
    "Boxes.Investment.UpdateRequired": "L'elenco degli investimenti è più vecchio di 30 minuti. Si prega di aggiornare la lista degli investimenti nel municipio.",
    "Boxes.Kits.Extensions": "Estensioni",
    "Boxes.Kits.InStock": "In magazzino",
    "Boxes.Kits.KitName": "Kit/Aggiornamento",
    "Boxes.Kits.Name": "Edificio",
    "Boxes.Kits.SelectionKit": "Selezione - Kit",
    "Boxes.Kits.Title": "Kit di costruzione / selezione",
    "Boxes.Kits.ToggleButtonActive": "Nascondi parti mancanti",
    "Boxes.Kits.ToggleButtonInActive": "Mostra parti mancanti",
    "Boxes.Kits.UpgradeKit": "Kit di aggiornamento",
    "Boxes.Market.AllGoods": "Tutti i beni",
    "Boxes.Market.MaxResults": "Risultati massimi",
    "Boxes.Market.MinQuantity": "Min. Qt.",
    "Boxes.Market.Need": "Bisogno",
    "Boxes.Market.NeedColumn": "Bisogno",
    "Boxes.Market.NeedTT": "__era__<br>Possiedi: __stock__",
    "Boxes.Market.Offer": "Offerta",
    "Boxes.Market.OfferColumn": "Offerta",
    "Boxes.Market.OfferTT": "__era__<br>Possiedi: __stock__",
    "Boxes.Market.OnlyAffordable": "Solo offerte accettabili",
    "Boxes.Market.PageColumn": "Pagina",
    "Boxes.Market.PlayerColumn": "Giocatore",
    "Boxes.Market.RateColumn": "Tariffa",
    "Boxes.Market.Rating": "Tariffa",
    "Boxes.Market.ShowOwnOffers": "Proprie offerte",
    "Boxes.Market.TTMinQuantity": "Seleziona la minima quantità di beni offerti. Questo filtro NON si applica alle offerte della gilda",
    "Boxes.Market.Title": "Filtro mercato",
    "Boxes.Market.TradeAdvantage": "A guadagno",
    "Boxes.Market.TradeDisadvantage": "A scapito",
    "Boxes.Market.TradeFair": "Bilanciato",
    "Boxes.Market.TradeFairStock": "Bilanciato (a prezzo minimo)",
    "Boxes.Market.TradeFairStockTT": "Questo include tutte le trattative dove il bene offerto ha un prezzo più basso del bene richiesto",
    "Boxes.Market.TradeForEqual": "Uguale",
    "Boxes.Market.TradeForGoods": "Era offerta",
    "Boxes.Market.TradeForHigher": "Più alta",
    "Boxes.Market.TradeForLower": "Più bassa",
    "Boxes.Market.TradePartner": "Compagni",
    "Boxes.Market.TradePartnerFriend": "Amici",
    "Boxes.Market.TradePartnerGuild": "Membri gilda",
    "Boxes.Market.TradePartnerNeighbor": "Vicini",
    "Boxes.MoppelHelper.Attacks": "Attacchi",
    "Boxes.MoppelHelper.Days": "__days__ giorno(i)",
    "Boxes.MoppelHelper.Event": "Evento",
    "Boxes.MoppelHelper.Friends": "Amici",
    "Boxes.MoppelHelper.FriendsSocialTabTT": "Fai clic sulla scheda amici nel gioco per sbloccare l'elenco degli eventi dei tuoi amici",
    "Boxes.MoppelHelper.GuildMembers": "Membri Gilda",
    "Boxes.MoppelHelper.GuildSocialTabTT": "Fai clic sulla scheda dei membri della gilda nel gioco per sbloccare l'elenco degli eventi dei membri della tua gilda",
    "Boxes.MoppelHelper.HeaderWarning": "ATTENZIONE: per aggiornare questi valori, è necessario scorrere tutti i nuovi eventi nella scheda Cronologia eventi in: Municipio> Notizie> Cronologia eventi ",
    "Boxes.MoppelHelper.MoppelEvents": "Motivare/Assisti",
    "Boxes.MoppelHelper.Name": "Nome",
    "Boxes.MoppelHelper.Neighbors": "Vicinato",
    "Boxes.MoppelHelper.NeighborsSocialTabTT": "Fai clic sulla scheda dei vicini nel gioco per sbloccare l'elenco degli eventi dei tuoi vicini",
    "Boxes.MoppelHelper.Never": "MAI",
    "Boxes.MoppelHelper.Plunders": "Saccheggio",
    "Boxes.MoppelHelper.Points": "Punti",
    "Boxes.MoppelHelper.Rank": "Grado",
    "Boxes.MoppelHelper.TavernVisits": "Taverna",
    "Boxes.MoppelHelper.Title": "Motivato/Assisti Helper",
    "Boxes.MoppelHelper.Trades": "Commercio",
    "Boxes.Negotiation.Average": "Ordine di preferenza",
    "Boxes.Negotiation.Canceled": "La negoziazione è stata annullata",
    "Boxes.Negotiation.Chance": "Probabilità",
    "Boxes.Negotiation.DragDrop": "Puoi riorganizzare le icone usando il trascinamento della selezione per determinare l'ordine dal primo tentativo.",
    "Boxes.Negotiation.GoodsCritical": "ATTENZIONE: Beni a livello CRITICO!",
    "Boxes.Negotiation.GoodsLow": "ATTENZIONE: i beni stanno per finire!",
    "Boxes.Negotiation.HelpLink": "https://foe-helper.com/docs/2/negotioation-helper",
    "Boxes.Negotiation.Person": "Persona",
    "Boxes.Negotiation.Round": "Round",
    "Boxes.Negotiation.SaveCurrentEraGoods": "Risparmia beni seguenti?",
    "Boxes.Negotiation.SaveMedals": "Risparmia medaglie?",
    "Boxes.Negotiation.Stock": "Magazzino:",
    "Boxes.Negotiation.Success": "Completato",
    "Boxes.Negotiation.TableLoadError": "Errore durante il caricamento della tabella di negoziazione",
    "Boxes.Negotiation.Title": "Aiuto Negoziazione",
    "Boxes.Negotiation.TryEnd": "Tentativi finiti",
    "Boxes.Negotiation.WrongGoods": "Selezionato bene sbagliato, chiudi manualmente",
    "Boxes.Negotiation.confirmGoodsMissmatch": "Ok",
    "Boxes.Notice.ContentHeadIsFriend": "Amico",
    "Boxes.Notice.ContentHeadIsGuild": "Membro di gilda",
    "Boxes.Notice.ContentHeadIsNeighbor": "Vicino",
    "Boxes.Notice.DeleteGroup": "Elimina gruppo",
    "Boxes.Notice.DeleteItem": "Elimina voce",
    "Boxes.Notice.DummyHeading": "Il tuo titolo",
    "Boxes.Notice.Edit": "Modifica",
    "Boxes.Notice.GlobalSendRequired": "Questo modulo funziona solo con \"Trasmetti a foe-helper.com\" abilitato.<br>Abilita questa opzione per usare le note.",
    "Boxes.Notice.GroupName": "Nome gruppo",
    "Boxes.Notice.HelpLink": "https://foe-helper.com/docs/2/notes",
    "Boxes.Notice.ModalChoosePlayer": "Scegli un giocatore",
    "Boxes.Notice.ModalMissingPlayers": "Mancano dei giocatori nella lista? Chiudi questa finestra, clicca sugli altri due gruppi della barra social (Vicini, Membri di Gilda, Amici) e poi riapri questa finestra.",
    "Boxes.Notice.NewGroup": "Gruppo",
    "Boxes.Notice.NewGroupDesc": "Prima crea un gruppo... ",
    "Boxes.Notice.NewPlayer": "Giocatore",
    "Boxes.Notice.NewSide": "Nota",
    "Boxes.Notice.Save": "Salva",
    "Boxes.Notice.SelectPlayerGroupDefault": "-- Creare un gruppo giocatore? --",
    "Boxes.Notice.SelectPlayerGroupFriend": "Amici",
    "Boxes.Notice.SelectPlayerGroupGuild": "Membri di gilda",
    "Boxes.Notice.SelectPlayerGroupNeighbor": "Vicini",
    "Boxes.Notice.SideName": "Nome nota",
    "Boxes.Notice.Sorting": "Ordinamento",
    "Boxes.Notice.Title": "Note",
    "Boxes.Outpost.DescInStock": "Disponibile",
    "Boxes.Outpost.DescRequired": "Richiesto",
    "Boxes.Outpost.DescStillMissing": "<span style='color:#29b206'>Eccesso</span> / <span style='color:#ff4040'>Manca</span>",
    "Boxes.Outpost.ExpansionsSum": "Espansioni",
    "Boxes.Outpost.ShowSums": "Mostra somme:",
    "Boxes.Outpost.Title": "Beni dell'insediamento",
    "Boxes.Outpost.TitleBuildings": "Edificio",
    "Boxes.Outpost.TitleFree": "Completato",
    "Boxes.Outpost.TitleShort": "Panoramica dei beni - ",
    "Boxes.Outpost.infoLine": "__runNumber__. insediamento, Bonus x4 Probabilità: __chanceX4__%",
    "Boxes.Outpost.nextTile": "prossima espansione",
    "Boxes.Outpost.tileNotPlanned": "fuori",
    "Boxes.OwnpartCalculator.All": "Tutto",
    "Boxes.OwnpartCalculator.Arc": "Arc",
    "Boxes.OwnpartCalculator.Auto": "Auto",
    "Boxes.OwnpartCalculator.AutoWithUnsafe": "Auto + Non bloccato",
    "Boxes.OwnpartCalculator.BPs": "Progetti",
    "Boxes.OwnpartCalculator.BuildingName": "Edificio",
    "Boxes.OwnpartCalculator.CopyValues": "Copia valori",
    "Boxes.OwnpartCalculator.Deposit": "Deposito",
    "Boxes.OwnpartCalculator.Done": "Versato",
    "Boxes.OwnpartCalculator.ExistingPayments": "Pagamenti esistenti",
    "Boxes.OwnpartCalculator.Ext": "Esterni",
    "Boxes.OwnpartCalculator.HelpLink": "https://foe-helper.com/docs/2/gb-calculator/",
    "Boxes.OwnpartCalculator.IncludeData": "dati inclusi",
    "Boxes.OwnpartCalculator.LGTotalFP": "PF totali del GE",
    "Boxes.OwnpartCalculator.Lock": "Sicuro",
    "Boxes.OwnpartCalculator.Meds": "Medaglie",
    "Boxes.OwnpartCalculator.NoPlaceAvailable": "Nessun posto disponibile",
    "Boxes.OwnpartCalculator.NoPlaceSafe": "Nessun posto sicuro",
    "Boxes.OwnpartCalculator.Note": "Note",
    "Boxes.OwnpartCalculator.OldLevel": "Vecchio livello",
    "Boxes.OwnpartCalculator.OptionsDescending": "Discendente",
    "Boxes.OwnpartCalculator.OptionsFP": "Punti Forge",
    "Boxes.OwnpartCalculator.OptionsGB": "Grande edificio",
    "Boxes.OwnpartCalculator.OptionsLevel": "Livello",
    "Boxes.OwnpartCalculator.OptionsLevelUp": "Per favore sali di livello",
    "Boxes.OwnpartCalculator.OptionsPlayer": "Giocatore",
    "Boxes.OwnpartCalculator.Order": "Ordine",
    "Boxes.OwnpartCalculator.OwnPart": "Contributo proprio",
    "Boxes.OwnpartCalculator.OwnPartRemaining": "Restante",
    "Boxes.OwnpartCalculator.PatronPart": "Contributo posizioni",
    "Boxes.OwnpartCalculator.Place": "Posto",
    "Boxes.OwnpartCalculator.Places": "Posti",
    "Boxes.OwnpartCalculator.PlayerName": "Giocatore",
    "Boxes.OwnpartCalculator.PowerLeveling": "Livellaggio avanzato",
    "Boxes.OwnpartCalculator.Preview": "Anteprima",
    "Boxes.OwnpartCalculator.Step": "Fase",
    "Boxes.OwnpartCalculator.Title": "Calcolatore Auto-Uppaggio GE",
    "Boxes.OwnpartCalculator.Trust": "Fiducia",
    "Boxes.PowerLeveling.DoubleCollection": "Doppia raccolta",
    "Boxes.PowerLeveling.Level": "Livello",
    "Boxes.PowerLeveling.MaxLevel": "Massimo livello",
    "Boxes.PowerLeveling.OwnPartBrutto": "Contrib. proprio lordo",
    "Boxes.PowerLeveling.OwnPartNetto": "Contrib. proprio netto",
    "Boxes.PowerLeveling.OwnPartSum": "Totale proprio contributo",
    "Boxes.PowerLeveling.P1": "Pos. 1",
    "Boxes.PowerLeveling.P2": "Pos. 2",
    "Boxes.PowerLeveling.P3": "Pos. 3",
    "Boxes.PowerLeveling.P4": "Pos. 4",
    "Boxes.PowerLeveling.P5": "Pos. 5",
    "Boxes.PowerLeveling.Title": "Livellaggio avanzato",
    "Boxes.Productions.Done": "Fatto",
    "Boxes.Productions.GoodEraTotal": "Totale",
    "Boxes.Productions.GuildGoods": "Beni gilda",
    "Boxes.Productions.GuildPower": "Potere gilda",
    "Boxes.Productions.Happiness": "Felicità",
    "Boxes.Productions.Headings.Done": "Fatto",
    "Boxes.Productions.Headings.all": "Tutto",
    "Boxes.Productions.Headings.amount": "Importo",
    "Boxes.Productions.Headings.area": "Area",
    "Boxes.Productions.Headings.clan_power_production": "Potere Gilda",
    "Boxes.Productions.Headings.culture": "Edifici culturali",
    "Boxes.Productions.Headings.decoration": "Decorazioni",
    "Boxes.Productions.Headings.earning": "Guadagno",
    "Boxes.Productions.Headings.efficiency": "Efficienza",
    "Boxes.Productions.Headings.era": "Era",
    "Boxes.Productions.Headings.goods": "Edifici di beni",
    "Boxes.Productions.Headings.greatbuilding": "Grandi Edifici",
    "Boxes.Productions.Headings.main_building": "Municipio",
    "Boxes.Productions.Headings.name": "Nome",
    "Boxes.Productions.Headings.number": "Numero",
    "Boxes.Productions.Headings.production": "Edificio di produzione",
    "Boxes.Productions.Headings.random_production": "Produzioni casuali",
    "Boxes.Productions.Headings.residential": "Edifici residenziali",
    "Boxes.Productions.Headings.size": "Dimensione",
    "Boxes.Productions.Headings.street": "Strade",
    "Boxes.Productions.ModeCurrent": "Corrente",
    "Boxes.Productions.ModeDaily": "Prod. giornaliere",
    "Boxes.Productions.ModeGroups": "Gruppi",
    "Boxes.Productions.ModeSingle": "Singolo",
    "Boxes.Productions.NoAsteroidDataWarning": "I beni provenienti dalla fascia di asteroidi non sono inclusi. Visita l'avamposto della cintura di asteroidi e apri di nuovo la schermata",
    "Boxes.Productions.NoMarsDataWarning": "I beni provenienti da Marte non sono inclusi. Visita l'avamposto di Marte e apri di nuovo la schermata",
    "Boxes.Productions.NoVenusDataWarning": "I beni di Venere non sono incluse. Visita il tuo avamposto di Venere e apri di nuovo la scatola",
    "Boxes.Productions.SearchInput": "Cerca edificio... ",
    "Boxes.Productions.SizeTT": "Dimensioni compreso lo spazio medio richiesto dalle strade di __streetnettosize__ quadratini",
    "Boxes.Productions.TTGoodsEra": "Questa colonna mostra l'era dell'edificio, non l'era dei beni prodotti",
    "Boxes.Productions.Title": "Panoramica della produzione",
    "Boxes.Productions.Total": "Totale: ",
    "Boxes.Productions.Units": "Unità",
    "Boxes.Productions.att_boost_attacker": "Attacco boost att. esercito",
    "Boxes.Productions.att_boost_defender": "Attacco boost dif. esercito",
    "Boxes.Productions.def_boost_attacker": "Difesa boost att. esercito",
    "Boxes.Productions.def_boost_defender": "Difesa boost dif. esercito",
    "Boxes.Settings.Active": "Attivo",
    "Boxes.Settings.DeletedBoxCoordsBody": "Tutte le coordinate delle caselle vengono eliminate.",
    "Boxes.Settings.DeletedBoxCoordsHead": "Eliminato!",
    "Boxes.Settings.Inactive": "Inattivo",
    "Boxes.Settings.Title": "Impostazioni",
    "Boxes.Stats.BtnAll": "Tutto",
    "Boxes.Stats.BtnAllPlayableEras": "Tutte le ere",
    "Boxes.Stats.BtnAllPlayableErasTitle": "Seleziona tutte le ere giocabili (senza: Nessuna era, speciale)",
    "Boxes.Stats.BtnAllTittle": "Era + Nessuna era + Speciale",
    "Boxes.Stats.BtnChartType.delta": "Delta",
    "Boxes.Stats.BtnChartType.line": "Linee",
    "Boxes.Stats.BtnChartType.streamgraph": "Stream",
    "Boxes.Stats.BtnChartTypeTitle.delta": "Aumenta / diminuisci grafico",
    "Boxes.Stats.BtnChartTypeTitle.line": "Grafico a linee",
    "Boxes.Stats.BtnChartTypeTitle.streamgraph": "Grafico Stream",
    "Boxes.Stats.BtnLastEras": "Ultime 2 ere",
    "Boxes.Stats.BtnLastErasTitle": "Seleziona le età attuali e precedenti",
    "Boxes.Stats.BtnMyEra": "La mia Era",
    "Boxes.Stats.BtnNoEra": "Nessuna Era",
    "Boxes.Stats.BtnSource.statsGBGPlayers": "CdB",
    "Boxes.Stats.BtnSource.statsRewards": "Ricompensa",
    "Boxes.Stats.BtnSource.statsTreasureClanD": "Tesoreria di gilda giornaliera",
    "Boxes.Stats.BtnSource.statsTreasureClanH": "Tesoreria di gilda oraria",
    "Boxes.Stats.BtnSource.statsTreasurePlayerD": "Tesoreria giornaliera",
    "Boxes.Stats.BtnSource.statsTreasurePlayerH": "Tesoreria oraria",
    "Boxes.Stats.BtnSource.statsUnitsD": "Unità giornaliere",
    "Boxes.Stats.BtnSource.statsUnitsH": "Unità orarie",
    "Boxes.Stats.BtnToggleAnnotations": "Annotazioni GvG",
    "Boxes.Stats.BtnToggleAnnotationsTitle": "Mostra una diminuzione dei beni sulla mappa GvG.",
    "Boxes.Stats.BtnToggleGroupBy": "Raggruppa per Era",
    "Boxes.Stats.BtnToggleGroupByTitle": "raggruppa per nome",
    "Boxes.Stats.Era": "Era",
    "Boxes.Stats.HelpLink": "https://foe-helper.com/docs/2/statistics/",
    "Boxes.Stats.Period.all": "Tutto",
    "Boxes.Stats.Period.last30days": "Ultimi 30 giorni",
    "Boxes.Stats.Period.last7days": "Ultimi 7 giorni",
    "Boxes.Stats.Period.sinceTuesday": "Da martedì",
    "Boxes.Stats.Period.thisMonth": "Questo mese",
    "Boxes.Stats.Period.today": "Oggi",
    "Boxes.Stats.PeriodTitle.all": "Durante tutto il tempo",
    "Boxes.Stats.PeriodTitle.last30days": "Raccolta degli ultimi 30 giorni",
    "Boxes.Stats.PeriodTitle.last7days": "Raccolta degli ultimi 7 giornis",
    "Boxes.Stats.PeriodTitle.sinceTuesday": "Raccolto da martedì (la spedizione della gilda inizia martedì)",
    "Boxes.Stats.PeriodTitle.thisMonth": "Raccolto questo mese",
    "Boxes.Stats.PeriodTitle.today": "Raccolto Oggi",
    "Boxes.Stats.Rewards.Source.__event": "Evento",
    "Boxes.Stats.Rewards.Source.battlegrounds_conquest": "CdB",
    "Boxes.Stats.Rewards.Source.default": "Incidenti",
    "Boxes.Stats.Rewards.Source.diplomaticGifts": "Regali diplomatici",
    "Boxes.Stats.Rewards.Source.guildExpedition": "Sped.",
    "Boxes.Stats.Rewards.Source.pvp_arena": "PvP Arena",
    "Boxes.Stats.Rewards.Source.shards": "Frammenti",
    "Boxes.Stats.Rewards.Source.spoilsOfWar": "Bottino di guerra",
    "Boxes.Stats.Rewards.SourceTitle.__event": "Premi da eventi stagionali o speciali",
    "Boxes.Stats.Rewards.SourceTitle.battlegrounds_conquest": "Premi dai Campi di Battaglia di Gilda",
    "Boxes.Stats.Rewards.SourceTitle.default": "Ricompense da incidenti",
    "Boxes.Stats.Rewards.SourceTitle.diplomaticGifts": "Regali diplomatici (Trasportatore spaziale)",
    "Boxes.Stats.Rewards.SourceTitle.guildExpedition": "Ricompensa reliquie spedizioni di gilda (Tempio delle Reliquie)",
    "Boxes.Stats.Rewards.SourceTitle.pvp_arena": "Ricompense dell'arena PvP",
    "Boxes.Stats.Rewards.SourceTitle.shards": "Frammenti Misteriosi (Isola Volante)",
    "Boxes.Stats.Rewards.SourceTitle.spoilsOfWar": "Ricompensa bottino di guerra (Castello di Himeji)",
    "Boxes.Stats.SourceTitle.statsGBGPlayers": "Classifica giocatori Campi di Battaglia di Gilda",
    "Boxes.Stats.SourceTitle.statsRewards": "Le tue ricompense da Castello di Himeji, Tempio delle Reliquie e campi di battaglia di gilda",
    "Boxes.Stats.SourceTitle.statsTreasureClanD": "Tesoreria di gilda giornaliera",
    "Boxes.Stats.SourceTitle.statsTreasureClanH": "Tesoreria di gilda oraria",
    "Boxes.Stats.SourceTitle.statsTreasurePlayerD": "Tesoreria giornaliera",
    "Boxes.Stats.SourceTitle.statsTreasurePlayerH": "Tesoreria oraria",
    "Boxes.Stats.SourceTitle.statsUnitsD": "Unità giornaliere",
    "Boxes.Stats.SourceTitle.statsUnitsH": "Le tue unità orarie",
    "Boxes.Stats.Title": "Statistiche",
    "Boxes.Technologies.DescInStock": "Disponibile",
    "Boxes.Technologies.DescRequired": "Richiesto",
    "Boxes.Technologies.DescStillMissing": "<span style='color:#29b206'>Eccesso</span> / <span style='color:#ff4040'>Manca</span>",
    "Boxes.Technologies.IgnoreCurrentEraOptional": "Ignora tecnologie opzionali dell'era attuale/futura",
    "Boxes.Technologies.IgnorePrevEra": "Ignora tecnologie opzionali dell'era precedente",
    "Boxes.Technologies.NoTechs": "Hai raggiunto la fine di questa era",
    "Boxes.Technologies.Resource": "Risorsa",
    "Boxes.Technologies.Title": "Costo della ricerca",
    "Boxes.Treasury.Action": "Messaggio",
    "Boxes.Treasury.Amount": "Quantità",
    "Boxes.Treasury.DateTime": "Data/Ora",
    "Boxes.Treasury.Era": "Era",
    "Boxes.Treasury.Export": "Esporta",
    "Boxes.Treasury.Message": "Scorri in fondo a tutte le pagine e premi il bottone esporta",
    "Boxes.Treasury.PlayerID": "ID giocatore",
    "Boxes.Treasury.PlayerName": "Nome giocatore",
    "Boxes.Treasury.Reset": "Reset",
    "Boxes.Treasury.Resource": "Beni",
    "Boxes.Treasury.RowNumber": "Linee processate",
    "Boxes.Treasury.Title": "Esporta storico tesoreria di gilda",
    "Boxes.Units.AlcaHarvest": "Il tuo Alcatraz è pronto per essere raccolto!",
    "Boxes.Units.Attack": "Attacco",
    "Boxes.Units.Bind": "Caserma",
    "Boxes.Units.Defend": "Difesa",
    "Boxes.Units.NextUnitsIn": "Le prossime unità __count__ arriveranno in <span class = \"alca-countdown \"> </span> alle ore __harvest__",
    "Boxes.Units.NotFilled": "Non riempito",
    "Boxes.Units.Proportionally": "Proporzionalmente",
    "Boxes.Units.Quantity": "Quantità",
    "Boxes.Units.ReadyToLoot": "Pronto a saccheggiare!",
    "Boxes.Units.Status": "Stato",
    "Boxes.Units.Title": "Panoramica dell'esercito",
    "Boxes.Units.Unbind": "Indipendenti",
    "Boxes.Units.Unit": "Unità",
    "Boxes.UnitsGex.NoUnitsAvailable": "Nessun dato unitario disponibile. Premi \"U\" per avviare la console di gestione dell'esercito",
    "Boxes.mapTradeWarning.Text": "Prevenzione",
    "Boxes.mapTradeWarning.Title": "Commercio",
    "Date": "DD-MMM-YY",
    "DateShort": "DD-MMM",
    "DateTime": "D / M / YY h: mm: ss a",
    "Eras.0": "Nessuna età",
    "Eras.1": "Età della pietra",
    "Eras.10": "Età Moderna",
    "Eras.11": "Età Postmoderna",
    "Eras.12": "Età Contemporanea",
    "Eras.13": "Domani",
    "Eras.14": "Il Futuro",
    "Eras.15": "Futuro Artico",
    "Eras.16": "Futuro Oceanico",
    "Eras.17": "Futuro Virtuale",
    "Eras.18": "Era spaziale di Marte",
    "Eras.19": "Fascia degli Asteroidi dell'era Spaziale",
    "Eras.2": "Età del bronzo",
    "Eras.20": "Venere dell'era Spaziale",
    "Eras.21": "Space Age Jupiter Moon",
    "Eras.3": "Età del ferro",
    "Eras.4": "Alto Medioevo",
    "Eras.5": "Pieno Medioevo",
    "Eras.6": "Basso Medioevo",
    "Eras.7": "Età coloniale",
    "Eras.8": "Età Industriale",
    "Eras.9": "Età Progressista",
    "Eras.GvGAllAge": "Tutte le Ere",
    "Global.BoxTitle": "FoE Helper",
    "GvG.Independences.Tooltip": "Quantità di indipendenze concesse dall'ultimo calcolo.",
    "GvG.Independences.Tooltip.Warning": "Può essere impreciso, se giochi su più dispositivi desktop.",
    "HiddenRewards.Positions.cityRoadBig": "Strada grande",
    "HiddenRewards.Positions.cityRoadSmall": "Strada piccola",
    "HiddenRewards.Positions.culturalOutpost": "Frammento - Insediamento",
    "HiddenRewards.Positions.guildExpedition": "Spedizione di gilda",
    "HiddenRewards.Positions.nature": "Natura",
    "HiddenRewards.Positions.shore": "Riva",
    "HiddenRewards.Positions.water": "nell'Acqua",
    "HiddenRewards.Table.expires": "Scade alle",
    "HiddenRewards.Table.position": "Posizione",
    "HiddenRewards.Table.type": "Tipo",
    "Kits.Sets.Abandoned_Asylum": "Manicomio abbandonato",
    "Kits.Sets.Altar_Garden": "Giardino dell'altare",
    "Kits.Sets.Art_Exhibition": "Mostra d'arte",
    "Kits.Sets.Celtic_Forest_Set": "Foresta Celtica",
    "Kits.Sets.Cherry_Garden_Set": "Set Giardino di Ciliegi",
    "Kits.Sets.Cider_Mill": "Fabbrica di succo",
    "Kits.Sets.Classical_Garden_Set": "Set Giardino Classico",
    "Kits.Sets.Colossus": "Colosso",
    "Kits.Sets.FountainSet": "Set Fontana Indiana",
    "Kits.Sets.Grand_Bridge": "Gran Ponte",
    "Kits.Sets.Graveyard": "Cimitero",
    "Kits.Sets.Greater_Runestone": "Pietra runica maggiore",
    "Kits.Sets.Guard_Post": "Posto di Guardia",
    "Kits.Sets.Hall_of_Fame": "Hall of Fame",
    "Kits.Sets.Harvest_Farm_Set": "Raccolto Fattoria",
    "Kits.Sets.Hippodrome": "Ippodromo",
    "Kits.Sets.Indian_Palace_Set": "Set Palazzo Indiano",
    "Kits.Sets.Obelisk": "Obelisco",
    "Kits.Sets.Pagoda": "Pagoda",
    "Kits.Sets.Piazza_Set": "Set Piazza",
    "Kits.Sets.Pillar_of_Heroes": "Pilastro degli Eroi",
    "Kits.Sets.Pirate": "La Nave Pirata",
    "Kits.Sets.Royal": "La Nave Regale",
    "Kits.Sets.September_Cottage": "Cottage di Settembre",
    "Kits.Sets.Statue_of_Honor": "Statua all'onore",
    "Kits.Sets.The_Crows_Nest": "Il Nido del Corvo",
    "Kits.Sets.The_Ship": "Kit La Nave",
    "Kits.Sets.Tholos_of_Idols": "Tholos degli idoli",
    "Kits.Sets.Timeless_Dojo": "Dojo eterno",
    "Kits.Sets.Trader": "La Nave Mercantile",
    "Kits.Sets.Winners_Plaza": "Piazza dei Vincitori",
    "Kits.Sets.Winter_Spire": "Guglia d'inverno",
    "Kits.Sets.Winter_Train": "Treno d'inverno",
    "Kits.Sets.Winter_Village_Set": "Set Villaggio d'Inverno",
    "Kits.Sets.Winterdeco_Set": "Kit decorazione invernale",
    "Kits.Sets.Worlds_Fair": "Esposizione universale",
    "Local": "it-IT",
    "Menu.Alerts.Desc": "Crea e gestisci promemoria",
    "Menu.Alerts.Title": "Avvisi",
    "Menu.Bluegalaxy.Desc": "Questo strumento ti aiuta a trovare i migliori edifici da collezionare con il tuo Blue Galaxy",
    "Menu.Bluegalaxy.Title": "Blue Galaxy Helper",
    "Menu.BottomBar": "Parte inferiore",
    "Menu.Calculator.Desc": "Calcola tutti i posti per te e calcola i PF acquisibili",
    "Menu.Calculator.Title": "Calcolatore posizioni GE altrui",
    "Menu.Calculator.Warning": "Disabilitato: apri prima il GE di un altro giocatore!",
    "Menu.Campagne.Desc": "Panoramica delle risorse richieste.",
    "Menu.Campagne.Title": "Campagna",
    "Menu.Campagne.Warning": "Disabilitato: visita prima una provincia!",
    "Menu.Citymap.Desc": "Mostra lo schema della tua città",
    "Menu.Citymap.Title": "Panoramica della città",
    "Menu.Dropdown": "A Discesa",
    "Menu.Gildfight.Desc": "Visualizza le battaglie GBG attuali e imminenti",
    "Menu.Gildfight.Title": "Campo di battaglia Gilda (GBG)",
    "Menu.Gildfight.Warning": "<em id='selectorCalc-Btn-closed' class='tooltip-error'>Disabilitato: visita prima la mappa GBG!</em> ",
    "Menu.GuildMemberStat.Desc": "Una statistica sui membri della gilda",
    "Menu.GuildMemberStat.Title": "Panoramica Membri Gilda",
    "Menu.GuildMemberStat.Warning": "Carica la panoramica dei membri della gilda in gioco per attivare le statistiche",
    "Menu.HiddenRewards.Desc": "Panoramica delle ricompense nascoste",
    "Menu.HiddenRewards.Title": "Premi nascosti",
    "Menu.Info.Desc": "Mostra tutto ciò che accade in \"background \"<br> <em> Si riempie di informazioni… </em>",
    "Menu.Info.Title": "Infobox",
    "Menu.Investment.Desc": "Elenco dei tuoi ultimi investimenti",
    "Menu.Investment.Title": "Investimenti FP",
    "Menu.Kits.Desc": "Elenca tutti i kit di costruzione, aggiornamento e selezione esistenti.",
    "Menu.Kits.Title": "Kit di costruzione",
    "Menu.Market.Desc": "Filtra le offerte del mercato",
    "Menu.Market.Title": "Filtro mercato",
    "Menu.Market.Warning": "Apri il \"Mercato\"<br>pulsante \"T\"",
    "Menu.Moppelhelper.Desc": "Mostra quando i tuoi amici, membri della gilda o vicini per l'ultima volta hanno motivato, assistito, attaccato, saccheggiato, ecc. I tuoi edifici",
    "Menu.Negotiation.Desc": "Fare proposte precise per le negoziazioni.",
    "Menu.Negotiation.Title": "Aiuto Negoziazione",
    "Menu.Negotiation.Warning": "Disabilitato: avvia prima una negoziazione!",
    "Menu.Notice.Desc": "Prendi appunti su tutto ciò che non vuoi dimenticare.",
    "Menu.Notice.Title": "Note",
    "Menu.Notification.Position.bottom-center": "in basso al centro",
    "Menu.Notification.Position.bottom-left": "in basso a sinistra",
    "Menu.Notification.Position.bottom-right": "in basso a destra",
    "Menu.Notification.Position.mid-center": "medio medio",
    "Menu.Notification.Position.top-center": "in alto al centro",
    "Menu.Notification.Position.top-left": "a sinistra in alto",
    "Menu.Notification.Position.top-right": "in alto a destra",
    "Menu.OutP.Desc": "Panoramica delle risorse richieste per il tuo insediamento.",
    "Menu.OutP.DescWarningBuildings": "<em id='outPW' class='tooltip-error'>Disabilitato: controlla prima l'insediamento!</em><br> Panoramica delle risorse richieste per il tuo insediamento.",
    "Menu.OutP.DescWarningOutpostData": "<em id='outPW' class='tooltip-error'>Disabilitato: avvia un insediamento e ricarica il gioco (F5)",
    "Menu.OutP.Title": "Insediamento",
    "Menu.OwnpartCalculator.Desc": "Permette di calcolare i PF da investire sui tuoi GE e di copiare le posizioni coperte",
    "Menu.OwnpartCalculator.Title": "Calcolatore Auto-uppaggio GE",
    "Menu.OwnpartCalculator.Warning": "Disabilitato: apri prima uno dei tuoi grandi edifici!",
    "Menu.Productions.Desc": "Visualizza tutte le produzioni correnti.",
    "Menu.Productions.Title": "Panoramica della produzione",
    "Menu.RightBar": "Destra",
    "Menu.SaveMessage.Desc": "Il nuovo ordine del menu è stato salvato",
    "Menu.SaveMessage.Title": "Salvato!",
    "Menu.Settings.Desc": "Ecco alcune piccole impostazioni",
    "Menu.Settings.Title": "Impostazioni",
    "Menu.Stats.Desc": "Mostra statistiche di gioco su beni, unità, ricompense e Campi di Battaglia di Gilda",
    "Menu.Stats.Title": "Statistiche",
    "Menu.Technologies.Desc": "Calcola il costo per la ricerca",
    "Menu.Technologies.Title": "Tecnologie",
    "Menu.Technologies.Warning": "Disabilitato: apri prima il menu di ricerca!",
    "Menu.Unit.Desc": "Tutti i tuoi eserciti a colpo d'occhio",
    "Menu.Unit.Title": "Esercito",
    "Menu.Unit.Warning": "Apri la \"Gestione esercito\"<br> pulsante \"U\"!",
    "Menu.fpCollector.Desc": "Visualizza tutti i dettagli raccolti FP ordinati per tipo, data, da dove e quanti.",
    "Menu.fpCollector.Title": "Panoramica Esattore FP",
    "Menu.greatbuildings.Desc": "Quale GE per la produzione di PF dovresti aggiornare dopo?",
    "Menu.greatbuildings.Title": "Investimenti GE",
    "Quests.CounterTooltip.Content": "C'è un limite di 2000 missioni rifiutate al giorno",
    "Settings.About.Desc": "FoE Helper è un'estensione gratuita per Forge of Empires sviluppata per i giocatori, dai giocatori. Lo strumento non è affiliato con InnoGames.",
    "Settings.About.RatingDesc": "Se ti piace quello che vedi e cosa facciamo, lascia una buona recensione nello store!",
    "Settings.About.RatingTitle": "Dai un voto all'estensione",
    "Settings.About.Title": "Riguardo FoE Helper",
    "Settings.About.TranslateDesc": "Puoi aiutarci a tradurre l'estensione iscrivendoti alla nostra piattaforma di traduzione: ",
    "Settings.About.TranslateTitle": "Traduzione",
    "Settings.AutoOpenInfoBox.Desc": "L'Infobox dovrebbe aprirsi automaticamente una volta caricato il gioco?",
    "Settings.AutoOpenInfoBox.Title": "Apertura automatica Infobox",
    "Settings.AutomaticNegotiation.Desc": "Apri/Chiudi automaticamente l'assistente negoziazioni mentre si negozia? Non disponibile nei campi di battaglia fra gilde.",
    "Settings.AutomaticNegotiation.Title": "Assistente di negoziazione",
    "Settings.ChangeLanguage.Desc": "Scegli la tua lingua preferita dalla lista a cascata >",
    "Settings.ChangeLanguage.Title": "Cambia lingua",
    "Settings.Entry.About": "Riguardo",
    "Settings.Entry.AutoOpenInfoBox": "Infobox",
    "Settings.Entry.AutomaticNegotiation": "Assistente negoziazione",
    "Settings.Entry.ChangeLanguage": "Lingua",
    "Settings.Entry.ExportSettings": "Importa / Esporta",
    "Settings.Entry.GlobalSend": "Inseriti",
    "Settings.Entry.Help": "Aiuto",
    "Settings.Entry.MenuLength": "Lunghezza menu",
    "Settings.Entry.NotificationsPosition": "Notifica posizione",
    "Settings.Entry.ResetBoxPositions": "Coordinate finestra",
    "Settings.Entry.SelectedMenu": "Posizione Menu",
    "Settings.Entry.ShowBlueGalaxyHelper": "Blue Galaxy",
    "Settings.Entry.ShowEventChest": "Cassa evento",
    "Settings.Entry.ShowGuildTreasuryLogExport": "Esportazione tesoreria di gilda",
    "Settings.Entry.ShowInvestments": "Investimento PF",
    "Settings.Entry.ShowMapTradeWarning": "Blocca Negoziazioni",
    "Settings.Entry.ShowMarketFilter": "Filtro mercato",
    "Settings.Entry.ShowNotifications": "Notifiche",
    "Settings.Entry.ShowOwnPartOnAllGBs": "Calcolatrice GE",
    "Settings.Entry.Version": "Versione",
    "Settings.ExportImport.Error": "Questo file di impostazioni non è valido!",
    "Settings.ExportImport.Reload": "Il gioco si ricaricherà con le impostazioni importate.",
    "Settings.ExportSettings.Desc": "Salvataggio e ripristino delle impostazioni",
    "Settings.ExportSettings.Title": "Salvataggio e ripristino",
    "Settings.GlobalSend.Desc": "Se vuoi tracciare i dati con la tua gilda, attiva questo campo. <br> Per un'estensione autosufficiente, disattivalo.",
    "Settings.GlobalSend.Title": "Trasmissione a foe-helper.com",
    "Settings.Help.Desc": "Esistono diversi modi per ottenere supporto:",
    "Settings.Help.Discord": "Discord: unisciti al nostro server per generiche discussioni riguardo l'estensione, chat e supporto.",
    "Settings.Help.Forums": "Forums: vai qui per avere supporto e condividere idee, così come per riportare bug.",
    "Settings.Help.Github": "GitHub: per segnalazioni più tecniche, idee concrete e aiuto nello sviluppo.",
    "Settings.Help.Title": "Aiuto e comunità",
    "Settings.Help.Website": "Sito web: informazioni sull'estensione e documentazione delle sue funzionalità.",
    "Settings.InfoboxEntryCount.Desc": "Quanti elementi deve visualizzare e salvare l'Infobox?<br>Vuoto o \"0\" significa infinito.",
    "Settings.MenuContent.Desc": "Quali pulsanti vuoi nel menu?<br>Verde: mostra il pulsante. Rosso: non mostrare il pulsante.",
    "Settings.MenuLength.Desc": "Quanti elementi (lunghezza) dovrebbe contenere il menu? <br> Campo vuoto o \"0\" sceglierà in automatico.",
    "Settings.MenuLength.Title": "Lunghezza menu",
    "Settings.NotificationPosition.ToastTestBody": "Questa è la posizione che hai scelto.<br>Prima di testare la posizione successiva, attendi che questo messaggio scompaia.",
    "Settings.NotificationPosition.ToastTestHeader": "Anteprima Notifica",
    "Settings.NotificationsPosition.Desc": "Dove vuoi che le notifiche appaiano sullo schermo?",
    "Settings.NotificationsPosition.Title": "Posizione Notifica",
    "Settings.NotificationsStack.Desc": "Quanti messaggi informativi vuoi vedere contemporaneamente? Il valore predefinito è un massimo di 4.",
    "Settings.ResetBoxPositions.Button": "Elimina!",
    "Settings.ResetBoxPositions.Desc": "Tutte le preferenze devono essere ripristinate?",
    "Settings.ResetBoxPositions.Title": "Coordinate casella",
    "Settings.SelectedMenu.Desc": "Scegli il tuo menu preferito dall'elenco a discesa (il gioco si ricaricherà automaticamente)",
    "Settings.SelectedMenu.Title": "Cambia Menu",
    "Settings.Show2kQuestMark.Desc": "Mostra un piccolo badge con un contatore di quante missioni puoi ancora rifiutare.",
    "Settings.ShowBlueGalaxyHelper.Desc": "Visualizza uno strumento che suggerisce gli edifici da raccogliere dopo aver raccolto il tuo Blue Galaxy",
    "Settings.ShowGuildTreasuryLogExport.Desc": "Mostra uno strumento per esportare un file .csv quando si apre la finestra dello storico tesoreria di gilda",
    "Settings.ShowGuildTreasuryLogExport.Title": "Mostra lo strumento di esportazione storico tesoreria di gilda",
    "Settings.ShowInvestments.Desc": "Mostra le somme dei tuoi investimenti di PF quando apri la scheda 'Municipio'> 'Novità'> 'Grandi edifici'.",
    "Settings.ShowInvestments.Title": "Mostra le somme degli investimenti di PF",
    "Settings.ShowMapTradeWarning.Desc": "Visualizza una finestra che copre il pulsante \"Negozia\" nelle province per evitare clic accidentali ",
    "Settings.ShowMapTradeWarning.Title": "Blocca negoziato",
    "Settings.ShowMarketFilter.Desc": "Mostra lo strumento di filtrazione scambi quando si apre il mercato",
    "Settings.ShowMarketFilter.Title": "Mostra lo strumento filtrazione mercato",
    "Settings.ShowNotifications.Desc": "L'assistente utilizza le notifiche in vari punti. Puoi attivarlo o disattivarlo qui.",
    "Settings.ShowNotifications.Title": "Notifiche",
    "Settings.ShowOwnPartOnAllGBs.Desc": "Mostra la 'Calcolatrice GE' anche per grandi edifici degli altri giocatori",
    "Settings.ShowOwnPartOnAllGBs.Title": "Mostra la 'Calcolatrice GE' per tutti i GE",
    "Settings.ShowPlayersMotivation.Desc": "Le attività di motivazione devono essere monitorate quando vengono chiamati gli eventi?<br><br><em>Ricarica il gioco dopo la conversione</em>",
    "Settings.ShowPlayersMotivation.Title": "Attività Motivazione",
    "Settings.ShowRougeUnitWarning.Desc": "Mostra una finestra sopra i pulsanti \"Attacco\" o \"Battaglia automatica\" per evitare clic accidentali quando rimangono solo i furfanti dopo la prima ondata.<br>Se le unità di un'era superiore sono state uccise, questa finestra ti dà la possibilità di curarle con i diamanti .",
    "Settings.ShowRougeUnitWarning.Title": "Mostra gli assist in battaglia",
    "Settings.Tab.About": "Riguardo",
    "Settings.Tab.Boxes": "Finestre",
    "Settings.Tab.Extension": "Generale",
    "Settings.Tab.Sending": "Trasmissione dati",
    "Settings.Version.Desc": "I dati sotto possono essere evidenziati per essere copiati.",
    "Settings.Version.GuildId": "ID Gilda:",
    "Settings.Version.Link": "<a target='_blank' href='https://foe-helper.com/extension/update?v=__version__&lang=en'  class='game-cursor'>Ultimo Changelog</a>",
    "Settings.Version.PlayerId": "ID Giocatore:",
    "Settings.Version.Title": "Versione",
    "Settings.Version.World": "Mondo:",
    "StrategyPoints.BuyableFP": "Numero di punti forge che possono essere acquistati con le monete.",
    "_Language": "Italiano"
}
