﻿{
    "Boxes.Alerts.Form.Antiques.Auction": "Veiling",
    "Boxes.Alerts.Form.Antiques.Cooldown": "Veiling wachttijd",
    "Boxes.Alerts.Form.Antiques.Dealer": "Antiquair",
    "Boxes.Alerts.Form.Antiques.Exchange": "Dagelijkse Veilingen",
    "Boxes.Alerts.Form.Battleground": "GSP Provincies",
    "Boxes.Alerts.Form.Body": "Body",
    "Boxes.Alerts.Form.Create": "Toevoegen",
    "Boxes.Alerts.Form.CreateAlert": "Melding toevoegen",
    "Boxes.Alerts.Form.CreateAllSectors": "Maak aan voor alle sectoren",
    "Boxes.Alerts.Form.CreateNewAlert": "Maak nieuwe melding",
    "Boxes.Alerts.Form.Datetime": "Datum en tijd",
    "Boxes.Alerts.Form.Delete": "Verwijder",
    "Boxes.Alerts.Form.Discard": "Verwijder",
    "Boxes.Alerts.Form.Edit": "Wijzigen",
    "Boxes.Alerts.Form.EditAlert": "Wijzig melding",
    "Boxes.Alerts.Form.Expiration": "Opent over",
    "Boxes.Alerts.Form.Expired": "Afgelopen",
    "Boxes.Alerts.Form.Expires": "Loopt af",
    "Boxes.Alerts.Form.Neighborhood": "Buurt",
    "Boxes.Alerts.Form.Persistence": "Volharding",
    "Boxes.Alerts.Form.Persistence.Description": "Moet de melding open blijven tot de gebruiker kiest of op de melding klikt ?",
    "Boxes.Alerts.Form.Persistence.Off": "Uit",
    "Boxes.Alerts.Form.Persistence.On": "Aan",
    "Boxes.Alerts.Form.Persistent": "Aanhoudend",
    "Boxes.Alerts.Form.Preset.Now": "Nu",
    "Boxes.Alerts.Form.Presets": "Voorkeuren",
    "Boxes.Alerts.Form.Preview": "Voorbeeld",
    "Boxes.Alerts.Form.Repeat": "Herhaal",
    "Boxes.Alerts.Form.Repeat.Every": "of elke",
    "Boxes.Alerts.Form.Repeat.Never": "nooit",
    "Boxes.Alerts.Form.Save": "Bewaar",
    "Boxes.Alerts.Form.Tag": "Label",
    "Boxes.Alerts.Form.Tag.Description": "Labels kunnen worden gebruikt om meldingen te groeperen (een nieuwe melding met een bepaald label zal een oude melding met hetzelfde label overschrijven).",
    "Boxes.Alerts.Form.Title": "Titel",
    "Boxes.Alerts.Preferences.Auction.Info": "Maak automatisch een nieuwe notificatie aan als ik een bod doe op een veiling.",
    "Boxes.Alerts.Preferences.Auction.Title": "Antiekveiling",
    "Boxes.Alerts.Preferences.Battlegrounds.Info": "Verstuur direct een melding als er een hoge activiteit is in de Gildestrijdperken (bv. 10 gevechten in een enkele sector binnen 5 seconden). Deze functie werkt alleen als Gildestrijdperken is geopend in het spel!",
    "Boxes.Alerts.Preferences.Battlegrounds.Title": "Gildestrijdperk observeren",
    "Boxes.Alerts.Preferences.ComingSoon": "Binnenkort beschikbaar…  ",
    "Boxes.Alerts.Preferences.Early.Info": "Automatisch gegenereerde alarmen (Antiquair, gildestrijdperk, enz) kunnen een extra melding geven voordat de timer afloopt. Bijvoorbeeld, als je de instelling op 30 (seconden) zet, zal de Antiquair 30 seconden voor de aanbieding afloopt een melding geven!",
    "Boxes.Alerts.Preferences.Early.Title": "Vooraankondiging aflopen alarm",
    "Boxes.Alerts.Preferences.InGame.Info": "Toon notificaties in het spel in plaats van op je desktop (PC) als het spel open staat.",
    "Boxes.Alerts.Preferences.InGame.Title": "In-game Meldingen",
    "Boxes.Alerts.Preferences.MenuIcon.Info": "Toon het volgende alarm bovenop het icoon van het hoofdmenu",
    "Boxes.Alerts.Preferences.MenuIcon.Title": "Aftellen hoofdmenu",
    "Boxes.Alerts.Preferences.Start.Info": "Toon alle alarmen welke afliepen terwijl je offline was (sinds het spelvenster werd gesloten)",
    "Boxes.Alerts.Preferences.Start.Title": "Geef een overzicht van alle verlopen alarmen bij het inloggen",
    "Boxes.Alerts.Preferences.Suggestions.Info": "Toon suggesties voor alarmen (bijvoorbeeld, wanneer je klikt op een sector in strijdperken, of wanneer je productie ophaalt in een productiegebouw)",
    "Boxes.Alerts.Preferences.Suggestions.Title": "Alarm suggesties",
    "Boxes.Alerts.Tabs.Alerts": "Alarmen",
    "Boxes.Alerts.Tabs.Preferences": "Voorkeuren",
    "Boxes.Alerts.Time.15m": "15m",
    "Boxes.Alerts.Time.1d": "1d",
    "Boxes.Alerts.Time.1h": "1u",
    "Boxes.Alerts.Time.1m": "1m",
    "Boxes.Alerts.Time.4h": "4u",
    "Boxes.Alerts.Time.5m": "5m",
    "Boxes.Alerts.Time.8h": "8u",
    "Boxes.BattleAssist.Text.NextEra": "Je hebt 1 of meer hogere tijdperk (boven je huidige tijdperk) eenheden verloren, je kan deze NU nog genezen met diamanten!",
    "Boxes.BattleAssist.Text.Rogue": "Je leger bestaat uit alleen schurken. Genees eenheden met diamanten of trek je terug!",
    "Boxes.BattleAssist.Title": "Waarschuwing!",
    "Boxes.BlueGalaxy.Building": "Gebouw",
    "Boxes.BlueGalaxy.Done": "Klaar",
    "Boxes.BlueGalaxy.DoneIn": "Gereed binnen",
    "Boxes.BlueGalaxy.DoneProductionsTitle": "Suggestie: Verzamel deze gebouwen",
    "Boxes.BlueGalaxy.EstimatedBonus": "Verwachtte Bonus: __FP__ FP en __Goods__ goederen",
    "Boxes.BlueGalaxy.FP": "FP",
    "Boxes.BlueGalaxy.Goods": "Grondstoffen",
    "Boxes.BlueGalaxy.GoodsPerFP": "1 FP is gelijk aan __goods__ goederen",
    "Boxes.BlueGalaxy.GoodsValue": "Beoordelingswaarde van 1 grondstof (in FP)",
    "Boxes.BlueGalaxy.NoChargesLeft": "Geen Blauwe Melkweg bonus pogingen meer over!",
    "Boxes.BlueGalaxy.NoProductionsDone": "Er zijn geen FP producties die klaar zijn",
    "Boxes.BlueGalaxy.TTGoodsValue": "Deze waarde wordt gebruikt voor het rangschikken van gebouwen die grondstoffen produceren. Hoeveel FP is een grondstof waard voor jou?",
    "Boxes.BlueGalaxy.Title": "Blauwe Melkweg hulp",
    "Boxes.BonusService.aid_goods": "Aantal keer Helpen over uit Truce Tower",
    "Boxes.BonusService.diplomatic_gifts": "Aantal pogingen voor Diplomatieke geschenken over.",
    "Boxes.BonusService.donequests": "Toont afgeronde missies",
    "Boxes.BonusService.first_strike": "Aantal pogingen voor Eerste Slag over.",
    "Boxes.BonusService.missile_launch": "Aantal pogingen voor Raketlancering over.",
    "Boxes.BonusService.spoils_of_war": "Aantal pogingen voor Oorlogsbuit over.",
    "Boxes.Calculator.ActiveRecurringQuest": "Actieve herhalingsmissie:",
    "Boxes.Calculator.ArkBonus": "Huidige Arc Bonus",
    "Boxes.Calculator.AvailableFP": "Beschikbare FP",
    "Boxes.Calculator.BPs": "BD's",
    "Boxes.Calculator.Commitment": "Kosten",
    "Boxes.Calculator.Done": "Gereed",
    "Boxes.Calculator.FP": "FP",
    "Boxes.Calculator.FriendlyInvestment": "Investeringen bij:",
    "Boxes.Calculator.HelpLink": "https://foe-helper.com/docs/en/cost-calculator/",
    "Boxes.Calculator.LGNotConnected": "Het grootse gebouw is niet verbonden met een weg.",
    "Boxes.Calculator.LGNotOpen": "Het volgende niveau van dit GG is momenteel niet ontgrendeld.",
    "Boxes.Calculator.LevelWarning": "OPGELET: Dit levelt het GG!",
    "Boxes.Calculator.MaxLevel": "Max niveau",
    "Boxes.Calculator.Meds": "Medailles",
    "Boxes.Calculator.Profit": "Winst",
    "Boxes.Calculator.Settings.Save": "Opslaan",
    "Boxes.Calculator.Settings.newValue": "Nieuwe Waarde",
    "Boxes.Calculator.Step": "Niveau ",
    "Boxes.Calculator.TTForderCosts": "Kosten = __nettoreward__<small>(netto beloning)</small> * __forderfactor__%<small>(investering)</small> = __costs__",
    "Boxes.Calculator.TTForderFPStockLow": "LET OP: FP voorraad is te laag<br>Je hebt maar __fpstock__ van de __costs__FP<br>Dat zijn __tooless__FP te weinig",
    "Boxes.Calculator.TTForderNegativeProfit": "Plek is niet veilig. Er moeten hiervoor nog __fpcount__ extra FP worden gestort.<br>Totaal voor een veilige plek: __totalfp__FP",
    "Boxes.Calculator.TTLevelWarning": "__fpcount__FP's passen er niet in.<br>Maximale storting: __totalfp__FP's",
    "Boxes.Calculator.TTLoss": "Beloning=__nettoreward__ <small>(Net Reward)</small> X __arcfactor__% <small>(Arc Bonus)</small> = __bruttoreward__<br>Kosten: __costs__ - Plaats beveilgd aan: __safe__<br>Verlies= __costs__ <small>(Cost)</small> - __bruttoreward__ <small>(Reward)</small> = __loss__",
    "Boxes.Calculator.TTLossSelf": "Beloning = __nettoreward__<small>(netto beloning)</small> * __arcfactor__%<small>(Arc bonus)</small> = __bruttoreward__<br>Gestort: __paid__<br>Verlies = __paid__<small>(paid)</small> - __bruttoreward__<small>(reward)</small> = __loss__",
    "Boxes.Calculator.TTPaidTooLess": "Je hebt __paid__FP gestort i.p.v. __topay__FP. Dat is __tooless__FP te weinig.",
    "Boxes.Calculator.TTPaidTooMuch": "Je hebt __paid__FP gestort i.p.v. __topay__FP. Dat is __toomuch__FP te veel.",
    "Boxes.Calculator.TTProfit": "Beloning= __nettoreward__ <small>(Net Reward)</small> X __arcfactor__% <small>(Arc Bonus)</small> = __bruttoreward__<br>Kosten: __costs__ - Plaats beveiligd aan: __safe__<br>Winst = __bruttoreward__ <small>(Reward)</small> - __costs__ <small>(Cost)</small> = __profit__",
    "Boxes.Calculator.TTProfitSelf": "Beloning = __nettoreward__<small>(netto beloning)</small> * __arcfactor__%<small>(Arc bonus)</small> = __bruttoreward__<br>Gestort: __paid__<br>Winst = __bruttoreward__<small>(beloning)</small> - __paid__<small>(gestort)</small> = __profit__",
    "Boxes.Calculator.Title": "FP-calculator",
    "Boxes.Calculator.Up2LevelUp": "Nog te storten",
    "Boxes.Campagne.AlreadyDone": " Reeds veroverd! Goed gedaan :)",
    "Boxes.Campagne.DescInStock": "Beschikbaar",
    "Boxes.Campagne.DescRequired": "Aantal",
    "Boxes.Campagne.DescStillMissing": "<span style='color:#29b206'>Overschot</span> / <span style='color:#ff4040'>Tekort</span>",
    "Boxes.Campagne.Resource": "Benodigdheden",
    "Boxes.Campagne.Reward": "Totale beloning ",
    "Boxes.Campagne.Title": "Veroveringskosten voor ",
    "Boxes.CityMap.CavalierPerspecitve": "Vogelperspectief",
    "Boxes.CityMap.CopyMetaInfos": "Stadsindeling data kopiëren",
    "Boxes.CityMap.Desc1": "Om je stad beter te kunnen plannen, moeten we je gegevens naar foe-helper.com versturen.",
    "Boxes.CityMap.FreeArea": "Beschikbare oppervlakte: ",
    "Boxes.CityMap.HighlightOldBuildings": "Accentueer lagere tijdperk gebouwen",
    "Boxes.CityMap.NormalPerspecitve": "Standaard",
    "Boxes.CityMap.ShowSubmitBox": "Toon Zend knop",
    "Boxes.CityMap.Submit": "Verzenden",
    "Boxes.CityMap.SubmitError": "De data van jouw stad kon niet worden verzonden naar de server. Meld deze melding aub rechtstreeks bij ",
    "Boxes.CityMap.SubmitErrorHeader": "Fout opgetreden",
    "Boxes.CityMap.SubmitSuccess": "Gegevens zijn succesvol verstuurd ... Bezoek nu ",
    "Boxes.CityMap.SubmitSuccessHeader": "Verzonden",
    "Boxes.CityMap.TitleSend": "Gegevens verzenden",
    "Boxes.CityMap.ToastBodyCopyData": "Jouw stad data is nu op het klembord",
    "Boxes.CityMap.ToastHeadCopyData": "Gekopieerd!",
    "Boxes.CityMap.WholeArea": "Volledige oppervlakte: ",
    "Boxes.CityMap.YourCity": "Jouw stad",
    "Boxes.CityMap.clan_power_production": "Gilde Macht productie",
    "Boxes.CityMap.culture": "Culturele gebouwen",
    "Boxes.CityMap.decoration": "Decoraties",
    "Boxes.CityMap.goods": "Goederen Gebouwen",
    "Boxes.CityMap.greatbuilding": "Grootse Gebouwen",
    "Boxes.CityMap.main_building": "Gemeentehuis",
    "Boxes.CityMap.military": "Militaire Gebouwen",
    "Boxes.CityMap.production": "Productie gebouwen",
    "Boxes.CityMap.random_production": "Willekeurige producties",
    "Boxes.CityMap.residential": "Woongebouwen",
    "Boxes.CityMap.street": "Wegen",
    "Boxes.CityMap.tower": "Torens",
    "Boxes.Citymap.Efficiency": "Efficiëntie",
    "Boxes.CloseBox.BoxAlignment": "Box uitlijning",
    "Boxes.CloseBox.ButtonSize": "Afmeting knop",
    "Boxes.CloseBox.CloseAllButton": "Alles sluiten knop",
    "Boxes.CloseBox.ExcludeFromClosing": "Uitsluiten van sluiten",
    "Boxes.CloseBox.HideAllButton": "Verberg alle knoppen",
    "Boxes.CloseBox.Horizontal": "horizontaal",
    "Boxes.CloseBox.Vertical": "verticaal",
    "Boxes.CloseBox.View": "weergave",
    "Boxes.DBExport.Compression": "compressie",
    "Boxes.DBExport.Description": "Omschrijving",
    "Boxes.DBExport.Export": "Exporteer",
    "Boxes.DBExport.ExportData": "exporteer data",
    "Boxes.DBExport.Import": "Importeer",
    "Boxes.DBExport.ImportDescription": "Klik hier of sleep een geëxporteerd JSON bestand / Zip archief naar dit veld om te data te importeren.",
    "Boxes.DBExport.ImportFileError": "Dit bestand kan niet worden verwerkt of is niet in het juiste formaat.",
    "Boxes.DBExport.ImportPartlySuccessful": "De import is beëindigd met errors. Herlaad het spel.",
    "Boxes.DBExport.ImportSuccessful": "De import is succesvol afgerond. Herlaad alsjeblieft het spel .",
    "Boxes.DBExport.LocalSettings": "Lokale instellingen",
    "Boxes.DBExport.Records": "Rijen",
    "Boxes.DBExport.ReloadPage": "Herlaad de pagina",
    "Boxes.DBExport.Tables": "Tabellen",
    "Boxes.DBExport.Title": "Data exporteer/importeer Tool",
    "Boxes.DBExport.Type": "Type",
    "Boxes.DBExport.WrongDBPlayerID": "Het spelers ID uit de te importeren DB komt niet overeen met het huidige account.",
    "Boxes.DBExport.WrongDBWorld": "De wereld uit de te importeren DB komt niet overeen met het huidige account.",
    "Boxes.EventChests.Chance": "Kans",
    "Boxes.EventChests.Cost": "Kosten",
    "Boxes.EventChests.CostPerPrize": "Kosten/Prijs",
    "Boxes.EventChests.CostPerStep": "Kosten/Stap",
    "Boxes.EventChests.MainPrize": "Hoofdprijs",
    "Boxes.EventChests.MainPrizeTitle": "Dagprijs: ",
    "Boxes.EventChests.Steps": "Stappen",
    "Boxes.EventChests.Title": "Event Kist Selectie assistent",
    "Boxes.FPCollector.Guildexpedition": "Gilde expeditie",
    "Boxes.FPCollector.Guildfights": "Gilde gevechten",
    "Boxes.FPCollector.Mainmap": "Hoofdkaart",
    "Boxes.FPCollector.NoEntriesFound": "Nog geen invoer gevonden…",
    "Boxes.FPCollector.TotalFP": "Totaal aantal FP opgehaald:",
    "Boxes.FPCollector.What": "Wat?",
    "Boxes.FPCollector.Where": "Waar?",
    "Boxes.FPCollector.Who": "Wie?",
    "Boxes.FPCollector.antiquesDealer": "Antiquair",
    "Boxes.FPCollector.archeologyEvent": "Archeologie Evenement Vaas",
    "Boxes.FPCollector.archeologyEventAutoCollect": "Archeologie Evenement Vaas",
    "Boxes.FPCollector.battlegrounds_conquest": "GSP (na onderhandeling of gevecht)",
    "Boxes.FPCollector.card_duel": "Voetbal Cup - Kaarten Duel",
    "Boxes.FPCollector.chest": "GE beloning",
    "Boxes.FPCollector.chestEvent": "Event beloning",
    "Boxes.FPCollector.chestEventGrandPrize": "Evenement competitie resultaten",
    "Boxes.FPCollector.collectReward": "Beloning",
    "Boxes.FPCollector.dailyChallenges": "Dagelijkse uitdaging",
    "Boxes.FPCollector.diplomaticGifts": "Ruimtevrachtschip - Diplomatiek Geschenk",
    "Boxes.FPCollector.double_collection": "De Blauwe Melkweg (x2)",
    "Boxes.FPCollector.guildExpedition": "GE Reliek",
    "Boxes.FPCollector.hiddenReward": "Verborgen Beloning",
    "Boxes.FPCollector.leagueReward": "Divisie Beloning",
    "Boxes.FPCollector.pickupProduction": "Stadgebouw Collectie",
    "Boxes.FPCollector.plunderReward": "Plunderbeloning",
    "Boxes.FPCollector.pvp_arena": "PVP Arena",
    "Boxes.FPCollector.reward_calendar": "Evenement - Kalender",
    "Boxes.FPCollector.satDown": "Taveernebezoeken",
    "Boxes.FPCollector.spoilsOfWar": "Himeji Castle (Oorlogsbuit)",
    "Boxes.FPCollector.st_patricks_event_grand_prize": "St. Patrick's Day - Hoofdprijs",
    "Boxes.FPCollector.st_patricks_task_reward": "St. Patrick's Day - Taak beloning",
    "Boxes.FPCollector.wildlife_event": "Fauna Event",
    "Boxes.FPCollector.winterEvent": "Winter Evenement",
    "Boxes.FPCollector.winterEventGrandPrize": "Winter Evenement - Hoofdprijs",
    "Boxes.General.Export": "Exporteren",
    "Boxes.General.ExportCSV": "Exporteer als CSV",
    "Boxes.General.ExportJSON": "Exporteer als jSON",
    "Boxes.General.Save": "Opslaan",
    "Boxes.GexStat.CompareLast": "Vergelijk vorige",
    "Boxes.GexStat.Course": "Parcours",
    "Boxes.GexStat.DeleteDataOlderThan": "verwijder data ouder dan",
    "Boxes.GexStat.Encounters": "Ontmoetingen",
    "Boxes.GexStat.ExportLast": "Exporteer vorige",
    "Boxes.GexStat.General": "Algemeen",
    "Boxes.GexStat.Gex": "GE",
    "Boxes.GexStat.Level": "niveau",
    "Boxes.GexStat.Member": "lid",
    "Boxes.GexStat.MemberParticipation": "Leden deelname",
    "Boxes.GexStat.Never": "nooit",
    "Boxes.GexStat.Participant": "Deelnemer",
    "Boxes.GexStat.ParticipationNoData": "Geen data gevonden<br/>Ga naar het \"Bijdrage aan Gilde Expeditie\" scherm in de Gilde Expeditie om de data te vernieuwen.",
    "Boxes.GexStat.Player": "Speler",
    "Boxes.GexStat.Points": "Punten",
    "Boxes.GexStat.Rank": "rang",
    "Boxes.GexStat.Ranking": "Rangorde",
    "Boxes.GexStat.ResultsNoData": "Geen data gevonden<br/>Ga naar het \"Bijdrage aan Gilde Expeditie\" scherm in de Gilde Expeditie om de data te vernieuwen.",
    "Boxes.GexStat.Rounds": "ronden",
    "Boxes.GexStat.Save": "Opslaan",
    "Boxes.GexStat.ShowAxisLabel": "toon assen label",
    "Boxes.GexStat.Title": "GE Statistieken",
    "Boxes.GexStat.Week": "week",
    "Boxes.GexStat.Weeks": "weken",
    "Boxes.GreatBuildings.ArcBonus": "Vriendelijke investering",
    "Boxes.GreatBuildings.Attack": "% Aanval",
    "Boxes.GreatBuildings.AttackPerFP": "1 FP is gelijk aan __percent__% bonus voor je aanvallend leger",
    "Boxes.GreatBuildings.AttackValue": "Waardering van 1% bonus voor je aanvallende leger (in FP)",
    "Boxes.GreatBuildings.BreakEven": "Break-even in",
    "Boxes.GreatBuildings.BreakEvenTT": "Het duurt __days__ dagen totdat de investering van __costs__ FP is terugverdient bij een dagelijkse productie van __fpproduction__ FP/dag",
    "Boxes.GreatBuildings.BreakEvenTTAttack": "Het duurt __days__ dagen totdat de investering van __costs__ FP is terugverdient bij een dagelijkse productie van __fpproduction__ FP/dag en __attackproduction__ % aanvalsbonus (gelijk aan __attackproduction__ * __attackvalue__ = __attackproductionvalue__ FP/dag)",
    "Boxes.GreatBuildings.BreakEvenTTGoods": "Het duurt __days__ dagen totdat de investering van __costs__ FP is terugverdient bij een dagelijkse productie vanf __fpproduction__ FP/dag en __goodsproduction__ goederen/dag (gelijk aan __goodsproduction__ * __goodsvalue__ = __goodsproductionvalue__ FP/dag)",
    "Boxes.GreatBuildings.BreakEvenTTGoodsAttack": "Het duurt __days__ dagen totdat de investering van __costs__ FP is terugverdient bij een dagelijkse productie van __fpproduction__ FP/dag, __goodsproduction__ goederen/dag (gelijk aan __goodsproduction__ * __goodsvalue__ = __goodsproductionvalue__ FP/dag) en __attackproduction__ % aanvalsbonus (gelijk aan __attackproduction__ * __attackvalue__ = __attackproductionvalue__ FP/dag)",
    "Boxes.GreatBuildings.BreakEvenUnit": "__days__ dagen",
    "Boxes.GreatBuildings.Costs": "Kosten",
    "Boxes.GreatBuildings.DailyFP": "Dagelijkse FP",
    "Boxes.GreatBuildings.DailyGoods": "Dagelijkse goederen",
    "Boxes.GreatBuildings.FPCostGoods": "FP Kost voor goederen",
    "Boxes.GreatBuildings.FPPerTile": "Nieuwe gebouwen: Dagelijkse FP/grondvlakje van vervangen gebouwen",
    "Boxes.GreatBuildings.GoodsPerFP": "1 FP is gelijk aan __goods__ goederen",
    "Boxes.GreatBuildings.GoodsValue": "Waardering van 1 __eraname__ goed (in FP)",
    "Boxes.GreatBuildings.GreatBulding": "Groots Gebouw",
    "Boxes.GreatBuildings.HelpLink": "https://foe-helper.com/docs/en/gb-investments/",
    "Boxes.GreatBuildings.HideNewGBs": "Verberg niet gebouwde GG's",
    "Boxes.GreatBuildings.Level": "Niveau",
    "Boxes.GreatBuildings.NewGBCostsTT": "Inclusief goederenkosten om het GG te bouwen, gewaardeerd op __goodcosts__ FP",
    "Boxes.GreatBuildings.NewGBFPProductionTT": "__tiles__ * __fppertile__ = __opcost__ FP zijn afgetrokken. Deze zijn verloren gegaan door het verwijderen van andere FP producerende gebouwen om ruimte te maken voor __tiles__ grondvlakjes om het GG te bouwen.",
    "Boxes.GreatBuildings.RewardPerDay": "Arc: FP beloning/dag van andere spelers",
    "Boxes.GreatBuildings.ShowAttack": "Meetellen aanvalsbonus",
    "Boxes.GreatBuildings.ShowGoods": "Overweeg goederen productie",
    "Boxes.GreatBuildings.SuggestionDescription": "Gebouwen bovenaan de lijst leveren de meeste waarde",
    "Boxes.GreatBuildings.SuggestionTitle": "FP Grootse Gebouwen winst tegenover investering vergeleken",
    "Boxes.GreatBuildings.TTAttackValue": "Deze waarde wordt gebruikt voor de beoordeling van gebouwen die aanvals- of verdedigingsbonus voor je aanvallend leger opleveren. Hoeveel FP is 1% bonus jouw waard ?",
    "Boxes.GreatBuildings.TTFPPerTile": "Hoeveel dagelijkse FPs per grondvlakje verloren gaan door plaats te maken voor een nieuw Groots Gebouw? Bijvoorbeeld: Je verwijdert enkele kennisaltaars om een Groots Gebouw te bouwen=> 1FP/4 grondvlakjes = 0,25FP/grondvlakje",
    "Boxes.GreatBuildings.TTGoodCosts": "Je hebt dit groots gebouw nog niet gebouwd. Dit zijn de FP kosten voor het kopen van de benodigde goederen",
    "Boxes.GreatBuildings.TTGoodCostsColumn": "Toont de FP kosten voor het kopen van de benodigde goederen (geldt enkel voor nog niet gebouwde GG's)",
    "Boxes.GreatBuildings.TTGoodsValue": "Deze waarde wordt gebruikt om een ranglijst te maken van goederen producerende gebouwen. Op hoeveel FP waardeer jij één goed?",
    "Boxes.GreatBuildings.TTRewardPerDay": "Optioneel: Hoeveel FP beloningen krijg je per dag? Deze informatie wordt gebruikt om de winstgevendheid te berekenen voor extra Arc levels. Om een idee te krijgen ga naar Stadhuis > Nieuws > Gebeurtenissen overzicht en blader door de pagina's",
    "Boxes.GreatBuildings.Title": "GG Investeringen Overzicht",
    "Boxes.GuildFights.CopyToClipBoard.Desc": "Aanvalstijden voor de geselecteerde provincies is gekopieerd.",
    "Boxes.GuildFights.CopyToClipBoard.Title": "Gekopieerd!",
    "Boxes.GuildFights.Count": "in",
    "Boxes.GuildFights.Date": "Datum",
    "Boxes.GuildFights.DeleteAlert": "Verwijder waarschuwing",
    "Boxes.GuildFights.DeleteMessage.Desc": "De melding voor provincie __provinceName__ is verwijderd!",
    "Boxes.GuildFights.DeleteMessage.Title": "Verwijderd!",
    "Boxes.GuildFights.Fights": "Gevechten",
    "Boxes.GuildFights.LastSnapshot": " - Laatste snapshot: __time__ geleden",
    "Boxes.GuildFights.Negotiations": "Onderhandelingen",
    "Boxes.GuildFights.NoOwner": "Nog geen eigenaar",
    "Boxes.GuildFights.Owner": "Eigenaar",
    "Boxes.GuildFights.Player": "Speler",
    "Boxes.GuildFights.Progress": "Vooruitgang",
    "Boxes.GuildFights.ProgressFilterDesc": "Filtert alle leden met nieuwe activiteit.",
    "Boxes.GuildFights.Province": "Provincie",
    "Boxes.GuildFights.SaveAlert": "Provincie __provinceName__ ontgrendelt",
    "Boxes.GuildFights.SaveMessage.Desc": "Alarm voor __provinceName__ is opgeslagen!",
    "Boxes.GuildFights.SaveMessage.Title": "Opgeslagen!",
    "Boxes.GuildFights.SaveSettings": "Opslaan",
    "Boxes.GuildFights.SetAlert": "Zet alarm",
    "Boxes.GuildFights.ShowLogButton": "Toon snapshot log knop",
    "Boxes.GuildFights.ShowOwner": "Laat gildes zien",
    "Boxes.GuildFights.ShowProgressFilter": "Toon voortgang filter",
    "Boxes.GuildFights.ShowRoundSelector": "Toon GSP selectie",
    "Boxes.GuildFights.SnapshotLog": "Snapshot Log",
    "Boxes.GuildFights.Time": "om",
    "Boxes.GuildFights.Title": "Spelersoverzicht",
    "Boxes.GuildFights.Total": "Totaal",
    "Boxes.GuildMemberStat.AutoStartOnUpdate": "open overzicht na update",
    "Boxes.GuildMemberStat.Available": "Beschikbaar",
    "Boxes.GuildMemberStat.Battles": "Gevechten",
    "Boxes.GuildMemberStat.CalendarWeek": "kalender week",
    "Boxes.GuildMemberStat.ChangeView": "Verander perspectief",
    "Boxes.GuildMemberStat.ConfirmNo": "Nee",
    "Boxes.GuildMemberStat.ConfirmYes": "Ja",
    "Boxes.GuildMemberStat.Date": "Datum",
    "Boxes.GuildMemberStat.Days": "dagen",
    "Boxes.GuildMemberStat.DeleteDataWarning": "Als je opgeslagen data verwijdert, kan dit niet hersteld worden.",
    "Boxes.GuildMemberStat.DeleteExMembersAfter": "verwijder ex-gildeleden na",
    "Boxes.GuildMemberStat.DeleteGBGRound": "verwijder GSP ronde",
    "Boxes.GuildMemberStat.DeleteInactivityWarning": "verwijder inactiviteit waarschuwing",
    "Boxes.GuildMemberStat.EndDate": "Einddatum",
    "Boxes.GuildMemberStat.EraTreasuryGoods": "voorraad gildekas goederen van het tijdperk",
    "Boxes.GuildMemberStat.Eras": "Tijdperken",
    "Boxes.GuildMemberStat.FpForLevelUp": "FP voor volgend level",
    "Boxes.GuildMemberStat.GBFRound": "GSP ronde",
    "Boxes.GuildMemberStat.GEXWeek": "GE Week",
    "Boxes.GuildMemberStat.GbgParticipation": "Gilde Strijdperken deelname",
    "Boxes.GuildMemberStat.GexGbgDateFormat": "GE/GSP datum formaat",
    "Boxes.GuildMemberStat.GexParticipation": "Gilde Expeditie deelname",
    "Boxes.GuildMemberStat.GotIt": "Ik snap het!",
    "Boxes.GuildMemberStat.GreatBuildings": "Grootse Gebouwen",
    "Boxes.GuildMemberStat.GuildBuildingNotification": "Bezoek de steden van leden om de gebouw statistieken bij te werken.",
    "Boxes.GuildMemberStat.GuildBuildings": "Gilde Gebouwen",
    "Boxes.GuildMemberStat.GuildGoods": "Gildekas Goederen",
    "Boxes.GuildMemberStat.GuildMembers": "Gildeleden",
    "Boxes.GuildMemberStat.GuildMessages": "Aantal berichten in het gilde berichtencentrum",
    "Boxes.GuildMemberStat.GuildPower": "Gildemacht",
    "Boxes.GuildMemberStat.GuildSupportBuildings": "Gilde ondersteunende gebouwen",
    "Boxes.GuildMemberStat.GuildTreasuryNotification": "Bezoek het tabblad Gildekas in het gildeprofiel om de goederen in de gildekas van jouw gilde bij te werken.",
    "Boxes.GuildMemberStat.Inactivity": "Inactiviteit",
    "Boxes.GuildMemberStat.Instantly": "onmiddellijk",
    "Boxes.GuildMemberStat.LastUpdate": "laatst bijgewerkt",
    "Boxes.GuildMemberStat.Level": "Level",
    "Boxes.GuildMemberStat.MaxLevel": "Maximum level",
    "Boxes.GuildMemberStat.Member": "Lid",
    "Boxes.GuildMemberStat.MemberActiviy": "Leden activiteit",
    "Boxes.GuildMemberStat.MemberLeavedGuild": "Speler is geen lid meer van de gilde.",
    "Boxes.GuildMemberStat.MemberWithoutGB": "Leden zonder __greatbuilding__",
    "Boxes.GuildMemberStat.MinLevel": "Minimum niveau",
    "Boxes.GuildMemberStat.Negotiations": "Onderhandelingen",
    "Boxes.GuildMemberStat.Never": "nooit",
    "Boxes.GuildMemberStat.Points": "Punten",
    "Boxes.GuildMemberStat.ProducedTreasuryGoods": "geproduceerd door gilde gebouwen",
    "Boxes.GuildMemberStat.Rank": "Rang",
    "Boxes.GuildMemberStat.ResetMessageCounter": "reset berichten teller",
    "Boxes.GuildMemberStat.Search": "Zoek",
    "Boxes.GuildMemberStat.ShowBattlesWon": "Toon gevechtspunten",
    "Boxes.GuildMemberStat.ShowDeletedMembers": "toon ex-leden",
    "Boxes.GuildMemberStat.ShowSearchbar": "toon zoekvak",
    "Boxes.GuildMemberStat.ShowZeroValues": "toon 0-waarden (GE/GSP)",
    "Boxes.GuildMemberStat.StartDate": "Startdatum",
    "Boxes.GuildMemberStat.Title": "Gildeleden Overzicht",
    "Boxes.GuildMemberStat.TotalGuildGoods": "Totaal van alle goederen",
    "Boxes.GuildMemberStat.TotalGuildPower": "Totaal gildemacht",
    "Boxes.GuildMemberStat.TreasuryGoods": "Gildekas Goederen",
    "Boxes.GuildMemberStat.UnlockedLevel": "Ontgrendel niveau",
    "Boxes.GvGMap.Action.Drag": "Sleep",
    "Boxes.GvGMap.Action.Edit": "Bewerken",
    "Boxes.GvGMap.Action.Zoom": "Zoom",
    "Boxes.GvGMap.Guild.Name": "Gilde",
    "Boxes.GvGMap.Guild.Power": "Macht",
    "Boxes.GvGMap.Guild.Sectors": "Sectoren",
    "Boxes.GvGMap.Guilds": "Gildes",
    "Boxes.GvGMap.Log": "Log",
    "Boxes.GvGMap.Log.Explanation": "Dit log wordt gevuld met acties die plaatsvinden terwijl je actief bent op de GvG kaart.De informatie wordt (op dit moment) niet opgeslagen. Je kan filteren op van alles: een sector, een gildenaam, een actie, je eigen spelersnaam.",
    "Boxes.GvGMap.Log.Info": "Info",
    "Boxes.GvGMap.Log.NPC": "NPC",
    "Boxes.GvGMap.Log.Sector": "Sector",
    "Boxes.GvGMap.Log.UnknownGuild": "Onbekend Gilde",
    "Boxes.GvGMap.Log.clan_defeated": "Gilde verslagen",
    "Boxes.GvGMap.Log.defender_damaged": "Verdediging Beschadigd",
    "Boxes.GvGMap.Log.defender_defeated": "Verdediging Verslagen",
    "Boxes.GvGMap.Log.defender_deployed": "Verdediging geplaatst",
    "Boxes.GvGMap.Log.defender_replaced": "Verdediging vervangen",
    "Boxes.GvGMap.Log.headquarter_placed": "HQ verplaatst",
    "Boxes.GvGMap.Log.sector_conquered": "Sector veroverd",
    "Boxes.GvGMap.Log.sector_independence_granted": "Onafhankelijkheid verleend",
    "Boxes.GvGMap.Log.sector_slot_unlocked": "Slot geopend",
    "Boxes.GvGMap.Log.siege_damaged": "Belegering beschadigd",
    "Boxes.GvGMap.Log.siege_defeated": "Belegering verslagen",
    "Boxes.GvGMap.Log.siege_deleted": "Belegering verwijderd",
    "Boxes.GvGMap.Log.siege_deployed": "Belegering gezet",
    "Boxes.GvGMap.Sector.Coords": "Coördinaten",
    "Boxes.GvGMap.Sector.Hitpoints": "Levenspunten",
    "Boxes.GvGMap.Sector.Power": "Macht",
    "Boxes.GvGMap.Sector.Protected": "Sector is beschermd",
    "Boxes.GvGMap.Title": "GvG Kaart",
    "Boxes.HiddenRewards.Disappears": "Verdwijnt",
    "Boxes.HiddenRewards.HelpLink": "https://foe-helper.com/docs/2/incidents",
    "Boxes.HiddenRewards.NoEvents": "Geen incidenten aanwezig.",
    "Boxes.HiddenRewards.Title": "Incidenten overzicht",
    "Boxes.Infobox.Filter": "Filter",
    "Boxes.Infobox.FilterAuction": "Veiling",
    "Boxes.Infobox.FilterGex": "GE",
    "Boxes.Infobox.FilterGuildFights": "Gildegevechten",
    "Boxes.Infobox.FilterLevel": "GG",
    "Boxes.Infobox.FilterMessage": "Bericht",
    "Boxes.Infobox.FilterTrade": "Handel",
    "Boxes.Infobox.Messages.Auction": "<strong>__player__</strong> heeft zonet __amount__ munten geboden.",
    "Boxes.Infobox.Messages.GEX": "<strong>__player__</strong> heeft zojuist __points__ punten behaald in GE.",
    "Boxes.Infobox.Messages.GildFightOccupied": "Provincie <span style=\"color:#ffb539\">__provinceName__</span> is veroverd door <span style=\"color:__attackerColor__;text-shadow: 0 1px 1px __attackerShadow__\">__attackerName__</span> en is vergrendeld tot __untilOccupied__.",
    "Boxes.Infobox.Messages.LevelUp": "__player__'s __building__ heeft niveau __level__ bereikt.<br>Je hebt plaats <strong>__rank__</strong> behaald en ontving <strong>__fps__</strong> FP terug.",
    "Boxes.Infobox.Messages.MsgBuilding": "__building__ - Niveau __level__",
    "Boxes.Infobox.Messages.Trade": "<strong>__player__</strong> heeft jouw aanbieding __offerValue__ __offer__ for __needValue__ __need__ geaccepteerd.",
    "Boxes.Infobox.Messages.Welcome": "Welkom in de <strong>Infobox</strong>! Terwijl dit venster openstaat zal het opvullen met achtergrondinformatie (zoals chat berichten, aanvallen in GSP en biedingen in de veiling)",
    "Boxes.Infobox.ResetBox": "Venster opschonen",
    "Boxes.Infobox.Title": "Infovenster",
    "Boxes.Infobox.UnknownConversation": "Onbekende conversatie",
    "Boxes.Investment.AllUpToDate": "Alles is up-to-date",
    "Boxes.Investment.AllUpToDateDesc": "Deze informatie is al eerder bijgewerkt",
    "Boxes.Investment.CurrReward": "Huidige winst: ",
    "Boxes.Investment.DateParseError": "Fout tijdens verwerken van de datum",
    "Boxes.Investment.DateParseErrorDesc": "De datumwaarde \"__InvalidDate__\" kon niet verwerkt worden",
    "Boxes.Investment.HiddenGB": "Verborgen GG",
    "Boxes.Investment.InvestBar": "Geïnvesteerde FP: ",
    "Boxes.Investment.Overview.AdditionalColumns": "Extra kolommen",
    "Boxes.Investment.Overview.Blueprints": "BD's",
    "Boxes.Investment.Overview.Building": "Gebouw",
    "Boxes.Investment.Overview.DateOfIncrease": "Datum van toename",
    "Boxes.Investment.Overview.DateOfIncreaseDesc": "Datum en tijd van de laatste vastgelegde inleg in het GG",
    "Boxes.Investment.Overview.EntryTime": "Invoer Tijd",
    "Boxes.Investment.Overview.EntryTimeDesc": "Wanneer vond de eerste storting plaats?",
    "Boxes.Investment.Overview.HideGB": "Verberg GG voor gebruik in de berekening en de lijst.",
    "Boxes.Investment.Overview.Invested": "Geïnvesteerd",
    "Boxes.Investment.Overview.InvestedDesc": "Aantal geïnvesteerde FP's",
    "Boxes.Investment.Overview.Medals": "Medailles",
    "Boxes.Investment.Overview.MedalsProfit": "Medaille winst",
    "Boxes.Investment.Overview.Player": "Speler",
    "Boxes.Investment.Overview.Profit": "Winst",
    "Boxes.Investment.Overview.ProfitDesc": "behaalde winst, geel = Plek niet veilig, rood/groen = veilig met Verlies/Winst",
    "Boxes.Investment.Overview.Progress": "Voortgang",
    "Boxes.Investment.Overview.RemainingFP": "resterende FP's",
    "Boxes.Investment.Overview.RestFP": "Resterende FP",
    "Boxes.Investment.Overview.RestFPDesc": "Overblijvend aantal FP's tot level up",
    "Boxes.Investment.Overview.SettingsEntryTime": "Tijdstip",
    "Boxes.Investment.Overview.SettingsHiddenGB": "toon verborgen GG",
    "Boxes.Investment.Overview.SettingsRestFP": "Resterende FP",
    "Boxes.Investment.Overview.SettingsSave": "Opslaan",
    "Boxes.Investment.Overview.SettingsUnsafeCalc": "Bereken alleen veilige winst/verlies",
    "Boxes.Investment.PlayerFound": "Nieuwe gebeurtenissen gevonden!",
    "Boxes.Investment.PlayerFoundCount": "__count__ nieuwe speler gebeurtenissen opgeslagen",
    "Boxes.Investment.PlayerFoundCounter": "__count__ nieuwe speler gebeurtenissen gevonden.",
    "Boxes.Investment.Rank": "Rang",
    "Boxes.Investment.Safe": "veilig",
    "Boxes.Investment.Title": "Je FP investerings overzicht",
    "Boxes.Investment.TotalFP": "Voorraad + in omloop + winst: ",
    "Boxes.Investment.UpToDate": "De investeringslijst is minder dan 30 minuten geleden geüpdatet.",
    "Boxes.Investment.UpdateRequired": "De GG investeringslijst is ouder dan 30 minuten. Update uw GG investeringslijst aub via het Stadhuis.",
    "Boxes.Kits.Extensions": "Uitbreidingen",
    "Boxes.Kits.InStock": "Op voorraad",
    "Boxes.Kits.KitName": "Item type",
    "Boxes.Kits.Name": "Gebouw",
    "Boxes.Kits.SelectionKit": "Selectiekit",
    "Boxes.Kits.Title": "Op voorraad Sets, Upgrades en Kits Overzicht",
    "Boxes.Kits.ToggleButtonActive": "Verberg ontbrekende onderdelen",
    "Boxes.Kits.ToggleButtonInActive": "Toon ontbrekende onderdelen",
    "Boxes.Kits.UpgradeKit": "Verbeterkit",
    "Boxes.Market.AllGoods": "Alle goederen",
    "Boxes.Market.MaxResults": "Max resultaat",
    "Boxes.Market.MinQuantity": "Min. hoeveelheid.",
    "Boxes.Market.Need": "Nodig",
    "Boxes.Market.NeedColumn": "Nodig",
    "Boxes.Market.NeedTT": "__era__<br>Je hebt: __stock__",
    "Boxes.Market.Offer": "Aanbieding",
    "Boxes.Market.OfferColumn": "Aanbieding",
    "Boxes.Market.OfferTT": "__era__<br>Je hebt: __stock__",
    "Boxes.Market.OnlyAffordable": "Alleen haalbare aanbiedingen",
    "Boxes.Market.PageColumn": "Pagina",
    "Boxes.Market.PlayerColumn": "Speler",
    "Boxes.Market.RateColumn": "Ratio",
    "Boxes.Market.Rating": "Beoordeling",
    "Boxes.Market.ShowOwnOffers": "Eigen aanbiedingen",
    "Boxes.Market.TTMinQuantity": "Selecteer het minimum aantal aangeboden goederen. Dit filter is NIET van toepassing op handel van gildeleden",
    "Boxes.Market.Title": "Markt Filter",
    "Boxes.Market.TradeAdvantage": "Voordeel",
    "Boxes.Market.TradeDisadvantage": "Nadeel",
    "Boxes.Market.TradeFair": "Eerlijk",
    "Boxes.Market.TradeFairStock": "Eerlijk (bij lage voorraad)",
    "Boxes.Market.TradeFairStockTT": "Dit bevat alle eerlijke handel waarbij de aangeboden goederen een lagere voorraad hebben dan de gevraagde goederen",
    "Boxes.Market.TradeForEqual": "Hetzelfde",
    "Boxes.Market.TradeForGoods": "Aanbieding tijdperk",
    "Boxes.Market.TradeForHigher": "Hoger",
    "Boxes.Market.TradeForLower": "Lager",
    "Boxes.Market.TradePartner": "Partners",
    "Boxes.Market.TradePartnerFriend": "Vrienden",
    "Boxes.Market.TradePartnerGuild": "Gildeleden",
    "Boxes.Market.TradePartnerNeighbor": "Buren",
    "Boxes.MoppelHelper.Attacks": "Aanvallen",
    "Boxes.MoppelHelper.Days": "__days__ dag(en)",
    "Boxes.MoppelHelper.Event": "Gebeurtenis",
    "Boxes.MoppelHelper.Friends": "Vrienden",
    "Boxes.MoppelHelper.FriendsSocialTabTT": "Klik op het tabblad Vrienden in het spel om de vriendengebeurtenissen zichtbaar te maken",
    "Boxes.MoppelHelper.GBs": "GGs",
    "Boxes.MoppelHelper.GuildMembers": "Gildeleden",
    "Boxes.MoppelHelper.GuildSocialTabTT": "Klik op het tabblad Gildeleden in het spel om de gildeleden gebeurtenissen zichtbaar te maken",
    "Boxes.MoppelHelper.HeaderWarning": "LET OP: om deze gegevens te updaten moet je eerste door alle gebeurtenissen bladeren via Stadhuis > Nieuws > Geschiedenis ",
    "Boxes.MoppelHelper.MoppelEvents": "Motiveren/Opknappen",
    "Boxes.MoppelHelper.Name": "Naam",
    "Boxes.MoppelHelper.Neighbors": "Buren",
    "Boxes.MoppelHelper.NeighborsSocialTabTT": "Klik op het tabblad Buren in het spel om de buren gebeurtenissen zichtbaar te maken",
    "Boxes.MoppelHelper.Never": "NOOIT",
    "Boxes.MoppelHelper.Plunders": "Plunderen",
    "Boxes.MoppelHelper.Points": "Punten",
    "Boxes.MoppelHelper.Rank": "Rang",
    "Boxes.MoppelHelper.TavernVisits": "Taveerne",
    "Boxes.MoppelHelper.Title": "Motiveren/Opknappen Helper",
    "Boxes.MoppelHelper.Trades": "Aanbiedingen",
    "Boxes.Negotiation.Average": "Voorkeurs bod",
    "Boxes.Negotiation.Canceled": "Onderhandeling is afgebroken",
    "Boxes.Negotiation.Chance": "Kans",
    "Boxes.Negotiation.DragDrop": "U kunt voorkeursvolgorde van bovenstaande pictogrammen zelf herschikken met 'Drag&Drop' om een nieuwe volgorde vanaf de eerste poging te bepalen.",
    "Boxes.Negotiation.GoodsCritical": "OPGELET: De goederenvoorraad is kritiek!",
    "Boxes.Negotiation.GoodsLow": "OPGELET: De goederenvoorraad is schaars!",
    "Boxes.Negotiation.HelpLink": "https://foe-helper.com/docs/2/negotioation-helper",
    "Boxes.Negotiation.Person": "Persoon",
    "Boxes.Negotiation.Round": "Poging",
    "Boxes.Negotiation.SaveCurrentEraGoods": "Huidige goederen besparen?",
    "Boxes.Negotiation.SaveMedals": "Medailles besparen?",
    "Boxes.Negotiation.Stock": "In voorraad:",
    "Boxes.Negotiation.Success": "Onderhandeling geslaagd",
    "Boxes.Negotiation.TableLoadError": "Fout bij het laden van de onderhandelingstabel",
    "Boxes.Negotiation.Title": "Onderhandelingshulp",
    "Boxes.Negotiation.TryEnd": "Geen beurten meer",
    "Boxes.Negotiation.WrongGoods": "Verkeerde goederen geselecteerd, maak de onderhandeling handmatig af",
    "Boxes.Negotiation.confirmGoodsMissmatch": "OK",
    "Boxes.Notice.ContentHeadIsFriend": "Vriend",
    "Boxes.Notice.ContentHeadIsGuild": "Gildelid",
    "Boxes.Notice.ContentHeadIsNeighbor": "Buur",
    "Boxes.Notice.DeleteGroup": "Wis Groep en Sites",
    "Boxes.Notice.DeleteItem": "Verwijder site",
    "Boxes.Notice.DummyHeading": "Jouw kop/titel",
    "Boxes.Notice.Edit": "Aanpassen",
    "Boxes.Notice.GlobalSendRequired": "Deze module werkt enkel met \"Gegevensoverdracht naar foe-helper.com\" ingeschakeld.<br>Gelieve deze optie in te schakelen om de notities te kunnen gebruiken.",
    "Boxes.Notice.GroupName": "Groepsnaam",
    "Boxes.Notice.HelpLink": "https://foe-helper.com/docs/2/notes",
    "Boxes.Notice.ModalChoosePlayer": "Kies een speler",
    "Boxes.Notice.ModalMissingPlayers": "Mis je spelers in de lijst? Sluit dan dit venster, klik op de tabs onderaan de social bar (buren, gildeleden, vrienden) en heropen dit venster.",
    "Boxes.Notice.NewGroup": "Groep",
    "Boxes.Notice.NewGroupDesc": "Mak eerst een groep aan... ",
    "Boxes.Notice.NewPlayer": "Speler",
    "Boxes.Notice.NewSide": "Site",
    "Boxes.Notice.Save": "Bewaar",
    "Boxes.Notice.SelectPlayerGroupDefault": "-- Maak een speler groep aan?--",
    "Boxes.Notice.SelectPlayerGroupFriend": "Vrienden",
    "Boxes.Notice.SelectPlayerGroupGuild": "Gildeleden",
    "Boxes.Notice.SelectPlayerGroupNeighbor": "Buren",
    "Boxes.Notice.SideName": "Site naam",
    "Boxes.Notice.Sorting": "Sortering",
    "Boxes.Notice.Title": "Notities",
    "Boxes.Outpost.DescInStock": "Beschikbaar",
    "Boxes.Outpost.DescRequired": "Nodig",
    "Boxes.Outpost.DescStillMissing": "<span style='color:#29b206'>Overschot</span> / <span style='color:#ff4040'>Tekort</span>",
    "Boxes.Outpost.ExpansionsSum": "Uitbreidingen",
    "Boxes.Outpost.ShowSums": "Toon Som:",
    "Boxes.Outpost.Title": "Goederen van de nederzetting",
    "Boxes.Outpost.TitleBuildings": "Gebouw",
    "Boxes.Outpost.TitleFree": "Gratis",
    "Boxes.Outpost.TitleShort": "Nederzetting Goederenoverzicht - ",
    "Boxes.Outpost.infoLine": "__runNumber__de run, Bonus x4 Kans: __chanceX4__%",
    "Boxes.Outpost.nextTile": "Volgende uitbreiding",
    "Boxes.Outpost.tileNotPlanned": "N/A",
    "Boxes.OwnpartCalculator.All": "Alle",
    "Boxes.OwnpartCalculator.Arc": "Arc",
    "Boxes.OwnpartCalculator.Auto": "Auto",
    "Boxes.OwnpartCalculator.AutoWithUnsafe": "Auto + Niet vergrendeld",
    "Boxes.OwnpartCalculator.BPs": "BD's",
    "Boxes.OwnpartCalculator.BuildingName": "Gebouw",
    "Boxes.OwnpartCalculator.CopyFormatPerGB": "Sla kopei formaat op per GG",
    "Boxes.OwnpartCalculator.CopyValues": "Kopieer waarden",
    "Boxes.OwnpartCalculator.Deposit": "Zelf te storten",
    "Boxes.OwnpartCalculator.Done": "Gestort",
    "Boxes.OwnpartCalculator.ExistingPayments": "Bestaande inleg",
    "Boxes.OwnpartCalculator.Ext": "Extern",
    "Boxes.OwnpartCalculator.GBsNoted": "__GBCount__ ontdekt",
    "Boxes.OwnpartCalculator.HelpLink": "https://foe-helper.com/docs/en/gb-calculator/",
    "Boxes.OwnpartCalculator.IncludeData": "Ingesloten data",
    "Boxes.OwnpartCalculator.LGTotalFP": "Totaal aantal FP",
    "Boxes.OwnpartCalculator.Lock": "Veilig",
    "Boxes.OwnpartCalculator.Meds": "Medailles",
    "Boxes.OwnpartCalculator.NoPlaceAvailable": "Geen plaatsten beschikbaar",
    "Boxes.OwnpartCalculator.NoPlaceSafe": "Geen veilige plaats",
    "Boxes.OwnpartCalculator.Note": "Onthouden",
    "Boxes.OwnpartCalculator.OldLevel": "Oud niveau",
    "Boxes.OwnpartCalculator.OptionsDescending": "Aflopend",
    "Boxes.OwnpartCalculator.OptionsFP": "Forge Punten",
    "Boxes.OwnpartCalculator.OptionsGB": "Naam Gebouw",
    "Boxes.OwnpartCalculator.OptionsLevel": "Level",
    "Boxes.OwnpartCalculator.OptionsLevelUp": "Verhoog level aub",
    "Boxes.OwnpartCalculator.OptionsOwnPart": "Bijdrage eigenaar",
    "Boxes.OwnpartCalculator.OptionsPlayer": "Speler",
    "Boxes.OwnpartCalculator.Order": "Posities",
    "Boxes.OwnpartCalculator.OwnPart": "Eigen bijdrage",
    "Boxes.OwnpartCalculator.OwnPartRemaining": "Resterend",
    "Boxes.OwnpartCalculator.OwnPartShort": "EB",
    "Boxes.OwnpartCalculator.PatronPart": "Externe bijdrage",
    "Boxes.OwnpartCalculator.Place": "Plaats",
    "Boxes.OwnpartCalculator.Places": "Plaatsen",
    "Boxes.OwnpartCalculator.PlayerName": "Speler",
    "Boxes.OwnpartCalculator.PowerLeveling": "Power Levelen",
    "Boxes.OwnpartCalculator.Preview": "Voorbeeld",
    "Boxes.OwnpartCalculator.Step": "Niveau",
    "Boxes.OwnpartCalculator.Title": "GG-calculator Eigenaar",
    "Boxes.OwnpartCalculator.Trust": "Vertrouwen",
    "Boxes.PowerLeveling.CopyValues": "Kopieer waardes",
    "Boxes.PowerLeveling.DoubleCollection": "Dubbele verzameling",
    "Boxes.PowerLeveling.Level": "Level",
    "Boxes.PowerLeveling.MaxLevel": "Maximum level",
    "Boxes.PowerLeveling.OwnPartBrutto": "Eigen deel brutto",
    "Boxes.PowerLeveling.OwnPartNetto": "Eigen deel netto",
    "Boxes.PowerLeveling.OwnPartSum": "Eigen deel som",
    "Boxes.PowerLeveling.P1": "Plaats1",
    "Boxes.PowerLeveling.P2": "Plaats2",
    "Boxes.PowerLeveling.P3": "Plaats3",
    "Boxes.PowerLeveling.P4": "Plaats4",
    "Boxes.PowerLeveling.P5": "Plaats5",
    "Boxes.PowerLeveling.Title": "Power levelen",
    "Boxes.Productions.DateNA": "Onbekend",
    "Boxes.Productions.Done": "Klaar",
    "Boxes.Productions.GoodEraTotal": "Totaal",
    "Boxes.Productions.GuildGoods": "Gildekas goederen",
    "Boxes.Productions.GuildPower": "Gildemacht",
    "Boxes.Productions.Happiness": "Tevredenheid",
    "Boxes.Productions.Headings.Done": "Klaar",
    "Boxes.Productions.Headings.all": "Alle",
    "Boxes.Productions.Headings.amount": "Hoeveelheid",
    "Boxes.Productions.Headings.area": "ruimte",
    "Boxes.Productions.Headings.clan_power_production": "Gildemacht",
    "Boxes.Productions.Headings.culture": "Culturele gebouwen",
    "Boxes.Productions.Headings.decoration": "Decoraties",
    "Boxes.Productions.Headings.earning": "Duur tot collectie",
    "Boxes.Productions.Headings.efficiency": "Efficiëntie",
    "Boxes.Productions.Headings.era": "Tijdperk",
    "Boxes.Productions.Headings.generic_building": "Andere gebouwen",
    "Boxes.Productions.Headings.goods": "Goederengebouwen",
    "Boxes.Productions.Headings.greatbuilding": "GGs",
    "Boxes.Productions.Headings.main_building": "Stadhuis",
    "Boxes.Productions.Headings.name": "Naam",
    "Boxes.Productions.Headings.number": "Aantal",
    "Boxes.Productions.Headings.off_grid": "Speciale gebouwen",
    "Boxes.Productions.Headings.production": "Productiegebouwen",
    "Boxes.Productions.Headings.random_production": "Willekeurige producties",
    "Boxes.Productions.Headings.residential": "Woongebouwen",
    "Boxes.Productions.Headings.size": "Grootte incl. straten",
    "Boxes.Productions.Headings.street": "Wegen",
    "Boxes.Productions.ModeCurrent": "Huidig",
    "Boxes.Productions.ModeDaily": "Dagelijkse prod.",
    "Boxes.Productions.ModeGroups": "Groeperen",
    "Boxes.Productions.ModeSingle": "Individueel",
    "Boxes.Productions.NoAsteroidDataWarning": "Exclusief goederen uit de Asteroïdengordel . Bezoek aub je Asteroïdengordel nederzetting en open dit venster opnieuw",
    "Boxes.Productions.NoMarsDataWarning": "Exclusief goederen van mars zijn. Ga naar je mars nederzetting en open dit venster opnieuw",
    "Boxes.Productions.NoVenusDataWarning": "Exclusief goederen van Venus zijn. Ga naar je Venus nederzetting en open dit venster opnieuw",
    "Boxes.Productions.SearchInput": "Zoek gebouw... ",
    "Boxes.Productions.SizeTT": "Grootte inclusief gemiddelde vereiste wegbreedte van __streetnettosize__ grondvlakjes",
    "Boxes.Productions.TTGoodsEra": "Deze kolom toont het tijdperk van het gebouw, NIET het tijdperk van de geproduceerde goederen",
    "Boxes.Productions.Title": "Productieoverzicht (Dagelijks)",
    "Boxes.Productions.Total": "Totaal: ",
    "Boxes.Productions.Units": "Eenheden",
    "Boxes.Productions.att_boost_attacker": "Aanval boost aanv. leger",
    "Boxes.Productions.att_boost_defender": "Aanval boost verd. leger",
    "Boxes.Productions.def_boost_attacker": "Verdediging boost aanv. leger",
    "Boxes.Productions.def_boost_defender": "Verdediging boost verd. leger",
    "Boxes.Productions.goods": "Goederen",
    "Boxes.ProductionsRating.BuildingName": "Gebouw",
    "Boxes.ProductionsRating.Enabled": "Zet aan",
    "Boxes.ProductionsRating.ProdPerTile": "Verwachte dagelijkse productie per tegel",
    "Boxes.ProductionsRating.Results": "Resultaat",
    "Boxes.ProductionsRating.Score": "Score",
    "Boxes.ProductionsRating.Settings": "Instellingen",
    "Boxes.ProductionsRating.Title": "Gebouw efficiency waardering",
    "Boxes.Settings.Active": "Geactiveerd",
    "Boxes.Settings.DeletedBoxCoordsBody": "Alle coördinaten uit de boxen zijn verwijderd.",
    "Boxes.Settings.DeletedBoxCoordsHead": "Verwijderd!",
    "Boxes.Settings.Inactive": "Gedeactiveerd",
    "Boxes.Settings.Title": "Instellingen",
    "Boxes.Stats.BtnAll": "Alle",
    "Boxes.Stats.BtnAllPlayableEras": "Alle tijdperken",
    "Boxes.Stats.BtnAllPlayableErasTitle": "Selecteer alle speelbare tijdperken (zonder: geen tijdperk, speciaal)",
    "Boxes.Stats.BtnAllTittle": "Tijdperk + Geen tijdperk + Speciaal",
    "Boxes.Stats.BtnChartType.delta": "Verschil",
    "Boxes.Stats.BtnChartType.line": "Lijnen",
    "Boxes.Stats.BtnChartType.streamgraph": "Stroom",
    "Boxes.Stats.BtnChartTypeTitle.delta": "op/aflopende grafiek",
    "Boxes.Stats.BtnChartTypeTitle.line": "Lijn grafiek",
    "Boxes.Stats.BtnChartTypeTitle.streamgraph": "Ontwikkelingsgrafiek",
    "Boxes.Stats.BtnLastEras": "Laatste 2 tijdsperken",
    "Boxes.Stats.BtnLastErasTitle": "Selecteer huidig en vorige tijdperk",
    "Boxes.Stats.BtnMyEra": "Mijn Tijdperk",
    "Boxes.Stats.BtnNoEra": "Geen tijdperk",
    "Boxes.Stats.BtnSource.statsGBGPlayers": "Gildengevechten",
    "Boxes.Stats.BtnSource.statsRewards": "Beloningen",
    "Boxes.Stats.BtnSource.statsTreasureClanD": "Gildekas per dag",
    "Boxes.Stats.BtnSource.statsTreasureClanH": "Gildekas per uur",
    "Boxes.Stats.BtnSource.statsTreasurePlayerD": "Goederen - Dagelijks",
    "Boxes.Stats.BtnSource.statsTreasurePlayerH": "Goederen",
    "Boxes.Stats.BtnSource.statsUnitsD": "Eenheden per dag",
    "Boxes.Stats.BtnSource.statsUnitsH": "Eenheden per uur",
    "Boxes.Stats.BtnToggleAnnotations": "GvG Acties",
    "Boxes.Stats.BtnToggleAnnotationsTitle": "Toon een vermidering van goederen op de GvG map.",
    "Boxes.Stats.BtnToggleGroupBy": "Groepeer per tijdperk",
    "Boxes.Stats.BtnToggleGroupByTitle": "Groeperen op naam",
    "Boxes.Stats.Era": "Tijdperk",
    "Boxes.Stats.HelpLink": "https://foe-helper.com/docs/en/statistics/",
    "Boxes.Stats.Period.all": "Alle",
    "Boxes.Stats.Period.last30days": "Laatste 30 dagen",
    "Boxes.Stats.Period.last7days": "Laatste 7 dagen",
    "Boxes.Stats.Period.sinceTuesday": "SInds dinsdag",
    "Boxes.Stats.Period.thisMonth": "Deze maand",
    "Boxes.Stats.Period.today": "Vandaag",
    "Boxes.Stats.PeriodTitle.all": "Hetzelfde Tijdperk",
    "Boxes.Stats.PeriodTitle.last30days": "Verzameld de laatste 30 dagen",
    "Boxes.Stats.PeriodTitle.last7days": "Verzameld de laatste 7 dagen",
    "Boxes.Stats.PeriodTitle.sinceTuesday": "Verzameld sinds dinsdag (GE start op dinsdag)",
    "Boxes.Stats.PeriodTitle.thisMonth": "Deze maand verzameld",
    "Boxes.Stats.PeriodTitle.today": "Vandaag verzameld",
    "Boxes.Stats.Rewards.Source.__event": "Gebeurtenis",
    "Boxes.Stats.Rewards.Source.battlegrounds_conquest": "Gildengevechten (GG)",
    "Boxes.Stats.Rewards.Source.default": "Incidenten",
    "Boxes.Stats.Rewards.Source.diplomaticGifts": "Diplomatieke giften",
    "Boxes.Stats.Rewards.Source.guildExpedition": "GE",
    "Boxes.Stats.Rewards.Source.pvp_arena": "PVP Arena",
    "Boxes.Stats.Rewards.Source.shards": "Scherf",
    "Boxes.Stats.Rewards.Source.spoilsOfWar": "Oorlgsbuit",
    "Boxes.Stats.Rewards.SourceTitle.__event": "Beloningen van Speciale of Seizoen evenementen",
    "Boxes.Stats.Rewards.SourceTitle.battlegrounds_conquest": "GvG Beloningen",
    "Boxes.Stats.Rewards.SourceTitle.default": "Beloningen van incidenten",
    "Boxes.Stats.Rewards.SourceTitle.diplomaticGifts": "Diplomatieke Giften (Ruimtevrachtschip)",
    "Boxes.Stats.Rewards.SourceTitle.guildExpedition": "GE Relieken beloningen (reliekentempel)",
    "Boxes.Stats.Rewards.SourceTitle.pvp_arena": "PvP Arena Beloningen",
    "Boxes.Stats.Rewards.SourceTitle.shards": "Mysterieuze Scherven (Vliegend Eiland)",
    "Boxes.Stats.Rewards.SourceTitle.spoilsOfWar": "Oorlogsbuit (Himeji Kasteel)",
    "Boxes.Stats.SourceTitle.statsGBGPlayers": "GSP spelers scorebord",
    "Boxes.Stats.SourceTitle.statsRewards": "Uw beloningen van Himaje Kasteel, Reliekentempel, Gildestrijdperken",
    "Boxes.Stats.SourceTitle.statsTreasureClanD": "Gildekas - Dagelijks",
    "Boxes.Stats.SourceTitle.statsTreasureClanH": "Gildekas - p/uur",
    "Boxes.Stats.SourceTitle.statsTreasurePlayerD": "Goederen - Dagelijks",
    "Boxes.Stats.SourceTitle.statsTreasurePlayerH": "Goederen - p/uur",
    "Boxes.Stats.SourceTitle.statsUnitsD": "Eenheden per dag",
    "Boxes.Stats.SourceTitle.statsUnitsH": "Uw eenheden per uur",
    "Boxes.Stats.Title": "Statistieken Overzicht",
    "Boxes.Technologies.DescInStock": "Beschikbaar",
    "Boxes.Technologies.DescRequired": "Aantal",
    "Boxes.Technologies.DescStillMissing": "<span style='color:#29b206'>Overschot</span> / <span style='color:#ff4040'>Tekort</span>",
    "Boxes.Technologies.IgnoreCurrentEraOptional": "Negeer optionele technologieën van het huidige of toekomstige tijdperken",
    "Boxes.Technologies.IgnorePrevEra": "Negeer optionele technologiën van vorige tijdperken",
    "Boxes.Technologies.NoTechs": "Je hebt het einde van dit tijdperk bereikt",
    "Boxes.Technologies.Resource": "Benodigdheden",
    "Boxes.Technologies.Title": "Onderzoekskosten voor",
    "Boxes.Treasury.Action": "Boodschap",
    "Boxes.Treasury.Amount": "Hoeveelheid",
    "Boxes.Treasury.DateTime": "Datum/Tijd",
    "Boxes.Treasury.Era": "Tijdperk",
    "Boxes.Treasury.Export": "Exporteer",
    "Boxes.Treasury.Message": "Ga aub door alle pagina's en druk op de EXPORT knop",
    "Boxes.Treasury.PlayerID": "Speler ID",
    "Boxes.Treasury.PlayerName": "Speler naam",
    "Boxes.Treasury.Reset": "Herstel",
    "Boxes.Treasury.Resource": "Goed",
    "Boxes.Treasury.RowNumber": "Rijen verwerkt",
    "Boxes.Treasury.Title": "Gildekas - exporteer log",
    "Boxes.Units.AlcaHarvest": "Jouw Alcatraz is klaar om verzameld te worden!",
    "Boxes.Units.Attack": "Aanval",
    "Boxes.Units.Bind": "Afhankelijk",
    "Boxes.Units.Defend": "Verdediging%",
    "Boxes.Units.NextUnitsIn": "De volgende __count__ eenheden komen aan binnen <span class=\"alca-countdown\"></span> om __harvest__ uur",
    "Boxes.Units.NotFilled": "niet gevuld",
    "Boxes.Units.Proportionally": "Evenredig",
    "Boxes.Units.Quantity": "Aantal",
    "Boxes.Units.ReadyToLoot": "Klaar om te verzamelen!",
    "Boxes.Units.Status": "Status",
    "Boxes.Units.Title": "Eenhedenoverzicht",
    "Boxes.Units.Unbind": "Onafhankelijk",
    "Boxes.Units.Unit": "Eenheid",
    "Boxes.UnitsGex.NoUnitsAvailable": "Geen eenheden informatie beschikbaar. Druk \"U\" om het Legerbeheer scherm te openen",
    "Boxes.mapTradeWarning.Text": "Preventie",
    "Boxes.mapTradeWarning.Title": "Handel",
    "Date": "DD-MM-YY",
    "DateShort": "DD-MMM",
    "DateTime": "DD-MM-YY HH:mm:ss a",
    "Eras.0": "Geen tijdperk",
    "Eras.1": "Steentijd",
    "Eras.10": "Moderne tijdperk",
    "Eras.11": "Postmoderne tijdperk",
    "Eras.12": "Hedendaagse tijdperk",
    "Eras.13": "Morgen",
    "Eras.14": "Toekomst",
    "Eras.15": "Arctische toekomst",
    "Eras.16": "Oceanische toekomst",
    "Eras.17": "Virtuele toekomst",
    "Eras.18": "Ruimtetijdperk: Mars",
    "Eras.19": "Ruimtetijdperk: Asteroïdengordel",
    "Eras.2": "Bronstijd",
    "Eras.20": "Ruimtetijdperk: Venus",
    "Eras.21": "Space Age Jupiter Moon",
    "Eras.3": "IJzertijd",
    "Eras.4": "Vroege middeleeuwen",
    "Eras.5": "Hoge middeleeuwen",
    "Eras.6": "Late middeleeuwen",
    "Eras.7": "Koloniale tijdperk",
    "Eras.8": "Industriële tijdperk",
    "Eras.9": "Progressieve tijdperk",
    "Eras.GvGAllAge": "Alle Tijdperken",
    "Global.BoxTitle": "FoE Helper",
    "GvG.Independences.Tooltip": "Aantal onafhankelijkheden verleend sinds de laatste berekening.",
    "GvG.Independences.Tooltip.Warning": "Kan onnauwkeurig zijn als je op meerdere PCs speelt.",
    "HiddenRewards.Positions.cityRoadBig": "Grote Weg",
    "HiddenRewards.Positions.cityRoadSmall": "Kleine Weg",
    "HiddenRewards.Positions.culturalOutpost": "Scherf - Nederzetting",
    "HiddenRewards.Positions.guildExpedition": "Gilde Expeditie",
    "HiddenRewards.Positions.nature": "Natuur",
    "HiddenRewards.Positions.shore": "Kust",
    "HiddenRewards.Positions.water": "In het water",
    "HiddenRewards.Table.expires": "Verloopt op",
    "HiddenRewards.Table.position": "Positie",
    "HiddenRewards.Table.type": "Soort",
    "Kits.Sets.Abandoned_Asylum": "Verlaten Gesticht",
    "Kits.Sets.Altar_Garden": "Altaartuin",
    "Kits.Sets.Art_Exhibition": "Kunsttentoonstelling",
    "Kits.Sets.Celtic_Forest_Set": "Keltisch woud",
    "Kits.Sets.Cherry_Garden_Set": "Kersentuin",
    "Kits.Sets.Cider_Mill": "Cidermolen",
    "Kits.Sets.Classical_Garden_Set": "Klassieke tuin",
    "Kits.Sets.Colossus": "Kollossus",
    "Kits.Sets.FountainSet": "Indiase Fontein",
    "Kits.Sets.Grand_Bridge": "Grote Brug",
    "Kits.Sets.Graveyard": "Kerkhof",
    "Kits.Sets.Greater_Runestone": "Grotere runensteen",
    "Kits.Sets.Guard_Post": "Wachtpost",
    "Kits.Sets.Hall_of_Fame": "Hall of Fame",
    "Kits.Sets.Harvest_Farm_Set": "Oogstschuur",
    "Kits.Sets.Hippodrome": "Hippodroom",
    "Kits.Sets.Indian_Palace_Set": "Indiaas paleis",
    "Kits.Sets.Obelisk": "Obelisk",
    "Kits.Sets.Pagoda": "Pagode",
    "Kits.Sets.Piazza_Set": "Piazza",
    "Kits.Sets.Pillar_of_Heroes": "Heldenpilaar",
    "Kits.Sets.Pirate": "Piratenschip",
    "Kits.Sets.Royal": "Koninklijk schip",
    "Kits.Sets.September_Cottage": "September cottage",
    "Kits.Sets.Statue_of_Honor": "Erestandbeeld",
    "Kits.Sets.The_Crows_Nest": "Het Kraaiennest",
    "Kits.Sets.The_Ship": "Scheepskit",
    "Kits.Sets.Tholos_of_Idols": "Tholos van Idolen",
    "Kits.Sets.Timeless_Dojo": "Tijdloze Dojo",
    "Kits.Sets.Trader": "Handelsschip",
    "Kits.Sets.Winners_Plaza": "Winaarsplein",
    "Kits.Sets.Winter_Spire": "Winterspits",
    "Kits.Sets.Winter_Train": "Wintertrein",
    "Kits.Sets.Winter_Village_Set": "Winterdorp",
    "Kits.Sets.Winterdeco_Set": "Winterdecoratie",
    "Kits.Sets.Worlds_Fair": "Wereldtentoonstelling",
    "Local": "nl-NL",
    "Menu.Alerts.Desc": "Maak en onderhoud herinneringen",
    "Menu.Alerts.Title": "Waarschuwingen",
    "Menu.Bluegalaxy.Desc": "Deze tool helpt je bij het vinden van de beste opbrengst van je Blauwe Melkweg",
    "Menu.Bluegalaxy.Title": "Blauwe Melkweg Helper",
    "Menu.BottomBar": "Onderaan",
    "Menu.Box": "Als venster",
    "Menu.Calculator.Desc": "Berekent voor jou alle plaatsen en zoekt naar snipe-bare plekken",
    "Menu.Calculator.Title": "FP-calculator",
    "Menu.Calculator.Warning": "Gedeactiveerd: Open eerst een GG van een andere speler!",
    "Menu.Campagne.Desc": "Overzicht van de benodigde goederen om een provincie te veroveren.",
    "Menu.Campagne.Title": "Continentkaart",
    "Menu.Campagne.Warning": "Gedeactiveerd: Bezoek eerst een provincie (M)!",
    "Menu.Citymap.Desc": "Een schematische weergave van je stad in bovenaanzicht",
    "Menu.Citymap.Title": "Stadsoverzicht",
    "Menu.Dropdown": "Als keuzelijst",
    "Menu.GexStat.Desc": "Toon de GE Resultaten van je Gilde.",
    "Menu.GexStat.Title": "GE Resultaten",
    "Menu.Gildfight.Desc": "Toon huidige en toekomstige GSP gevechten",
    "Menu.Gildfight.Title": "Gildestrijdperken (GSP)",
    "Menu.Gildfight.Warning": "<em id='selectorCalc-Btn-closed' class='tooltip-error'>Gedeactiveerd: Bezoek de GSP kaart eerst!</em> ",
    "Menu.GuildMemberStat.Desc": "Statistiek van een gildelid",
    "Menu.GuildMemberStat.Title": "Gildeleden overzicht",
    "Menu.GuildMemberStat.Warning": "Open in het spel het gildeleden overzicht om deze statistieken te activeren",
    "Menu.HiddenRewards.Desc": "Lijst van incidenten in en rond je stad",
    "Menu.HiddenRewards.Title": "Incidenten",
    "Menu.Info.Desc": "Toont je alle zaken die gebeuren op de \"achtergrond\"<br><em>Vult zich beetje bij beetje met informatie ...</em>",
    "Menu.Info.Title": "Info-venster",
    "Menu.Investment.Desc": "Lijst van je recente investeringen",
    "Menu.Investment.Title": "FP investeringen",
    "Menu.Kits.Desc": "Toon allen bestaande gebouwen, upgrade en selectie kits.",
    "Menu.Kits.Title": "Gebouw Kits",
    "Menu.Market.Desc": "Toont en filtert alle handel die op de markt staan",
    "Menu.Market.Title": "Markt Filter",
    "Menu.Market.Warning": "Open aub eerst uw markt (T)",
    "Menu.Moppelhelper.Desc": "Toont wanneer je vrienden, gildeleden of buren voor het laatst je gebouwen hebben gemotiveerd, opgeknapt, aangevallen, geplunderd, enz",
    "Menu.Moppelhelper.Title": "Motiveren/Opknappen Helper",
    "Menu.Negotiation.Desc": "Doet goederenvoorstellen voor succesvolle onderhandelingen.",
    "Menu.Negotiation.Title": "Onderhandelingshulp",
    "Menu.Negotiation.Warning": "Gedeactiveerd: Start eerst een onderhandeling!",
    "Menu.Notice.Desc": "Neem notities van alles dat u niet wil vergeten.",
    "Menu.Notice.Title": "Notities",
    "Menu.Notification.Position.bottom-center": "ondermidden",
    "Menu.Notification.Position.bottom-left": "linksonder",
    "Menu.Notification.Position.bottom-right": "rechtsonder",
    "Menu.Notification.Position.mid-center": "middenmidden",
    "Menu.Notification.Position.top-center": "bovenmidden",
    "Menu.Notification.Position.top-left": "linksboven",
    "Menu.Notification.Position.top-right": "rechtsboven",
    "Menu.OutP.Desc": "Overzicht van de benodigde goederen (per item) voor je nederzetting.",
    "Menu.OutP.DescWarningBuildings": "<em id='outPW' class='tooltip-error'>Gedeactiveerd: Bezoek eerst je nederzetting!<br></em>Overzicht van de benodigde grondstoffen.",
    "Menu.OutP.DescWarningOutpostData": "<em id='outPW' class='tooltip-error'>Gedeactiveerd: Begin een nederzetting en herlaad het spel (F5)",
    "Menu.OutP.Title": "Nederzetting Overzicht",
    "Menu.OwnpartCalculator.Desc": "Stel een FP-betaalplan op, bereken de kosten en kopieer de waarden",
    "Menu.OwnpartCalculator.Title": "Eigen GG FP-calculator",
    "Menu.OwnpartCalculator.Warning": "Gedeactiveerd: open eerst een van je GG's!",
    "Menu.Productions.Desc": "Toont het huidige aantal dagelijkse producties.",
    "Menu.Productions.Title": "Productieoverzicht",
    "Menu.ProductionsRating.Desc": "Zoek naar gebouwen die minder produceren per tegel dan verwacht.",
    "Menu.ProductionsRating.Title": "Gebouw efficiency waardering",
    "Menu.RightBar": "Rechts",
    "Menu.SaveMessage.Desc": "De nieuwe menuvolgorde is opgeslagen",
    "Menu.SaveMessage.Title": "Opgeslagen!",
    "Menu.Settings.Desc": "Instellingen voor FoE Helper",
    "Menu.Settings.Title": "Instellingen",
    "Menu.Stats.Desc": "Toont spelstatistieken van goederen, eenheden, beloningen, GvG",
    "Menu.Stats.Title": "Statistieken",
    "Menu.Technologies.Desc": "Bereken je onderzoekskosten",
    "Menu.Technologies.Title": "Technologieën",
    "Menu.Technologies.Warning": "Gedeactiveerd: Open eerst het onderzoeksmenu!",
    "Menu.Unit.Desc": "Status van al jouw eenheden in een oogopslag",
    "Menu.Unit.Title": "Eenhedenoverzicht",
    "Menu.Unit.Warning": "Gedeactiveerd: Open eerst je Legerbeheer (U)!",
    "Menu.fpCollector.Desc": "Toont alle FPs gerelateerde details gesorteerd op type, datum, waar vandaan en hoeveel.",
    "Menu.fpCollector.Title": "FP Inners Overzicht",
    "Menu.greatbuildings.Desc": "Welk FP producerend GG zou je eerst moeten verbeteren?",
    "Menu.greatbuildings.Title": "GG investering",
    "Menu.unitsGex.Desc": "???",
    "Menu.unitsGex.Title": "???",
    "Quests.CounterTooltip.Content": "Er is een limiet van 2000 afgebroken opdrachten per dag.",
    "Settings.About.Desc": "De FoE Helper is een gratis browser extensie voor Forge of Empires ontwikkeld voor spelers door spelers. De tool heeft <u>geen</u> officiële verbintenis aan InnoGames.",
    "Settings.About.RatingDesc": "Als wat u ziet en wat wij doen u bevalt, laat dan aub een goede beoordeling achter in de Store!",
    "Settings.About.RatingTitle": "Beoordeel de Extensie",
    "Settings.About.Title": "Over FoE Helper",
    "Settings.About.TranslateDesc": "Help met het vertalen van de extensie door je te registreren bij onze vertaal applicatie: ",
    "Settings.About.TranslateTitle": "Vertaling",
    "Settings.AutoOpenCloseBox.Desc": "Moet de box \"Alle vensters sluiten\" automatisch geopend worden na het starten van het spel?",
    "Settings.AutoOpenCloseBox.Title": "\"Alle vensters sluiten\" opent automatisch",
    "Settings.AutoOpenInfoBox.Desc": "Moet het venster automatisch openen op het moment dat het spel geladen wordt?",
    "Settings.AutoOpenInfoBox.Title": "Automatisch openen infobox",
    "Settings.AutomaticNegotiation.Desc": "Moet de onderhandelingshulp automatisch openen/sluiten tijdens het onderhandelen? Niet beschikbaar in GSP.",
    "Settings.AutomaticNegotiation.Title": "Onderhandelingshulp",
    "Settings.ChangeLanguage.Desc": "Kies je voorkeurstaal mbv de keuzelijst",
    "Settings.ChangeLanguage.Title": "Verander de taal",
    "Settings.EnableSound.Desc": "Aanzetten geluidseffecten in de extensie.",
    "Settings.EnableSound.Title": "Geluid aanzetten",
    "Settings.Entry.About": "Over",
    "Settings.Entry.AutoOpenCloseBox": "Sluit alle boxen",
    "Settings.Entry.AutoOpenInfoBox": "Infobox",
    "Settings.Entry.AutomaticNegotiation": "Handels assistent",
    "Settings.Entry.ChangeLanguage": "Taal",
    "Settings.Entry.EnableSound": "Geluid aanzetten",
    "Settings.Entry.ExportSettings": "Importeer/Exporteer",
    "Settings.Entry.GlobalSend": "Data delen",
    "Settings.Entry.Help": "Help",
    "Settings.Entry.InfoboxEntryCount": "Infobox regel teller",
    "Settings.Entry.MenuContent": "Menu Inhoud",
    "Settings.Entry.MenuLength": "Menu Lengte",
    "Settings.Entry.NotificationsPosition": "Notificatie Positie",
    "Settings.Entry.NotificationsStack": "Notificatie stacks",
    "Settings.Entry.ResetBoxPositions": "Venster coördinaten",
    "Settings.Entry.SelectedMenu": "Menu positie",
    "Settings.Entry.Show2kQuestMark": "Opdrachtengrens",
    "Settings.Entry.ShowBlueGalaxyHelper": "Blauwe Melkweg",
    "Settings.Entry.ShowEventChest": "Evenementen kist",
    "Settings.Entry.ShowGuildTreasuryLogExport": "Gildekas export log",
    "Settings.Entry.ShowInvestments": "Toon FP investeringstotaal",
    "Settings.Entry.ShowMapTradeWarning": "Onderhandel blokkade",
    "Settings.Entry.ShowMarketFilter": "Markt filter",
    "Settings.Entry.ShowNotifications": "Meldingen",
    "Settings.Entry.ShowOwnPartOnAllGBs": "GG Calculator",
    "Settings.Entry.ShowPlayerLinks": "Speler Link",
    "Settings.Entry.ShowPlayersMotivation": "Motivatie Activiteit",
    "Settings.Entry.ShowRougeUnitWarning": "Aanvalshulp/Schurken Waarschuwing",
    "Settings.Entry.Version": "Versie",
    "Settings.ExportImport.Error": "Dit is geen geldig instellingen-bestand!",
    "Settings.ExportImport.Reload": "Het spel zal nu opnieuw opstarten met de geïmporteerde instellingen.",
    "Settings.ExportSettings.Desc": "Opslaan / herstellen van instellingen",
    "Settings.ExportSettings.OpenImportExportTool": "Open de Importeer/Exporteer tool",
    "Settings.ExportSettings.Title": "Opslaan en terugzetten",
    "Settings.GlobalSend.Desc": "Activeer dit onderdeel als je gegevens met je gilde wilt bijhouden. <br>Deactiveer het voor persoonlijk gebruik. Er wordt dan geen data geüpload.",
    "Settings.GlobalSend.Title": "Gegevensoverdracht naar foe-helper.com",
    "Settings.Help.Desc": "Er zijn verschillende manieren om hulp te krijgen:",
    "Settings.Help.Discord": "Bij onenigheid: Treedt toe bij verschillende discussies over de extensie, chats en hulp.",
    "Settings.Help.Forums": "Fora: Ga hier naartoe voor hulp, om ideeën in te dienen en om fouten te rapporteren.",
    "Settings.Help.Github": "GitHub: voor meer technische fouten, concrete ideeën en helpen met de ontwikkeling.",
    "Settings.Help.Title": "Help en Gemeenschap",
    "Settings.Help.Website": "Website: informatie en documentatie van de extensie.",
    "Settings.InfoboxEntryCount.Desc": "Hoeveel elementen moet de Infobox tonen en opslaan?<br>Leeg of \"0\" betekent geen limiet.",
    "Settings.InfoboxEntryCount.Title": "Infobox aantal regels",
    "Settings.MenuContent.Desc": "Welke knoppen moeten zichtbaar zijn in het menu?<br>Groen: toon knop. Rood: Verberg knop.",
    "Settings.MenuContent.Title": "Menu samenstelling",
    "Settings.MenuLength.Desc": "Hoeveel pictogrammen mag het menu weergeven?<br> Leeg of \"0\" betekent maximaal aantal.",
    "Settings.MenuLength.Title": "Menu lengte",
    "Settings.NotificationPosition.ToastTestBody": "Gekozen positie.<br>Wacht tot deze melding verdwijnt voordat je de volgende positie test.",
    "Settings.NotificationPosition.ToastTestHeader": "Voorbeeld melding",
    "Settings.NotificationsPosition.Desc": "Waar moet de melding verschijnen op het scherm?",
    "Settings.NotificationsPosition.Title": "Positie Melding",
    "Settings.NotificationsStack.Desc": "Hoeveel informatiemeldingen wil je tegelijkertijd zien? Standaard is een maximum van 4.",
    "Settings.NotificationsStack.Title": "Meldingen stapeling",
    "Settings.ResetBoxPositions.Button": "Verwijderen!",
    "Settings.ResetBoxPositions.Desc": "Moeten de coördinaten van alle vensters verwijderd worden?",
    "Settings.ResetBoxPositions.Title": "Coördinaten vensters",
    "Settings.SelectedMenu.Desc": "Kies je voorkeurmenu uit de keuzelijst (spel ververst automatisch)",
    "Settings.SelectedMenu.Title": "Verander Menu",
    "Settings.Show2kQuestMark.Desc": "Toon een teller met het aantal opdrachten die je nog mag afbreken.",
    "Settings.Show2kQuestMark.Title": "2k opdracht markering",
    "Settings.ShowBlueGalaxyHelper.Desc": "Toon een tool die suggesties doet welke gebouwen je moet oogsten na het oogsten van je Blauwe Melkweg",
    "Settings.ShowBlueGalaxyHelper.Title": "Toon Blauwe Melkweghulp",
    "Settings.ShowEventChest.Desc": "Toont het venster voor de beste prijzenkans van een evenement",
    "Settings.ShowEventChest.Title": "Toon de Event calculator",
    "Settings.ShowGuildTreasuryLogExport.Desc": "Toont de Gildechat export log tool wanneer het Gildeschat Log venster wordt geopend",
    "Settings.ShowGuildTreasuryLogExport.Title": "Toont de Gildeschat log exporteer applicatie",
    "Settings.ShowInvestments.Desc": "Toont een GG FP investeringsvenster wanneer je Stadhuis > Nieuws > Grootse Gebouwen Tab opent.",
    "Settings.ShowInvestments.Title": "Toon FP investeringstotalen",
    "Settings.ShowMapTradeWarning.Desc": "Toont een venster dat de 'Onderhandel' knop afdekt in provincies om per ongeluk aanklikken te voorkomen. ",
    "Settings.ShowMapTradeWarning.Title": "Onderhandelblokkering",
    "Settings.ShowMarketFilter.Desc": "Toont een tool om handel te filteren als de markt wordt geopend.",
    "Settings.ShowMarketFilter.Title": "Toon de Markt filter tool",
    "Settings.ShowNotifications.Desc": "De assistent gebruikt op verschillende plekken meldingen. Je kan dit hier aan- of uitschakelen.",
    "Settings.ShowNotifications.Title": "Meldingen",
    "Settings.ShowOwnPartOnAllGBs.Desc": "Toont de 'GG rekenmachine' voor GG's van andere spelers",
    "Settings.ShowOwnPartOnAllGBs.Title": "Toon de 'GG rekenmachine' voor alle GG's",
    "Settings.ShowPlayerLinks.Desc": "Vervang alle spelersnamen met links naar hun profiel op scoredb",
    "Settings.ShowPlayerLinks.Title": "Toon speler links",
    "Settings.ShowPlayersMotivation.Desc": "Activeer dit onderdeel als motivatie/opknap-gegevens verzonden mogen worden",
    "Settings.ShowPlayersMotivation.Title": "Motivatie Activiteit",
    "Settings.ShowRougeUnitWarning.Desc": "Blokkeer de knoppen \"Aanvallen\"/\"Automatisch vechten\" om nederlagen te voorkomen als er na de eerste golf enkel schurken over zijn.<br>Als eenheden uit een hoger tijdperk werden vernietigd, geeft de dialoog de mogelijkheid om deze met diamanten te herstellen.",
    "Settings.ShowRougeUnitWarning.Title": "Aanvalshulp/Schurken Waarschuwing",
    "Settings.Tab.About": "Over",
    "Settings.Tab.Boxes": "Vensters",
    "Settings.Tab.Extension": "Algemeen",
    "Settings.Tab.Sending": "Data Uploaden",
    "Settings.Version.Desc": "De hieronder weergegeven data kunnen gemarkeerd worden om te kopiëren.",
    "Settings.Version.GuildId": "Gilde-ID:",
    "Settings.Version.Link": "<a target='_blank' href='https://foe-helper.com/extension/update?v=__version__&lang=en'  class='game-cursor'>Laatste Changelog</a>",
    "Settings.Version.PlayerId": "Speler-ID:",
    "Settings.Version.Title": "Versie",
    "Settings.Version.World": "Wereld:",
    "StrategyPoints.BuyableFP": "Aantal FP dat kan worden gekocht met munten.",
    "_Language": "Nederlands"
}
