﻿{
    "Boxes.Alerts.Form.Antiques.Auction": "",
    "Boxes.Alerts.Form.Antiques.Cooldown": "",
    "Boxes.Alerts.Form.Antiques.Dealer": "",
    "Boxes.Alerts.Form.Antiques.Exchange": "",
    "Boxes.Alerts.Form.Battleground": "",
    "Boxes.Alerts.Form.Body": "",
    "Boxes.Alerts.Form.Create": "",
    "Boxes.Alerts.Form.CreateAlert": "",
    "Boxes.Alerts.Form.CreateAllSectors": "",
    "Boxes.Alerts.Form.CreateNewAlert": "",
    "Boxes.Alerts.Form.Datetime": "",
    "Boxes.Alerts.Form.Delete": "",
    "Boxes.Alerts.Form.Discard": "",
    "Boxes.Alerts.Form.Edit": "",
    "Boxes.Alerts.Form.EditAlert": "",
    "Boxes.Alerts.Form.Expiration": "",
    "Boxes.Alerts.Form.Expired": "",
    "Boxes.Alerts.Form.Expires": "",
    "Boxes.Alerts.Form.Neighborhood": "",
    "Boxes.Alerts.Form.Persistence": "",
    "Boxes.Alerts.Form.Persistence.Description": "",
    "Boxes.Alerts.Form.Persistence.Off": "",
    "Boxes.Alerts.Form.Persistence.On": "",
    "Boxes.Alerts.Form.Persistent": "",
    "Boxes.Alerts.Form.Preset.Now": "",
    "Boxes.Alerts.Form.Presets": "",
    "Boxes.Alerts.Form.Preview": "",
    "Boxes.Alerts.Form.Repeat": "",
    "Boxes.Alerts.Form.Repeat.Every": "",
    "Boxes.Alerts.Form.Repeat.Never": "",
    "Boxes.Alerts.Form.Save": "",
    "Boxes.Alerts.Form.Tag": "",
    "Boxes.Alerts.Form.Tag.Description": "",
    "Boxes.Alerts.Form.Title": "",
    "Boxes.Alerts.Preferences.Auction.Info": "",
    "Boxes.Alerts.Preferences.Auction.Title": "",
    "Boxes.Alerts.Preferences.Battlegrounds.Info": "",
    "Boxes.Alerts.Preferences.Battlegrounds.Title": "",
    "Boxes.Alerts.Preferences.ComingSoon": "",
    "Boxes.Alerts.Preferences.Early.Info": "",
    "Boxes.Alerts.Preferences.Early.Title": "",
    "Boxes.Alerts.Preferences.InGame.Info": "",
    "Boxes.Alerts.Preferences.InGame.Title": "",
    "Boxes.Alerts.Preferences.MenuIcon.Info": "",
    "Boxes.Alerts.Preferences.MenuIcon.Title": "",
    "Boxes.Alerts.Preferences.Start.Info": "",
    "Boxes.Alerts.Preferences.Start.Title": "",
    "Boxes.Alerts.Preferences.Suggestions.Info": "",
    "Boxes.Alerts.Preferences.Suggestions.Title": "",
    "Boxes.Alerts.Tabs.Alerts": "",
    "Boxes.Alerts.Tabs.Preferences": "",
    "Boxes.Alerts.Time.15m": "",
    "Boxes.Alerts.Time.1d": "",
    "Boxes.Alerts.Time.1h": "",
    "Boxes.Alerts.Time.1m": "",
    "Boxes.Alerts.Time.4h": "",
    "Boxes.Alerts.Time.5m": "",
    "Boxes.Alerts.Time.8h": "",
    "Boxes.BattleAssist.Title": "",
    "Boxes.Calculator.ActiveRecurringQuest": "",
    "Boxes.Calculator.ArkBonus": "",
    "Boxes.Calculator.AvailableFP": "",
    "Boxes.Calculator.BPs": "",
    "Boxes.Calculator.Commitment": "",
    "Boxes.Calculator.Done": "",
    "Boxes.Calculator.FP": "",
    "Boxes.Calculator.FriendlyInvestment": "",
    "Boxes.Calculator.HelpLink": "",
    "Boxes.Calculator.LGNotConnected": "",
    "Boxes.Calculator.LGNotOpen": "",
    "Boxes.Calculator.LevelWarning": "",
    "Boxes.Calculator.MaxLevel": "",
    "Boxes.Calculator.Meds": "",
    "Boxes.Calculator.Profit": "",
    "Boxes.Calculator.Step": "",
    "Boxes.Calculator.TTForderCosts": "",
    "Boxes.Calculator.TTForderFPStockLow": "",
    "Boxes.Calculator.TTForderNegativeProfit": "",
    "Boxes.Calculator.TTLevelWarning": "",
    "Boxes.Calculator.TTLoss": "",
    "Boxes.Calculator.TTLossSelf": "",
    "Boxes.Calculator.TTPaidTooLess": "",
    "Boxes.Calculator.TTPaidTooMuch": "",
    "Boxes.Calculator.TTProfit": "",
    "Boxes.Calculator.TTProfitSelf": "",
    "Boxes.Calculator.Title": "",
    "Boxes.Calculator.Up2LevelUp": "",
    "Boxes.Campagne.AlreadyDone": "",
    "Boxes.Campagne.DescInStock": "",
    "Boxes.Campagne.DescRequired": "",
    "Boxes.Campagne.DescStillMissing": "",
    "Boxes.Campagne.Resource": "",
    "Boxes.Campagne.Reward": "",
    "Boxes.Campagne.Title": "",
    "Boxes.CityMap.CavalierPerspecitve": "",
    "Boxes.CityMap.Desc1": "",
    "Boxes.CityMap.FreeArea": "",
    "Boxes.CityMap.NormalPerspecitve": "",
    "Boxes.CityMap.ShowSubmitBox": "",
    "Boxes.CityMap.Submit": "",
    "Boxes.CityMap.SubmitSuccess": "",
    "Boxes.CityMap.TitleSend": "",
    "Boxes.CityMap.WholeArea": "",
    "Boxes.CityMap.YourCity": "",
    "Boxes.EventChests.Chance": "",
    "Boxes.EventChests.Cost": "",
    "Boxes.EventChests.CostPerPrize": "",
    "Boxes.EventChests.CostPerStep": "",
    "Boxes.EventChests.MainPrize": "",
    "Boxes.EventChests.MainPrizeTitle": "",
    "Boxes.EventChests.Steps": "",
    "Boxes.EventChests.Title": "",
    "Boxes.GreatBuildings.ArcBonus": "",
    "Boxes.GreatBuildings.Costs": "",
    "Boxes.GreatBuildings.DailyFP": "",
    "Boxes.GreatBuildings.FPCostGoods": "",
    "Boxes.GreatBuildings.GreatBulding": "",
    "Boxes.GreatBuildings.HelpLink": "",
    "Boxes.GreatBuildings.HideNewGBs": "",
    "Boxes.GreatBuildings.Level": "",
    "Boxes.GreatBuildings.RewardPerDay": "",
    "Boxes.GreatBuildings.SuggestionDescription": "",
    "Boxes.GreatBuildings.SuggestionTitle": "",
    "Boxes.GreatBuildings.TTGoodCosts": "",
    "Boxes.GreatBuildings.TTGoodCostsColumn": "",
    "Boxes.GreatBuildings.TTRewardPerDay": "",
    "Boxes.GreatBuildings.Title": "",
    "Boxes.GuildFights.Fights": "",
    "Boxes.GuildFights.LastSnapshot": "",
    "Boxes.GuildFights.Negotiations": "",
    "Boxes.GuildFights.Player": "",
    "Boxes.GuildFights.Title": "",
    "Boxes.GuildFights.Total": "",
    "Boxes.HiddenRewards.Disappears": "",
    "Boxes.HiddenRewards.NoEvents": "",
    "Boxes.HiddenRewards.Title": "",
    "Boxes.Infobox.Filter": "",
    "Boxes.Infobox.FilterAuction": "",
    "Boxes.Infobox.FilterGex": "",
    "Boxes.Infobox.FilterGuildFights": "",
    "Boxes.Infobox.FilterLevel": "",
    "Boxes.Infobox.FilterMessage": "",
    "Boxes.Infobox.FilterTrade": "",
    "Boxes.Infobox.Messages.Auction": "",
    "Boxes.Infobox.Messages.GEX": "",
    "Boxes.Infobox.Messages.GildFightOccupied": "",
    "Boxes.Infobox.Messages.LevelUp": "",
    "Boxes.Infobox.Messages.MsgBuilding": "",
    "Boxes.Infobox.Messages.Trade": "",
    "Boxes.Infobox.ResetBox": "",
    "Boxes.Infobox.Title": "",
    "Boxes.Investment.AllUpToDate": "",
    "Boxes.Investment.AllUpToDateDesc": "",
    "Boxes.Investment.CurrReward": "",
    "Boxes.Investment.InvestBar": "",
    "Boxes.Investment.PlayerFound": "",
    "Boxes.Investment.PlayerFoundCount": "",
    "Boxes.Investment.PlayerFoundCounter": "",
    "Boxes.Investment.Title": "",
    "Boxes.Investment.TotalFP": "",
    "Boxes.Kits.InStock": "",
    "Boxes.Kits.KitName": "",
    "Boxes.Kits.Name": "",
    "Boxes.Kits.Title": "",
    "Boxes.Negotiation.Average": "",
    "Boxes.Negotiation.Canceled": "",
    "Boxes.Negotiation.Chance": "",
    "Boxes.Negotiation.DragDrop": "",
    "Boxes.Negotiation.GoodsCritical": "",
    "Boxes.Negotiation.GoodsLow": "",
    "Boxes.Negotiation.Person": "",
    "Boxes.Negotiation.Round": "",
    "Boxes.Negotiation.SaveCurrentEraGoods": "",
    "Boxes.Negotiation.SaveMedals": "",
    "Boxes.Negotiation.Stock": "",
    "Boxes.Negotiation.Success": "",
    "Boxes.Negotiation.TableLoadError": "",
    "Boxes.Negotiation.Title": "",
    "Boxes.Negotiation.TryEnd": "",
    "Boxes.Negotiation.WrongGoods": "",
    "Boxes.Negotiation.confirmGoodsMissmatch": "",
    "Boxes.Notice.DeleteGroup": "",
    "Boxes.Notice.DeleteItem": "",
    "Boxes.Notice.DummyHeading": "",
    "Boxes.Notice.Edit": "",
    "Boxes.Notice.GlobalSendRequired": "",
    "Boxes.Notice.GroupName": "",
    "Boxes.Notice.HelpLink": "",
    "Boxes.Notice.NewGroup": "",
    "Boxes.Notice.NewGroupDesc": "",
    "Boxes.Notice.NewSide": "",
    "Boxes.Notice.Save": "",
    "Boxes.Notice.SideName": "",
    "Boxes.Notice.Sorting": "",
    "Boxes.Notice.Title": "",
    "Boxes.Outpost.DescInStock": "",
    "Boxes.Outpost.DescRequired": "",
    "Boxes.Outpost.DescStillMissing": "",
    "Boxes.Outpost.ExpansionsSum": "",
    "Boxes.Outpost.ShowSums": "",
    "Boxes.Outpost.Title": "",
    "Boxes.Outpost.TitleBuildings": "",
    "Boxes.Outpost.TitleFree": "",
    "Boxes.Outpost.TitleShort": "",
    "Boxes.Outpost.infoLine": "",
    "Boxes.Outpost.nextTile": "",
    "Boxes.Outpost.tileNotPlanned": "",
    "Boxes.OwnpartCalculator.All": "",
    "Boxes.OwnpartCalculator.Arc": "",
    "Boxes.OwnpartCalculator.Auto": "",
    "Boxes.OwnpartCalculator.BPs": "",
    "Boxes.OwnpartCalculator.BuildingName": "",
    "Boxes.OwnpartCalculator.CopyValues": "",
    "Boxes.OwnpartCalculator.Deposit": "",
    "Boxes.OwnpartCalculator.Done": "",
    "Boxes.OwnpartCalculator.Ext": "",
    "Boxes.OwnpartCalculator.HelpLink": "",
    "Boxes.OwnpartCalculator.LGTotalFP": "",
    "Boxes.OwnpartCalculator.Meds": "",
    "Boxes.OwnpartCalculator.NoPlaceSafe": "",
    "Boxes.OwnpartCalculator.Note": "",
    "Boxes.OwnpartCalculator.OldLevel": "",
    "Boxes.OwnpartCalculator.Order": "",
    "Boxes.OwnpartCalculator.OwnPart": "",
    "Boxes.OwnpartCalculator.OwnPartRemaining": "",
    "Boxes.OwnpartCalculator.PatronPart": "",
    "Boxes.OwnpartCalculator.Place": "",
    "Boxes.OwnpartCalculator.PlayerName": "",
    "Boxes.OwnpartCalculator.Step": "",
    "Boxes.OwnpartCalculator.Title": "",
    "Boxes.Productions.GoodEraTotal": "",
    "Boxes.Productions.GuildGoods": "",
    "Boxes.Productions.GuildPower": "",
    "Boxes.Productions.Happiness": "",
    "Boxes.Productions.Headings.all": "",
    "Boxes.Productions.Headings.amount": "",
    "Boxes.Productions.Headings.area": "",
    "Boxes.Productions.Headings.culture": "",
    "Boxes.Productions.Headings.decoration": "",
    "Boxes.Productions.Headings.earning": "",
    "Boxes.Productions.Headings.efficiency": "",
    "Boxes.Productions.Headings.era": "",
    "Boxes.Productions.Headings.goods": "",
    "Boxes.Productions.Headings.greatbuilding": "",
    "Boxes.Productions.Headings.main_building": "",
    "Boxes.Productions.Headings.name": "",
    "Boxes.Productions.Headings.number": "",
    "Boxes.Productions.Headings.production": "",
    "Boxes.Productions.Headings.random_production": "",
    "Boxes.Productions.Headings.residential": "",
    "Boxes.Productions.Headings.size": "",
    "Boxes.Productions.Headings.street": "",
    "Boxes.Productions.ModeCurrent": "",
    "Boxes.Productions.ModeDaily": "",
    "Boxes.Productions.ModeGroups": "",
    "Boxes.Productions.ModeSingle": "",
    "Boxes.Productions.NoAsteroidDataWarning": "",
    "Boxes.Productions.NoMarsDataWarning": "",
    "Boxes.Productions.SearchInput": "",
    "Boxes.Productions.SizeTT": "",
    "Boxes.Productions.TTGoodsEra": "",
    "Boxes.Productions.Title": "",
    "Boxes.Productions.Total": "",
    "Boxes.Settings.Active": "",
    "Boxes.Settings.Inactive": "",
    "Boxes.Settings.Title": "",
    "Boxes.Stats.BtnAll": "",
    "Boxes.Stats.BtnAllPlayableEras": "",
    "Boxes.Stats.BtnAllPlayableErasTitle": "",
    "Boxes.Stats.BtnAllTittle": "",
    "Boxes.Stats.BtnChartType.delta": "",
    "Boxes.Stats.BtnChartType.line": "",
    "Boxes.Stats.BtnChartType.streamgraph": "",
    "Boxes.Stats.BtnChartTypeTitle.delta": "",
    "Boxes.Stats.BtnChartTypeTitle.line": "",
    "Boxes.Stats.BtnChartTypeTitle.streamgraph": "",
    "Boxes.Stats.BtnLastEras": "",
    "Boxes.Stats.BtnLastErasTitle": "",
    "Boxes.Stats.BtnMyEra": "",
    "Boxes.Stats.BtnNoEra": "",
    "Boxes.Stats.BtnSource.statsGBGPlayers": "",
    "Boxes.Stats.BtnSource.statsRewards": "",
    "Boxes.Stats.BtnSource.statsTreasureClanD": "",
    "Boxes.Stats.BtnSource.statsTreasureClanH": "",
    "Boxes.Stats.BtnSource.statsTreasurePlayerD": "",
    "Boxes.Stats.BtnSource.statsTreasurePlayerH": "",
    "Boxes.Stats.BtnSource.statsUnitsD": "",
    "Boxes.Stats.BtnSource.statsUnitsH": "",
    "Boxes.Stats.BtnToggleAnnotations": "",
    "Boxes.Stats.BtnToggleAnnotationsTitle": "",
    "Boxes.Stats.BtnToggleGroupBy": "",
    "Boxes.Stats.BtnToggleGroupByTitle": "",
    "Boxes.Stats.Era": "",
    "Boxes.Stats.Period.all": "",
    "Boxes.Stats.Period.last30days": "",
    "Boxes.Stats.Period.last7days": "",
    "Boxes.Stats.Period.sinceTuesday": "",
    "Boxes.Stats.Period.thisMonth": "",
    "Boxes.Stats.Period.today": "",
    "Boxes.Stats.PeriodTitle.all": "",
    "Boxes.Stats.PeriodTitle.last30days": "",
    "Boxes.Stats.PeriodTitle.last7days": "",
    "Boxes.Stats.PeriodTitle.sinceTuesday": "",
    "Boxes.Stats.PeriodTitle.thisMonth": "",
    "Boxes.Stats.PeriodTitle.today": "",
    "Boxes.Stats.Rewards.Source.__event": "",
    "Boxes.Stats.Rewards.Source.battlegrounds_conquest": "",
    "Boxes.Stats.Rewards.Source.diplomaticGifts": "",
    "Boxes.Stats.Rewards.Source.guildExpedition": "",
    "Boxes.Stats.Rewards.Source.spoilsOfWar": "",
    "Boxes.Stats.Rewards.SourceTitle.__event": "",
    "Boxes.Stats.Rewards.SourceTitle.battlegrounds_conquest": "",
    "Boxes.Stats.Rewards.SourceTitle.diplomaticGifts": "",
    "Boxes.Stats.Rewards.SourceTitle.guildExpedition": "",
    "Boxes.Stats.Rewards.SourceTitle.spoilsOfWar": "",
    "Boxes.Stats.SourceTitle.statsGBGPlayers": "",
    "Boxes.Stats.SourceTitle.statsRewards": "",
    "Boxes.Stats.SourceTitle.statsTreasureClanD": "",
    "Boxes.Stats.SourceTitle.statsTreasureClanH": "",
    "Boxes.Stats.SourceTitle.statsTreasurePlayerD": "",
    "Boxes.Stats.SourceTitle.statsTreasurePlayerH": "",
    "Boxes.Stats.SourceTitle.statsUnitsD": "",
    "Boxes.Stats.SourceTitle.statsUnitsH": "",
    "Boxes.Stats.Title": "",
    "Boxes.Technologies.DescInStock": "",
    "Boxes.Technologies.DescRequired": "",
    "Boxes.Technologies.DescStillMissing": "",
    "Boxes.Technologies.NoTechs": "",
    "Boxes.Technologies.Resource": "",
    "Boxes.Technologies.Title": "",
    "Boxes.Units.AlcaHarvest": "",
    "Boxes.Units.Attack": "",
    "Boxes.Units.Bind": "",
    "Boxes.Units.Defend": "",
    "Boxes.Units.NextUnitsIn": "",
    "Boxes.Units.NotFilled": "",
    "Boxes.Units.Proportionally": "",
    "Boxes.Units.Quantity": "",
    "Boxes.Units.ReadyToLoot": "",
    "Boxes.Units.Status": "",
    "Boxes.Units.Title": "",
    "Boxes.Units.Unbind": "",
    "Boxes.Units.Unit": "",
    "Date": "",
    "DateTime": "",
    "Eras.0": "",
    "Eras.1": "",
    "Eras.10": "",
    "Eras.11": "",
    "Eras.12": "",
    "Eras.13": "",
    "Eras.14": "",
    "Eras.15": "",
    "Eras.16": "",
    "Eras.17": "",
    "Eras.18": "",
    "Eras.19": "",
    "Eras.2": "",
    "Eras.20": "",
    "Eras.21": "Space Age Jupiter Moon",
    "Eras.3": "",
    "Eras.4": "",
    "Eras.5": "",
    "Eras.6": "",
    "Eras.7": "",
    "Eras.8": "",
    "Eras.9": "",
    "Global.BoxTitle": "",
    "HiddenRewards.Positions.cityRoadBig": "",
    "HiddenRewards.Positions.cityRoadSmall": "",
    "HiddenRewards.Positions.guildExpedition": "",
    "HiddenRewards.Positions.nature": "",
    "HiddenRewards.Positions.shore": "",
    "HiddenRewards.Positions.water": "",
    "HiddenRewards.Table.expires": "",
    "HiddenRewards.Table.position": "",
    "HiddenRewards.Table.type": "",
    "Local": "nn-NO",
    "Menu.Calculator.Desc": "",
    "Menu.Calculator.Title": "",
    "Menu.Calculator.Warning": "",
    "Menu.Campagne.Desc": "",
    "Menu.Campagne.Title": "",
    "Menu.Campagne.Warning": "",
    "Menu.Citymap.Desc": "",
    "Menu.Citymap.Title": "",
    "Menu.HiddenRewards.Desc": "",
    "Menu.HiddenRewards.Title": "",
    "Menu.Info.Desc": "",
    "Menu.Info.Title": "",
    "Menu.Kits.Desc": "",
    "Menu.Kits.Title": "",
    "Menu.Negotiation.Desc": "",
    "Menu.Negotiation.Title": "",
    "Menu.Negotiation.Warning": "",
    "Menu.Notice.Desc": "",
    "Menu.Notice.Title": "",
    "Menu.OutP.Desc": "",
    "Menu.OutP.DescWarningBuildings": "",
    "Menu.OutP.DescWarningOutpostData": "",
    "Menu.OutP.Title": "",
    "Menu.OwnpartCalculator.Desc": "",
    "Menu.OwnpartCalculator.Title": "",
    "Menu.OwnpartCalculator.Warning": "",
    "Menu.Productions.Desc": "",
    "Menu.Productions.Title": "",
    "Menu.Settings.Desc": "",
    "Menu.Settings.Title": "",
    "Menu.Stats.Desc": "",
    "Menu.Stats.Title": "",
    "Menu.Technologies.Desc": "",
    "Menu.Technologies.Title": "",
    "Menu.Technologies.Warning": "",
    "Menu.Unit.Desc": "",
    "Menu.Unit.Title": "",
    "Menu.Unit.Warning": "",
    "Menu.greatbuildings.Desc": "",
    "Menu.greatbuildings.Title": "",
    "Settings.AutomaticNegotiation.Desc": "",
    "Settings.AutomaticNegotiation.Title": "",
    "Settings.ChangeLanguage.Desc": "",
    "Settings.ChangeLanguage.Title": "",
    "Settings.Entry.AutomaticNegotiation": "",
    "Settings.Entry.ChangeLanguage": "",
    "Settings.Entry.GlobalSend": "",
    "Settings.Entry.Help": "",
    "Settings.Entry.MenuLength": "",
    "Settings.Entry.ResetBoxPositions": "",
    "Settings.Entry.ShowInvestments": "",
    "Settings.Entry.ShowOwnPartOnAllGBs": "",
    "Settings.Entry.Version": "",
    "Settings.GlobalSend.Desc": "",
    "Settings.GlobalSend.Title": "",
    "Settings.Help.Desc": "",
    "Settings.Help.Discord": "",
    "Settings.Help.Forums": "",
    "Settings.Help.Github": "",
    "Settings.Help.Title": "",
    "Settings.Help.Website": "",
    "Settings.MenuLength.Desc": "",
    "Settings.MenuLength.Title": "",
    "Settings.ResetBoxPositions.Button": "",
    "Settings.ResetBoxPositions.Desc": "",
    "Settings.ResetBoxPositions.Title": "",
    "Settings.ShowInvestments.Desc": "",
    "Settings.ShowInvestments.Title": "",
    "Settings.ShowOwnPartOnAllGBs.Desc": "",
    "Settings.ShowOwnPartOnAllGBs.Title": "",
    "Settings.ShowPlayersMotivation.Desc": "",
    "Settings.Tab.About": "",
    "Settings.Tab.Boxes": "",
    "Settings.Tab.Extension": "",
    "Settings.Tab.Sending": "",
    "Settings.Version.Desc": "",
    "Settings.Version.GuildId": "",
    "Settings.Version.PlayerId": "",
    "Settings.Version.Title": "",
    "Settings.Version.World": "",
    "_Language": "Nynorsk"
}
