﻿{
    "Boxes.Alerts.Form.Antiques.Auction": "Aukcja",
    "Boxes.Alerts.Form.Antiques.Cooldown": "Czas pomiędzy aukcjami",
    "Boxes.Alerts.Form.Antiques.Dealer": "Handlarz antykami",
    "Boxes.Alerts.Form.Antiques.Exchange": "Oferty Dzienne",
    "Boxes.Alerts.Form.Battleground": "Sektory GPCh",
    "Boxes.Alerts.Form.Body": "Treść",
    "Boxes.Alerts.Form.Create": "Utwórz",
    "Boxes.Alerts.Form.CreateAlert": "Utwórz powiadomienie",
    "Boxes.Alerts.Form.CreateAllSectors": "Utwórz dla wszystkich sektorów",
    "Boxes.Alerts.Form.CreateNewAlert": "Tworzenie nowego powiadomienia",
    "Boxes.Alerts.Form.Datetime": "Data &amp; Czas",
    "Boxes.Alerts.Form.Delete": "Usuń",
    "Boxes.Alerts.Form.Discard": "Odrzuć",
    "Boxes.Alerts.Form.Edit": "Edytuj",
    "Boxes.Alerts.Form.EditAlert": "Edytuj powiadomienie",
    "Boxes.Alerts.Form.Expiration": "Otwiera się za",
    "Boxes.Alerts.Form.Expired": "Przedawniony",
    "Boxes.Alerts.Form.Expires": "Wygaśnie",
    "Boxes.Alerts.Form.Neighborhood": "Sąsiedztwo",
    "Boxes.Alerts.Form.Persistence": "Trwałe",
    "Boxes.Alerts.Form.Persistence.Description": "Czy powiadomienie ma pozostać otwarte, dopóki użytkownik nie odrzuci lub nie kliknie powiadomienia?",
    "Boxes.Alerts.Form.Persistence.Off": "Nie",
    "Boxes.Alerts.Form.Persistence.On": "Tak",
    "Boxes.Alerts.Form.Persistent": "Trwałe",
    "Boxes.Alerts.Form.Preset.Now": "Teraz",
    "Boxes.Alerts.Form.Presets": "Ustawienia wstępne",
    "Boxes.Alerts.Form.Preview": "Podgląd",
    "Boxes.Alerts.Form.Repeat": "Powtarzaj",
    "Boxes.Alerts.Form.Repeat.Every": "lub co",
    "Boxes.Alerts.Form.Repeat.Never": "nigdy",
    "Boxes.Alerts.Form.Save": "Zapisz",
    "Boxes.Alerts.Form.Tag": "Etykieta",
    "Boxes.Alerts.Form.Tag.Description": "Tagi można wykorzystać do grupowania powiadomień (nowe powiadomienie z danym tagiem zastąpi starsze powiadomienie tym samym tagiem).",
    "Boxes.Alerts.Form.Title": "Tytuł",
    "Boxes.Alerts.Preferences.Auction.Info": "Automatycznie utwórz nowy alert, gdy składam ofertę na aukcji handlarza antykami.",
    "Boxes.Alerts.Preferences.Auction.Title": "Aukcja handlarza antyków",
    "Boxes.Alerts.Preferences.Battlegrounds.Info": "Wysyłaj natychmiastowe ostrzeżenie, gdy w GPCh jest duża aktywność (na przykład 10 walk w jednym sektorze w ciągu 5 sekund). Pamiętaj, że ta funkcja działa tylko wtedy, gdy w grze otwarte są Pola Chwały!",
    "Boxes.Alerts.Preferences.Battlegrounds.Title": "Monitoruj wojny gildyjne",
    "Boxes.Alerts.Preferences.ComingSoon": "Już niedługo...  ",
    "Boxes.Alerts.Preferences.Early.Info": "Automatycznie generowane czasy alertów (handlarz antykami, pola chwały itp.) wykorzystają to przesunięcie do wysłania powiadomienia, zanim zdarzenie faktycznie się wydarzy. Na przykład ustawienie tej wartości na 30 (sekund) spowoduje, że alerty aukcyjne będą wyświetlane 30 sekund przed faktycznym zakończeniem aukcji!",
    "Boxes.Alerts.Preferences.Early.Title": "Powiadom wczesne przesunięcie",
    "Boxes.Alerts.Preferences.InGame.Info": "Pokaż powiadomienie w grze zamiast powiadomienia na pulpicie, gdy okno gry jest aktywne.",
    "Boxes.Alerts.Preferences.InGame.Title": "Powiadomienia w grze",
    "Boxes.Alerts.Preferences.MenuIcon.Info": "Wyświetl czas do następnego alertu jako nakładkę ikony w menu głównym",
    "Boxes.Alerts.Preferences.MenuIcon.Title": "Odliczanie do menu głównego",
    "Boxes.Alerts.Preferences.Start.Info": "Wyświetl listę alertów, które wygasły w trybie offline (od czasu zamknięcia okna gry)",
    "Boxes.Alerts.Preferences.Start.Title": "Podsumowanie alertu wygasłego na początku",
    "Boxes.Alerts.Preferences.Suggestions.Info": "Wyświetlaj sugestie alertów (na przykład po kliknięciu sektora pola bitwy lub zebraniu produkcji)",
    "Boxes.Alerts.Preferences.Suggestions.Title": "Alerty Sugestie",
    "Boxes.Alerts.Tabs.Alerts": "Powiadomienia",
    "Boxes.Alerts.Tabs.Preferences": "Ustawienia",
    "Boxes.Alerts.Time.15m": "15m",
    "Boxes.Alerts.Time.1d": "1d",
    "Boxes.Alerts.Time.1h": "1h",
    "Boxes.Alerts.Time.1m": "1m",
    "Boxes.Alerts.Time.4h": "4h",
    "Boxes.Alerts.Time.5m": "5m",
    "Boxes.Alerts.Time.8h": "8h",
    "Boxes.BattleAssist.Text.NextEra": "Straciłeś jednostkę z wyższej epoki. Nadal możesz wyleczyć ją diamentami!",
    "Boxes.BattleAssist.Text.Rogue": "Twoja armia składa się tylko z Łotrów. Ulecz jednostki za pomocą diamentów, albo wycofaj się!",
    "Boxes.BattleAssist.Title": "Stop!",
    "Boxes.BlueGalaxy.Building": "Budynek",
    "Boxes.BlueGalaxy.Done": "Zrobione",
    "Boxes.BlueGalaxy.DoneIn": "Zrobione w",
    "Boxes.BlueGalaxy.DoneProductionsTitle": "Sugestia: Zbierz te produkcje",
    "Boxes.BlueGalaxy.EstimatedBonus": "Szacowany bonus __FP__ PR i __Goods__ towarów",
    "Boxes.BlueGalaxy.FP": "PR",
    "Boxes.BlueGalaxy.Goods": "Towary",
    "Boxes.BlueGalaxy.GoodsPerFP": "1 PR jest wart __goods__ towarów",
    "Boxes.BlueGalaxy.GoodsValue": "Wartość 1 dobra (w PR)",
    "Boxes.BlueGalaxy.NoChargesLeft": "Brak ładunków Błękitnej Galaktyki!",
    "Boxes.BlueGalaxy.NoProductionsDone": "Nie ma gotowych produkcji PR",
    "Boxes.BlueGalaxy.TTGoodsValue": "Ta wartość jest używana do oceniania budynków produkujących dobra. Ile PR jest dla Ciebie warta?",
    "Boxes.BlueGalaxy.Title": "Pomocnik Błękitnej Galaktyki",
    "Boxes.BonusService.aid_goods": "Truce Tower: pozostałe towary za wsparcie",
    "Boxes.BonusService.diplomatic_gifts": "Kosmiczny transporter: pozostałe próby zdobycia darów dyplomacji.",
    "Boxes.BonusService.donequests": "Pokazuje zakończone misje",
    "Boxes.BonusService.first_strike": "Kraken: pozostałe próby pierwszego uderzenia",
    "Boxes.BonusService.missile_launch": "Virgo Projekt: pozostałe próby startu rakiety",
    "Boxes.BonusService.spoils_of_war": "Zamek Himeji: pozostałe próby zdobycia łupów wojennych.",
    "Boxes.Calculator.ActiveRecurringQuest": "Bieżące zadanie powtarzalne:",
    "Boxes.Calculator.ArkBonus": "Aktualny bonus Arki",
    "Boxes.Calculator.AvailableFP": "PRy w paczkach",
    "Boxes.Calculator.BPs": "Plany",
    "Boxes.Calculator.Commitment": "Koszt",
    "Boxes.Calculator.Done": "Gotowe",
    "Boxes.Calculator.FP": "PR",
    "Boxes.Calculator.FriendlyInvestment": "Pomoc w budowie:",
    "Boxes.Calculator.HelpLink": "https://foe-helper.com/docs/en/cost-calculator/",
    "Boxes.Calculator.LGNotConnected": "Ta perła nie jest podłączona do drogi.",
    "Boxes.Calculator.LGNotOpen": "Kolejny poziom perły jest aktualnie zablokowany.",
    "Boxes.Calculator.LevelWarning": "UWAGA! Perła zostanie zamknięta!",
    "Boxes.Calculator.MaxLevel": "Odblokowany poziom",
    "Boxes.Calculator.Meds": "Medale",
    "Boxes.Calculator.Profit": "Zysk",
    "Boxes.Calculator.Settings.Save": "Zapisz",
    "Boxes.Calculator.Settings.newValue": "Nowa wartość",
    "Boxes.Calculator.Step": "Poziom ",
    "Boxes.Calculator.TTForderCosts": "Koszty = __nettoreward__<small>(Nagroda netto)</small> X __forderfactor__%<small>(Twoja inwestycja)</small> = __costs__",
    "Boxes.Calculator.TTForderFPStockLow": "UWAGA: posiadasz za mało PR<br>masz __fpstock__ z __costs__ PR<br>za mało o__tooless__ PR",
    "Boxes.Calculator.TTForderNegativeProfit": "Miejsce nie jest zabezpieczone. Należy wpłacić __fpcount__ dodatkowych PR w celu zabezpieczenia.<br>Całkowita wpłata: __totalfp__ PR",
    "Boxes.Calculator.TTLevelWarning": "Dodaj__fpcount__ PR nie zmieści się<br>Maksymalna możliwa wpłata: __totalfp__ PR",
    "Boxes.Calculator.TTLoss": "Nagroda = __nettoreward__ <small>(Nagroda netto)</small> X __arcfactor__% <small>(Bonus Arc)</small> = __bruttoreward__<br>Cost: __costs__ - Miejsce zablokowane: __safe__<br>Loss = __costs__ <small>(Koszt)</small> - __bruttoreward__ <small>(Nagroda)</small> = __loss__",
    "Boxes.Calculator.TTLossSelf": "Zwrot = __nettoreward__<small>(bazowy zwrot)</small> X __arcfactor__%<small>(bonus Arki)</small> = __bruttoreward__<br>Wpłata: __paid__<br>Strata = __paid__<small>(wpłata)</small> - __bruttoreward__<small>(zwrot)</small> = __loss__",
    "Boxes.Calculator.TTPaidTooLess": "Wpłaciłeś __paid__ PR zamiast __topay__ PR, tzn. __tooless__ PR za mało.",
    "Boxes.Calculator.TTPaidTooMuch": "Wpłaciłeś __paid__ PR zamiast __topay__ PR, tzn. __toomuch__ PR za dużo.",
    "Boxes.Calculator.TTProfit": "Nagroda = __nettoreward__ <small>(Nagroda netto)</small> X __arcfactor__% <small>(Bonus Arc)</small> = __bruttoreward__<br>Cost: __costs__ - Miejsce zablokowane: __safe__<br>Zysk = __bruttoreward__ <small>(Nagroda)</small> - __costs__ <small>(Koszt)</small> = __profit__",
    "Boxes.Calculator.TTProfitSelf": "Zwrot = __nettoreward__<small>(Bazowy zwrot)</small> X __arcfactor__%<small>(Bonus Arki)</small> = __bruttoreward__<br>Wpłata: __paid__<br>Zysk = __bruttoreward__<small>(Zwrot)</small> - __paid__<small>(Wpłata)</small> = __profit__",
    "Boxes.Calculator.Title": "Kalkulator budowy pereł (PA)",
    "Boxes.Calculator.Up2LevelUp": "Do zamknięcia",
    "Boxes.Campagne.AlreadyDone": " Już zdobyte! Brawo :)",
    "Boxes.Campagne.DescInStock": "Dostępne",
    "Boxes.Campagne.DescRequired": "Wymagane",
    "Boxes.Campagne.DescStillMissing": "<span style='color:#29b206'>Nadmiar</span> / <span style='color:#ff4040'>Brak</span>",
    "Boxes.Campagne.Resource": "Zasób",
    "Boxes.Campagne.Reward": "Suma nagród ",
    "Boxes.Campagne.Title": "Koszty wykupu prowincji ",
    "Boxes.Castle.AntiqueDealer": "Handlarz antykami",
    "Boxes.Castle.AuctionsWon": "Wygrane aukcje",
    "Boxes.Castle.Battle": "Walka",
    "Boxes.Castle.Battles": "Walki",
    "Boxes.Castle.CastlePoints": "Punkty zamkowe",
    "Boxes.Castle.Challenge": "Wyzwanie",
    "Boxes.Castle.Daily": "Codzienne",
    "Boxes.Castle.DailyCastlePoints": "Codzienne punkty",
    "Boxes.Castle.DailyChallenge": "Wyzwanie codzienne",
    "Boxes.Castle.Days": "dni",
    "Boxes.Castle.Gex": "WG",
    "Boxes.Castle.GexLastOfSections": "Duże konflikty WG",
    "Boxes.Castle.Level": "Poziom",
    "Boxes.Castle.Log": "Dziennik",
    "Boxes.Castle.LogDuration": "Długość dziennika",
    "Boxes.Castle.Negotiation": "Negocjacja",
    "Boxes.Castle.Negotiations": "Negocjacje",
    "Boxes.Castle.Overview": "Podsumowanie",
    "Boxes.Castle.Progress": "Postęp",
    "Boxes.Castle.SevenDayChallenge": "Wyzwanie 7-dniowe",
    "Boxes.Castle.ShopAntiqueDealer": "Sklep handlarza antykami",
    "Boxes.Castle.ShowGroupNames": "pokaż nagłówki grup",
    "Boxes.Castle.Time": "Czas",
    "Boxes.Castle.Title": "System zamkowy",
    "Boxes.Castle.Type": "Typ",
    "Boxes.Castle.Unknown": "Nieznany",
    "Boxes.Castle.VisitAntiqueDealerWarning": "Odwiedź handlarza antykami, aby zaktualizować dane.",
    "Boxes.Castle.VisitCastleWarning": "Otwórz przegląd zamku, aby zaktualizować dane.",
    "Boxes.Castle.VisitGexWarning": "Otwórz podsumowanie WG, aby zaktualizować dane.",
    "Boxes.CityMap.CavalierPerspecitve": "Izometryczny",
    "Boxes.CityMap.CopyMetaInfos": "Skopiuj dane mapy miasta",
    "Boxes.CityMap.Desc1": "Aby skorzystać z narzędzia planowania miasta, musimy przesłać Twoje dane na stronę foe-rechner.de.",
    "Boxes.CityMap.FreeArea": "Wolny obszar: ",
    "Boxes.CityMap.HighlightOldBuildings": "Podświetl przestarzałe budynki",
    "Boxes.CityMap.NormalPerspecitve": "Standardowy",
    "Boxes.CityMap.ShowSubmitBox": "Wysyłanie danych",
    "Boxes.CityMap.Submit": "Wyślij",
    "Boxes.CityMap.SubmitError": "Dane Twojego miasta nie mogły zostać przesłane na serwer. Zgłoś błąd bezpośrednio do ",
    "Boxes.CityMap.SubmitErrorHeader": "Wystąpił błąd",
    "Boxes.CityMap.SubmitSuccess": "Dane zostały pomyślnie przesłane. Teraz odwiedź ",
    "Boxes.CityMap.SubmitSuccessHeader": "Przesłano dane",
    "Boxes.CityMap.TitleSend": "Prześlij dane",
    "Boxes.CityMap.ToastBodyCopyData": "Dane Twojego miasta zostały skopiowane do schowka",
    "Boxes.CityMap.ToastHeadCopyData": "Skopiowano!",
    "Boxes.CityMap.WholeArea": "Całkowita powierzchnia: ",
    "Boxes.CityMap.YourCity": "Twoje miasto",
    "Boxes.CityMap.clan_power_production": "Produkcja potencjału gildii",
    "Boxes.CityMap.culture": "Budynki kulturowe",
    "Boxes.CityMap.decoration": "Dekoracje",
    "Boxes.CityMap.goods": "Budynki towarowe",
    "Boxes.CityMap.greatbuilding": "Perły Architektury",
    "Boxes.CityMap.main_building": "Ratusz",
    "Boxes.CityMap.military": "Budynki wojskowe",
    "Boxes.CityMap.production": "Budynki produkcyjne",
    "Boxes.CityMap.random_production": "Losowa produkcja",
    "Boxes.CityMap.residential": "Budynki mieszkalne",
    "Boxes.CityMap.street": "Drogi",
    "Boxes.CityMap.tower": "Wieże",
    "Boxes.Citymap.Efficiency": "wydajność",
    "Boxes.CloseBox.AutoHideOnBattle": "Automatycznie ukryj wszystko podczas walki",
    "Boxes.CloseBox.Automation": "Automatyzacja",
    "Boxes.CloseBox.BoxAlignment": "Ustawienie przycisków",
    "Boxes.CloseBox.ButtonSize": "Rozmiar przycisków",
    "Boxes.CloseBox.CloseAllButton": "przycisk zamykania",
    "Boxes.CloseBox.ExcludeFromClosing": "Nigdy nie zamykaj",
    "Boxes.CloseBox.HideAllButton": "przycisk ukrywania",
    "Boxes.CloseBox.Horizontal": "w poziomie",
    "Boxes.CloseBox.Title": "Tytuł",
    "Boxes.CloseBox.Vertical": "w pionie",
    "Boxes.CloseBox.View": "Pokaż",
    "Boxes.DBExport.Compression": "kompresja",
    "Boxes.DBExport.Description": "Opis",
    "Boxes.DBExport.Export": "Eksport",
    "Boxes.DBExport.ExportData": "eksportuj dane",
    "Boxes.DBExport.Import": "Import",
    "Boxes.DBExport.ImportDescription": "Kliknij tutaj lub przeciągnij wyeksportowany plik JSON/archiwum ZIP do tego pola, aby zaimportować dane.",
    "Boxes.DBExport.ImportFileError": "Ten plik nie może zostać przetworzony lub ma nieprawidłowy format.",
    "Boxes.DBExport.ImportPartlySuccessful": "Import został zakończony z błędami. Odśwież grę.",
    "Boxes.DBExport.ImportSuccessful": "Import został pomyślnie zakończony. Odśwież grę.",
    "Boxes.DBExport.LocalSettings": "Ustawienia lokalne",
    "Boxes.DBExport.Records": "Archiwa",
    "Boxes.DBExport.ReloadPage": "Odśwież stronę",
    "Boxes.DBExport.Tables": "Stoły",
    "Boxes.DBExport.Title": "Narzędzie do eksportu/importu danych",
    "Boxes.DBExport.Type": "Typ",
    "Boxes.DBExport.WrongDBPlayerID": "Identyfikator gracza bazy danych, która ma zostać zaimportowana, nie pasuje do bieżącego konta.",
    "Boxes.DBExport.WrongDBWorld": "Świat DB do zaimportowania nie pasuje do rachunku bieżącego.",
    "Boxes.EventChests.Chance": "Szansa",
    "Boxes.EventChests.Cost": "Koszt",
    "Boxes.EventChests.CostPerPrize": "Koszt/Nagroda",
    "Boxes.EventChests.CostPerStep": "Koszt/Skok",
    "Boxes.EventChests.MainPrize": "Nagroda główna",
    "Boxes.EventChests.MainPrizeTitle": "Nagroda dnia: ",
    "Boxes.EventChests.Steps": "Skoki",
    "Boxes.EventChests.Title": "Asystent wyboru skrzyń eventowych",
    "Boxes.FPCollector.Guildexpedition": "Wyprawa gildyjna",
    "Boxes.FPCollector.Guildfights": "Pola Chwały",
    "Boxes.FPCollector.Mainmap": "Mapa miasta",
    "Boxes.FPCollector.NoEntriesFound": "Nie znaleziono jeszcze wpisów…",
    "Boxes.FPCollector.TotalFP": "Suma zebranych PR:",
    "Boxes.FPCollector.What": "Co?",
    "Boxes.FPCollector.Where": "Gdzie?",
    "Boxes.FPCollector.Who": "Kto?",
    "Boxes.FPCollector.antiquesDealer": "Handlarz antykami",
    "Boxes.FPCollector.archeologyEvent": "Wazon z wydarzenia archeologicznego",
    "Boxes.FPCollector.archeologyEventAutoCollect": "Wazon z wydarzenia archeologicznego",
    "Boxes.FPCollector.battlegrounds_conquest": "Nagroda za pola chwały",
    "Boxes.FPCollector.card_duel": "Puchar piłki nożnej - Pojedynek na karty",
    "Boxes.FPCollector.chest": "Nagroda za wyprawy gildyjne",
    "Boxes.FPCollector.chestEvent": "Nagroda za wydarzenie",
    "Boxes.FPCollector.chestEventGrandPrize": "Wynik ligi wydarzenia",
    "Boxes.FPCollector.collectReward": "Nagroda za zadanie",
    "Boxes.FPCollector.dailyChallenges": "Codzienne wyzwanie",
    "Boxes.FPCollector.diplomaticGifts": "Kosmiczny Transporter - Dary dyplomacji",
    "Boxes.FPCollector.double_collection": "x2 dzięki Błękitnej Galaktyce",
    "Boxes.FPCollector.guildExpedition": "Relikt",
    "Boxes.FPCollector.halloweenEvent": "Event halloweenowy",
    "Boxes.FPCollector.halloweenEventAutoCollect": "Event halloweenowy - dynia",
    "Boxes.FPCollector.hiddenReward": "Zdarzenie losowe",
    "Boxes.FPCollector.leagueReward": "Nagroda ligowa",
    "Boxes.FPCollector.pickupProduction": "Zbiory z budynków w mieście",
    "Boxes.FPCollector.plunderReward": "Nagroda za plądrowanie",
    "Boxes.FPCollector.pvp_arena": "Arena PvP",
    "Boxes.FPCollector.reward_calendar": "Kalendarz wydarzeń",
    "Boxes.FPCollector.satDown": "Wizyta w tawernie",
    "Boxes.FPCollector.spoilsOfWar": "Zamek Himeji (łupy wojenne)",
    "Boxes.FPCollector.st_patricks_event_grand_prize": "Dzień Świętego Patryka - Wielka Nagroda",
    "Boxes.FPCollector.st_patricks_task_reward": "Dzień Świętego Patryka - nagroda za zadanie",
    "Boxes.FPCollector.summerEvent": "Event letni",
    "Boxes.FPCollector.wildlife_event": "Wildlife Event",
    "Boxes.FPCollector.winterEvent": "Wydarzenie zimowe",
    "Boxes.FPCollector.winterEventGrandPrize": "Nagroda główna wydarzenia zimowego",
    "Boxes.General.Export": "Eksport",
    "Boxes.General.ExportCSV": "Eksport jako CSV",
    "Boxes.General.ExportJSON": "Eksport jako JSON",
    "Boxes.General.Save": "Zapisz",
    "Boxes.GexStat.CompareLast": "Porównaj ostatnie",
    "Boxes.GexStat.Course": "Wykres",
    "Boxes.GexStat.DeleteDataOlderThan": "Usuń dane starsze niż",
    "Boxes.GexStat.Encounters": "Spotkania",
    "Boxes.GexStat.ExportLast": "Eksportuj ostatnie",
    "Boxes.GexStat.General": "Ogólne",
    "Boxes.GexStat.Gex": "WG",
    "Boxes.GexStat.Level": "Poziom",
    "Boxes.GexStat.Member": "Członków",
    "Boxes.GexStat.MemberParticipation": "Udział członków",
    "Boxes.GexStat.Never": "nigdy",
    "Boxes.GexStat.Participant": "Uczestnik",
    "Boxes.GexStat.ParticipationNoData": "Brak dostępnych danych! <br />Odwiedź stronę wkładu w ekspedycje gildii w przeglądzie ekspedycji gildii, aby zaktualizować dane.",
    "Boxes.GexStat.Player": "Gracz",
    "Boxes.GexStat.Points": "Punkty",
    "Boxes.GexStat.Rank": "Ranga",
    "Boxes.GexStat.Ranking": "Ranking",
    "Boxes.GexStat.ResultsNoData": "Brak dostępnych danych!<br />Odwiedź stronę wyników przeglądu ekspedycji gildii, aby zaktualizować dane.",
    "Boxes.GexStat.Rounds": "rund",
    "Boxes.GexStat.Save": "Zapisz",
    "Boxes.GexStat.ShowAxisLabel": "pokaż etykietę osi",
    "Boxes.GexStat.Title": "Statystyki WG",
    "Boxes.GexStat.Week": "tydzień",
    "Boxes.GexStat.Weeks": "tygodni",
    "Boxes.GreatBuildings.ArcBonus": "Bonus wpłacających",
    "Boxes.GreatBuildings.Attack": "% ataku",
    "Boxes.GreatBuildings.AttackPerFP": "1 PR to __percent__% premii za atakującą armię",
    "Boxes.GreatBuildings.AttackValue": "Wartość 1% bonusu dla armii atakującej (w PR)",
    "Boxes.GreatBuildings.BreakEven": "Zwróci się w",
    "Boxes.GreatBuildings.BreakEvenTT": "Minie __days__ dni zanim wydane __costs__ PR zwróci się przy produkcji __fpproduction__ PR dziennie",
    "Boxes.GreatBuildings.BreakEvenTTAttack": "Potrwa __days__ dni, zanim inwestycja w wysokości __costs__ PR zostanie zwrócona przy dziennej produkcji __fpproduction__ PR/dzień i __attackproduction__ % premii do ataku (równe __attackproduction__ * __attackvalue__ = __attackproductionvalue__ PR/dzień)",
    "Boxes.GreatBuildings.BreakEvenTTGoods": "Minie __days__ dni zanim wydane __costs__ PR zwróci się przy produkcji __fpproduction__ PR dziennie i __goodsproduction__ towarów dziennie (wyliczone wg formuły __goodsproduction__ * __goodsvalue__ = __goodsproductionvalue__ PR dziennie)",
    "Boxes.GreatBuildings.BreakEvenTTGoodsAttack": "Potrwa __days__ dni, zanim inwestycja w wysokości __costs__ PR zostanie zwrócona przy dziennej produkcji __fpproduction__ PR/dzień, __goodsproduction__ towary/dzień (równe __goodsproduction__ * __goodsvalue__ = __goodsproductionvalue__ PR/dzień) i __attackproduction__% bonus ataku(equals __attackproduction__ * __attackvalue__ = __attackproductionvalue__ PR/dzień)",
    "Boxes.GreatBuildings.BreakEvenUnit": "__days__ dni",
    "Boxes.GreatBuildings.Costs": "Koszt",
    "Boxes.GreatBuildings.DailyFP": "PR dziennie",
    "Boxes.GreatBuildings.DailyGoods": "Towarów dziennie",
    "Boxes.GreatBuildings.FPCostGoods": "Koszt towarów (PR)",
    "Boxes.GreatBuildings.FPPerTile": "Nowe perły: Dzienny przychód PR/kratkę zastępowanych budynków",
    "Boxes.GreatBuildings.GoodsPerFP": "1 PR jest wart __goods__ towarów",
    "Boxes.GreatBuildings.GoodsValue": "Wartość 1 sztuki towaru z epoki __eraname__ w PR",
    "Boxes.GreatBuildings.GreatBulding": "Perła Architektury",
    "Boxes.GreatBuildings.HelpLink": "https://foe-helper.com/docs/en/gb-investments/",
    "Boxes.GreatBuildings.HideNewGBs": "Ukryj niewybudowane perły",
    "Boxes.GreatBuildings.Level": "Poziom",
    "Boxes.GreatBuildings.NewGBCostsTT": "Zawiera koszt towarów potrzebnych do budowy Perły Architektury w wysokości __goodcosts__ PR-ów",
    "Boxes.GreatBuildings.NewGBFPProductionTT": "__tiles__ * __fppertile__ = __opcost__ PR zostały odjęte. Te są tracone, usuwając inne budynki produkujące PR, aby zrobić miejsce __tiles__ płytki, aby zbudować Perłę Architektury.",
    "Boxes.GreatBuildings.RewardPerDay": "Arka: Otrzymane PR/dzień od innych graczy",
    "Boxes.GreatBuildings.ShowAttack": "Uwzględnij bonus do ataku",
    "Boxes.GreatBuildings.ShowGoods": "Uwzględnij produkcję towarów",
    "Boxes.GreatBuildings.SuggestionDescription": "Perły na szczycie listy są najlepsze",
    "Boxes.GreatBuildings.SuggestionTitle": "Porównanie zwrotu z inwestycji PR w Perły Architektury",
    "Boxes.GreatBuildings.TTAttackValue": "Ta wartość jest używana do oceniania budynków zapewniających bonus do ataku lub obrony dla atakującej armii. Ile PR jest dla ciebie wart 1% wzmocnienia ataku lub obrony?",
    "Boxes.GreatBuildings.TTFPPerTile": "Ile dziennych PR na kratkę tracisz, aby zrobić miejsce na nowe Perły Architektury? Przykład: usuwasz Świątynie Wiedzy, aby zbudować PA => 1PR/5 kratek = 0.2PR/kratkę",
    "Boxes.GreatBuildings.TTGoodCosts": "Nie zbudowałeś jeszcze tej perły. To są koszty PR związane z zakupem potrzebnych towarów",
    "Boxes.GreatBuildings.TTGoodCostsColumn": "Wyświetla koszt PR związany z zakupem potrzebnych towarów (dotyczy jedynie niewybudowanych pereł)",
    "Boxes.GreatBuildings.TTGoodsValue": "Ta wartość jest używana do oceniania budynków produkujących towary. Ile PR jest dla Ciebie wart jeden towar?",
    "Boxes.GreatBuildings.TTRewardPerDay": "Opcjonalnie: ile nagród PR otrzymujesz dziennie? Informacje te są wykorzystywane do obliczania rentowności kolejnych poziomów Arki. Aby otrzymać sugestię, przejdź do Historii wydarzeń w Dzienniku wydarzeń i przewiń wszystkie strony",
    "Boxes.GreatBuildings.Title": "Budowa Pereł Architektury",
    "Boxes.GuildFights.CopyToClipBoard.Desc": "Skopiowano czasy ataków dla wybranej prowincji.",
    "Boxes.GuildFights.CopyToClipBoard.Title": "Skopiowane!",
    "Boxes.GuildFights.Count": "Pozostało",
    "Boxes.GuildFights.Date": "Data",
    "Boxes.GuildFights.DeleteAlert": "Usuń alarm",
    "Boxes.GuildFights.DeleteMessage.Desc": "Alarm dla prowincji __provinceName__ został usunięty!",
    "Boxes.GuildFights.DeleteMessage.Title": "Usunięto!",
    "Boxes.GuildFights.Fights": "Walki",
    "Boxes.GuildFights.LastSnapshot": " - ostatni migawka: __time__ ago",
    "Boxes.GuildFights.Negotiations": "Negocjacje",
    "Boxes.GuildFights.NoOwner": "Brak właściciela",
    "Boxes.GuildFights.Owner": "Właściciel",
    "Boxes.GuildFights.Player": "Gracz",
    "Boxes.GuildFights.Progress": "Postęp",
    "Boxes.GuildFights.ProgressFilterDesc": "Filtruje członków z zarejestrowanym postępem.",
    "Boxes.GuildFights.Province": "Prowincja",
    "Boxes.GuildFights.SaveAlert": "Sektor __provinceName__ odblokowuje się",
    "Boxes.GuildFights.SaveMessage.Desc": "Powiadomienie dla __provinceName__ zostało zapisane!",
    "Boxes.GuildFights.SaveMessage.Title": "Zapisano!",
    "Boxes.GuildFights.SaveSettings": "Zapisz",
    "Boxes.GuildFights.SetAlert": "Ustaw powiadomienie",
    "Boxes.GuildFights.ShowLogButton": "wyświetlaj przycisk dziennika",
    "Boxes.GuildFights.ShowOwner": "Pokaż gildie",
    "Boxes.GuildFights.ShowProgressFilter": "wyświetlaj filtr postępu",
    "Boxes.GuildFights.ShowRoundSelector": "wyświetlaj okno wyboru rundy",
    "Boxes.GuildFights.SnapshotLog": "Dziennik",
    "Boxes.GuildFights.Time": "Godzina",
    "Boxes.GuildFights.Title": "Przegląd aktywności graczy",
    "Boxes.GuildFights.Total": "Całkowity",
    "Boxes.GuildMemberStat.AutoStartOnUpdate": "otwórz przegląd po aktualizacji",
    "Boxes.GuildMemberStat.Available": "dostępny",
    "Boxes.GuildMemberStat.Battles": "Bitwy",
    "Boxes.GuildMemberStat.CalendarWeek": "numer tygodnia",
    "Boxes.GuildMemberStat.ChangeView": "Zmień widok",
    "Boxes.GuildMemberStat.ConfirmNo": "Nie",
    "Boxes.GuildMemberStat.ConfirmYes": "Tak",
    "Boxes.GuildMemberStat.Date": "Data",
    "Boxes.GuildMemberStat.Days": "dni",
    "Boxes.GuildMemberStat.DeleteDataWarning": "Jeśli skasujesz zapisane dane, zostaną one bezpowrotnie utracone.",
    "Boxes.GuildMemberStat.DeleteExMembersAfter": "Usuń byłego członka po",
    "Boxes.GuildMemberStat.DeleteGBGRound": "usuń rundę wojen gildyjnych",
    "Boxes.GuildMemberStat.DeleteInactivityWarning": "Usuń powiadomienie o braku aktywności",
    "Boxes.GuildMemberStat.EndDate": "data zakończenia",
    "Boxes.GuildMemberStat.EraTreasuryGoods": "W magazynie dobra skarbowe epoki",
    "Boxes.GuildMemberStat.Eras": "Epoki",
    "Boxes.GuildMemberStat.FpForLevelUp": "PR do wyższego poziomu",
    "Boxes.GuildMemberStat.FpInvested": "Zainwestowane PR",
    "Boxes.GuildMemberStat.GBFRound": "Runda GPCh",
    "Boxes.GuildMemberStat.GEXWeek": "Tydzień WG",
    "Boxes.GuildMemberStat.GbgParticipation": "Uczestnictwo w GPCh",
    "Boxes.GuildMemberStat.GexGbgDateFormat": "Format daty WG/GPCh",
    "Boxes.GuildMemberStat.GexParticipation": "Uczestnictwo w WG",
    "Boxes.GuildMemberStat.GotIt": "Rozumiem!",
    "Boxes.GuildMemberStat.GreatBuildings": "Perły Architektury",
    "Boxes.GuildMemberStat.GuildBuildingNotification": "Odwiedź miasta członków, aby zaktualizować statystyki budynków.",
    "Boxes.GuildMemberStat.GuildBuildings": "Budynki gildii",
    "Boxes.GuildMemberStat.GuildGoods": "Dobra skarbowe",
    "Boxes.GuildMemberStat.GuildMembers": "Członkowie gildii",
    "Boxes.GuildMemberStat.GuildMessages": "Ilość wiadomości w centrum wiadomości gildyjnych",
    "Boxes.GuildMemberStat.GuildPower": "Potencjał gildii",
    "Boxes.GuildMemberStat.GuildSupportBuildings": "Budynki wspierające gildię",
    "Boxes.GuildMemberStat.GuildTreasuryNotification": "Odwiedź zakładkę Skarbiec w profilu gildii, aby zaktualizować towary ze skarbca swojej gildii.",
    "Boxes.GuildMemberStat.Inactivity": "Nieaktywny",
    "Boxes.GuildMemberStat.Instantly": "natychmiast",
    "Boxes.GuildMemberStat.LastUpdate": "ostatnia aktualizacja",
    "Boxes.GuildMemberStat.Level": "Poziom",
    "Boxes.GuildMemberStat.MaxLevel": "max. poziom",
    "Boxes.GuildMemberStat.Member": "Członek",
    "Boxes.GuildMemberStat.MemberActiviy": "Aktywność członka",
    "Boxes.GuildMemberStat.MemberLeavedGuild": "Gracz nie należy już do Twojej gildii.",
    "Boxes.GuildMemberStat.MemberWithoutGB": "Członkowie bez __greatbuilding__",
    "Boxes.GuildMemberStat.MinLevel": "min. poziom",
    "Boxes.GuildMemberStat.Negotiations": "Negocjacje",
    "Boxes.GuildMemberStat.Never": "nigdy",
    "Boxes.GuildMemberStat.Points": "Punkty",
    "Boxes.GuildMemberStat.ProducedTreasuryGoods": "produkowane przez budynki gildii",
    "Boxes.GuildMemberStat.Rank": "Ranga",
    "Boxes.GuildMemberStat.ResetMessageCounter": "resetowanie licznika wiadomości",
    "Boxes.GuildMemberStat.Search": "Szukaj",
    "Boxes.GuildMemberStat.ShowBattlesWon": "pokaż liczbę bitew",
    "Boxes.GuildMemberStat.ShowDeletedMembers": "pokaż byłych członków",
    "Boxes.GuildMemberStat.ShowSearchbar": "Pokaż pasek wyszukiwania",
    "Boxes.GuildMemberStat.ShowZeroValues": "pokaż zerowe wartości (WG/GPCh)",
    "Boxes.GuildMemberStat.StartDate": "data rozpoczęcia",
    "Boxes.GuildMemberStat.Title": "Przegląd członków gildii",
    "Boxes.GuildMemberStat.TotalGuildGoods": "Łącznie wszystkich towarów",
    "Boxes.GuildMemberStat.TotalGuildPower": "Całkowity potencjał gildii",
    "Boxes.GuildMemberStat.TreasuryGoods": "Dobra skarbowe",
    "Boxes.GuildMemberStat.UnlockedLevel": "Poziom odblokowany",
    "Boxes.GvGMap.Action.Drag": "Opór",
    "Boxes.GvGMap.Action.Edit": "Edytuj",
    "Boxes.GvGMap.Action.Zoom": "Powiększ",
    "Boxes.GvGMap.Guild.Name": "Gildia",
    "Boxes.GvGMap.Guild.Power": "Moc",
    "Boxes.GvGMap.Guild.Sectors": "Sektory",
    "Boxes.GvGMap.Guilds": "Gildie",
    "Boxes.GvGMap.Log": "Log",
    "Boxes.GvGMap.Log.Explanation": "Ten dziennik jest wypełniony działaniami, które mają miejsce, gdy jesteś aktywny na mapie GvG. Informacje nie zostaną (obecnie) zapisane. Możesz go filtrować według czegokolwiek: numeru sektora, nazwy gildii, akcji, własnego pseudonimu.",
    "Boxes.GvGMap.Log.Info": "Info",
    "Boxes.GvGMap.Log.NPC": "NPC (niezajęty)",
    "Boxes.GvGMap.Log.Sector": "Sektor",
    "Boxes.GvGMap.Log.UnknownGuild": "Nieznana gildia",
    "Boxes.GvGMap.Log.clan_defeated": "Gildia pokonana",
    "Boxes.GvGMap.Log.defender_damaged": "Obrońca uszkodzony",
    "Boxes.GvGMap.Log.defender_defeated": "Pokonany obrońca",
    "Boxes.GvGMap.Log.defender_deployed": "Rozmieszczony obrońca",
    "Boxes.GvGMap.Log.defender_replaced": "Wymieniony obrońca",
    "Boxes.GvGMap.Log.headquarter_placed": "HQ umieszczono",
    "Boxes.GvGMap.Log.sector_conquered": "Sektor podbity",
    "Boxes.GvGMap.Log.sector_independence_granted": "Sektor uwolniony",
    "Boxes.GvGMap.Log.sector_slot_unlocked": "Slot odblokowany",
    "Boxes.GvGMap.Log.siege_damaged": "Oblężenie uszkodzone",
    "Boxes.GvGMap.Log.siege_defeated": "Oblężenie pokonane",
    "Boxes.GvGMap.Log.siege_deleted": "Oblężenie usunięte",
    "Boxes.GvGMap.Log.siege_deployed": "Rozpoczęto oblężenie",
    "Boxes.GvGMap.Sector.Coords": "Współrzędne",
    "Boxes.GvGMap.Sector.Hitpoints": "Punktów obrażeń",
    "Boxes.GvGMap.Sector.Power": "Moc",
    "Boxes.GvGMap.Sector.Protected": "Sektor jest chroniony",
    "Boxes.GvGMap.Title": "Mapa GvG",
    "Boxes.HiddenRewards.Disappears": "Znika",
    "Boxes.HiddenRewards.HelpLink": "https://foe-helper.com/docs/2/incidents",
    "Boxes.HiddenRewards.NoEvents": "Brak zdarzeń losowych.",
    "Boxes.HiddenRewards.Title": "Zdarzenia losowe",
    "Boxes.Infobox.Filter": "Filtr",
    "Boxes.Infobox.FilterAuction": "Aukcje",
    "Boxes.Infobox.FilterGex": "Wyprawy",
    "Boxes.Infobox.FilterGuildFights": "GvG (Gildia kontra gildia)",
    "Boxes.Infobox.FilterLevel": "Perły Architektury",
    "Boxes.Infobox.FilterMessage": "Wiadomość",
    "Boxes.Infobox.FilterTrade": "Handel",
    "Boxes.Infobox.Messages.Auction": "<strong>__player__</strong> zaoferował __amount__ monet.",
    "Boxes.Infobox.Messages.GEX": "<strong>__player__</strong> otrzymał __points__ punktów Wyprawy.",
    "Boxes.Infobox.Messages.GildFightOccupied": "Sektor <span style=\"color:#ffb539\">__provinceName__</span> został przejęty przez <span style=\"color:__attackerColor__;text-shadow: 0 1px 1px __attackerShadow__\">__attackerName__</span> i jest chroniony do __untilOccupied__.",
    "Boxes.Infobox.Messages.LevelUp": "__player__ zamknął __level__ poziom perły __building__.<br>Zajmujesz <strong>__rank__.</strong> miejsce i otrzymujesz <strong>__fps__</strong> PR zwrotu.",
    "Boxes.Infobox.Messages.MsgBuilding": "__building__ - Poziom __level__",
    "Boxes.Infobox.Messages.Trade": "<strong>__player__</strong> zaakceptował Twoją ofertę, otrzymujesz __needValue__ __need__ za __offerValue__ __offer__.",
    "Boxes.Infobox.Messages.Welcome": "Witamy w <strong> Infoboxie</strong>! Podczas gdy to okno pozostanie otwarte, będzie się stopniowo wypełniać zdarzeniami zachodzącymi w tle (takimi jak wiadomości na czacie, ataki na polach bitew gildii i oferty aukcyjne)",
    "Boxes.Infobox.ResetBox": "Wyczyść",
    "Boxes.Infobox.Title": "Infobox",
    "Boxes.Infobox.UnknownConversation": "Nieznana rozmowa",
    "Boxes.Investment.AllUpToDate": "Wszystko aktualne",
    "Boxes.Investment.AllUpToDateDesc": "Wszyscy gracze z tej strony zostali już przesłani",
    "Boxes.Investment.CurrReward": "Bieżący zysk: ",
    "Boxes.Investment.DateParseError": "Błąd podczas analizowania daty",
    "Boxes.Investment.DateParseErrorDesc": "Wartość Data \"__InvalidDate__\" nie można przeanalizować",
    "Boxes.Investment.HiddenGB": "Ukryj PA",
    "Boxes.Investment.InvestBar": "Zainwestowane PR: ",
    "Boxes.Investment.Overview.AdditionalColumns": "Dodatkowe kolumny",
    "Boxes.Investment.Overview.Blueprints": "Plany",
    "Boxes.Investment.Overview.Building": "Budynek",
    "Boxes.Investment.Overview.DateOfIncrease": "czas ostatniej wpłaty",
    "Boxes.Investment.Overview.DateOfIncreaseDesc": "Data i czas ostatniej zarejestrowanej wpłaty w perłę",
    "Boxes.Investment.Overview.EntryTime": "Czas wejścia",
    "Boxes.Investment.Overview.EntryTimeDesc": "Kiedy zarejestrowano pierwszą wpłatę?",
    "Boxes.Investment.Overview.HideGB": "Ukryj budynki gildyjne w kalkulacji i na liście.",
    "Boxes.Investment.Overview.Invested": "Zainwestowano",
    "Boxes.Investment.Overview.InvestedDesc": "Liczba zainwestowanych PR",
    "Boxes.Investment.Overview.Medals": "Medale",
    "Boxes.Investment.Overview.MedalsProfit": "Zyskane medale",
    "Boxes.Investment.Overview.Player": "Gracz",
    "Boxes.Investment.Overview.Profit": "Zysk",
    "Boxes.Investment.Overview.ProfitDesc": "Twój zysk; żółty = miejsce niezabezpieczone; czerwony/zielony = strata/zysk zabezpieczone",
    "Boxes.Investment.Overview.Progress": "Postęp",
    "Boxes.Investment.Overview.RemainingFP": "pozostało PR",
    "Boxes.Investment.Overview.RestFP": "Pozostało PR",
    "Boxes.Investment.Overview.RestFPDesc": "Liczba PR pozostałych do podniesienia poziomu",
    "Boxes.Investment.Overview.SettingsEntryTime": "czas wejścia",
    "Boxes.Investment.Overview.SettingsHiddenGB": "pokaż ukryte budynki gildyjne",
    "Boxes.Investment.Overview.SettingsRestFP": "pozostałe PR",
    "Boxes.Investment.Overview.SettingsSave": "Zapisz",
    "Boxes.Investment.Overview.SettingsUnsafeCalc": "Oblicz tylko bezpieczny zysk/stratę",
    "Boxes.Investment.PlayerFound": "Znaleziono nowe wydarzenia!",
    "Boxes.Investment.PlayerFoundCount": "Znaleziono __count__ nowych zdarzeń dotyczących graczy",
    "Boxes.Investment.PlayerFoundCounter": "znaleziono __count__ nowych zdarzeń dotyczących graczy.",
    "Boxes.Investment.Rank": "Ranga",
    "Boxes.Investment.Safe": "sejf",
    "Boxes.Investment.Title": "Podsumowanie inwestycji PR",
    "Boxes.Investment.TotalFP": "Zapas + wpłaty + zysk: ",
    "Boxes.Investment.UpToDate": "Inwestycja została zaktualizowana mniej, niż 30 minut temu.",
    "Boxes.Investment.UpdateRequired": "Lista inwestycji jest starsza, niż 30 minut. Proszę zaktualizować listę inwestycji w ratuszu.",
    "Boxes.Kits.Extensions": "Rozszerzenie",
    "Boxes.Kits.InStock": "W inwentarzu",
    "Boxes.Kits.KitName": "Nazwa zestawu",
    "Boxes.Kits.Name": "Nazwa",
    "Boxes.Kits.SelectionKit": "Zestaw wyboru",
    "Boxes.Kits.Title": "Podsumowanie dostępnych zestawów budynków/wyboru i ulepszeń",
    "Boxes.Kits.ToggleButtonActive": "Ukryj brakujące części",
    "Boxes.Kits.ToggleButtonInActive": "Pokaż brakujące części",
    "Boxes.Kits.UpgradeKit": "Pakiet ulepszeń",
    "Boxes.Market.AllGoods": "Wszystkie towary",
    "Boxes.Market.MaxResults": "Maksymalnie wyników",
    "Boxes.Market.MinQuantity": "Ilość minimalna",
    "Boxes.Market.Need": "Potrzeba",
    "Boxes.Market.NeedColumn": "Potrzeba",
    "Boxes.Market.NeedTT": "__era__<br>Ty masz: __stock__",
    "Boxes.Market.Offer": "Oferta",
    "Boxes.Market.OfferColumn": "Oferta",
    "Boxes.Market.OfferTT": "__era__<br>Ty masz: __stock__",
    "Boxes.Market.OnlyAffordable": "Tylko dostępne oferty",
    "Boxes.Market.PageColumn": "Strona",
    "Boxes.Market.PlayerColumn": "Gracz",
    "Boxes.Market.RateColumn": "Oceniać",
    "Boxes.Market.Rating": "Ocena",
    "Boxes.Market.ShowOwnOffers": "Własne oferty",
    "Boxes.Market.TTMinQuantity": "Wybierz minimalną ilość oferowanych towarów. Ten filtr NIE dotyczy transakcji członków gildii",
    "Boxes.Market.Title": "Filtr rynku",
    "Boxes.Market.TradeAdvantage": "Korzyść",
    "Boxes.Market.TradeDisadvantage": "Niekorzyść",
    "Boxes.Market.TradeFair": "Równa wymiana",
    "Boxes.Market.TradeFairStock": "Równa wymiana (mniejsza ilość)",
    "Boxes.Market.TradeFairStockTT": "Obejmuje to wszystkie uczciwe transakcje, w których oferowany towar ma niższe zapasy niż towar zamówiony",
    "Boxes.Market.TradeForEqual": "Taka sama",
    "Boxes.Market.TradeForGoods": "Epoka",
    "Boxes.Market.TradeForHigher": "Wyższa",
    "Boxes.Market.TradeForLower": "Niższa",
    "Boxes.Market.TradePartner": "Sprzedający",
    "Boxes.Market.TradePartnerFriend": "Przyjaciele",
    "Boxes.Market.TradePartnerGuild": "Członkowie gildii",
    "Boxes.Market.TradePartnerNeighbor": "Sąsiedzi",
    "Boxes.MoppelHelper.Attacks": "Ataki",
    "Boxes.MoppelHelper.Days": "__days__ dni",
    "Boxes.MoppelHelper.Era": "Epoka",
    "Boxes.MoppelHelper.Event": "Wydarzenie",
    "Boxes.MoppelHelper.Friends": "Przyjaciele",
    "Boxes.MoppelHelper.FriendsSocialTabTT": "Kliknij kartę znajomych w grze, aby odblokować listę wydarzeń znajomych",
    "Boxes.MoppelHelper.GBs": "Perły Architektury",
    "Boxes.MoppelHelper.GuildMembers": "Członkowie gildii",
    "Boxes.MoppelHelper.GuildSocialTabTT": "Kliknij zakładkę członka gildii w grze, aby odblokować listę wydarzeń członków gildii",
    "Boxes.MoppelHelper.HeaderWarning": "UWAGA: Te wartości są aktualne tylko wtedy, gdy przejrzałeś wszystkie wpisy w Historii wydarzeń (Ratusz > Wiadomości > Historia wydarzeń) ",
    "Boxes.MoppelHelper.MoppelEvents": "Motywuj/Oczyść",
    "Boxes.MoppelHelper.Name": "Nazwa",
    "Boxes.MoppelHelper.Neighbors": "Sąsiedzi",
    "Boxes.MoppelHelper.NeighborsSocialTabTT": "Kliknij zakładkę sąsiedzi w grze, aby odblokować listę wydarzeń swoich sąsiadów",
    "Boxes.MoppelHelper.Never": "NIGDY",
    "Boxes.MoppelHelper.Plunders": "Grabież",
    "Boxes.MoppelHelper.Points": "Punkty",
    "Boxes.MoppelHelper.Rank": "Ranga",
    "Boxes.MoppelHelper.TavernVisits": "Tawerna",
    "Boxes.MoppelHelper.Title": "Asystent motywacji/wsparcia",
    "Boxes.MoppelHelper.Trades": "Transakcje",
    "Boxes.Negotiation.Average": "Kolejność preferencji",
    "Boxes.Negotiation.Canceled": "Negocjacja została przerwana",
    "Boxes.Negotiation.Chance": "Szansa",
    "Boxes.Negotiation.DragDrop": "Możesz przesuwać towary na pasku średnich ilości aby ustalić kolejność pierwszej próby.",
    "Boxes.Negotiation.GoodsCritical": "UWAGA: Zapas towaru na poziomie krytycznym!",
    "Boxes.Negotiation.GoodsLow": "UWAGA: Zapas towaru na niskim poziomie !",
    "Boxes.Negotiation.HelpLink": "https://foe-helper.com/docs/2/negotioation-helper",
    "Boxes.Negotiation.Person": "Osoba",
    "Boxes.Negotiation.Round": "Runda",
    "Boxes.Negotiation.SaveCurrentEraGoods": "Oszczędzać towary z aktualnej epoki?",
    "Boxes.Negotiation.SaveMedals": "Oszczędzać medale?",
    "Boxes.Negotiation.Stock": "Zapas:",
    "Boxes.Negotiation.Success": "Sukces",
    "Boxes.Negotiation.TableLoadError": "Błąd przy pobieraniu tablicy negocjacji",
    "Boxes.Negotiation.Title": "Asystent negocjacji",
    "Boxes.Negotiation.TryEnd": "Brak kolejnych podejść",
    "Boxes.Negotiation.WrongGoods": "Wybrano niewłaściwe towary, proszę skończyć ręcznie",
    "Boxes.Negotiation.confirmGoodsMissmatch": "Ok",
    "Boxes.Notice.ContentHeadIsFriend": "Przyjaciel",
    "Boxes.Notice.ContentHeadIsGuild": "Członek gildii",
    "Boxes.Notice.ContentHeadIsNeighbor": "Sąsiad",
    "Boxes.Notice.DeleteGroup": "Usuń grupę i strony",
    "Boxes.Notice.DeleteItem": "Usuń stronę",
    "Boxes.Notice.DummyHeading": "Twój nagłówek",
    "Boxes.Notice.Edit": "Edycja",
    "Boxes.Notice.GlobalSendRequired": "Ten moduł działa tylko przy włączonej opcji \"Wysyłanie danych do foe-helper.com\". <br>Włącz tę opcję, aby korzystać z notatek.",
    "Boxes.Notice.GroupName": "Nazwa grupy",
    "Boxes.Notice.HelpLink": "https://foe-helper.com/docs/2/notes",
    "Boxes.Notice.ModalChoosePlayer": "Wybierz gracza",
    "Boxes.Notice.ModalMissingPlayers": "Jeśli na liście brakuje graczy, zamknij to okno, kliknij pozostałe zakładki u dołu paska społecznościowego (Sąsiedzi, Członkowie gildii, Przyjaciele), a następnie ponownie otwórz to okno.",
    "Boxes.Notice.NewGroup": "Grupa",
    "Boxes.Notice.NewGroupDesc": "Najpierw utwórz grupę… ",
    "Boxes.Notice.NewPlayer": "Gracz",
    "Boxes.Notice.NewSide": "Strona",
    "Boxes.Notice.Save": "Zapisz",
    "Boxes.Notice.SelectPlayerGroupDefault": "- Utworzyć grupę graczy? -",
    "Boxes.Notice.SelectPlayerGroupFriend": "Przyjaciele",
    "Boxes.Notice.SelectPlayerGroupGuild": "Członkowie gildii",
    "Boxes.Notice.SelectPlayerGroupNeighbor": "Sąsiedzi",
    "Boxes.Notice.SideName": "Nazwa strony",
    "Boxes.Notice.Sorting": "Sortowanie",
    "Boxes.Notice.Title": "Notes",
    "Boxes.Outpost.DescInStock": "Aktualny stan magazynowy",
    "Boxes.Outpost.DescRequired": "Całkowity",
    "Boxes.Outpost.DescStillMissing": "<span style='color:#29b206'>Nadmiar</span> / <span style='color:#ff4040'>Brak</span>",
    "Boxes.Outpost.ExpansionsSum": "Rozszerzenia",
    "Boxes.Outpost.ShowSums": "Pokaż sumy:",
    "Boxes.Outpost.Title": "Towary z osady",
    "Boxes.Outpost.TitleBuildings": "Budynek",
    "Boxes.Outpost.TitleFree": "Odblokowany",
    "Boxes.Outpost.TitleShort": "Przegląd towarów osady - ",
    "Boxes.Outpost.infoLine": "__runNumber__. osada, szansa na bonus x4 : __chanceX4__%",
    "Boxes.Outpost.nextTile": "Kolejne rozszerzenia",
    "Boxes.Outpost.tileNotPlanned": "Wyłączone",
    "Boxes.OwnpartCalculator.All": "Wszystko",
    "Boxes.OwnpartCalculator.Arc": "Arka",
    "Boxes.OwnpartCalculator.Auto": "Auto",
    "Boxes.OwnpartCalculator.AutoWithUnsafe": "Auto + nie zablokowane",
    "Boxes.OwnpartCalculator.BPs": "BPs (Plany)",
    "Boxes.OwnpartCalculator.BuildingName": "Budynek",
    "Boxes.OwnpartCalculator.CopyFormatPerGB": "Zapamiętaj osobny format kopiowanej wiadomości dla każdej perły",
    "Boxes.OwnpartCalculator.CopyValues": "Kopiuj wartości",
    "Boxes.OwnpartCalculator.Deposit": "PRy (Własne)",
    "Boxes.OwnpartCalculator.Done": "Wpłacone",
    "Boxes.OwnpartCalculator.ExistingPayments": "Istniejące płatności",
    "Boxes.OwnpartCalculator.Ext": "PRy (Inne)",
    "Boxes.OwnpartCalculator.GBsNoted": "__GBCount__ w schowku",
    "Boxes.OwnpartCalculator.HelpLink": "https://foe-helper.com/docs/en/gb-calculator/",
    "Boxes.OwnpartCalculator.IncludeData": "Dołączone dane",
    "Boxes.OwnpartCalculator.LGTotalFP": "Potrzebne PR",
    "Boxes.OwnpartCalculator.Lock": "Zabezpieczaj",
    "Boxes.OwnpartCalculator.Meds": "Medale",
    "Boxes.OwnpartCalculator.NoPlaceAvailable": "Brak dostępnego miejsca",
    "Boxes.OwnpartCalculator.NoPlaceSafe": "Nie ma bezpiecznego miejsca",
    "Boxes.OwnpartCalculator.Note": "Dodaj do schowka",
    "Boxes.OwnpartCalculator.OldLevel": "Zamknięty poziom",
    "Boxes.OwnpartCalculator.OptionsDescending": "Malejąco",
    "Boxes.OwnpartCalculator.OptionsFP": "Punkty rozwoju",
    "Boxes.OwnpartCalculator.OptionsGB": "Nazwa budynku",
    "Boxes.OwnpartCalculator.OptionsLevel": "Poziom",
    "Boxes.OwnpartCalculator.OptionsLevelUp": "Poziom wyżej",
    "Boxes.OwnpartCalculator.OptionsOwnPart": "Wpłata własna",
    "Boxes.OwnpartCalculator.OptionsPlayer": "Gracz",
    "Boxes.OwnpartCalculator.Order": "Sekwencja wpłat",
    "Boxes.OwnpartCalculator.OwnPart": "Wpłata własna",
    "Boxes.OwnpartCalculator.OwnPartRemaining": "Zostało",
    "Boxes.OwnpartCalculator.OwnPartShort": "WW",
    "Boxes.OwnpartCalculator.PatronPart": "Pomoc arek",
    "Boxes.OwnpartCalculator.Place": "Miejsce",
    "Boxes.OwnpartCalculator.Places": "Miejsce",
    "Boxes.OwnpartCalculator.PlayerName": "Gracz",
    "Boxes.OwnpartCalculator.PowerLeveling": "Kalkulator maratonów",
    "Boxes.OwnpartCalculator.Preview": "Przegląd",
    "Boxes.OwnpartCalculator.Step": "Poziom",
    "Boxes.OwnpartCalculator.Title": "Kalkulator budowy pereł (PA)",
    "Boxes.OwnpartCalculator.Trust": "Ufaj",
    "Boxes.PowerLeveling.CopyValues": "Kopiuj wartości",
    "Boxes.PowerLeveling.DoubleCollection": "Podwójna kolekcja",
    "Boxes.PowerLeveling.Level": "Poziom",
    "Boxes.PowerLeveling.MaxLevel": "Docelowy poziom",
    "Boxes.PowerLeveling.OwnPartBrutto": "Część własna brutto",
    "Boxes.PowerLeveling.OwnPartNetto": "Wpłata własna",
    "Boxes.PowerLeveling.OwnPartSum": "Suma części własnej",
    "Boxes.PowerLeveling.P1": "Miejsce 1",
    "Boxes.PowerLeveling.P2": "Miejsce 2",
    "Boxes.PowerLeveling.P3": "Miejsce 3",
    "Boxes.PowerLeveling.P4": "Miejsce 4",
    "Boxes.PowerLeveling.P5": "Miejsce 5",
    "Boxes.PowerLeveling.Title": "Kalkulator maratonów",
    "Boxes.Productions.DateNA": "Nieznany",
    "Boxes.Productions.Done": "Do zebrania",
    "Boxes.Productions.GoodEraTotal": "Całkowity",
    "Boxes.Productions.GuildGoods": "Towary gildii",
    "Boxes.Productions.GuildPower": "Potencjał gildii",
    "Boxes.Productions.Happiness": "Zadowolenie",
    "Boxes.Productions.Headings.Done": "Do zebrania",
    "Boxes.Productions.Headings.all": "Wszystkie",
    "Boxes.Productions.Headings.amount": "Ilość",
    "Boxes.Productions.Headings.area": "Powierzchnia",
    "Boxes.Productions.Headings.clan_power_production": "Potencjał gildii",
    "Boxes.Productions.Headings.culture": "Budynki kulturowe",
    "Boxes.Productions.Headings.decoration": "Dekoracje",
    "Boxes.Productions.Headings.earning": "Czas do zbioru",
    "Boxes.Productions.Headings.efficiency": "Wydajność",
    "Boxes.Productions.Headings.era": "Era",
    "Boxes.Productions.Headings.generic_building": "Inne budynki",
    "Boxes.Productions.Headings.goods": "Budynki towarowe",
    "Boxes.Productions.Headings.greatbuilding": "Perły architektury (PA )",
    "Boxes.Productions.Headings.main_building": "Ratusz",
    "Boxes.Productions.Headings.name": "Nazwa",
    "Boxes.Productions.Headings.number": "Liczba",
    "Boxes.Productions.Headings.off_grid": "Budynki specjalne",
    "Boxes.Productions.Headings.production": "Budynki produkcyjne",
    "Boxes.Productions.Headings.random_production": "Losowe produkcje",
    "Boxes.Productions.Headings.residential": "Budynki mieszkalne",
    "Boxes.Productions.Headings.size": "Rozmiar wraz z ulicą",
    "Boxes.Productions.Headings.street": "Drogi",
    "Boxes.Productions.ModeCurrent": "Obecnie",
    "Boxes.Productions.ModeDaily": "Dzienna prod.",
    "Boxes.Productions.ModeGroups": "Grupuj",
    "Boxes.Productions.ModeSingle": "Pojedyncze",
    "Boxes.Productions.NoAsteroidDataWarning": "Towary z Pasa Asteroid nie są uwzględnione. Odwiedź kolonię na Pasie Asteroid i otwórz okno ponownie",
    "Boxes.Productions.NoMarsDataWarning": "Towary z Marsa nie są uwzględnione. Odwiedź kolonię na Marsie i otwórz okno ponownie",
    "Boxes.Productions.NoVenusDataWarning": "Towary z Wenus nie są uwzględnione. Odwiedź kolonię na Wenus i otwórz okno ponownie",
    "Boxes.Productions.SearchInput": "Szukaj budynku... ",
    "Boxes.Productions.SizeTT": "Rozmiar z uwzględnieniem średniego zapotrzebowania na __streetnettosize__ kratek drogi",
    "Boxes.Productions.TTGoodsEra": "Ta kolumna pokazuje epokę budynku, a nie epokę produkowanych dóbr",
    "Boxes.Productions.Title": "Przegląd produkcji (dziennej)",
    "Boxes.Productions.Total": "Total: ",
    "Boxes.Productions.Units": "Jednostki",
    "Boxes.Productions.att_boost_attacker": "Bonus do ataku armii atakującej",
    "Boxes.Productions.att_boost_defender": "Bonus do ataku armii broniącej",
    "Boxes.Productions.def_boost_attacker": "Bonus do obrony armii atakującej",
    "Boxes.Productions.def_boost_defender": "Bonus do obrony armii broniącej",
    "Boxes.Productions.goods": "Towary",
    "Boxes.ProductionsRating.BuildingName": "Budynki",
    "Boxes.ProductionsRating.Enabled": "Włączone",
    "Boxes.ProductionsRating.ProdPerTile": "Oczekiwana dzienna produkcja na kratkę",
    "Boxes.ProductionsRating.Results": "Wyniki",
    "Boxes.ProductionsRating.Score": "Wynik",
    "Boxes.ProductionsRating.Settings": "Ustawienia",
    "Boxes.ProductionsRating.Title": "Ocena efektywności budynków",
    "Boxes.Settings.Active": "Aktywne",
    "Boxes.Settings.DeletedBoxCoordsBody": "Wszystkie koordynaty okien zostały usunięte.",
    "Boxes.Settings.DeletedBoxCoordsHead": "Usunięto!",
    "Boxes.Settings.Inactive": "Nieaktywne",
    "Boxes.Settings.Title": "Ustawienia",
    "Boxes.Stats.BtnAll": "Wszystkie",
    "Boxes.Stats.BtnAllPlayableEras": "Wszystkie epoki",
    "Boxes.Stats.BtnAllPlayableErasTitle": "Wybiera wszystkie grywalne epoki (bez: \"bez epoki\", specjalnych)",
    "Boxes.Stats.BtnAllTittle": "Epoki + Bez epoki + Specjalne",
    "Boxes.Stats.BtnChartType.delta": "Róznice",
    "Boxes.Stats.BtnChartType.line": "Liniowy",
    "Boxes.Stats.BtnChartType.streamgraph": "Złożony",
    "Boxes.Stats.BtnChartTypeTitle.delta": "Wykres przychodów i wydatków",
    "Boxes.Stats.BtnChartTypeTitle.line": "Wykres liniowy",
    "Boxes.Stats.BtnChartTypeTitle.streamgraph": "Wykres złożony",
    "Boxes.Stats.BtnLastEras": "Ostatnie 2 epoki",
    "Boxes.Stats.BtnLastErasTitle": "Wybiera obecną i poprzednią epokę",
    "Boxes.Stats.BtnMyEra": "Moja epoka",
    "Boxes.Stats.BtnNoEra": "Bez epoki",
    "Boxes.Stats.BtnSource.statsGBGPlayers": "Pola Chwały",
    "Boxes.Stats.BtnSource.statsRewards": "Nagrody",
    "Boxes.Stats.BtnSource.statsTreasureClanD": "Skarbiec Gildii",
    "Boxes.Stats.BtnSource.statsTreasureClanH": "Skarbiec - 1h",
    "Boxes.Stats.BtnSource.statsTreasurePlayerD": "Towary - dziennie",
    "Boxes.Stats.BtnSource.statsTreasurePlayerH": "Towary",
    "Boxes.Stats.BtnSource.statsUnitsD": "Jednostki - 24h",
    "Boxes.Stats.BtnSource.statsUnitsH": "Jednostki - 1h",
    "Boxes.Stats.BtnToggleAnnotations": "GvG",
    "Boxes.Stats.BtnToggleAnnotationsTitle": "Pokazuje wydatki towaru na mapie GvG.",
    "Boxes.Stats.BtnToggleGroupBy": "Grupuj epokami",
    "Boxes.Stats.BtnToggleGroupByTitle": "Grupuj według nazwy",
    "Boxes.Stats.Era": "Era",
    "Boxes.Stats.HelpLink": "https://foe-helper.com/docs/en/statistics/",
    "Boxes.Stats.Period.all": "Wszystkie",
    "Boxes.Stats.Period.last30days": "Ostatnie 30 dni",
    "Boxes.Stats.Period.last7days": "Ostatnie 7 dni",
    "Boxes.Stats.Period.sinceTuesday": "Od wtorku",
    "Boxes.Stats.Period.thisMonth": "Ten miesiąc",
    "Boxes.Stats.Period.today": "Dzisiaj",
    "Boxes.Stats.PeriodTitle.all": "Od początku",
    "Boxes.Stats.PeriodTitle.last30days": "Zebrane w ciągu ostatnich 30. dni",
    "Boxes.Stats.PeriodTitle.last7days": "Zebrane w ciągu ostatnich 7. dni",
    "Boxes.Stats.PeriodTitle.sinceTuesday": "Zebrane od wtorku (od rozpoczęcia wypraw gildyjnych)",
    "Boxes.Stats.PeriodTitle.thisMonth": "Zebrane w tym miesiącu",
    "Boxes.Stats.PeriodTitle.today": "Zebrane dzisiaj",
    "Boxes.Stats.Rewards.Source.__event": "Event",
    "Boxes.Stats.Rewards.Source.battlegrounds_conquest": "Pola Chwały",
    "Boxes.Stats.Rewards.Source.default": "Zdarzenia losowe",
    "Boxes.Stats.Rewards.Source.diplomaticGifts": "Dary dyplomacji",
    "Boxes.Stats.Rewards.Source.guildExpedition": "Wyprawy",
    "Boxes.Stats.Rewards.Source.pvp_arena": "Arena PvP",
    "Boxes.Stats.Rewards.Source.shards": "Odłamki",
    "Boxes.Stats.Rewards.Source.spoilsOfWar": "Łupy wojenne",
    "Boxes.Stats.Rewards.SourceTitle.__event": "Nagrody z eventów (okresowych i specjalnych)",
    "Boxes.Stats.Rewards.SourceTitle.battlegrounds_conquest": "Nagrody z Gildyjnych Pól Chwały",
    "Boxes.Stats.Rewards.SourceTitle.default": "Nagrody ze zdarzeń losowych",
    "Boxes.Stats.Rewards.SourceTitle.diplomaticGifts": "Dary dyplomacji (Kosmiczny Transporter)",
    "Boxes.Stats.Rewards.SourceTitle.guildExpedition": "Nagrody za wyprawy (Świątynia Reliktów)",
    "Boxes.Stats.Rewards.SourceTitle.pvp_arena": "Nagrody areny PvP",
    "Boxes.Stats.Rewards.SourceTitle.shards": "Tajemnicze odłamki (Latająca wyspa)",
    "Boxes.Stats.Rewards.SourceTitle.spoilsOfWar": "Łupy wojenne (Zamek Himeji)",
    "Boxes.Stats.SourceTitle.statsGBGPlayers": "Tablica wyników graczy na Gildyjnych Polach Chwały",
    "Boxes.Stats.SourceTitle.statsRewards": "Twoje nagrody z Zamku Himeji, Kosmicznego Transportera, Świątyni Reliktów, Pól Chwały",
    "Boxes.Stats.SourceTitle.statsTreasureClanD": "Skarbiec - dziennie",
    "Boxes.Stats.SourceTitle.statsTreasureClanH": "Skarbiec - godzinowo",
    "Boxes.Stats.SourceTitle.statsTreasurePlayerD": "Twoje towary - dziennie",
    "Boxes.Stats.SourceTitle.statsTreasurePlayerH": "Twoje towary - godzinowo",
    "Boxes.Stats.SourceTitle.statsUnitsD": "Jednostki - dziennie",
    "Boxes.Stats.SourceTitle.statsUnitsH": "Jednostki - godzinowo",
    "Boxes.Stats.Title": "Statystyki",
    "Boxes.Technologies.DescInStock": "Dostępne",
    "Boxes.Technologies.DescRequired": "Wymagane",
    "Boxes.Technologies.DescStillMissing": "<span style='color:#29b206'>Nadmiar</span> / <span style='color:#ff4040'>Brak</span>",
    "Boxes.Technologies.IgnoreCurrentEraOptional": "Ignoruj opcjonalne technologie obecnych/przyszłych epok",
    "Boxes.Technologies.IgnorePrevEra": "Ignoruj opcjonalne technologie z poprzednich epok",
    "Boxes.Technologies.NoTechs": "Osiągnąłeś koniec tej epoki",
    "Boxes.Technologies.Resource": "Zasób",
    "Boxes.Technologies.Title": "Koszt badań",
    "Boxes.Treasury.Action": "Wiadomość",
    "Boxes.Treasury.Amount": "Kwota",
    "Boxes.Treasury.DateTime": "Data/Godzina",
    "Boxes.Treasury.Era": "Era",
    "Boxes.Treasury.Export": "Eksport",
    "Boxes.Treasury.Message": "Przewiń wszystkie strony i naciśnij przycisk eksportu",
    "Boxes.Treasury.PlayerID": "Gracz ID",
    "Boxes.Treasury.PlayerName": "Nazwa gracza",
    "Boxes.Treasury.Reset": "Reset",
    "Boxes.Treasury.Resource": "Dobry",
    "Boxes.Treasury.RowNumber": "Przetworzone wiersze",
    "Boxes.Treasury.Title": "Eksport dziennika skarbca gildii",
    "Boxes.Units.AlcaHarvest": "Alcatraz gotowy do zbioru!",
    "Boxes.Units.Attack": "% Ataku",
    "Boxes.Units.Bind": "Zależne",
    "Boxes.Units.Defend": "% Obrony",
    "Boxes.Units.NextUnitsIn": "Następne __count__ jednostki przybędą za <span class=\"alca-countdown\"></span> o godzinie __harvest__",
    "Boxes.Units.NotFilled": "Nie ustawiono",
    "Boxes.Units.Proportionally": "Udział",
    "Boxes.Units.Quantity": "Ilość",
    "Boxes.Units.ReadyToLoot": "Gotowe do zbioru!",
    "Boxes.Units.Status": "Status",
    "Boxes.Units.Title": "Przegląd wojsk",
    "Boxes.Units.Unbind": "Niezależne",
    "Boxes.Units.Unit": "Jednostka",
    "Boxes.UnitsGex.NoUnitsAvailable": "Brak danych o jednostkach wojskowych. Proszę nacisnąć klawisz \"U\", aby otworzyć okno zarządzania armii.",
    "Boxes.mapTradeWarning.Text": "Zapobieganie",
    "Boxes.mapTradeWarning.Title": "Handel",
    "Boxes.stPatrick.B": "Miliardy",
    "Boxes.stPatrick.Hourly": "Produkcja godzinowa",
    "Boxes.stPatrick.K": "Tysiące",
    "Boxes.stPatrick.M": "Miliony",
    "Boxes.stPatrick.Production": "Fabryki",
    "Boxes.stPatrick.Q": "Biliardy",
    "Boxes.stPatrick.QT": "Tryliony",
    "Boxes.stPatrick.T": "Biliony",
    "Boxes.stPatrick.Title": "Pomocnik eventu św. Patryka",
    "Boxes.stPatrick.Warning": "Wartości mogą aktualizować się powoli (w zależności od czasu odpowiedzi serwera)",
    "Date": "DD-MMM-YY",
    "DateShort": "DD-MMM",
    "DateTime": "D/M/YY @ h:mm:ss a",
    "Eras.0": "Bez epoki",
    "Eras.1": "Epoka Kamienia",
    "Eras.10": "Modernizm",
    "Eras.11": "Postmodernizm",
    "Eras.12": "Współczesność",
    "Eras.13": "Epoka Jutra",
    "Eras.14": "Przyszłość",
    "Eras.15": "Arktyczna Przyszłość",
    "Eras.16": "Oceaniczna Przyszłość",
    "Eras.17": "Wirtualna Przyszłość",
    "Eras.18": "Epoka Kosmiczna: Mars",
    "Eras.19": "Epoka Kosmiczna: Pas asteroid",
    "Eras.2": "Epoka Brązu",
    "Eras.20": "Epoka kosmiczna: Wenus",
    "Eras.21": "Space Age Jupiter Moon",
    "Eras.3": "Epoka Żelaza",
    "Eras.4": "Wczesne Średniowiecze",
    "Eras.5": "Rozkwit Średniowiecza",
    "Eras.6": "Jesień Średniowiecza",
    "Eras.7": "Epoka Kolonialna",
    "Eras.8": "Epoka Przemysłowa",
    "Eras.9": "Epoka Postępowa",
    "Eras.GvGAllAge": "Wszystkich grup wiekowych",
    "Global.BoxTitle": "FoE Pomocnik",
    "GvG.Independences.Tooltip": "Liczba niepodległości przyznanych od ostatniego obliczenia.",
    "GvG.Independences.Tooltip.Warning": "Może być niedokładny, jeśli grasz na wielu urządzeniach.",
    "HiddenRewards.Positions.cityRoadBig": "Droga 2-pasmowa",
    "HiddenRewards.Positions.cityRoadSmall": "Droga jednopasmowa",
    "HiddenRewards.Positions.culturalOutpost": "Odłamek - Osada",
    "HiddenRewards.Positions.guildExpedition": "Wyprawa gildyjna",
    "HiddenRewards.Positions.nature": "W dziczy",
    "HiddenRewards.Positions.shore": "Na plaży",
    "HiddenRewards.Positions.water": "W wodzie",
    "HiddenRewards.Table.expires": "Znika za",
    "HiddenRewards.Table.position": "Umiejscowienie",
    "HiddenRewards.Table.type": "Rodzaj",
    "Kits.Sets.Abandoned_Asylum": "Opuszczony psychiatryk",
    "Kits.Sets.Altar_Garden": "Ołtarz Ogródowy",
    "Kits.Sets.Art_Exhibition": "Wystawa sztuki",
    "Kits.Sets.Athlon_Abbey": "Opactwo Athlon",
    "Kits.Sets.Celtic_Forest_Set": "Las Celtycki",
    "Kits.Sets.Cherry_Garden_Set": "Ogród japoński",
    "Kits.Sets.Cider_Mill": "Cydr",
    "Kits.Sets.Classical_Garden_Set": "Klasyczny ogród",
    "Kits.Sets.Colossus": "Kolos",
    "Kits.Sets.Druid_Temple": "Świątynia druidów",
    "Kits.Sets.Ferris_Wheel": "Wielkie koło",
    "Kits.Sets.FountainSet": "Indyjska Fontanna",
    "Kits.Sets.Golden_Crops": "Złote uprawy",
    "Kits.Sets.Grand_Bridge": "Wielki Most",
    "Kits.Sets.Graveyard": "Cmentarz",
    "Kits.Sets.Greater_Runestone": "Większy kamień runiczny",
    "Kits.Sets.Guard_Post": "Posterunek strażniczy",
    "Kits.Sets.Hall_of_Fame": "Sala sławy",
    "Kits.Sets.Harvest_Farm_Set": "Gospodarstwo",
    "Kits.Sets.Hippodrome": "Hippodrom",
    "Kits.Sets.Horror_Circus_Set": "Straszny cyrk",
    "Kits.Sets.Indian_Palace_Set": "Pałac Indyjski",
    "Kits.Sets.Mountain_Reserve": "Rezerwat górski",
    "Kits.Sets.Obelisk": "Obelisk",
    "Kits.Sets.Pagoda": "Pagoda",
    "Kits.Sets.Piazza_Set": "Piazza",
    "Kits.Sets.Pillar_of_Heroes": "Filar Bohaterów",
    "Kits.Sets.Pirate": "Statek piracki",
    "Kits.Sets.Pirates_Hideout": "Kryjówka piratów",
    "Kits.Sets.Royal": "Statek królewski",
    "Kits.Sets.September_Cottage": "Chata Wrześniowa",
    "Kits.Sets.Statue_of_Honor": "Statua honoru",
    "Kits.Sets.Suishun_Mill": "Młyn Suishun",
    "Kits.Sets.Terracotta_Vineyard": "Terakotowa winnica",
    "Kits.Sets.The_Crows_Nest": "Bocianie gniazdo",
    "Kits.Sets.The_Ship": "Statek",
    "Kits.Sets.Tholos_of_Idols": "Tolos Bożków",
    "Kits.Sets.Timeless_Dojo": "Ponadczasowe Dojo",
    "Kits.Sets.Trader": "Statek handlowy",
    "Kits.Sets.Winners_Plaza": "Plac Zwycięzców",
    "Kits.Sets.Winter_Canal": "Zimowy kanał",
    "Kits.Sets.Winter_Spire": "Zimowa wieża",
    "Kits.Sets.Winter_Train": "Zimowy pociąg",
    "Kits.Sets.Winter_Village_Set": "Zimowa wioska",
    "Kits.Sets.Winterdeco_Set": "Zimowe dekoracje",
    "Kits.Sets.Worlds_Fair": "Wystawa światowa",
    "Local": "pl-PL",
    "Menu.Alerts.Desc": "Twórz przypomnienia i zarządzaj nimi",
    "Menu.Alerts.Title": "Alarm",
    "Menu.Bluegalaxy.Desc": "To narzędzie pomaga znaleźć najlepsze budynki do zebrania z bonusem Błękitnej Galaktyki",
    "Menu.Bluegalaxy.Title": "Pomocnik Błękitnej Galaktyki",
    "Menu.BottomBar": "Na dole",
    "Menu.Box": "Pływające okno",
    "Menu.Calculator.Desc": "Oblicza koszty zajęcia miejsc w PA",
    "Menu.Calculator.Title": "Kalkulator kosztów",
    "Menu.Calculator.Warning": "Niedostępne: Otwórz perłę architektury innego gracza!",
    "Menu.Campagne.Desc": "Przegląd surowców potrzebnych do podbicia sektora mapy.",
    "Menu.Campagne.Title": "Mapa kampanii",
    "Menu.Campagne.Warning": "Niedostępne: Otwórz prowincję na mapie!",
    "Menu.Castle.Desc": "Wyświetla możliwości zyskania punktów systemu zamkowego.",
    "Menu.Castle.Title": "System zamkowy",
    "Menu.Citymap.Desc": "Pokazuje miasto w rzucie z góry",
    "Menu.Citymap.Title": "Przegląd miasta",
    "Menu.Dropdown": "W menu rozwijanym",
    "Menu.GexStat.Desc": "Pokazuje wyniki WG twojej gildii.",
    "Menu.GexStat.Title": "Wyniki WG",
    "Menu.Gildfight.Desc": "Wyświetla bieżące i nadchodzące bitwy na GPCh",
    "Menu.Gildfight.Title": "Gildyjne Pola Chwały",
    "Menu.Gildfight.Warning": "<em id='selectorCalc-Btn-closed' class='tooltip-error'>Wyłączone: Najpierw odwiedź mapę GPCh!</em> ",
    "Menu.GuildMemberStat.Desc": "Statystyka członków gildii",
    "Menu.GuildMemberStat.Title": "Przegląd członków gildii",
    "Menu.GuildMemberStat.Warning": "Wczytaj przegląd członków gildii w grze, aby aktywować statystyki",
    "Menu.HiddenRewards.Desc": "Przegląd zdarzeń losowych",
    "Menu.HiddenRewards.Title": "Zdarzenia losowe",
    "Menu.Info.Desc": "Wyświetla informacje o zdarzeniach zachodzących w tle.<br><em>Aktualizuje się na bieżąco...</em>",
    "Menu.Info.Title": "Infobox",
    "Menu.Investment.Desc": "Lista Twoich ostatnich inwestycji",
    "Menu.Investment.Title": "Inwestycje PR",
    "Menu.Kits.Desc": "Pokazuje wszystkie zestawy budynków, ulepszeń i wyboru.",
    "Menu.Kits.Title": "Zestawy, ulepszenia i zestawy",
    "Menu.Market.Desc": "Wyświetla i filtruje wszystkie oferty z rynku",
    "Menu.Market.Title": "Filtr rynku",
    "Menu.Market.Warning": "Najpierw otwórz rynek (T)",
    "Menu.Moppelhelper.Desc": "Pokazuje, kiedy Twoi znajomi, członkowie gildii lub sąsiedzi ostatnio zmotywowali, wsparli lub splądrowali Twoje budynki",
    "Menu.Moppelhelper.Title": "Asystent motywacji/wsparcia",
    "Menu.Negotiation.Desc": "Pomaga dobrać surowce w negocjacjach.",
    "Menu.Negotiation.Title": "Asystent negocjacji",
    "Menu.Negotiation.Warning": "Niedostępne: Rozpocznij negocjację!",
    "Menu.Notice.Desc": "Rób notatki o wszystkim, o czym nie chcesz zapomnieć.",
    "Menu.Notice.Title": "Notes",
    "Menu.Notification.Position.bottom-center": "Na dole na środku",
    "Menu.Notification.Position.bottom-left": "Na dole po lewej",
    "Menu.Notification.Position.bottom-right": "Na dole po prawej",
    "Menu.Notification.Position.mid-center": "Na środku",
    "Menu.Notification.Position.top-center": "Na górze na środku",
    "Menu.Notification.Position.top-left": "Na górze po lewej",
    "Menu.Notification.Position.top-right": "Na górze po prawej",
    "Menu.OutP.Desc": "Przegląd surowców wymaganych przez Osadę.",
    "Menu.OutP.DescWarningBuildings": "<em id='outPW' class='tooltip-error'>Niedostępne: Odwiedź osadę!<br></em>Przegląd potrzebnych surowców.",
    "Menu.OutP.DescWarningOutpostData": "<em id='outPW' class='tooltip-error'>Niedostępne: Rozpocznij osadę i przeładuj grę (F5)",
    "Menu.OutP.Title": "Przegląd osady",
    "Menu.OwnpartCalculator.Desc": "Tworzy plan budowy własnej perły, pomaga obliczyć miejsca z wymian i pozwala generować wiadomości ogłaszające",
    "Menu.OwnpartCalculator.Title": "Kalkulator budowy (PA)",
    "Menu.OwnpartCalculator.Warning": "Niedostępne: Otwórz swoją perłę architektury!",
    "Menu.Productions.Desc": "Wyświetla wszystkie aktywne produkcje w Twoim mieście.",
    "Menu.Productions.Title": "Przegląd produkcji",
    "Menu.ProductionsRating.Desc": "Wyszukaj budynki, które produkują mniej zasobów na kratkę niż oczekujesz.",
    "Menu.ProductionsRating.Title": "Ocena efektywności budynku",
    "Menu.RightBar": "Po prawej",
    "Menu.SaveMessage.Desc": "Nowa kolejność menu została zapisana",
    "Menu.SaveMessage.Title": "Zapisane!",
    "Menu.Settings.Desc": "Kilka podstawowych ustawień",
    "Menu.Settings.Title": "Ustawienia",
    "Menu.Stats.Desc": "Towary, jednostki, nagrody, GPC",
    "Menu.Stats.Title": "Statystyki",
    "Menu.Technologies.Desc": "Oblicza koszt badań",
    "Menu.Technologies.Title": "Badania",
    "Menu.Technologies.Warning": "Niedostępne: otwórz menu badań (R)!",
    "Menu.Unit.Desc": "Wyświetla status twoich jednostek wojskowych",
    "Menu.Unit.Title": "Armia",
    "Menu.Unit.Warning": "Wyłączone: Najpierw otwórz okno zarządzania armią (U)!",
    "Menu.fpCollector.Desc": "Pokazuje wszystkie PR, które otrzymałeś każdą metodą, uporządkowane według dni.",
    "Menu.fpCollector.Title": "Przegląd kolektora PR",
    "Menu.greatbuildings.Desc": "Którą Perłę Architektury produkującą PR warto rozbudować jako następną?",
    "Menu.greatbuildings.Title": "Budowa Pereł Architektury",
    "Menu.unitsGex.Desc": "???",
    "Menu.unitsGex.Title": "???",
    "Quests.CounterTooltip.Content": "Istnieje limit 2000 odrzuconych zadań dziennie.",
    "Settings.About.Desc": "FoE Helper to bezpłatne rozszerzenie do przeglądarki Forge of Empires opracowane dla graczy przez graczy. Narzędzie nie jest powiązane z InnoGames.",
    "Settings.About.RatingDesc": "Jeśli podoba Ci się to, co widzisz, i co robimy, zostaw dobrą recenzję w Sklepie!",
    "Settings.About.RatingTitle": "Oceń rozszerzenie",
    "Settings.About.Title": "O FoE Helper",
    "Settings.About.TranslateDesc": "Pomóż w tłumaczeniu rozszerzenia, rejestrując się w naszym narzędziu do tłumaczenia: ",
    "Settings.About.TranslateTitle": "Tłumaczenie",
    "Settings.AutoOpenCloseBox.Desc": "Czy panel \"Zamknij wszystkie okna\" powinien otwierać się przy uruchomieniu gry?",
    "Settings.AutoOpenCloseBox.Title": "Automatyczne otwieranie panelu \"Zamknij wszystkie okna\"",
    "Settings.AutoOpenInfoBox.Desc": "Czy Infobox powinien otwierać się automatycznie po rozpoczęciu gry?",
    "Settings.AutoOpenInfoBox.Title": "Automatycznie otwórz Infobox",
    "Settings.AutomaticNegotiation.Desc": "Czy automatycznie otwierać asystenta podczas negocjacji? Niedostępne w GPCh.",
    "Settings.AutomaticNegotiation.Title": "Asystent negocjacji",
    "Settings.ChangeLanguage.Desc": "Wybierz preferowany język z listy rozwijanej",
    "Settings.ChangeLanguage.Title": "Zmień język",
    "Settings.EnableSound.Desc": "Włącz efekty dźwiękowe w rozszerzeniu.",
    "Settings.EnableSound.Title": "Dźwięk",
    "Settings.Entry.About": "O rozszerzeniu",
    "Settings.Entry.AutoOpenCloseBox": "Zamknij wszystko",
    "Settings.Entry.AutoOpenInfoBox": "Info box",
    "Settings.Entry.AutomaticNegotiation": "Asystent negocjacji",
    "Settings.Entry.ChangeLanguage": "Język",
    "Settings.Entry.EnableSound": "Dźwięk",
    "Settings.Entry.ExportSettings": "Import / Eksport",
    "Settings.Entry.GlobalSend": "Przesyłanie danych",
    "Settings.Entry.Help": "Pomoc",
    "Settings.Entry.HideHelperDuringBattle": "Widoczność helpera podczas walki",
    "Settings.Entry.InfoboxEntryCount": "Liczba wpisów w Infoboxie",
    "Settings.Entry.MenuContent": "Zawartość menu",
    "Settings.Entry.MenuLength": "Długość menu",
    "Settings.Entry.NotificationsPosition": "Pozycja powiadomień",
    "Settings.Entry.NotificationsStack": "Stos powiadomień",
    "Settings.Entry.ResetBoxPositions": "Współrzędne okien",
    "Settings.Entry.SelectedMenu": "Pozycja menu",
    "Settings.Entry.Show2kQuestMark": "Znacznik 2000. zadania",
    "Settings.Entry.ShowBlueGalaxyHelper": "Błękitna Galaktyka",
    "Settings.Entry.ShowEventChest": "Asystent eventowy",
    "Settings.Entry.ShowGuildTreasuryLogExport": "Eksport danych ze skarbca gildii",
    "Settings.Entry.ShowInvestments": "Inwestycje PR",
    "Settings.Entry.ShowMapTradeWarning": "Blokada negocjacji",
    "Settings.Entry.ShowMarketFilter": "Filtr rynku",
    "Settings.Entry.ShowNotifications": "Powiadomienia",
    "Settings.Entry.ShowOwnPartOnAllGBs": "Kalkulator PA",
    "Settings.Entry.ShowPlayerLinks": "Linki do profili graczy",
    "Settings.Entry.ShowPlayersMotivation": "Aktywność motywacyjna",
    "Settings.Entry.ShowRougeUnitWarning": "Asystent walki/Ostrzeżenie o Łotrach",
    "Settings.Entry.Version": "Wersja",
    "Settings.ExportImport.Error": "To nie jest prawidłowy plik ustawień!",
    "Settings.ExportImport.Reload": "Gra zostanie teraz ponownie załadowana z zaimportowanymi ustawieniami.",
    "Settings.ExportSettings.Desc": "Zapisywanie i przywracanie ustawień",
    "Settings.ExportSettings.OpenImportExportTool": "Otwórz narzędzie do importu/eksportu",
    "Settings.ExportSettings.Title": "Zapisywanie i przywracanie",
    "Settings.GlobalSend.Desc": "Jeżeli chcesz dzielić postępy wraz ze swoją gildią, możesz aktywować tę opcję.<br>Jeśli chcesz używać rozszerzenia wyłącznie dla siebie, wyłącz ją, a żadne dane nie zostaną przesłane.",
    "Settings.GlobalSend.Title": "Wysyłanie danych do foe-helper.com",
    "Settings.Help.Desc": "Istnieje kilka sposobów uzyskania pomocy:",
    "Settings.Help.Discord": "Discord: dołącz do naszego serwera, aby wziąć udział w ogólnych dyskusjach na temat rozszerzenia, czatów i wsparcia.",
    "Settings.Help.Forums": "Fora: przejdź tutaj, aby uzyskać pomoc i zgłaszać pomysły, a także raporty o błędach.",
    "Settings.Help.Github": "GitHub: więcej raportów technicznych o błędach, konkretne pomysły i pomoc w rozwoju.",
    "Settings.Help.Title": "Pomoc i Społeczność",
    "Settings.Help.Website": "Witryna: informacje o rozszerzeniu i dokumentacja jego funkcji.",
    "Settings.HideHelperDuringBattle.Desc": "Jeśli helper przeszkadza Ci podczas walki ręcznej, ta opcja włączy ukrywanie okna na czas jej trwania. Działa tylko w trybie 'Pływające okno'",
    "Settings.HideHelperDuringBattle.Title": "Ukryj helpera podczas walki",
    "Settings.InfoboxEntryCount.Desc": "Ile elementów ma wyświetlać i zapisywać Infobox?<br>Pusty lub \"0\" oznacza nieskończoność.",
    "Settings.InfoboxEntryCount.Title": "Liczba wpisów w Infoboxie",
    "Settings.MenuContent.Desc": "Które przyciski wyświetlać w menu?<br>Zielony: pokaż przycisk. Czerwony: nie pokazuj przycisku.",
    "Settings.MenuContent.Title": "Zawartość menu",
    "Settings.MenuLength.Desc": "Ile elementów powinno mieścić menu rozszerzenia?<br> Puste lub \"0\" oznacza automatyczną wysokość.",
    "Settings.MenuLength.Title": "Wysokość menu",
    "Settings.NotificationPosition.ToastTestBody": "To jest pozycja, którą wybrałeś.<br>Zanim przetestujesz następną pozycję, poczekaj, aż ten komunikat zniknie.",
    "Settings.NotificationPosition.ToastTestHeader": "Podgląd powiadomień",
    "Settings.NotificationsPosition.Desc": "Gdzie na ekranie mają pojawiać się powiadomienia?",
    "Settings.NotificationsPosition.Title": "Pozycja powiadomień",
    "Settings.NotificationsStack.Desc": "Ile powiadomień chcesz widzieć jednocześnie? Wartość domyślna to 4.",
    "Settings.NotificationsStack.Title": "Stos powiadomień",
    "Settings.ResetBoxPositions.Button": "Usuń!",
    "Settings.ResetBoxPositions.Desc": "Zresetować współrzędne pozycji okien?",
    "Settings.ResetBoxPositions.Title": "Ustawienie pozycji okien",
    "Settings.SelectedMenu.Desc": "Wybierz pozycję menu z listy rozwijanej (gra automatycznie załaduje się ponownie)",
    "Settings.SelectedMenu.Title": "Zmień menu",
    "Settings.Show2kQuestMark.Desc": "Wyświetla licznik wskazujący ile zadań możesz jeszcze odrzucić.",
    "Settings.Show2kQuestMark.Title": "Znacznik 2000. zadania",
    "Settings.ShowBlueGalaxyHelper.Desc": "Pokazuje narzędzie sugerujące budynki do zebrania z bonusem Błękitnej Galaktyki",
    "Settings.ShowBlueGalaxyHelper.Title": "Pokaż pomocnika Błękitnej Galaktyki",
    "Settings.ShowEventChest.Desc": "Pokazuje okno z kosztami nagród za wydarzenie.",
    "Settings.ShowEventChest.Title": "Pokaż asystenta eventowego",
    "Settings.ShowGuildTreasuryLogExport.Desc": "Wyświetla narzędzie eksportu dziennika po otwarciu okna dziennika skarbca gildii.",
    "Settings.ShowGuildTreasuryLogExport.Title": "Pokaż narzędzie do eksportu dziennika skarbca gildii",
    "Settings.ShowInvestments.Desc": "Pokaż okno inwestycji PR po wejściu w zakładkę Ratusz > Aktualności > Perły Architektury.",
    "Settings.ShowInvestments.Title": "Pokaż kwoty inwestycji PR",
    "Settings.ShowMapTradeWarning.Desc": "Pokazuje okno zakrywające przycisk „Negocjuj” na mapie kampanii, aby zapobiec przypadkowemu naciśnięciu. ",
    "Settings.ShowMapTradeWarning.Title": "Blokowanie negocjacji",
    "Settings.ShowMarketFilter.Desc": "Pokazuje narzędzie do filtrowania transakcji podczas otwierania rynku.",
    "Settings.ShowMarketFilter.Title": "Pokaż narzędzie do filtrowania rynku",
    "Settings.ShowNotifications.Desc": "Asystent w różnych miejscach korzysta z powiadomień. Możesz je tutaj włączyć lub wyłączyć.",
    "Settings.ShowNotifications.Title": "Powiadomienia",
    "Settings.ShowOwnPartOnAllGBs.Desc": "Pokazuje „kalkulator PA” także dla pereł architektury innych graczy.",
    "Settings.ShowOwnPartOnAllGBs.Title": "Pokaż Kalkulator PA dla wszystkich PA",
    "Settings.ShowPlayerLinks.Desc": "Zastąp wszystkie nazwy graczy linkami do profilu gracza na ScoreDB",
    "Settings.ShowPlayerLinks.Title": "Pokaż linki graczy",
    "Settings.ShowPlayersMotivation.Desc": "Czy przesyłać dane o motywacjach na zewnętrzny serwer?<br><br><em>Odśwież grę po zmianie tego ustawienia</em>",
    "Settings.ShowPlayersMotivation.Title": "Aktywność motywacyjna",
    "Settings.ShowRougeUnitWarning.Desc": "Umieść ramkę nad przyciskiem \"Atakuj\" lub \"Szybka walka\", jeśli po pierwszej fali pozostaną tylko Łotry. <br>Jeśli zginęły jednostki z wyższej epoki, to okno daje ci możliwość uleczenia ich diamentami.",
    "Settings.ShowRougeUnitWarning.Title": "Asystent walki/Ostrzeżenie o Łotrach",
    "Settings.Tab.About": "O rozszerzeniu",
    "Settings.Tab.Boxes": "Konfiguracja",
    "Settings.Tab.Extension": "Ogólne",
    "Settings.Tab.Sending": "Przesyłanie danych",
    "Settings.Version.Desc": "Poniższe dane można zaznaczyć, aby je skopiować.",
    "Settings.Version.GuildId": "ID Gildii:",
    "Settings.Version.Link": "<a target='_blank' href='https://foe-helper.com/extension/update?v=__version__&lang=pl'  class='game-cursor'>Ostatnia zmiana</a>",
    "Settings.Version.PlayerId": "ID Gracza:",
    "Settings.Version.Title": "Wersja",
    "Settings.Version.World": "Świat:",
    "StrategyPoints.BuyableFP": "Liczba PR, które można kupić za monety.",
    "_Language": "Polski"
}
