﻿{
    "Boxes.Alerts.Form.Antiques.Auction": "Leilão",
    "Boxes.Alerts.Form.Antiques.Cooldown": "Leilão em pausa",
    "Boxes.Alerts.Form.Antiques.Dealer": "Negociante de Antiguidades",
    "Boxes.Alerts.Form.Antiques.Exchange": "troca diária",
    "Boxes.Alerts.Form.Battleground": "Províncias do Campo de batalhas",
    "Boxes.Alerts.Form.Body": "Corpo",
    "Boxes.Alerts.Form.Create": "Criar",
    "Boxes.Alerts.Form.CreateAlert": "Criar Alerta",
    "Boxes.Alerts.Form.CreateAllSectors": "Criar para todos os setores",
    "Boxes.Alerts.Form.CreateNewAlert": "Criar Novo Alerta",
    "Boxes.Alerts.Form.Datetime": "Data &amp; Hora",
    "Boxes.Alerts.Form.Delete": "Excluir",
    "Boxes.Alerts.Form.Discard": "Descartar",
    "Boxes.Alerts.Form.Edit": "Editar",
    "Boxes.Alerts.Form.EditAlert": "Editar Alerta",
    "Boxes.Alerts.Form.Expiration": "Expiração",
    "Boxes.Alerts.Form.Expired": "Expirado",
    "Boxes.Alerts.Form.Expires": "Expira em",
    "Boxes.Alerts.Form.Neighborhood": "Vizinhança",
    "Boxes.Alerts.Form.Persistence": "Persistência",
    "Boxes.Alerts.Form.Persistence.Description": "A notificação permanecerá aberta até que o utilisador feche ou clique na notificação",
    "Boxes.Alerts.Form.Persistence.Off": "Desligado",
    "Boxes.Alerts.Form.Persistence.On": "Ligado",
    "Boxes.Alerts.Form.Persistent": "Persistente",
    "Boxes.Alerts.Form.Preset.Now": "Agora",
    "Boxes.Alerts.Form.Presets": "Valores definidos",
    "Boxes.Alerts.Form.Preview": "Pré-Visualização",
    "Boxes.Alerts.Form.Repeat": "Repetir",
    "Boxes.Alerts.Form.Repeat.Every": "ou todos",
    "Boxes.Alerts.Form.Repeat.Never": "nunca",
    "Boxes.Alerts.Form.Save": "Gravar",
    "Boxes.Alerts.Form.Tag": "Tag",
    "Boxes.Alerts.Form.Tag.Description": "Tags podem ser usadas para agrupar notificações (uma nova notificação com uma tag existente substituirá uma notificação mais velha que usa a mesma tag)",
    "Boxes.Alerts.Form.Title": "Título",
    "Boxes.Alerts.Preferences.Auction.Info": "Criar automaticamente um novo alerta quando eu der um novo lance no Leilão de Antiguidades",
    "Boxes.Alerts.Preferences.Auction.Title": "Leilão de Antiguidades",
    "Boxes.Alerts.Preferences.Battlegrounds.Info": "Enviar um alerta imediato quando tiver muita atividade no Campo de Batalhas (por exemplo, 10 batalhas em um determinado setor em um intervalo de 5 segundos). Por favor faça atenção que esse alerta só irá funcionar se o Campo de Batalhas estiver disponível no jogo!",
    "Boxes.Alerts.Preferences.Battlegrounds.Title": "Monitoramento de Campo de Batalhas",
    "Boxes.Alerts.Preferences.ComingSoon": "Em breve...  ",
    "Boxes.Alerts.Preferences.Early.Info": "Gera alertas automáticos de tempo. Notificações serão enviadas antes que um evento aconteça. Por exemplo, se configurar esse valor para 30 segundos as finalizações de leilões serão exibidos 30 segundos antes dele realmente acontecer!",
    "Boxes.Alerts.Preferences.Early.Title": "Antecedência de notificação (em segundos)",
    "Boxes.Alerts.Preferences.InGame.Info": "Apresentar notificação no jogo ao invés da notificação de sistema quando a janela de jogo está ativa",
    "Boxes.Alerts.Preferences.InGame.Title": "Notificações dentro do jogo",
    "Boxes.Alerts.Preferences.MenuIcon.Info": "Mostra a próxima contagem regressiva do próximo alerta como por cima do icone do menu principal",
    "Boxes.Alerts.Preferences.MenuIcon.Title": "Contagem regressiva no Menu Principal",
    "Boxes.Alerts.Preferences.Start.Info": "Mostra a lista de alertas que expiraram enquanto estava offline (desde que a janela do jogo foi fechada)",
    "Boxes.Alerts.Preferences.Start.Title": "Resumo de alertas expirados ao inicio",
    "Boxes.Alerts.Preferences.Suggestions.Info": "Mostra sugestões em alerta (por ex., quando clica num sector CdB ou recolhe a produção de um edificio)",
    "Boxes.Alerts.Preferences.Suggestions.Title": "Sugestões de alerta",
    "Boxes.Alerts.Tabs.Alerts": "Alertas",
    "Boxes.Alerts.Tabs.Preferences": "Preferências",
    "Boxes.Alerts.Time.15m": "15min",
    "Boxes.Alerts.Time.1d": "1d",
    "Boxes.Alerts.Time.1h": "1h",
    "Boxes.Alerts.Time.1m": "1min",
    "Boxes.Alerts.Time.4h": "4h",
    "Boxes.Alerts.Time.5m": "5min",
    "Boxes.Alerts.Time.8h": "8h",
    "Boxes.BattleAssist.Text.NextEra": "Perdeu uma unidade de uma era futura. No entanto, ainda pode curar essa unidade com diamantes!",
    "Boxes.BattleAssist.Text.Rogue": "O seu exército só tem Agentes Secretos. Cure alguma(s) unidade(s) com diamantes ou retire-se da batalha!",
    "Boxes.BattleAssist.Title": "Alerta!",
    "Boxes.BlueGalaxy.Building": "Edifício",
    "Boxes.BlueGalaxy.Done": "Feito",
    "Boxes.BlueGalaxy.DoneIn": "feito em",
    "Boxes.BlueGalaxy.DoneProductionsTitle": "Sugestão: recolhe estes edifícios",
    "Boxes.BlueGalaxy.EstimatedBonus": "Bónus estimado: __FP__ PF e __Goods__ mercadorias",
    "Boxes.BlueGalaxy.FP": "PF",
    "Boxes.BlueGalaxy.Goods": "Mercadorias",
    "Boxes.BlueGalaxy.GoodsValue": "Valor de classificação de 1 mercadoria (em PFs)",
    "Boxes.BlueGalaxy.NoChargesLeft": "Sem bónus da galáxia restantes",
    "Boxes.BlueGalaxy.NoProductionsDone": "Não existe nenhuma produção de PF acabada",
    "Boxes.BlueGalaxy.TTGoodsValue": "Este valor é utilizado para classificar os edifícios que produzem mercadorias. Quantos PFs é que uma mercadoria vale para si?",
    "Boxes.BlueGalaxy.Title": "Ajuda da Galáxia Azul",
    "Boxes.Calculator.ActiveRecurringQuest": "Desafio recorrente ativo:",
    "Boxes.Calculator.ArkBonus": "Bónus de Arca",
    "Boxes.Calculator.AvailableFP": "PFs disponiveis",
    "Boxes.Calculator.BPs": "Plantas",
    "Boxes.Calculator.Commitment": "Custos",
    "Boxes.Calculator.Done": "feito",
    "Boxes.Calculator.FP": "PFs",
    "Boxes.Calculator.FriendlyInvestment": "Investimentos amigos:",
    "Boxes.Calculator.HelpLink": "https://foe-helper.com/docs/en/cost-calculator/",
    "Boxes.Calculator.LGNotConnected": "O GE não está ligado a uma estrada.",
    "Boxes.Calculator.LGNotOpen": "O próximo nível ainda não está aberto.",
    "Boxes.Calculator.LevelWarning": "ATENÇÃO! Nivel atingido!",
    "Boxes.Calculator.MaxLevel": "Nivel máximo",
    "Boxes.Calculator.Meds": "Medalhas",
    "Boxes.Calculator.Profit": "Lucro",
    "Boxes.Calculator.Settings.Save": "Guardar",
    "Boxes.Calculator.Step": "Nível ",
    "Boxes.Calculator.TTForderCosts": "Custo = __nettoreward__<small>(Recompensa net)</small> X __forderfactor__%<small>(Friendly invest??)</small> = __costs__",
    "Boxes.Calculator.TTForderFPStockLow": "ATENÇÃO: Insuficientes pacotes de pontos forge no inventário!<br>Tens apenas __fpstock__ de __costs__PFs<br>Precisa de __tooless__PFs",
    "Boxes.Calculator.TTForderNegativeProfit": "O lugar não está seguro. É necessário investir mais __fpcount__ PFs.<br>Total para segurar o lugar: __totalfp__FP",
    "Boxes.Calculator.TTLevelWarning": "Adicionou __fpcount__ PFs a mais!<br>Investimento Máximo: __totalfp__ PFs",
    "Boxes.Calculator.TTLoss": "Recompensa = __nettoreward__ <small>(Net Reward)</small> X __arcfactor__% <small>(Arc Bonus)</small> = __bruttoreward__<br>Cost: __costs__ - Lugar seguro a: __safe__<br>Perda = __costs__ <small>(Cost)</small> - __bruttoreward__ <small>(Reward)</small> = __loss__",
    "Boxes.Calculator.TTLossSelf": "Recompensa = __nettoreward__<small>(Net Reward)</small> * __arcfactor__% <small>(Arc Bonus)</small> = __bruttoreward__<br>Paid: __paid__<br>Loss = __paid__ <small>(Paid)</small> - __bruttoreward__ <small>(Reward)</small> = __loss__",
    "Boxes.Calculator.TTPaidTooLess": "Pagou __paid__ PFs em vez de __topay__ PFs. Faltam __tooless__PFs.",
    "Boxes.Calculator.TTPaidTooMuch": "Pagou __paid__ PFs em vez de __topay__ PFs. Foram __toomuch__PFs a mais.",
    "Boxes.Calculator.TTProfit": "Recompensa = __nettoreward__ <small>(Net Reward)</small> X __arcfactor__% <small>(Arc Bonus)</small> = __bruttoreward__<br>Cost: __costs__ - Place locked at: __safe__<br>Profit = __bruttoreward__ <small>(Reward)</small> - __costs__ <small>(Cost)</small> = __profit__",
    "Boxes.Calculator.TTProfitSelf": "Recompensa = __nettoreward__ <small>(Net Reward)</small> * __arcfactor__% <small>(Arc Bonus)</small> = __bruttoreward__<br>Paid: __paid__<br>Profit = __bruttoreward__ <small>(Reward)</small> - __paid__ <small>(Paid)</small> = __profit__",
    "Boxes.Calculator.Title": "Calculador de investimento GE",
    "Boxes.Calculator.Up2LevelUp": "Até nivelar",
    "Boxes.Campagne.AlreadyDone": " Já conquistado! Parabéns :)",
    "Boxes.Campagne.DescInStock": "Disponivel",
    "Boxes.Campagne.DescRequired": "Necessário",
    "Boxes.Campagne.DescStillMissing": "<span style='color:#29b206'>Excesso</span> / <span style='color:#ff4040'>Em falta</span>",
    "Boxes.Campagne.Resource": "Recurso",
    "Boxes.Campagne.Reward": "Recompensa total ",
    "Boxes.Campagne.Title": "Custos de conquista para ",
    "Boxes.CityMap.CavalierPerspecitve": "Perspectiva Cavaleira",
    "Boxes.CityMap.Desc1": "Para planificar a sua cidade, temos que transferir os seus dados para foe-helper.com",
    "Boxes.CityMap.FreeArea": "Area livre: ",
    "Boxes.CityMap.HighlightOldBuildings": "Destacar edifícios antigos",
    "Boxes.CityMap.NormalPerspecitve": "Standard",
    "Boxes.CityMap.ShowSubmitBox": "Mostrar \"enviar\"",
    "Boxes.CityMap.Submit": "Enviar",
    "Boxes.CityMap.SubmitSuccess": "Os dados foram enviados com sucesso... Visite agora ",
    "Boxes.CityMap.TitleSend": "Submeter dados",
    "Boxes.CityMap.WholeArea": "Area total: ",
    "Boxes.CityMap.YourCity": "Tua cidade",
    "Boxes.CityMap.clan_power_production": "produção de poder da Guilda",
    "Boxes.CityMap.culture": "Edifícios Culturais",
    "Boxes.CityMap.decoration": "Decorações",
    "Boxes.CityMap.goods": "Edifícios de Mercadorias",
    "Boxes.CityMap.military": "Edifícios Militares",
    "Boxes.CityMap.production": "Edifícios de Produção",
    "Boxes.CityMap.random_production": "Produção aleatória",
    "Boxes.CityMap.residential": "Edifícios residenciais",
    "Boxes.CityMap.street": "Ruas",
    "Boxes.CityMap.tower": "Torres",
    "Boxes.EventChests.Chance": "Chance",
    "Boxes.EventChests.Cost": "Custos",
    "Boxes.EventChests.CostPerPrize": "Custo/Recompensa",
    "Boxes.EventChests.CostPerStep": "Custo/Etapa",
    "Boxes.EventChests.MainPrize": "Prémio principal",
    "Boxes.EventChests.MainPrizeTitle": "Prémio do dia: ",
    "Boxes.EventChests.Steps": "Etapas",
    "Boxes.EventChests.Title": "Ajudante de selecção do evento dos baús",
    "Boxes.FPCollector.Guildexpedition": "Expedição da Guilda",
    "Boxes.FPCollector.Guildfights": "Batalhas de Guilda",
    "Boxes.FPCollector.Mainmap": "Mapa principal",
    "Boxes.FPCollector.NoEntriesFound": "Nenhuma entrada encontrada ainda…",
    "Boxes.FPCollector.TotalFP": "Total de PF:",
    "Boxes.FPCollector.What": "O quê?",
    "Boxes.FPCollector.Where": "Onde?",
    "Boxes.FPCollector.Who": "Quem?",
    "Boxes.FPCollector.antiquesDealer": "Negociante de antiguidades",
    "Boxes.FPCollector.battlegrounds_conquest": "Recompensa de GE após negociação ou luta",
    "Boxes.FPCollector.chest": "Recompensa do encontro",
    "Boxes.FPCollector.collectReward": "Recompensa",
    "Boxes.FPCollector.dailyChallenges": "Desafio Diário",
    "Boxes.FPCollector.diplomaticGifts": "Oferta diplomática",
    "Boxes.FPCollector.double_collection": "x2 através da Galáxia Azul",
    "Boxes.FPCollector.guildExpedition": "Relíquia",
    "Boxes.FPCollector.hiddenReward": "Recompensa oculta",
    "Boxes.FPCollector.pickupProduction": "Recolha dos edifícios",
    "Boxes.FPCollector.satDown": "Visitar taberna",
    "Boxes.FPCollector.spoilsOfWar": "Castelo Himeji - Despojos de Guerra",
    "Boxes.FPCollector.winterEvent": "Evento de inverno",
    "Boxes.GreatBuildings.ArcBonus": "Investimento amigo",
    "Boxes.GreatBuildings.Costs": "Custos",
    "Boxes.GreatBuildings.DailyFP": "PF diário",
    "Boxes.GreatBuildings.FPCostGoods": "Custo de PF por mercadoria",
    "Boxes.GreatBuildings.FPPerTile": "Novo edificio: PF/quadricula diária do edificio substituido",
    "Boxes.GreatBuildings.GreatBulding": "Grande edificio",
    "Boxes.GreatBuildings.HelpLink": "https://foe-helper.com/docs/en/gb-investments/",
    "Boxes.GreatBuildings.HideNewGBs": "Esconder GE não construidos",
    "Boxes.GreatBuildings.Level": "Nivel",
    "Boxes.GreatBuildings.RewardPerDay": "Arca: Recompensa PFs por dia dos outros jogadores",
    "Boxes.GreatBuildings.SuggestionDescription": "Edifícios no topo da lista são os melhores",
    "Boxes.GreatBuildings.SuggestionTitle": "Comparação PFs por GE",
    "Boxes.GreatBuildings.TTFPPerTile": "Quantos PFs por dia/quadrado perdes para arranjar espaço para novos GEs? Exemplo: Estás a remover alguns santuários do conhecimento para construir um novo GE =>1PF/5 quadrados = 0.2PF/Quadrado",
    "Boxes.GreatBuildings.TTGoodCosts": "Ainda não construiu este GE ainda. Estes são os custos em PFs para comprar as mercadorias necessárias",
    "Boxes.GreatBuildings.TTGoodCostsColumn": "Lista os PFs necessários para comprar as mercadorias (só se aplica a GEs que ainda não construiu)",
    "Boxes.GreatBuildings.TTRewardPerDay": "Opcional: Quantas recompensas de PFs recebes por dia? Esta informação é utilizada para calcular a rentabilidade dos próximos níveis da arca. Para obter uma sugestão abre Câmara Municipal > Notícias > Histórico de Eventos",
    "Boxes.GreatBuildings.Title": "Investimento GE",
    "Boxes.GuildFights.Fights": "Lutas",
    "Boxes.GuildFights.LastSnapshot": " - ultimo captura à __time__",
    "Boxes.GuildFights.Negotiations": "Negociações",
    "Boxes.GuildFights.Player": "Membro de guilda",
    "Boxes.GuildFights.Title": "Resumo CdB",
    "Boxes.GuildFights.Total": "Total",
    "Boxes.HiddenRewards.Disappears": "Desaparece",
    "Boxes.HiddenRewards.HelpLink": "https://foe-helper.com/docs/2/incidents",
    "Boxes.HiddenRewards.NoEvents": "Não há incidentes.",
    "Boxes.HiddenRewards.Title": "Incidentes escondidos",
    "Boxes.Infobox.Filter": "Filtro",
    "Boxes.Infobox.FilterAuction": "Leilões",
    "Boxes.Infobox.FilterGex": "EG",
    "Boxes.Infobox.FilterGuildFights": "CdB",
    "Boxes.Infobox.FilterLevel": "GE",
    "Boxes.Infobox.FilterMessage": "Mensagens",
    "Boxes.Infobox.FilterTrade": "Comércio",
    "Boxes.Infobox.Messages.Auction": "<strong>__player__</strong> acabou de oferecer __amount__ Trade Coins no leilão.",
    "Boxes.Infobox.Messages.GEX": "<strong>__player__</strong> acabou de contribuir __points__ PFs num GE.",
    "Boxes.Infobox.Messages.GildFightOccupied": "Provincia <span style=\"color:#ffb539\">__provinceName__</span> foi conquistada por <span style=\"color:__attackerColor__;text-shadow: 0 1px 1px __attackerShadow__\">__attackerName__</span> e está fechada até __untilOccupied__.",
    "Boxes.Infobox.Messages.LevelUp": "O edificio __building__ do(a) __player__ atingiu o nivel __level__.<br>Conseguiste a posição <strong>__rank__</strong> e ganhaste <strong>__fps__</strong> PFs.",
    "Boxes.Infobox.Messages.MsgBuilding": "__building__ - Nivel __level__",
    "Boxes.Infobox.Messages.Trade": "<strong>__player__</strong> aceitou a tua oferta de __offerValue__ __offer__ por __needValue__ __need__.",
    "Boxes.Infobox.Messages.Welcome": "Bem-vindo à <strong>Caixa de informação</strong>! Enquanto este janela permanece aberta, vai gradualmente carregar os eventos que ocorrem por detrás (tais como mensagens de chat, ataques nos campos de batalhe e leilões)",
    "Boxes.Infobox.ResetBox": "Limpar",
    "Boxes.Infobox.Title": "Informações",
    "Boxes.Infobox.UnknownConversation": "Conversa desconhecida",
    "Boxes.Investment.AllUpToDate": "Página de eventos já atualizada",
    "Boxes.Investment.AllUpToDateDesc": "Todos os eventos/interações de jogador nesta página já tinham sido atualizados",
    "Boxes.Investment.CurrReward": "Lucro actual: ",
    "Boxes.Investment.DateParseError": "Erro ao converter a data",
    "Boxes.Investment.DateParseErrorDesc": "Não foi possível converter a data \"__InvalidDate__\"",
    "Boxes.Investment.InvestBar": "PFs investidos: ",
    "Boxes.Investment.PlayerFound": "Novo Evento Histórico encontrado",
    "Boxes.Investment.PlayerFoundCount": "Foram encontrados __count__ novos eventos",
    "Boxes.Investment.PlayerFoundCounter": "Foram encontrados __count__ novos eventos",
    "Boxes.Investment.Title": "Investimento",
    "Boxes.Investment.TotalFP": "Stock + investidos + lucro: ",
    "Boxes.Kits.Extensions": "Extensões",
    "Boxes.Kits.InStock": "Em stock",
    "Boxes.Kits.KitName": "Tipo de item",
    "Boxes.Kits.Name": "Edificio",
    "Boxes.Kits.SelectionKit": "Kit de selecção",
    "Boxes.Kits.Title": "Sets/upgrades e kits em inventário",
    "Boxes.Kits.ToggleButtonActive": "Esconder partes que faltam",
    "Boxes.Kits.ToggleButtonInActive": "Mostrar partes que faltam",
    "Boxes.Kits.UpgradeKit": "Kit Upgrade",
    "Boxes.Market.AllGoods": "Todas as mercadorias",
    "Boxes.Market.MaxResults": "Resultado máximo",
    "Boxes.Market.MinQuantity": "Quantia minima",
    "Boxes.Market.Need": "Falta",
    "Boxes.Market.NeedColumn": "Falta",
    "Boxes.Market.NeedTT": "__era__<br>Tu tens: __stock__",
    "Boxes.Market.Offer": "Oferta",
    "Boxes.Market.OfferColumn": "Oferta",
    "Boxes.Market.OfferTT": "__era__<br>Tu tens: __stock__",
    "Boxes.Market.OnlyAffordable": "Apenas Ofertas que pode aceitar",
    "Boxes.Market.PageColumn": "Página",
    "Boxes.Market.PlayerColumn": "Jogador",
    "Boxes.Market.RateColumn": "Rácio",
    "Boxes.Market.Rating": "Pontuação",
    "Boxes.Market.TTMinQuantity": "Seleccione a quantia minima de mercadorias oferecidas. Este filtro não se aplica a ofertas de membros da guilda",
    "Boxes.Market.Title": "Filtro do mercado",
    "Boxes.Market.TradeAdvantage": "Vantagem",
    "Boxes.Market.TradeDisadvantage": "Desvantagem",
    "Boxes.Market.TradeFair": "Justo",
    "Boxes.Market.TradeFairStock": "Justo (com stock baixo)",
    "Boxes.Market.TradeFairStockTT": "Isso inclui todas as trocas justas onde a mercadoria oferecida (por ti) tem um stock inferior à mercadoria recebida",
    "Boxes.Market.TradeForEqual": "Igual",
    "Boxes.Market.TradeForGoods": "Era oferta",
    "Boxes.Market.TradeForHigher": "Superior",
    "Boxes.Market.TradeForLower": "Inferior",
    "Boxes.Market.TradePartner": "Comerciante",
    "Boxes.Market.TradePartnerFriend": "Amigos",
    "Boxes.Market.TradePartnerGuild": "Membros de guilda",
    "Boxes.Market.TradePartnerNeighbor": "Vizinhos",
    "Boxes.MoppelHelper.Attacks": "Ataques",
    "Boxes.MoppelHelper.Days": "__days__ dia(s)",
    "Boxes.MoppelHelper.Event": "Evento",
    "Boxes.MoppelHelper.Friends": "Amigos",
    "Boxes.MoppelHelper.FriendsSocialTabTT": "Clica no separador de amigos no jogo para desbloqueares a lista de eventos dos teus amigos",
    "Boxes.MoppelHelper.GBs": "Grandes Edifícios",
    "Boxes.MoppelHelper.GuildMembers": "Membros da guilda",
    "Boxes.MoppelHelper.GuildSocialTabTT": "Clica no separador de membros da guilda no jogo para desbloqueares a lista de eventos dos membros da tua guilda",
    "Boxes.MoppelHelper.HeaderWarning": "ATENÇÃO: Estes valores só são válidos se percorreres todos os novos eventos na lista de eventos em Câmara Municipal > Notícias > Histórico de Eventos ",
    "Boxes.MoppelHelper.MoppelEvents": "Motivar/Polir",
    "Boxes.MoppelHelper.Name": "Nome",
    "Boxes.MoppelHelper.Neighbors": "Vizinhos",
    "Boxes.MoppelHelper.NeighborsSocialTabTT": "Clica no separador de vizinhos no jogo para desbloqueares a lista de eventos dos teus vizinhos",
    "Boxes.MoppelHelper.Never": "NUNCA",
    "Boxes.MoppelHelper.Plunders": "Pilhagem",
    "Boxes.MoppelHelper.Points": "Pontos",
    "Boxes.MoppelHelper.Rank": "Rank",
    "Boxes.MoppelHelper.TavernVisits": "Taberna",
    "Boxes.MoppelHelper.Title": "Auxiliar de Motivar/Polir",
    "Boxes.MoppelHelper.Trades": "Ofertas",
    "Boxes.Negotiation.Average": "Ordem de preferência",
    "Boxes.Negotiation.Canceled": "Negociação anulada",
    "Boxes.Negotiation.Chance": "Probabilidade",
    "Boxes.Negotiation.DragDrop": "Pode ordenar as mercadorias e a sua média, arrastando os icones.",
    "Boxes.Negotiation.GoodsCritical": "ATENÇÃO: Stock crítico de mercadorias!",
    "Boxes.Negotiation.GoodsLow": "ATENÇÃO: Stock baixo de mercadorias!",
    "Boxes.Negotiation.HelpLink": "https://foe-helper.com/docs/2/negotioation-helper",
    "Boxes.Negotiation.Person": "Pessoa",
    "Boxes.Negotiation.Round": "Ronda",
    "Boxes.Negotiation.SaveCurrentEraGoods": "Guardar escolha actual?",
    "Boxes.Negotiation.SaveMedals": "Guardar medalhas?",
    "Boxes.Negotiation.Stock": "Inventário:",
    "Boxes.Negotiation.Success": "Sucesso",
    "Boxes.Negotiation.TableLoadError": "Erro a carregar a tabela de negociações",
    "Boxes.Negotiation.Title": "Ajudante de Negociações",
    "Boxes.Negotiation.TryEnd": "Não tem mais tentativas",
    "Boxes.Negotiation.WrongGoods": "Má escolha feita, por favor continue manualmente",
    "Boxes.Negotiation.confirmGoodsMissmatch": "OK",
    "Boxes.Notice.ContentHeadIsFriend": "Amigo",
    "Boxes.Notice.ContentHeadIsGuild": "Membro de guilda",
    "Boxes.Notice.ContentHeadIsNeighbor": "Vizinho",
    "Boxes.Notice.DeleteGroup": "Apagar grupos e sites",
    "Boxes.Notice.DeleteItem": "Apagar site",
    "Boxes.Notice.DummyHeading": "O seu cabeçalho",
    "Boxes.Notice.Edit": "Modificar",
    "Boxes.Notice.GlobalSendRequired": "Este módulo só funciona com \"Transmissão para foe-helper.com\" ativado.<br>Por favor ative esta opção para usar as notas.",
    "Boxes.Notice.GroupName": "Nome do grupo",
    "Boxes.Notice.HelpLink": "https://foe-helper.com/docs/2/notes",
    "Boxes.Notice.ModalChoosePlayer": "Escolha um jogador",
    "Boxes.Notice.ModalMissingPlayers": "Estão a faltar jogadores nesta lista? Nesse caso fecha a caixa, clica nas outras duas abas da barra social (Vizinhos, Membros da guilda, Amigos) e volta a abrir esta caixa.",
    "Boxes.Notice.NewGroup": "Grupo",
    "Boxes.Notice.NewGroupDesc": "Crie um grupo primeiro... ",
    "Boxes.Notice.NewPlayer": "Jogador",
    "Boxes.Notice.NewSide": "Site",
    "Boxes.Notice.Save": "Guardar",
    "Boxes.Notice.SelectPlayerGroupDefault": "-- Criar um grupo de jogadores? --",
    "Boxes.Notice.SelectPlayerGroupFriend": "Amigos",
    "Boxes.Notice.SelectPlayerGroupGuild": "Membros de guilda",
    "Boxes.Notice.SelectPlayerGroupNeighbor": "Vizinhos",
    "Boxes.Notice.SideName": "Nome do site",
    "Boxes.Notice.Sorting": "Ordem",
    "Boxes.Notice.Title": "Notas",
    "Boxes.Outpost.DescInStock": "Disponivel",
    "Boxes.Outpost.DescRequired": "Necessários",
    "Boxes.Outpost.DescStillMissing": "<span style='color:#29b206'>Excesso</span> / <span style='color:#ff4040'>em falta</span>",
    "Boxes.Outpost.ExpansionsSum": "Expansões",
    "Boxes.Outpost.ShowSums": "Mostrar totais:",
    "Boxes.Outpost.Title": "Mercadorias da colónia",
    "Boxes.Outpost.TitleBuildings": "Edificio",
    "Boxes.Outpost.TitleFree": "Feito",
    "Boxes.Outpost.TitleShort": "Resumo de mercadorias - ",
    "Boxes.Outpost.infoLine": "__runNumber__. tentativa, probabilidade Bonus x4: __chanceX4__%",
    "Boxes.Outpost.nextTile": "Próxima expansão",
    "Boxes.Outpost.tileNotPlanned": "Off",
    "Boxes.OwnpartCalculator.All": "Todos",
    "Boxes.OwnpartCalculator.Arc": "Arca",
    "Boxes.OwnpartCalculator.Auto": "Auto",
    "Boxes.OwnpartCalculator.BPs": "Plantas",
    "Boxes.OwnpartCalculator.BuildingName": "Edificio",
    "Boxes.OwnpartCalculator.CopyValues": "Copiar valores",
    "Boxes.OwnpartCalculator.Deposit": "Depósito",
    "Boxes.OwnpartCalculator.Done": "Feito",
    "Boxes.OwnpartCalculator.Ext": "Ext",
    "Boxes.OwnpartCalculator.HelpLink": "https://foe-helper.com/docs/en/gb-calculator/",
    "Boxes.OwnpartCalculator.IncludeData": "Dados incluídos",
    "Boxes.OwnpartCalculator.LGTotalFP": "Total de PFs do GE",
    "Boxes.OwnpartCalculator.Meds": "Medalhas",
    "Boxes.OwnpartCalculator.NoPlaceSafe": "Nenhum lugar seguro",
    "Boxes.OwnpartCalculator.Note": "Nota",
    "Boxes.OwnpartCalculator.OldLevel": "Antigo nivel",
    "Boxes.OwnpartCalculator.OptionsDescending": "Descendente",
    "Boxes.OwnpartCalculator.OptionsFP": "Pontos Forge",
    "Boxes.OwnpartCalculator.OptionsGB": "Grande Edifício",
    "Boxes.OwnpartCalculator.OptionsLevel": "Nivel",
    "Boxes.OwnpartCalculator.OptionsLevelUp": "Nivele sff",
    "Boxes.OwnpartCalculator.OptionsPlayer": "Jogador",
    "Boxes.OwnpartCalculator.Order": "Sequência",
    "Boxes.OwnpartCalculator.OwnPart": "Contribuição pessoal",
    "Boxes.OwnpartCalculator.OwnPartRemaining": "Quota-parte do Proprietário",
    "Boxes.OwnpartCalculator.PatronPart": "Quota-parte dos outros",
    "Boxes.OwnpartCalculator.Place": "Lugar",
    "Boxes.OwnpartCalculator.Places": "Lugares",
    "Boxes.OwnpartCalculator.PlayerName": "Jogador",
    "Boxes.OwnpartCalculator.PowerLeveling": "Subida em massa",
    "Boxes.OwnpartCalculator.Preview": "Previsão",
    "Boxes.OwnpartCalculator.Step": "Nivel",
    "Boxes.OwnpartCalculator.Title": "Calculador dos teus GEs",
    "Boxes.PowerLeveling.DoubleCollection": "Recolha dupla",
    "Boxes.PowerLeveling.Level": "Nivel",
    "Boxes.PowerLeveling.MaxLevel": "Nivel Máximo",
    "Boxes.PowerLeveling.OwnPartBrutto": "Contributo pessoal",
    "Boxes.PowerLeveling.OwnPartNetto": "Contributo pessoal líquido",
    "Boxes.PowerLeveling.OwnPartSum": "Soma do contributo pessoal",
    "Boxes.PowerLeveling.P1": "Lugar1",
    "Boxes.PowerLeveling.P2": "Lugar2",
    "Boxes.PowerLeveling.P3": "Lugar3",
    "Boxes.PowerLeveling.P4": "Lugar4",
    "Boxes.PowerLeveling.P5": "Lugar5",
    "Boxes.PowerLeveling.Title": "Subida em massa",
    "Boxes.Productions.Done": "Feito",
    "Boxes.Productions.GoodEraTotal": "Total",
    "Boxes.Productions.GuildGoods": "Mercadorias da guilda",
    "Boxes.Productions.GuildPower": "Poder da guilda",
    "Boxes.Productions.Happiness": "Felicidade",
    "Boxes.Productions.Headings.Done": "Terminado",
    "Boxes.Productions.Headings.all": "Todos",
    "Boxes.Productions.Headings.amount": "Quantidade",
    "Boxes.Productions.Headings.area": "Area",
    "Boxes.Productions.Headings.clan_power_production": "Produção de poder para a guilda",
    "Boxes.Productions.Headings.culture": "Edificios culturais",
    "Boxes.Productions.Headings.decoration": "Decorações",
    "Boxes.Productions.Headings.earning": "Resultados",
    "Boxes.Productions.Headings.efficiency": "Eficiência",
    "Boxes.Productions.Headings.era": "Era",
    "Boxes.Productions.Headings.goods": "Edificios de mercadorias",
    "Boxes.Productions.Headings.greatbuilding": "Grandes Edificios",
    "Boxes.Productions.Headings.main_building": "Cãmara",
    "Boxes.Productions.Headings.name": "Item",
    "Boxes.Productions.Headings.number": "Numero",
    "Boxes.Productions.Headings.production": "Edificios de produção",
    "Boxes.Productions.Headings.random_production": "Produções surpresa",
    "Boxes.Productions.Headings.residential": "Edificios residenciais",
    "Boxes.Productions.Headings.size": "Tamanho",
    "Boxes.Productions.Headings.street": "Ruas",
    "Boxes.Productions.ModeCurrent": "Actual",
    "Boxes.Productions.ModeDaily": "Produção diária",
    "Boxes.Productions.ModeGroups": "Grupos",
    "Boxes.Productions.ModeSingle": "Lista",
    "Boxes.Productions.NoAsteroidDataWarning": "Mercadorias da Cintura de Asteroides não estão incluídas. Por favor visita a tua Colónia Espacial da Cintura de Asteroides e volta a abrir a caixa",
    "Boxes.Productions.NoMarsDataWarning": "Mercadorias de Marte não estão incluídas. Por favor visita a tua Colónia Espacial de Marte e volta a abrir a caixa",
    "Boxes.Productions.SearchInput": "Procurar edifício… ",
    "Boxes.Productions.SizeTT": "Tamanho incluindo necessidade média de estrada de __streetnettosize__ quadrados",
    "Boxes.Productions.TTGoodsEra": "Esta coluna mostra a era do edificio, e não a era das mercadorias produzias",
    "Boxes.Productions.Title": "Resumo das Produções diárias",
    "Boxes.Productions.Total": "Total: ",
    "Boxes.Productions.Units": "Unidades",
    "Boxes.Settings.Active": "Activo",
    "Boxes.Settings.Inactive": "Desactivo",
    "Boxes.Settings.Title": "Configurações",
    "Boxes.Stats.BtnAll": "Todos",
    "Boxes.Stats.BtnAllPlayableEras": "Todas as eras",
    "Boxes.Stats.BtnAllPlayableErasTitle": "Seleciona todas as Eras (exceto Especial e Sem Era)",
    "Boxes.Stats.BtnAllTittle": "Eras + Sem era + Especial",
    "Boxes.Stats.BtnChartType.delta": "Delta",
    "Boxes.Stats.BtnChartType.line": "Linhas",
    "Boxes.Stats.BtnChartType.streamgraph": "Fluxo",
    "Boxes.Stats.BtnChartTypeTitle.delta": "Aumentar/Diminuir gráfico",
    "Boxes.Stats.BtnChartTypeTitle.line": "Gráfico linear",
    "Boxes.Stats.BtnChartTypeTitle.streamgraph": "Gráfico de fluxos",
    "Boxes.Stats.BtnLastEras": "Últimas 2 Eras",
    "Boxes.Stats.BtnLastErasTitle": "Selecionar Era atual e anterior",
    "Boxes.Stats.BtnMyEra": "A minha era",
    "Boxes.Stats.BtnNoEra": "Sem era",
    "Boxes.Stats.BtnSource.statsGBGPlayers": "CdB",
    "Boxes.Stats.BtnSource.statsRewards": "Recompensas",
    "Boxes.Stats.BtnSource.statsTreasureClanD": "Tesouraria da Guilda",
    "Boxes.Stats.BtnSource.statsTreasureClanH": "Tesouraria da Guilda",
    "Boxes.Stats.BtnSource.statsTreasurePlayerD": "Tesouraria diária",
    "Boxes.Stats.BtnSource.statsTreasurePlayerH": "Tesouraria",
    "Boxes.Stats.BtnSource.statsUnitsD": "Unidades diárias",
    "Boxes.Stats.BtnSource.statsUnitsH": "Unidades por hora",
    "Boxes.Stats.BtnToggleAnnotations": "Notas GvG",
    "Boxes.Stats.BtnToggleAnnotationsTitle": "Mostra um decréscimo de mercadorias no mapa da GvG.",
    "Boxes.Stats.BtnToggleGroupBy": "Agrupar por eras",
    "Boxes.Stats.BtnToggleGroupByTitle": "Agrupar por nome",
    "Boxes.Stats.Era": "Era",
    "Boxes.Stats.HelpLink": "https://foe-helper.com/docs/en/statistics/",
    "Boxes.Stats.Period.all": "Todos",
    "Boxes.Stats.Period.last30days": "Ultimos 30 dias",
    "Boxes.Stats.Period.last7days": "Ultimos 7 dias",
    "Boxes.Stats.Period.sinceTuesday": "Desde terça-feira",
    "Boxes.Stats.Period.thisMonth": "Este mês",
    "Boxes.Stats.Period.today": "Hoje",
    "Boxes.Stats.PeriodTitle.all": "Desde sempre",
    "Boxes.Stats.PeriodTitle.last30days": "Recolhido nos ultimos 30 dias",
    "Boxes.Stats.PeriodTitle.last7days": "Recolhido nos ultimos 7 dias",
    "Boxes.Stats.PeriodTitle.sinceTuesday": "Recolhido desde terça feira (EG começa à terça)",
    "Boxes.Stats.PeriodTitle.thisMonth": "Recolhido este mês",
    "Boxes.Stats.PeriodTitle.today": "Recolhido hoje",
    "Boxes.Stats.Rewards.Source.__event": "Evento",
    "Boxes.Stats.Rewards.Source.battlegrounds_conquest": "CdB",
    "Boxes.Stats.Rewards.Source.diplomaticGifts": "Prendas diplomáticas",
    "Boxes.Stats.Rewards.Source.guildExpedition": "EG",
    "Boxes.Stats.Rewards.Source.spoilsOfWar": "Despojos de Guerra",
    "Boxes.Stats.Rewards.SourceTitle.__event": "Recompensas dos eventos especiais ou sazonais",
    "Boxes.Stats.Rewards.SourceTitle.battlegrounds_conquest": "Recompensas CdB",
    "Boxes.Stats.Rewards.SourceTitle.diplomaticGifts": "Ofertas Diplomáticas (Cargueiro Espacial)",
    "Boxes.Stats.Rewards.SourceTitle.guildExpedition": "Recompensas do templo das Reliquias",
    "Boxes.Stats.Rewards.SourceTitle.spoilsOfWar": "Recompensas dos Despojos de Guerra (Himeji)",
    "Boxes.Stats.SourceTitle.statsGBGPlayers": "CdB scoreboard",
    "Boxes.Stats.SourceTitle.statsRewards": "As tuas recompensas do Himeji, Templo de Relíquias e Campos de batalha",
    "Boxes.Stats.SourceTitle.statsTreasureClanD": "Tesouraria diária da Guilda",
    "Boxes.Stats.SourceTitle.statsTreasureClanH": "Tesouraria da Guilda por hora",
    "Boxes.Stats.SourceTitle.statsTreasurePlayerD": "A tua tesouraria diária",
    "Boxes.Stats.SourceTitle.statsTreasurePlayerH": "A tua tesouraria por hora",
    "Boxes.Stats.SourceTitle.statsUnitsD": "Unidades diárias",
    "Boxes.Stats.SourceTitle.statsUnitsH": "As tuas unidades por hora",
    "Boxes.Stats.Title": "Estatisticas",
    "Boxes.Technologies.DescInStock": "Disponivel",
    "Boxes.Technologies.DescRequired": "Necessário",
    "Boxes.Technologies.DescStillMissing": "<span style='color:#29b206'>Excesso</span> / <span style='color:#ff4040'>Em falta</span>",
    "Boxes.Technologies.IgnoreCurrentEraOptional": "Ignorar pesquisas opcionais da era atual ou futuras",
    "Boxes.Technologies.IgnorePrevEra": "Ignora pesquisas opcionais das eras anteriores",
    "Boxes.Technologies.NoTechs": "Chegou ao final desta era",
    "Boxes.Technologies.Resource": "Recurso",
    "Boxes.Technologies.Title": "Custos de pesquisa",
    "Boxes.Treasury.Action": "Mensagem",
    "Boxes.Treasury.Amount": "Quantia",
    "Boxes.Treasury.DateTime": "Data e hora",
    "Boxes.Treasury.Era": "Era",
    "Boxes.Treasury.Export": "Exportar",
    "Boxes.Treasury.Message": "Percorra todas as páginas e pressione o butão Exportar",
    "Boxes.Treasury.PlayerID": "ID jogador",
    "Boxes.Treasury.PlayerName": "Nome do jogador",
    "Boxes.Treasury.Reset": "Reset",
    "Boxes.Treasury.Resource": "Bom",
    "Boxes.Treasury.RowNumber": "Linhas processadas",
    "Boxes.Treasury.Title": "Exportar registro da tesouraria da guilda",
    "Boxes.Units.AlcaHarvest": "O teu Alcatraz está pronto para ser recolhido!!",
    "Boxes.Units.Attack": "% ataque",
    "Boxes.Units.Bind": "Dependente",
    "Boxes.Units.Defend": "% defesa",
    "Boxes.Units.NextUnitsIn": "As próximas __count__ unidades chegam em <span class=\"alca-countdown\"></span> às __harvest__",
    "Boxes.Units.NotFilled": "Slot vazio",
    "Boxes.Units.Proportionally": "Proporcional",
    "Boxes.Units.Quantity": "Quantidade",
    "Boxes.Units.ReadyToLoot": "Pronto a sacar!",
    "Boxes.Units.Status": "Estado",
    "Boxes.Units.Title": "Resumo do Exército",
    "Boxes.Units.Unbind": "Independente",
    "Boxes.Units.Unit": "Unidade",
    "Boxes.mapTradeWarning.Text": "Prevenção",
    "Boxes.mapTradeWarning.Title": "Negociar",
    "Date": "DD-MMM-AA",
    "DateTime": "DD-MMM-AA @ HH:mm:ss a",
    "Eras.0": "Sem Era",
    "Eras.1": "Idade da Pedra",
    "Eras.10": "Era Moderna",
    "Eras.11": "Era Pós-Moderna",
    "Eras.12": "Era Contemporânea",
    "Eras.13": "Amanhã",
    "Eras.14": "O Futuro",
    "Eras.15": "Futuro Ártico",
    "Eras.16": "Futuro Oceânico",
    "Eras.17": "Futuro Virtual",
    "Eras.18": "Era Espacial Marte",
    "Eras.19": "Era Espacial Ceres",
    "Eras.2": "Idade do Bronze",
    "Eras.20": "Era espacial de Venus",
    "Eras.21": "Space Age Jupiter Moon",
    "Eras.3": "Idade do Ferro",
    "Eras.4": "Início da Idade Média",
    "Eras.5": "Alta Idade Média",
    "Eras.6": "Finais da Idade Média",
    "Eras.7": "Era Colonial",
    "Eras.8": "Era Industrial",
    "Eras.9": "EraProgressiva",
    "Global.BoxTitle": "FoE Helper",
    "HiddenRewards.Positions.cityRoadBig": "Estrada grande",
    "HiddenRewards.Positions.cityRoadSmall": "Estrada pequena",
    "HiddenRewards.Positions.guildExpedition": "Expedição da Guilda",
    "HiddenRewards.Positions.nature": "Natureza",
    "HiddenRewards.Positions.shore": "Costa",
    "HiddenRewards.Positions.water": "Na água",
    "HiddenRewards.Table.expires": "Expira em",
    "HiddenRewards.Table.position": "Posição",
    "HiddenRewards.Table.type": "Tipo",
    "Kits.Sets.Abandoned_Asylum": "Hospício Abandonado",
    "Kits.Sets.Altar_Garden": "Altar no Jardim",
    "Kits.Sets.Art_Exhibition": "Exposição de arte",
    "Kits.Sets.Celtic_Forest_Set": "Conjunto Floresta Celta",
    "Kits.Sets.Cherry_Garden_Set": "Conjunto Jardim das Cerejas",
    "Kits.Sets.Cider_Mill": "Esmagador de Maças",
    "Kits.Sets.Classical_Garden_Set": "Kit do Jardim Clássico",
    "Kits.Sets.Colossus": "Colosso",
    "Kits.Sets.FountainSet": "Conjunto Fonte Indiana",
    "Kits.Sets.Grand_Bridge": "Grande Ponte",
    "Kits.Sets.Graveyard": "Cemitério",
    "Kits.Sets.Greater_Runestone": "Grande Pedra Rúnica",
    "Kits.Sets.Guard_Post": "Posto de Vigia",
    "Kits.Sets.Hall_of_Fame": "Átrio da Honra",
    "Kits.Sets.Hippodrome": "Hipódromo",
    "Kits.Sets.Indian_Palace_Set": "Set Palácio Indiano",
    "Kits.Sets.Obelisk": "Obelisco",
    "Kits.Sets.Pagoda": "Pagode",
    "Kits.Sets.Piazza_Set": "Conjunto Praça Italiana",
    "Kits.Sets.Pillar_of_Heroes": "Coluna dos Heróis",
    "Kits.Sets.Pirate": "Barco dos piratas",
    "Kits.Sets.Royal": "Barco real",
    "Kits.Sets.September_Cottage": "Chalé de Setembro",
    "Kits.Sets.Statue_of_Honor": "Estátua de Honra",
    "Kits.Sets.The_Crows_Nest": "Farol",
    "Kits.Sets.The_Ship": "Conjunto do Barco",
    "Kits.Sets.Tholos_of_Idols": "Tolo dos Ídolos",
    "Kits.Sets.Timeless_Dojo": "Dojo Intemporal",
    "Kits.Sets.Trader": "Navio mercante",
    "Kits.Sets.Winners_Plaza": "Praça dos Vitoriosos",
    "Kits.Sets.Winter_Spire": "Pináculo de Inverno",
    "Kits.Sets.Winter_Train": "Comboio de inverno",
    "Kits.Sets.Winter_Village_Set": "Kit de Seleção da Vila Inverno",
    "Kits.Sets.Winterdeco_Set": "Kit de Seleção das Decorações de Inverno",
    "Kits.Sets.Worlds_Fair": "Feira Mundial",
    "Local": "pt-PT",
    "Menu.Alerts.Desc": "Gerenciar alarmes [e qualquer outro texto]",
    "Menu.Alerts.Title": "Alarme",
    "Menu.Bluegalaxy.Desc": "Esta ferramenta ajuda a encontrar os melhores edifícios para recolher com a Galáxia Azul",
    "Menu.Bluegalaxy.Title": "Auxiliar da Galáxia Azul",
    "Menu.BottomBar": "Inferior",
    "Menu.Box": "Como caixa",
    "Menu.Calculator.Desc": "Calcula todos os lugares dos GEs",
    "Menu.Calculator.Title": "Calculador de investimento GE",
    "Menu.Calculator.Warning": "Desabilitado: Abre primeiro o GE de outro jogador!",
    "Menu.Campagne.Desc": "Resumo dos recursos necessários para conquistar o setor do Mapa de campanha.",
    "Menu.Campagne.Title": "Campanha",
    "Menu.Campagne.Warning": "Disabled: Abre uma provincia primeiro!",
    "Menu.Citymap.Desc": "Mostra a tua cidade, num esquema visto de cima",
    "Menu.Citymap.Title": "Mapa da cidade",
    "Menu.Dropdown": "Como lista",
    "Menu.HiddenRewards.Desc": "Resumo dos incidentes escondidos",
    "Menu.HiddenRewards.Title": "Incidentes escondidos",
    "Menu.Info.Desc": "Mostra tudo o que acontece no \"background\"<br><em>Enche com informação...</em>",
    "Menu.Info.Title": "Informações",
    "Menu.Kits.Desc": "Mostra todos os Conjuntos, Melhorias e Kits de Seleção em stock.",
    "Menu.Kits.Title": "Conjuntos, Melhorias e Kits de Seleção",
    "Menu.Market.Desc": "Filtrar ofertas do mercado",
    "Menu.Market.Title": "Filtro do mercado",
    "Menu.Market.Warning": "Abra o mercado primeiro sff",
    "Menu.Moppelhelper.Desc": "Mostra quando os teus amigos, membros da guilda e vizinhos motivaram/poliram os teus edifícios pela última vez",
    "Menu.Moppelhelper.Title": "Auxiliar para Motivar/Polir",
    "Menu.Negotiation.Desc": "Faz sugestões para negociações bem-sucedidas.",
    "Menu.Negotiation.Title": "Ajudante de negociações",
    "Menu.Negotiation.Warning": "Disabled: Começa uma negociação primeiro!",
    "Menu.Notice.Desc": "Tome notas para não esquecer nada.",
    "Menu.Notice.Title": "Notas",
    "Menu.Notification.Position.bottom-center": "meio inferior",
    "Menu.Notification.Position.bottom-left": "canto inferior esquerdo",
    "Menu.Notification.Position.bottom-right": "canto inferior direito",
    "Menu.Notification.Position.mid-center": "centro",
    "Menu.Notification.Position.top-center": "meio superior",
    "Menu.Notification.Position.top-left": "canto superior esquerdo",
    "Menu.Notification.Position.top-right": "canto superior direito",
    "Menu.OutP.Desc": "Resumo dos recursos necessários na tua colónia.",
    "Menu.OutP.DescWarningBuildings": "<em id='outPW' class='tooltip-error'>Desabilitado: Abre primeiro a colónia!<br></em>Resumo dos recursos necessários na tua colónia.",
    "Menu.OutP.DescWarningOutpostData": "<em id='outPW' class='tooltip-error'>Disabled: Começa primeiro uma colónia e relança o jogo (F5)",
    "Menu.OutP.Title": "Colónia",
    "Menu.OwnpartCalculator.Desc": "Simula um plano de investimento, calcula lugares e copia valores",
    "Menu.OwnpartCalculator.Title": "Calculador dos teus GEs",
    "Menu.OwnpartCalculator.Warning": "Disabled: Abre primeiro um GE teu!",
    "Menu.Productions.Desc": "Mostra o total actual de todas as produções.",
    "Menu.Productions.Title": "Resumo da Produção",
    "Menu.RightBar": "Direita",
    "Menu.SaveMessage.Desc": "A nova ordem dos menus foi gravada",
    "Menu.SaveMessage.Title": "Gravado!",
    "Menu.Settings.Desc": "Algumas configurações possiveis",
    "Menu.Settings.Title": "Configurações",
    "Menu.Stats.Desc": "Mostra estatisticas do jogo sobre mercadorias, unidades, recompensas, CdB",
    "Menu.Stats.Title": "Estatisticas",
    "Menu.Technologies.Desc": "Calcula custos para tecnologias",
    "Menu.Technologies.Title": "Tecnologias",
    "Menu.Technologies.Warning": "Disabled: Abre primeiro a árvore tecnológica!",
    "Menu.Unit.Desc": "Resumo das suas tropas",
    "Menu.Unit.Title": "Exército",
    "Menu.Unit.Warning": "Desabilitado: Abre o teu Gestor do exército [U] primeiro!",
    "Menu.fpCollector.Desc": "Mostra todos os PFs que recebeste por cada meio, ordenado por dias",
    "Menu.fpCollector.Title": "Colecionador PFs",
    "Menu.greatbuildings.Desc": "Quais os próximos Grandes Edifícios de PFs que deves subir?",
    "Menu.greatbuildings.Title": "Investimento GE",
    "Settings.About.Desc": "O FoE Helper é uma extensão do browser grátis para o Forge of Empires, desenvolvido por jogadores para jogadores. A ferramenta não está associada à InnoGames.",
    "Settings.About.RatingDesc": "Se tu gostas do que vês e do que fazemos, por favor deixa uma boa crítica na loja!",
    "Settings.About.RatingTitle": "Avalie a extensão",
    "Settings.About.Title": "Sobre FoE Helper",
    "Settings.About.TranslateDesc": "Podes ajudar a traduzir a extensão por te inscrever na nossa ferramenta de tradução: ",
    "Settings.About.TranslateTitle": "Tradução",
    "Settings.AutomaticNegotiation.Desc": "Deveria o assistente abrir automaticamente com uma negociação? Não está disponível nos campos de batalha.",
    "Settings.AutomaticNegotiation.Title": "Ajudante de negociações",
    "Settings.ChangeLanguage.Desc": "Escolhe a tua linguagem preferida da lista",
    "Settings.ChangeLanguage.Title": "Mudar linguagem",
    "Settings.Entry.About": "Sobre",
    "Settings.Entry.AutomaticNegotiation": "Ajudante negociações",
    "Settings.Entry.ChangeLanguage": "Linguagem",
    "Settings.Entry.ExportSettings": "Importar / Exportar",
    "Settings.Entry.GlobalSend": "Transmitir dados",
    "Settings.Entry.Help": "Ajuda",
    "Settings.Entry.MenuLength": "Comprimento Menu",
    "Settings.Entry.NotificationsPosition": "Posição das notificações",
    "Settings.Entry.ResetBoxPositions": "Coordenadas da janela",
    "Settings.Entry.SelectedMenu": "Alterar menu",
    "Settings.Entry.ShowBlueGalaxyHelper": "Galáxia Azul",
    "Settings.Entry.ShowEventChest": "Baú de evento",
    "Settings.Entry.ShowGuildTreasuryLogExport": "Exportar tesouraria da guilda",
    "Settings.Entry.ShowInvestments": "Investimentos PF",
    "Settings.Entry.ShowMarketFilter": "Filtro de mercado",
    "Settings.Entry.ShowNotifications": "Notificações",
    "Settings.Entry.ShowOwnPartOnAllGBs": "Calculador GE",
    "Settings.Entry.ShowPlayersMotivation": "Auxiliar de motivação",
    "Settings.Entry.ShowRougeUnitWarning": "Assistente de batalha",
    "Settings.Entry.Version": "Versão",
    "Settings.ExportImport.Error": "Este não é um ficheiro de configurações válido!",
    "Settings.ExportImport.Reload": "O jogo vai recarregar com as configurações importadas.",
    "Settings.ExportSettings.Desc": "A guardar e restaurar as configurações",
    "Settings.ExportSettings.Title": "A guardar e restaurar",
    "Settings.GlobalSend.Desc": "Se quiseres informações sobre a tua guilda, activa esta opção. <br> Para uma utilização apenas pessoal, desactiva esta opção.",
    "Settings.GlobalSend.Title": "Transmissão para foe-helper.com",
    "Settings.Help.Desc": "Há várias formas de obter suporte:",
    "Settings.Help.Discord": "Discord: junta-te ao nosso servidor para discussões gerais sobre a extensão, chats e suporte.",
    "Settings.Help.Forums": "Fóruns: clique aqui para suporte e envio de ideias, bem como relatórios de bugs/erros.",
    "Settings.Help.Github": "GitHub: para mais relatórios técnicos de bugs, ideias concretas e ajuda no desenvolvimento.",
    "Settings.Help.Title": "Ajuda e Comunidade",
    "Settings.Help.Website": "Site: informações sobre a extensão e documentação das suas funcionalidades.",
    "Settings.MenuLength.Desc": "Quantos elementos, em altura, deverá o menu ter?<br> Vazio ou \"0\" define uma altura automática.",
    "Settings.MenuLength.Title": "Altura do Menu",
    "Settings.NotificationPosition.ToastTestBody": "Esta foi a posição que escolheste.<br>Antes de testares a próxima posição, aguarda que esta mensagem desapareça.",
    "Settings.NotificationPosition.ToastTestHeader": "Pré-visualizar notificações",
    "Settings.NotificationsPosition.Desc": "Onde queres que as notificações apareçam no teu ecrã?",
    "Settings.NotificationsPosition.Title": "Posição das notificações",
    "Settings.ResetBoxPositions.Button": "Apagar!",
    "Settings.ResetBoxPositions.Desc": "Reiniciar todas as coordenadas de todas as janelas?",
    "Settings.ResetBoxPositions.Title": "Coordenadas da Box",
    "Settings.SelectedMenu.Desc": "Escolhe o teu menu preferido da seguinte lista (o jogo vai recarregar automaticamente)",
    "Settings.SelectedMenu.Title": "Alterar menu",
    "Settings.ShowBlueGalaxyHelper.Desc": "Mostra uma ferramenta para sugerir os edifícios a recolher com a Galáxia Azul",
    "Settings.ShowBlueGalaxyHelper.Title": "Mostrar o auxiliar da Galáxia Azul",
    "Settings.ShowEventChest.Desc": "Mostra a caixa dos melhores preços para um evento.",
    "Settings.ShowEventChest.Title": "Mostrar caixa de evento",
    "Settings.ShowGuildTreasuryLogExport.Desc": "Ao abrir a janela da tesouraria da guilda, mostra uma ferramenta exportar o registro da tesouraria da guilda para um ficheiro .csv",
    "Settings.ShowGuildTreasuryLogExport.Title": "Mostrar ferramenta para exportar registro da tesouraria da guilda",
    "Settings.ShowInvestments.Desc": "Mostrar o total de PFs investidos ao abrir a aba Câmara Municipal > Notícias > Grandes Edifícios.",
    "Settings.ShowInvestments.Title": "Mostra o total de PFs investidos",
    "Settings.ShowMarketFilter.Desc": "Mostra uma ferramenta para filtrar as ofertas ao abrir o mercado",
    "Settings.ShowMarketFilter.Title": "Mostrar ferramenta para filtrar o mercado",
    "Settings.ShowNotifications.Desc": "O assistente utiliza notificações em vários sítios. Podes ligar e desligar essa funcionalidade aqui.",
    "Settings.ShowNotifications.Title": "Notificações",
    "Settings.ShowOwnPartOnAllGBs.Desc": "Mostrar a calculadora para GEs de outros jogadores",
    "Settings.ShowOwnPartOnAllGBs.Title": "Mostrar a calculadora para todos os GEs",
    "Settings.ShowPlayersMotivation.Desc": "Queres que a atividade de motivação seja enviada juntamente com os eventos?<br><br><em>Atualiza o jogo posteriormente</em>",
    "Settings.ShowPlayersMotivation.Title": "Atividade da motivação",
    "Settings.ShowRougeUnitWarning.Desc": "Colocar um caixa a sobrepor o botão \"Atacar\" ou \"Batalha automática\" para prevenir uma derrota se apenas sobrarem agentes após a primeira onda.<br>Se unidades preciosas da próxima Era foram mortas, esta caixa mostra a possibilidade de curá-las com diamantes.",
    "Settings.ShowRougeUnitWarning.Title": "Mostrar assistente de batalha",
    "Settings.Tab.About": "Acerca",
    "Settings.Tab.Boxes": "Janelas",
    "Settings.Tab.Extension": "Geral",
    "Settings.Tab.Sending": "Transmissão de data",
    "Settings.Version.Desc": "Os dados abaixo podem ser marcados para copiá-los.",
    "Settings.Version.GuildId": "ID Guilda:",
    "Settings.Version.Link": "<a target='_blank' href='https://foe-helper.com/extension/update?v=__version__&lang=en'  class='game-cursor'>Ultima actualização</a>",
    "Settings.Version.PlayerId": "ID Player:",
    "Settings.Version.Title": "Versão",
    "Settings.Version.World": "Mundo:",
    "_Language": "Português"
}
