﻿{
  "Boxes.Alerts.Form.Antiques.Auction": "Licitaţie",
  "Boxes.Alerts.Form.Antiques.Cooldown": "Reîncărcare la licitație",
  "Boxes.Alerts.Form.Antiques.Dealer": "Negustor de antichitati.",
  "Boxes.Alerts.Form.Antiques.Exchange": "Schimburi zilnice",
  "Boxes.Alerts.Form.Battleground": "Provinciile câmpului de luptă",
  "Boxes.Alerts.Form.Body": "Corp",
  "Boxes.Alerts.Form.Create": "Creează",
  "Boxes.Alerts.Form.CreateAlert": "Creează alertă",
  "Boxes.Alerts.Form.CreateAllSectors": "Creează pentru toate sectoarele",
  "Boxes.Alerts.Form.CreateNewAlert": "Creează alertă nouă",
  "Boxes.Alerts.Form.Datetime": "Data și ora",
  "Boxes.Alerts.Form.Delete": "Șterge",
  "Boxes.Alerts.Form.Discard": "Anulează",
  "Boxes.Alerts.Form.Edit": "Editează",
  "Boxes.Alerts.Form.EditAlert": "Editează alerta",
  "Boxes.Alerts.Form.Expiration": "Expirare",
  "Boxes.Alerts.Form.Expired": "Expirat/a",
  "Boxes.Alerts.Form.Expires": "Expira",
  "Boxes.Alerts.Form.Neighborhood": "Vecinătate",
  "Boxes.Alerts.Form.Persistence": "Persistenţă",
  "Boxes.Alerts.Form.Persistence.Description": "Notificarea rămâne deschisă până când va fi închisă sau înlăturată",
  "Boxes.Alerts.Form.Persistence.Off": "Inchis",
  "Boxes.Alerts.Form.Persistence.On": "Deschis",
  "Boxes.Alerts.Form.Persistent": "Persistenţă",
  "Boxes.Alerts.Form.Preset.Now": "Acum",
  "Boxes.Alerts.Form.Presets": "Presetări",
  "Boxes.Alerts.Form.Preview": "Vizualizare",
  "Boxes.Alerts.Form.Repeat": "Repetă",
  "Boxes.Alerts.Form.Repeat.Every": "sau oricare",
  "Boxes.Alerts.Form.Repeat.Never": "niciodată",
  "Boxes.Alerts.Form.Save": "Salvează",
  "Boxes.Alerts.Form.Tag": "Eticheta",
  "Boxes.Alerts.Form.Tag.Description": "Etichetele pot fi folosite pentru a grupa notificări (o noua notificare cu o eticheta, va inlocui o notificare mai veche cu aceeasi eticheta)",
  "Boxes.Alerts.Form.Title": "Titlu",
  "Boxes.Alerts.Preferences.Auction.Info": "Creează automat o noua alerta cand Eu fac o oferta la Licitatiile Negustorului de antichitati",
  "Boxes.Alerts.Preferences.Auction.Title": "Licitatiile Negustorului de Antichitati",
  "Boxes.Alerts.Preferences.Battlegrounds.Info": "Trimiteți o alertă instantanee atunci când există o activitate mare în câmpurile de luptă ale breslei (de exemplu, 10 lupte într-un singur sector în 5 secunde). Vă rugăm să rețineți că această funcție funcționează numai atunci când Bataliile Ghildei sunt deschise în joc!",
  "Boxes.Alerts.Preferences.Battlegrounds.Title": "Trackerul Bataliilor Ghildei",
  "Boxes.Alerts.Preferences.ComingSoon": "In curand…  ",
  "Boxes.Alerts.Preferences.Early.Info": "Timpii de avertizare generați automat (Negustorul de antichități, Bataliile Ghildei etc.) vor folosi acest offset pentru a trimite notificări înainte ca evenimentul să se întâmple. De exemplu, setând această valoare la 30 (secunde), alertele de licitație vor fi afișate cu 30 de secunde înainte ca licitația să se încheie!",
  "Boxes.Alerts.Preferences.Early.Title": "Notificați offsetul timpuriu",
  "Boxes.Alerts.Preferences.InGame.Info": "Afișați notificarea în joc în loc de notificarea nativă de pe desktop când fereastra jocului este focalizată",
  "Boxes.Alerts.Preferences.InGame.Title": "Notificarea în joc",
  "Boxes.Alerts.Preferences.MenuIcon.Info": "Afișați următoarea numărătoare inversă a alertei ca o suprapunere a pictogramei Meniu principal",
  "Boxes.Alerts.Preferences.MenuIcon.Title": "Meniu principal Numărătoarea inversă",
  "Boxes.Alerts.Preferences.Start.Info": "Afișați o listă de Alerte care au expirat (de când fereastra jocului a fost închisă)",
  "Boxes.Alerts.Preferences.Start.Title": "Rezumatul alertei/lor expirate la început",
  "Boxes.Alerts.Preferences.Suggestions.Info": "Afișați sugestii de alertă (de exemplu, când faceți clic pe un sector GvG/GbG sau colectați o producție de clădire)",
  "Boxes.Alerts.Preferences.Suggestions.Title": "Sugestii Alerte",
  "Boxes.Alerts.Tabs.Alerts": "Alerte",
  "Boxes.Alerts.Tabs.Preferences": "Preferinte",
  "Boxes.Alerts.Time.15m": "15 minute",
  "Boxes.Alerts.Time.1d": "o zi",
  "Boxes.Alerts.Time.1h": "o ora",
  "Boxes.Alerts.Time.1m": "un minut",
  "Boxes.Alerts.Time.4h": "4 ore",
  "Boxes.Alerts.Time.5m": "5 minute",
  "Boxes.Alerts.Time.8h": "8 ore",
  "Boxes.BattleAssist.Text.NextEra": "Ați pierdut o unitate din era viitoare. Cu toate acestea, aveți totuși șansa de a le vindeca cu diamante!",
  "Boxes.BattleAssist.Text.Rogue": "Armata voastră are doar banditi. Fie vindecă unități folosind diamante, fie retrage-te!",
  "Boxes.BattleAssist.Title": "Atentie!",
  "Boxes.BlueGalaxy.Building": "Clădire",
  "Boxes.BlueGalaxy.Done": "Gata",
  "Boxes.BlueGalaxy.DoneIn": "Gata in",
  "Boxes.BlueGalaxy.DoneProductionsTitle": "Sugestie: Colectați aceste clădiri",
  "Boxes.BlueGalaxy.EstimatedBonus": "Bonus estimat __FP__ FP si __Goods__ bunuri",
  "Boxes.BlueGalaxy.FP": "PF",
  "Boxes.BlueGalaxy.Goods": "Bunuri",
  "Boxes.BlueGalaxy.GoodsValue": "Curs pt 1 bun (in FP)",
  "Boxes.BlueGalaxy.NoChargesLeft": "Sugestie: Colectați aceste clădiri",
  "Boxes.BlueGalaxy.NoProductionsDone": "Nu există producții PF terminate",
  "Boxes.BlueGalaxy.TTGoodsValue": "Această valoare este utilizată pentru clasarea clădirilor care produc bunuri. Câte FP merită unul pentru tine?",
  "Boxes.BlueGalaxy.Title": "Ajutor pentru galaxia albastră",
  "Boxes.BonusService.aid_goods": "Numărul de ajutorări rămase",
  "Boxes.BonusService.diplomatic_gifts": "Numărul de șanse la Cadouri Diplomatice.",
  "Boxes.BonusService.donequests": "Arată misiunile completate",
  "Boxes.BonusService.spoils_of_war": "Numărul de șanse la Prada de Război.",
  "Boxes.Calculator.ActiveRecurringQuest": "Misiunea repetitivă actuală:",
  "Boxes.Calculator.ArkBonus": "Bonusul Domului",
  "Boxes.Calculator.AvailableFP": "PF disponibile",
  "Boxes.Calculator.BPs": "Planuri",
  "Boxes.Calculator.Commitment": "Cost",
  "Boxes.Calculator.Done": "Terminat",
  "Boxes.Calculator.FP": "PF",
  "Boxes.Calculator.FriendlyInvestment": "Procent investiții:",
  "Boxes.Calculator.HelpLink": "https://foe-helper.com/docs/en/cost-calculator/",
  "Boxes.Calculator.LGNotConnected": "Clădirea nu este conectată la stradă!",
  "Boxes.Calculator.LGNotOpen": "Nivelul urmator al CL nu este deblocat!",
  "Boxes.Calculator.LevelWarning": "ATENȚIE! Închide nivelul la CL!",
  "Boxes.Calculator.MaxLevel": "Nivelul maxim",
  "Boxes.Calculator.Meds": "Medalii",
  "Boxes.Calculator.Profit": "Diferenta",
  "Boxes.Calculator.Settings.Save": "Salveaza",
  "Boxes.Calculator.Settings.newValue": "Valoare noua",
  "Boxes.Calculator.Step": "Nivelul ",
  "Boxes.Calculator.TTForderCosts": "Cost = __nettoreward__<small>(Net Reward)</small> X __forderfactor__%<small>(Friendly invest??)</small> = __costs__",
  "Boxes.Calculator.TTForderFPStockLow": "ATENȚIE: Nu există suficiente pachete FP în stoc! <br> Aveți doar __fpstock__ din __costs__FP <br> Adică __tooless__FP prea puține",
  "Boxes.Calculator.TTForderNegativeProfit": "Locul nu este asigurat. Încă __fpcount__PF trebuie depuse pentru a asigura locul.<br>Total pentru asigurarea locului: __totalfp__PF.",
  "Boxes.Calculator.TTLevelWarning": "Adding __fpcount__ FP(s)s too many!<br>Maximum investment: __totalfp__ FPs",
  "Boxes.Calculator.TTLoss": "Recompensă = __nettoreward__ <small> (Net Reward) </small> X __arcfactor__% <small> (Arc Bonus) </small> = __bruttoreward__ <br> Cost: __costs__ - Loc blocat la: __safe__ <br> Pierdere = __costs__ <mic > (Cost) </small> - __bruttoreward__ <small> (Recompensă) </small> = __loss__",
  "Boxes.Calculator.TTLossSelf": "Reward = __nettoreward__<small>(Net Reward)</small> * __arcfactor__% <small>(Arc Bonus)</small> = __bruttoreward__<br>Paid: __paid__<br>Loss = __paid__ <small>(Paid)</small> - __bruttoreward__ <small>(Reward)</small> = __loss__",
  "Boxes.Calculator.TTPaidTooLess": "You paid __paid__ FPs instead of __topay__ FPs. That is __tooless__FPs too few.",
  "Boxes.Calculator.TTPaidTooMuch": "You paid __paid__ FPs instead of __topay__ FPs. That is __toomuch__FP too many.",
  "Boxes.Calculator.TTProfit": "Recompensă = __nettoreward__ <small> (Recompensa neta) </small> X __arcfactor__% <small> (Bonus Dom) </small> = __bruttoreward__ <br> Cost: __costs__ - Loc blocat la: __safe__ <br> Profit = __bruttoreward__ <mic > (Recompensă) </small> - __costs__ <small> (Cost) </small> = __profit__",
  "Boxes.Calculator.TTProfitSelf": "Reward = __nettoreward__ <small>(Net Reward)</small> * __arcfactor__% <small>(Arc Bonus)</small> = __bruttoreward__<br>Paid: __paid__<br>Profit = __bruttoreward__ <small>(Reward)</small> - __paid__ <small>(Paid)</small> = __profit__",
  "Boxes.Calculator.Title": "Investiții în alte CL",
  "Boxes.Calculator.Up2LevelUp": "PF rămase până la închidere",
  "Boxes.Campagne.AlreadyDone": " cucerită deja!",
  "Boxes.Campagne.DescInStock": "Disponibil",
  "Boxes.Campagne.DescRequired": "Necesar",
  "Boxes.Campagne.DescStillMissing": "<span style='color:#29b206'>Surplus</span> / <span style='color:#ff4040'>Lipsă</span>",
  "Boxes.Campagne.Resource": "Resurse",
  "Boxes.Campagne.Reward": "Total recompense ",
  "Boxes.Campagne.Title": "Cucerirea Hărții continentelor ",
  "Boxes.Castle.AntiqueDealer": "Comerciant de Antichități",
  "Boxes.Castle.AuctionsWon": "Licitații câștigate",
  "Boxes.Castle.CastlePoints": "Puncte Castel",
  "Boxes.Castle.DailyCastlePoints": "Puncte Castel zilnice",
  "Boxes.Castle.DailyChallenge": "Provocări Zilnice",
  "Boxes.Castle.Days": "zile",
  "Boxes.Castle.Level": "Nivel",
  "Boxes.Castle.Negotiation": "Negociere",
  "Boxes.Castle.Negotiations": "Negocieri",
  "Boxes.Castle.Overview": "Privire de ansamblu",
  "Boxes.Castle.Progress": "Progres",
  "Boxes.Castle.SevenDayChallenge": "Provocare Săptămânală",
  "Boxes.CityMap.CavalierPerspecitve": "Vedere laterală",
  "Boxes.CityMap.Desc1": "Pentru a putea planifica orașul, este nevoie să trimitem datele tale către foe-helper.com",
  "Boxes.CityMap.FreeArea": "Câmpuri neocupate: ",
  "Boxes.CityMap.HighlightOldBuildings": "Evidențiați clădirile vechi",
  "Boxes.CityMap.NormalPerspecitve": "Vedere de sus",
  "Boxes.CityMap.ShowSubmitBox": "Afișați caseta de trimitere",
  "Boxes.CityMap.Submit": "Trimite",
  "Boxes.CityMap.SubmitSuccess": "Datale au fost transmise cu susces... Vizitează acum ",
  "Boxes.CityMap.TitleSend": "Transmiterea datelor",
  "Boxes.CityMap.WholeArea": "Toate câmpurile: ",
  "Boxes.CityMap.YourCity": "Orasul tau",
  "Boxes.CityMap.clan_power_production": "Producția de energie a ghildei",
  "Boxes.CityMap.culture": "Clădiri culturale",
  "Boxes.CityMap.decoration": "Decoratii",
  "Boxes.CityMap.goods": "Cladiri de bunuri",
  "Boxes.CityMap.greatbuilding": "Cladiri legendare",
  "Boxes.CityMap.main_building": "Primarie",
  "Boxes.CityMap.military": "Cladiri militare",
  "Boxes.CityMap.production": "Cladiri de productie",
  "Boxes.CityMap.random_production": "Productii aleatoare",
  "Boxes.CityMap.residential": "Cladiri rezidentiale",
  "Boxes.CityMap.street": "Strazi",
  "Boxes.CityMap.tower": "Turnuri",
  "Boxes.Citymap.Efficiency": "Eficienta",
  "Boxes.EventChests.Chance": "Şansă",
  "Boxes.EventChests.Cost": "Costuri",
  "Boxes.EventChests.CostPerPrize": "Pretul",
  "Boxes.EventChests.CostPerStep": "Pretul",
  "Boxes.EventChests.MainPrize": "Premiul principal",
  "Boxes.EventChests.MainPrizeTitle": "Premiul Special zilnic: ",
  "Boxes.EventChests.Steps": "Pași",
  "Boxes.EventChests.Title": "Ajutor pentru selectarea cufarului evenimentului",
  "Boxes.FPCollector.Guildexpedition": "Expeditia ghildei",
  "Boxes.FPCollector.Guildfights": "Bataliile ghildei",
  "Boxes.FPCollector.Mainmap": "Harta principala",
  "Boxes.FPCollector.NoEntriesFound": "Nu s-au găsit încă înregistrări …",
  "Boxes.FPCollector.TotalFP": "Total PF:",
  "Boxes.FPCollector.What": "Ce?",
  "Boxes.FPCollector.Where": "Unde?",
  "Boxes.FPCollector.Who": "Cine?",
  "Boxes.FPCollector.antiquesDealer": "Negustor de antichitati",
  "Boxes.FPCollector.battlegrounds_conquest": "Recompensă GB după negociere sau luptă",
  "Boxes.FPCollector.chest": "Întâlnește recompensa",
  "Boxes.FPCollector.chestEvent": "Recompensa eveniment",
  "Boxes.FPCollector.chestEventGrandPrize": "Rezultatul evenimentului ligii",
  "Boxes.FPCollector.collectReward": "Recompensa",
  "Boxes.FPCollector.dailyChallenges": "Provocare zilnică",
  "Boxes.FPCollector.diplomaticGifts": "dar diplomatic",
  "Boxes.FPCollector.double_collection": "2x via Galaxia Albastra",
  "Boxes.FPCollector.guildExpedition": "Relicve",
  "Boxes.FPCollector.hiddenReward": "Recompensa ascunsa",
  "Boxes.FPCollector.pickupProduction": "Recoltarea clădirii",
  "Boxes.FPCollector.plunderReward": "Răsplată de jefuire",
  "Boxes.FPCollector.satDown": "Vizita taverna",
  "Boxes.FPCollector.spoilsOfWar": "Castelul Himeji bonus de atac",
  "Boxes.FPCollector.st_patricks_event_grand_prize": "Ziua Sf. Patrick - Marele premiu",
  "Boxes.FPCollector.st_patricks_task_reward": "Ziua Sf. Patrick - Recompensă pentru sarcini",
  "Boxes.FPCollector.winterEvent": "Eveniment de iarna",
  "Boxes.FPCollector.winterEventGrandPrize": "Eveniment de iarna, pret total",
  "Boxes.General.Export": "Export",
  "Boxes.General.ExportCSV": "Exporta ca CSV",
  "Boxes.General.ExportJSON": "Exporta ca jSON",
  "Boxes.GreatBuildings.ArcBonus": "Investiți prietenesti",
  "Boxes.GreatBuildings.BreakEven": "Pauză uniformă",
  "Boxes.GreatBuildings.BreakEvenTT": "__days__ zile va dura până când investiția de __costs__ FP va fi returnată cu o producție zilnică de __fpproduction__ FP / zi",
  "Boxes.GreatBuildings.BreakEvenTTGoods": "__days__ zile va dura până când investiția de __costs__ FP va fi returnată cu o producție zilnică de __fpproduction__ FP / zi și __goodsproduction__ bunuri / zi (este egală cu __goodsproduction__ * __goodsvalue__ = __goodsproductionvalue__ FP / zi)",
  "Boxes.GreatBuildings.BreakEvenUnit": "__days__ zile",
  "Boxes.GreatBuildings.Costs": "costuri",
  "Boxes.GreatBuildings.DailyFP": "Pf uri zilnice",
  "Boxes.GreatBuildings.DailyGoods": "Bunuri zilnic",
  "Boxes.GreatBuildings.FPCostGoods": "Costurile PF pentru bunuri",
  "Boxes.GreatBuildings.FPPerTile": "Clădiri noi: PF zilnic / pana la inlocuirea cldirilor",
  "Boxes.GreatBuildings.GoodsPerFP": "1 FP este egal cu __goods__ bunuri",
  "Boxes.GreatBuildings.GoodsValue": "Valoarea de evaluare a 1 __eraname__ bun (în FP)",
  "Boxes.GreatBuildings.GreatBulding": "Cladiri Legendare",
  "Boxes.GreatBuildings.HelpLink": "https://foe-helper.com/docs/en/gb-investments/",
  "Boxes.GreatBuildings.HideNewGBs": "Ascunde CL neconstruite",
  "Boxes.GreatBuildings.Level": "Nivel",
  "Boxes.GreatBuildings.NewGBCostsTT": "Include costuri bunuri pentru construirea clădirii legendare evaluate la __goodcosts__ FP",
  "Boxes.GreatBuildings.NewGBFPProductionTT": "__tiles__ * __fppertile__ = __opcost__ FP au fost scăzute. Acestea se pierd prin eliminarea altor clădiri producătoare de FP pentru a face loc pentru __tiles__ spatiu pentru a construi clădirea legendara",
  "Boxes.GreatBuildings.RewardPerDay": "Dom: Recompense PF / zi de la alți jucători",
  "Boxes.GreatBuildings.ShowGoods": "Luați în considerare producția de bunuri",
  "Boxes.GreatBuildings.SuggestionDescription": "Clădirile din partea de sus a listei sunt cele mai bune",
  "Boxes.GreatBuildings.SuggestionTitle": "Pf CL Roi comparate",
  "Boxes.GreatBuildings.TTFPPerTile": "Câte PF zilnice pe etapa pierdeți pentru a face spațiu pentru clădiri noi? Exemplu: eliminați câteva altare de cunoștințe pentru a construi o clădire grozavă => 1PF / 5 etape = 0.2PF / etapa",
  "Boxes.GreatBuildings.TTGoodCosts": "Nu ați construit încă această clădire legendară. Acestea sunt costurile PF pentru cumpărarea bunurilor necesare",
  "Boxes.GreatBuildings.TTGoodCostsColumn": "Listează costurile PF pentru cumpărarea bunurilor necesare (se aplică numai clădirilor legendare pe care nu le-ați construit încă)",
  "Boxes.GreatBuildings.TTGoodsValue": "Această valoare este utilizată pentru clasamentul clădirilor care produc bunuri. Câte FP merită una pentru tine?",
  "Boxes.GreatBuildings.TTRewardPerDay": "Opțional: câte recompense PF primiți pe zi? Aceste informații sunt utilizate pentru a calcula profitabilitatea pentru alte niveluri de dom. Pentru a primi o sugestie, accesați Primăria> Știri> Istoricul evenimentelor și parcurgeți toate paginile",
  "Boxes.GreatBuildings.Title": "Investitii CL",
  "Boxes.GuildFights.Count": "in",
  "Boxes.GuildFights.Fights": "Lupte",
  "Boxes.GuildFights.LastSnapshot": " - Ultima înregistrare __time__ ago",
  "Boxes.GuildFights.Negotiations": "Negocieri",
  "Boxes.GuildFights.NoOwner": "Niciun proprietar încă",
  "Boxes.GuildFights.Owner": "Proprietar",
  "Boxes.GuildFights.Player": "Jucător",
  "Boxes.GuildFights.Progress": "Progres",
  "Boxes.GuildFights.Province": "Provincie",
  "Boxes.GuildFights.SaveAlert": "Provincie __provinceName__ deblocare",
  "Boxes.GuildFights.SaveMessage.Desc": "Alerta pentru __provinceName__ a fost salvata!",
  "Boxes.GuildFights.SaveMessage.Title": "Salvat!",
  "Boxes.GuildFights.SaveSettings": "Salvare",
  "Boxes.GuildFights.SetAlert": "Seteaza alerta",
  "Boxes.GuildFights.ShowOwner": "Arata Ghilde",
  "Boxes.GuildFights.Time": "la",
  "Boxes.GuildFights.Title": "Statistica jucătorului",
  "Boxes.GuildFights.Total": "Total",
  "Boxes.GuildMemberStat.AutoStartOnUpdate": "deschideți prezentarea generală după actualizare",
  "Boxes.GuildMemberStat.Battles": "Lupte",
  "Boxes.GuildMemberStat.ConfirmNo": "Nu",
  "Boxes.GuildMemberStat.ConfirmYes": "Da",
  "Boxes.GuildMemberStat.Date": "Data",
  "Boxes.GuildMemberStat.Days": "zile",
  "Boxes.GuildMemberStat.DeleteDataWarning": "Dacă ștergeți datele înregistrate anterior, acestea se pierd iremediabil.",
  "Boxes.GuildMemberStat.DeleteExMembersAfter": "ștergeți fostul membru după",
  "Boxes.GuildMemberStat.DeleteGBGRound": "ștergeți runda GBG",
  "Boxes.GuildMemberStat.DeleteInactivityWarning": "ștergeți avertismentul de inactivitate",
  "Boxes.GuildMemberStat.EraTreasuryGoods": "bunuri de trezorerie ale epocii în stoc",
  "Boxes.GuildMemberStat.Eras": "Ere",
  "Boxes.GuildMemberStat.GBFRound": "Runda GBG",
  "Boxes.GuildMemberStat.GEXWeek": "Saptamana GEX",
  "Boxes.GuildMemberStat.GbgParticipation": "Participare la Campurile de Lupta ale Ghildelor",
  "Boxes.GuildMemberStat.GexParticipation": "Participare la Expeditia Ghildei",
  "Boxes.GuildMemberStat.GotIt": "Am înțeles!",
  "Boxes.GuildMemberStat.GuildBuildingNotification": "Vizitați orașele membrilor dvs. pentru a actualiza statisticile clădirilor.",
  "Boxes.GuildMemberStat.GuildBuildings": "Cladirile Ghildei",
  "Boxes.GuildMemberStat.GuildGoods": "Bunuri de tezaur",
  "Boxes.GuildMemberStat.GuildMembers": "Membrii Ghildei",
  "Boxes.GuildMemberStat.GuildMessages": "Numărul de mesaje din centrul de mesaje al ghildei",
  "Boxes.GuildMemberStat.GuildPower": "Puterea Ghildei",
  "Boxes.GuildMemberStat.GuildSupportBuildings": "Clădiri care susțin ghilda",
  "Boxes.GuildMemberStat.GuildTreasuryNotification": "Accesați fila Trezorerie din profilul ghildei pentru a actualiza bunurile de trezorerie ale ghildei dvs.",
  "Boxes.GuildMemberStat.Inactivity": "Inactivitate",
  "Boxes.GuildMemberStat.Instantly": "instant",
  "Boxes.GuildMemberStat.LastUpdate": "ultima actualizare",
  "Boxes.GuildMemberStat.Level": "Nivel",
  "Boxes.GuildMemberStat.Member": "Membru",
  "Boxes.GuildMemberStat.MemberActiviy": "Activitate membru",
  "Boxes.GuildMemberStat.MemberLeavedGuild": "Jucătorul nu mai este în ghildă.",
  "Boxes.GuildMemberStat.Negotiations": "Negocieri",
  "Boxes.GuildMemberStat.Never": "niciodata",
  "Boxes.GuildMemberStat.Points": "Puncte",
  "Boxes.GuildMemberStat.ProducedTreasuryGoods": "produse de cladirile ghildei",
  "Boxes.GuildMemberStat.Rank": "Rang",
  "Boxes.GuildMemberStat.ResetMessageCounter": "resetați contorul de mesaje",
  "Boxes.GuildMemberStat.Search": "Căutare",
  "Boxes.GuildMemberStat.ShowDeletedMembers": "arată fostul membru",
  "Boxes.GuildMemberStat.ShowSearchbar": "afișați bara de căutare",
  "Boxes.GuildMemberStat.Title": "Prezentare generală a membrilor Ghildei",
  "Boxes.GuildMemberStat.TotalGuildGoods": "Totalul tuturor bunurilor",
  "Boxes.GuildMemberStat.TotalGuildPower": "Puterea totală a ghildei",
  "Boxes.GuildMemberStat.TreasuryGoods": "Bunuri de Tezaur",
  "Boxes.HiddenRewards.Disappears": "Dispare",
  "Boxes.HiddenRewards.HelpLink": "https://foe-helper.com/docs/2/incidents",
  "Boxes.HiddenRewards.NoEvents": "Niciun incident prezent",
  "Boxes.HiddenRewards.Title": "Incidente ascunse",
  "Boxes.Infobox.Filter": "Filtre",
  "Boxes.Infobox.FilterAuction": "Negustor antichității",
  "Boxes.Infobox.FilterGex": "EG",
  "Boxes.Infobox.FilterGuildFights": "CBG",
  "Boxes.Infobox.FilterLevel": "Creștere CL",
  "Boxes.Infobox.FilterMessage": "Centru de mesaje",
  "Boxes.Infobox.FilterTrade": "Piața",
  "Boxes.Infobox.Messages.Auction": "<strong>__player__</strong> tocmai a făcut o ofertă pentru __amount__ Trade Coins.",
  "Boxes.Infobox.Messages.GEX": "<strong>__player__</strong> tocmai a primit __points__ puncte în EG.",
  "Boxes.Infobox.Messages.GildFightOccupied": "Sectorul <span style=\"color:#ffb539\">__provinceName__</span> a fost cucerit de către <span style=\"color:__attackerColor__;text-shadow: 0 1px 1px __attackerShadow__\">__attackerName__</span> și este blocat până la __untilOccupied__",
  "Boxes.Infobox.Messages.LevelUp": "Clădirea __building__ a jucătorului __player__ a ajuns la nivelul __level__.<br>Ai ocupat locul <strong>__rank__th</strong> și ai obținut <strong>__fps__</strong>PF.",
  "Boxes.Infobox.Messages.MsgBuilding": "__building__ - Nivelul __level__",
  "Boxes.Infobox.Messages.Trade": "<strong>__player__</strong> a acceptat oferta ta.<br />Ai primit __needValue__ __need__ pentru __offerValue__ __offer__.",
  "Boxes.Infobox.Messages.Welcome": "Bine ați venit la <strong> Infobox </strong>! În timp ce această fereastră rămâne deschisă, se va umple treptat cu evenimente care apar în liniște (cum ar fi mesaje de chat, atacuri în GbG și licitații)",
  "Boxes.Infobox.ResetBox": "Resetare",
  "Boxes.Infobox.Title": "InfoBox",
  "Boxes.Infobox.UnknownConversation": "Conversație necunoscută",
  "Boxes.Investment.AllUpToDate": "Pagina istoric eveniment actualizată",
  "Boxes.Investment.AllUpToDateDesc": "Toate evenimentele / interacțiunile jucătorilor de pe această pagină au fost deja actualizate",
  "Boxes.Investment.CurrReward": "Profitul actual: ",
  "Boxes.Investment.DateParseError": "Eroare transmitere date",
  "Boxes.Investment.DateParseErrorDesc": "Data „__InvalidDate__” nu a putut fi transmisa",
  "Boxes.Investment.HiddenGB": "Cladiri Legendare ascunse",
  "Boxes.Investment.InvestBar": "PF investite: ",
  "Boxes.Investment.Overview.Building": "Cladire",
  "Boxes.Investment.Overview.EntryTime": "Timp de intrare",
  "Boxes.Investment.Overview.EntryTimeDesc": "Când a fost înregistrată prima depunere?",
  "Boxes.Investment.Overview.HideGB": "Ascundeți CL din calcule și listă.",
  "Boxes.Investment.Overview.Invested": "Investit",
  "Boxes.Investment.Overview.InvestedDesc": "Câte FP au fost investite",
  "Boxes.Investment.Overview.Player": "Jucator",
  "Boxes.Investment.Overview.Profit": "Profit",
  "Boxes.Investment.Overview.ProfitDesc": "profit realizat, galben -> Clasamentul nu este sigur, roșu / verde -> Pierdere / profit Sigur",
  "Boxes.Investment.Overview.Progress": "Progres",
  "Boxes.Investment.Overview.RemainingFP": "PF rămase",
  "Boxes.Investment.Overview.RestFP": "PF de adaugat",
  "Boxes.Investment.Overview.RestFPDesc": "Cate PF pana la urmatorul nivel",
  "Boxes.Investment.Overview.SettingsEntryTime": "arată ora intrării",
  "Boxes.Investment.Overview.SettingsHiddenGB": "arată CL ascunse",
  "Boxes.Investment.Overview.SettingsRestFP": "arată PF rămase",
  "Boxes.Investment.Overview.SettingsSave": "Salvează",
  "Boxes.Investment.Overview.SettingsUnsafeCalc": "calculați numai varianta sigură profit / pierdere",
  "Boxes.Investment.PlayerFound": "S-au găsit noi evenimente!",
  "Boxes.Investment.PlayerFoundCount": "S-au colectat __count__ Evenimente jucător nou",
  "Boxes.Investment.PlayerFoundCounter": "__count__ Evenimente jucător nou au fost găsite.",
  "Boxes.Investment.Safe": "sigur",
  "Boxes.Investment.Title": "Rezumatul investițiilor dvs. de PF",
  "Boxes.Investment.TotalFP": "Stoc + Investit + Profit = ",
  "Boxes.Investment.UpToDate": "Lista cu investiții a fost actualizată în urmă cu mai puțin de 30 de minute.",
  "Boxes.Investment.UpdateRequired": "Lista cu investițiile este mai veche de 30 de minute. Vă rugăm să vă actualizați lista cu investițiile din Primărie.",
  "Boxes.Kits.Extensions": "Extensii",
  "Boxes.Kits.InStock": "In stoc",
  "Boxes.Kits.KitName": "Categorie de obiect",
  "Boxes.Kits.Name": "Cladiri",
  "Boxes.Kits.SelectionKit": "Pachet - Selecție",
  "Boxes.Kits.Title": "Prezentare generală a seturilor de stocuri, upgrade-urilor și kiturilor",
  "Boxes.Kits.ToggleButtonActive": "Ascundeți părțile lipsă",
  "Boxes.Kits.ToggleButtonInActive": "Afișați părțile lipsă",
  "Boxes.Kits.UpgradeKit": "Kit de upgrade",
  "Boxes.Market.AllGoods": "Toate bunurile",
  "Boxes.Market.MaxResults": "Rezultate maxime",
  "Boxes.Market.MinQuantity": "Cantitatea. minima.",
  "Boxes.Market.Need": "Necesar",
  "Boxes.Market.NeedColumn": "Necesar",
  "Boxes.Market.NeedTT": "__era__<br>Tu ai: __stock__",
  "Boxes.Market.Offer": "Oferte",
  "Boxes.Market.OfferColumn": "Oferi",
  "Boxes.Market.OfferTT": "__era__<br>Tu ai: __stock__",
  "Boxes.Market.OnlyAffordable": "Doar Oferte Accesibile",
  "Boxes.Market.PageColumn": "Pagina",
  "Boxes.Market.PlayerColumn": "Jucator",
  "Boxes.Market.RateColumn": "Rata",
  "Boxes.Market.Rating": "Evaluare",
  "Boxes.Market.ShowOwnOffers": "Oferte proprii",
  "Boxes.Market.TTMinQuantity": "Selectați cantitatea minimă de bunuri oferite. Acest filtru NU se aplică schimburilor membrilor ghildei",
  "Boxes.Market.Title": "Filtru Piata",
  "Boxes.Market.TradeAdvantage": "Avantaj",
  "Boxes.Market.TradeDisadvantage": "Dezavantaj",
  "Boxes.Market.TradeFair": "Corect",
  "Boxes.Market.TradeFairStock": "Corect (la stoc mai mic)",
  "Boxes.Market.TradeFairStockTT": "Aceasta include toate tranzacțiile corecte în care bunul oferit are un stoc mai mic decât bunul solicitat",
  "Boxes.Market.TradeForEqual": "La fel",
  "Boxes.Market.TradeForGoods": "Era Oferită",
  "Boxes.Market.TradeForHigher": "Superior",
  "Boxes.Market.TradeForLower": "Inferior",
  "Boxes.Market.TradePartner": "Parteneri",
  "Boxes.Market.TradePartnerFriend": "Prieteni",
  "Boxes.Market.TradePartnerGuild": "Membrii Ghildei",
  "Boxes.Market.TradePartnerNeighbor": "Vecini",
  "Boxes.MoppelHelper.Attacks": "Atacuri",
  "Boxes.MoppelHelper.Days": "__days__ zi/zile",
  "Boxes.MoppelHelper.Event": "Eveniment",
  "Boxes.MoppelHelper.Friends": "Prieteni",
  "Boxes.MoppelHelper.FriendsSocialTabTT": "Faceți clic pe fila Prieteni din joc pentru a debloca lista de evenimente a prietenilor dvs",
  "Boxes.MoppelHelper.GBs": "Cladiri Legendare",
  "Boxes.MoppelHelper.GuildMembers": "Membrii Ghildei",
  "Boxes.MoppelHelper.GuildSocialTabTT": "Faceți clic pe fila membrilor ghildei din joc pentru a debloca lista de evenimente a membrilor ghildei dvs",
  "Boxes.MoppelHelper.HeaderWarning": "ATENȚIE: Pentru a actualiza aceste valori, trebuie să derulați toate evenimentele noi în fila Istoric eveniment din: Primărie> Știri> Istoricul evenimentelor ",
  "Boxes.MoppelHelper.MoppelEvents": "Motivare/Finisare",
  "Boxes.MoppelHelper.Name": "Nume",
  "Boxes.MoppelHelper.Neighbors": "Vecini",
  "Boxes.MoppelHelper.NeighborsSocialTabTT": "Faceți clic pe fila Vecini din joc pentru a debloca lista de evenimente a vecinilor",
  "Boxes.MoppelHelper.Never": "Niciodata",
  "Boxes.MoppelHelper.Plunders": "Jaf",
  "Boxes.MoppelHelper.Points": "Puncte",
  "Boxes.MoppelHelper.Rank": "Rang",
  "Boxes.MoppelHelper.TavernVisits": "Taverna",
  "Boxes.MoppelHelper.Title": "Ajutor Motivare/Finisare",
  "Boxes.MoppelHelper.Trades": "Schimb",
  "Boxes.Negotiation.Average": "Ordinea preferințelor",
  "Boxes.Negotiation.Canceled": "Negocierea a fost anulată",
  "Boxes.Negotiation.Chance": "Șansă",
  "Boxes.Negotiation.DragDrop": "Trageți și fixați pictogramele de resurse de mai sus pentru a rearanja singur afișajul mediu pentru a determina o nouă secvență de la prima încercare.",
  "Boxes.Negotiation.GoodsCritical": "ATENȚIE: Stocul de bunuri este la nivel critic!",
  "Boxes.Negotiation.GoodsLow": "ATENȚIE: Stocul de bunuri este la nivel scăzut!",
  "Boxes.Negotiation.HelpLink": "https://foe-helper.com/docs/2/negotioation-helper",
  "Boxes.Negotiation.Person": "Persoană",
  "Boxes.Negotiation.Round": "Rundă",
  "Boxes.Negotiation.SaveCurrentEraGoods": "Salvați bunuri curente?",
  "Boxes.Negotiation.SaveMedals": "Salvați medaliile curente?",
  "Boxes.Negotiation.Stock": "Stoc:",
  "Boxes.Negotiation.Success": "Succes",
  "Boxes.Negotiation.TableLoadError": "Eroare la încărcara mesei de negociere",
  "Boxes.Negotiation.Title": "Masa de negocieri",
  "Boxes.Negotiation.TryEnd": "Încercări indisponibile",
  "Boxes.Negotiation.WrongGoods": "Bunuri alese greșit. Finalizează manual",
  "Boxes.Negotiation.confirmGoodsMissmatch": "Ok",
  "Boxes.Notice.ContentHeadIsFriend": "Prieteni",
  "Boxes.Notice.ContentHeadIsGuild": "Membrii ghildei",
  "Boxes.Notice.ContentHeadIsNeighbor": "Vecini",
  "Boxes.Notice.DeleteGroup": "Ștergeți grupul și site-urile",
  "Boxes.Notice.DeleteItem": "Șterge site-ul",
  "Boxes.Notice.DummyHeading": "Titlul Tău",
  "Boxes.Notice.Edit": "Editare",
  "Boxes.Notice.GlobalSendRequired": "Acest modul funcționează numai cu \"Transmission to foe-helper.com\" activată. <br> Vă rugăm să activați această opțiune pentru a utiliza notele.",
  "Boxes.Notice.GroupName": "Nume Grup",
  "Boxes.Notice.HelpLink": "https://foe-helper.com/docs/2/notes",
  "Boxes.Notice.ModalChoosePlayer": "Alegeți un jucător",
  "Boxes.Notice.ModalMissingPlayers": "Lipsesc jucători din lista scurtă? Apoi închideți această casetă, faceți clic pe celelalte două file din partea de jos a barei sociale (Vecini, Membri Ghilda, Prieteni) și apoi deschideți din nou această casetă.",
  "Boxes.Notice.NewGroup": "Grup",
  "Boxes.Notice.NewGroupDesc": "Creati intai un grup ",
  "Boxes.Notice.NewPlayer": "Jucator",
  "Boxes.Notice.NewSide": "Site",
  "Boxes.Notice.Save": "Salvare",
  "Boxes.Notice.SelectPlayerGroupDefault": "-- Creați un grup de jucători? --",
  "Boxes.Notice.SelectPlayerGroupFriend": "Prieteni",
  "Boxes.Notice.SelectPlayerGroupGuild": "Membrii ghildei",
  "Boxes.Notice.SelectPlayerGroupNeighbor": "Vecini",
  "Boxes.Notice.SideName": "Nume site",
  "Boxes.Notice.Sorting": "Sortare",
  "Boxes.Notice.Title": "Note",
  "Boxes.Outpost.DescInStock": "Stocuri curente",
  "Boxes.Outpost.DescRequired": "Total",
  "Boxes.Outpost.DescStillMissing": "<span style='color:#29b206'>Surplus</span> / <span style='color:#ff4040'>Necesar</span>",
  "Boxes.Outpost.ExpansionsSum": "Expansiuni",
  "Boxes.Outpost.ShowSums": "Afișați sume:",
  "Boxes.Outpost.Title": "Bunurile din așezarea culturală",
  "Boxes.Outpost.TitleBuildings": "Clădire",
  "Boxes.Outpost.TitleFree": "Gata",
  "Boxes.Outpost.TitleShort": "Sumar bunuri - ",
  "Boxes.Outpost.infoLine": "Nivel curent = __runNumber__; Sansa Bonus (x4) = __chanceX4__%",
  "Boxes.Outpost.nextTile": "Următoarea expansiune",
  "Boxes.Outpost.tileNotPlanned": "închis",
  "Boxes.OwnpartCalculator.All": "Toate",
  "Boxes.OwnpartCalculator.Arc": "Dom",
  "Boxes.OwnpartCalculator.Auto": "Auto",
  "Boxes.OwnpartCalculator.BPs": "Planuri cladiri",
  "Boxes.OwnpartCalculator.BuildingName": "Cladiri",
  "Boxes.OwnpartCalculator.CopyValues": "Copiază valorile",
  "Boxes.OwnpartCalculator.Deposit": "PF uri",
  "Boxes.OwnpartCalculator.Done": "Depus",
  "Boxes.OwnpartCalculator.Ext": "Exact",
  "Boxes.OwnpartCalculator.HelpLink": "https://foe-helper.com/docs/en/gb-calculator/",
  "Boxes.OwnpartCalculator.IncludeData": "date incluse",
  "Boxes.OwnpartCalculator.LGTotalFP": "Total PF uri necesare",
  "Boxes.OwnpartCalculator.Meds": "Medalii",
  "Boxes.OwnpartCalculator.NoPlaceSafe": "Nici un loc nu este asigurat",
  "Boxes.OwnpartCalculator.Note": "Notă",
  "Boxes.OwnpartCalculator.OldLevel": "Nivelul anterior",
  "Boxes.OwnpartCalculator.OptionsDescending": "Descendentă",
  "Boxes.OwnpartCalculator.OptionsFP": "Puncte Forge",
  "Boxes.OwnpartCalculator.OptionsGB": "Nume cladire",
  "Boxes.OwnpartCalculator.OptionsLevel": "Nivel",
  "Boxes.OwnpartCalculator.OptionsLevelUp": "Vă rog să cresteti nivelul",
  "Boxes.OwnpartCalculator.OptionsPlayer": "Jucator",
  "Boxes.OwnpartCalculator.Order": "Ordinea locurilor",
  "Boxes.OwnpartCalculator.OwnPart": "Contribuția proprie",
  "Boxes.OwnpartCalculator.OwnPartRemaining": "Rest de depus",
  "Boxes.OwnpartCalculator.PatronPart": "Contribuția externă",
  "Boxes.OwnpartCalculator.Place": "Loc",
  "Boxes.OwnpartCalculator.Places": "Locuri",
  "Boxes.OwnpartCalculator.PlayerName": "Jucator",
  "Boxes.OwnpartCalculator.PowerLeveling": "Nivel jucator",
  "Boxes.OwnpartCalculator.Preview": "Vizualizare",
  "Boxes.OwnpartCalculator.Step": "Nivel",
  "Boxes.OwnpartCalculator.Title": "Calculator CL",
  "Boxes.PowerLeveling.DoubleCollection": "Colecție dublă",
  "Boxes.PowerLeveling.Level": "Nivel",
  "Boxes.PowerLeveling.MaxLevel": "Nivel maxim",
  "Boxes.PowerLeveling.OwnPartBrutto": "Piesa proprie brută",
  "Boxes.PowerLeveling.OwnPartNetto": "Piesa proprie net",
  "Boxes.PowerLeveling.OwnPartSum": "Suma părții proprii",
  "Boxes.PowerLeveling.P1": "Loc 1",
  "Boxes.PowerLeveling.P2": "Loc 2",
  "Boxes.PowerLeveling.P3": "Loc 3",
  "Boxes.PowerLeveling.P4": "Loc 4",
  "Boxes.PowerLeveling.P5": "Loc 5",
  "Boxes.PowerLeveling.Title": "Crestere nivel",
  "Boxes.Productions.Done": "Gata",
  "Boxes.Productions.GoodEraTotal": "Total",
  "Boxes.Productions.GuildGoods": "Bunurile ghildei",
  "Boxes.Productions.GuildPower": "Puterea ghildei",
  "Boxes.Productions.Happiness": "Fericre",
  "Boxes.Productions.Headings.Done": "Gata",
  "Boxes.Productions.Headings.all": "Total",
  "Boxes.Productions.Headings.amount": "Cantitate",
  "Boxes.Productions.Headings.area": "Zona",
  "Boxes.Productions.Headings.clan_power_production": "Puterea ghildei",
  "Boxes.Productions.Headings.culture": "Clădiri culturale",
  "Boxes.Productions.Headings.decoration": "Decorațiuni",
  "Boxes.Productions.Headings.earning": "Recoltare",
  "Boxes.Productions.Headings.efficiency": "Eficienta",
  "Boxes.Productions.Headings.era": "Era",
  "Boxes.Productions.Headings.goods": "Clădiri de bunuri",
  "Boxes.Productions.Headings.greatbuilding": "Clădiri legendare",
  "Boxes.Productions.Headings.main_building": "Primărie",
  "Boxes.Productions.Headings.name": "Item",
  "Boxes.Productions.Headings.number": "Număr",
  "Boxes.Productions.Headings.production": "Clădiri de producție",
  "Boxes.Productions.Headings.random_production": "Producție aleatorie",
  "Boxes.Productions.Headings.residential": "Clădiri speciale",
  "Boxes.Productions.Headings.size": "Marime",
  "Boxes.Productions.Headings.street": "Străzi",
  "Boxes.Productions.ModeCurrent": "Curent",
  "Boxes.Productions.ModeDaily": "Productie zilnica.",
  "Boxes.Productions.ModeGroups": "Grupare",
  "Boxes.Productions.ModeSingle": "Extindere",
  "Boxes.Productions.NoAsteroidDataWarning": "Bunurile din centura de asteroizi nu sunt incluse. Vă rugăm să vizitați avanpostul centurii de asteroizi și să deschideți din nou cutia",
  "Boxes.Productions.NoMarsDataWarning": "Bunurile de pe Marte nu sunt incluse. Vă rugăm să vizitați avanpostul Marte și să deschideți din nou cutia",
  "Boxes.Productions.SearchInput": "Caută clădirea... ",
  "Boxes.Productions.SizeTT": "Dimensiune, inclusiv cerința medie de spațiu stradal pentru __streetnettosize__ plăci",
  "Boxes.Productions.TTGoodsEra": "Această coloană arată era clădirii, nu era bunurilor produse",
  "Boxes.Productions.Title": "Prezentarea generală a producțiilor",
  "Boxes.Productions.Total": "Total: ",
  "Boxes.Productions.Units": "Unitati",
  "Boxes.Settings.Active": "Activ",
  "Boxes.Settings.Inactive": "Inactiv",
  "Boxes.Settings.Title": "Setări",
  "Boxes.Stats.BtnAll": "Tot",
  "Boxes.Stats.BtnAllPlayableEras": "Toate erele",
  "Boxes.Stats.BtnAllPlayableErasTitle": "Selectați toate erele care pot fi jucate (fără: Fără era, special)",
  "Boxes.Stats.BtnAllTittle": "Ere + Fara ere + Special",
  "Boxes.Stats.BtnChartType.delta": "Delta",
  "Boxes.Stats.BtnChartType.line": "Linii",
  "Boxes.Stats.BtnChartType.streamgraph": "flux",
  "Boxes.Stats.BtnChartTypeTitle.delta": "Mareste/micsoreaza grafic",
  "Boxes.Stats.BtnChartTypeTitle.line": "Linie grafic",
  "Boxes.Stats.BtnChartTypeTitle.streamgraph": "Flux grafic",
  "Boxes.Stats.BtnLastEras": "Ultimele 2 ere",
  "Boxes.Stats.BtnLastErasTitle": "Selecteaza era curenta si anterioara",
  "Boxes.Stats.BtnMyEra": "Era mea",
  "Boxes.Stats.BtnNoEra": "Fare era",
  "Boxes.Stats.BtnSource.statsGBGPlayers": "GbG",
  "Boxes.Stats.BtnSource.statsRewards": "Premii",
  "Boxes.Stats.BtnSource.statsTreasureClanD": "Tezaurul ghildei",
  "Boxes.Stats.BtnSource.statsTreasureClanH": "Tezaurul ghildei",
  "Boxes.Stats.BtnSource.statsTreasurePlayerD": "Tezaur zilnic",
  "Boxes.Stats.BtnSource.statsTreasurePlayerH": "Tezaur",
  "Boxes.Stats.BtnSource.statsUnitsD": "Unitati pe zi",
  "Boxes.Stats.BtnSource.statsUnitsH": "Unitati pe ora",
  "Boxes.Stats.BtnToggleAnnotations": "Gvg notite",
  "Boxes.Stats.BtnToggleGroupBy": "Grupare pe era",
  "Boxes.Stats.BtnToggleGroupByTitle": "Grupare pe nume",
  "Boxes.Stats.Era": "Era",
  "Boxes.Stats.HelpLink": "https://foe-helper.com/docs/en/statistics/",
  "Boxes.Stats.Period.all": "Tot",
  "Boxes.Stats.Period.last30days": "Ultima luna",
  "Boxes.Stats.Period.last7days": "Ultima saptamana",
  "Boxes.Stats.Period.sinceTuesday": "De joi",
  "Boxes.Stats.Period.thisMonth": "Luna asta",
  "Boxes.Stats.Period.today": "Azi",
  "Boxes.Stats.PeriodTitle.all": "Pe toata perioada",
  "Boxes.Stats.PeriodTitle.last30days": "Stranse in ultima luna",
  "Boxes.Stats.PeriodTitle.last7days": "Stranse in ultima saptamana",
  "Boxes.Stats.PeriodTitle.sinceTuesday": "Stranse de marti (EG incepe marti)",
  "Boxes.Stats.PeriodTitle.thisMonth": "Stranse luna asta",
  "Boxes.Stats.PeriodTitle.today": "Stranse azi",
  "Boxes.Stats.Rewards.Source.__event": "Eveniment",
  "Boxes.Stats.Rewards.Source.battlegrounds_conquest": "GbG",
  "Boxes.Stats.Rewards.Source.diplomaticGifts": "Cadouri diplomatice",
  "Boxes.Stats.Rewards.Source.guildExpedition": "EG",
  "Boxes.Stats.Rewards.Source.spoilsOfWar": "Prazi de razboi",
  "Boxes.Stats.Rewards.SourceTitle.__event": "Castiguri pt evenimente sezoniere",
  "Boxes.Stats.Rewards.SourceTitle.battlegrounds_conquest": "Premii GbG",
  "Boxes.Stats.Rewards.SourceTitle.diplomaticGifts": "Cadouri diplomatice (Transportor)",
  "Boxes.Stats.Rewards.SourceTitle.guildExpedition": "Premii EG relicve(Templul relicvelor)",
  "Boxes.Stats.Title": "Statistici",
  "Boxes.Technologies.DescInStock": "Disponibil",
  "Boxes.Technologies.DescRequired": "Necesar",
  "Boxes.Technologies.DescStillMissing": "<span style='color:#29b206'>Surplus</span> / <span style='color:#ff4040'>Lipsă</span>",
  "Boxes.Technologies.NoTechs": "Ai finalizat toate cercetările din era curentă.",
  "Boxes.Technologies.Resource": "Resurse",
  "Boxes.Technologies.Title": "Cercetarea tehnologiilor",
  "Boxes.Treasury.Action": "Mesaje",
  "Boxes.Treasury.Amount": "Cantitate",
  "Boxes.Treasury.DateTime": "Data/ora",
  "Boxes.Treasury.Era": "Era",
  "Boxes.Treasury.Export": "Export",
  "Boxes.Treasury.PlayerID": "Id jucator",
  "Boxes.Treasury.PlayerName": "Nume jucator",
  "Boxes.Treasury.Reset": "Reset",
  "Boxes.Treasury.Resource": "Bun/unuri",
  "Boxes.Treasury.RowNumber": "Randuri procesate",
  "Boxes.Units.AlcaHarvest": "Alcatrazul e gata de cules!",
  "Boxes.Units.Attack": "Atac",
  "Boxes.Units.Bind": "Atașat",
  "Boxes.Units.Defend": "Apărare",
  "Boxes.Units.NextUnitsIn": "Următoarele __count__ unități vor sosi în <span class=\"alca-countdown\"></span>, la ora __harvest__",
  "Boxes.Units.NotFilled": "Locul nu este ocupat.",
  "Boxes.Units.Proportionally": "Raport",
  "Boxes.Units.Quantity": "Cantitate",
  "Boxes.Units.ReadyToLoot": "Pregătit să lupte!",
  "Boxes.Units.Status": "Status",
  "Boxes.Units.Title": "Prezentare generală a unităților militare",
  "Boxes.Units.Unbind": "Liber",
  "Boxes.Units.Unit": "Unități",
  "DateTime": "DD.MM.YY h:mm:ss",
  "Eras.0": "Nicio epocă",
  "Eras.1": "Epoca de Piatră",
  "Eras.10": "Epoca Modernă",
  "Eras.11": "Epoca Postmodernă",
  "Eras.12": "Era Contemporană",
  "Eras.13": "Mâine",
  "Eras.14": "Viitorul",
  "Eras.15": "Viitorul Arctic",
  "Eras.16": "Viitorul Oceanic",
  "Eras.17": "Viitorul Virtual",
  "Eras.18": "Marte în Era Spațială",
  "Eras.19": "Ceres în Era Spațială",
  "Eras.2": "Epoca Bronzului",
  "Eras.20": "Space Age Venus",
  "Eras.21": "Space Age Jupiter Moon",
  "Eras.3": "Epoca Fierului",
  "Eras.4": "Evul Mediu Timpuriu",
  "Eras.5": "Evul Mediu Mijlociu",
  "Eras.6": "Evul Mediu Târziu",
  "Eras.7": "Era Colonială",
  "Eras.8": "Era Industrială",
  "Eras.9": "Era Progresistă",
  "HiddenRewards.Positions.cityRoadBig": "Drum dublu",
  "HiddenRewards.Positions.cityRoadSmall": "Drum",
  "HiddenRewards.Positions.guildExpedition": "Expediția ghildei",
  "HiddenRewards.Positions.nature": "În natură",
  "HiddenRewards.Positions.shore": "Pe mal",
  "HiddenRewards.Positions.water": "În apă",
  "HiddenRewards.Table.expires": "Expiră în",
  "HiddenRewards.Table.position": "Poziția",
  "HiddenRewards.Table.type": "Tip",
  "Local": "ro-RO",
  "Menu.Calculator.Desc": "Calculează toate locurile disponibile și punctele care pot fi obținute prin donarea la CL ale altor jucători",
  "Menu.Calculator.Title": "Investiții în alte CL",
  "Menu.Calculator.Warning": "Dezactivat: Deschide mai întâi o clădirea a unui jucător!",
  "Menu.Campagne.Desc": "Prezentarea generală a resurselor necesare pentru cucerirea provinciilor/sectoarelor",
  "Menu.Campagne.Title": "Harta continent",
  "Menu.Campagne.Warning": "Dezactivat: Vizitează mai întâi o provincie!",
  "Menu.Citymap.Desc": "Vezi schema orașului tău",
  "Menu.Citymap.Title": "Schema orașului",
  "Menu.HiddenRewards.Desc": "Prezentarea incidentelor ascunse în orașul tău",
  "Menu.HiddenRewards.Title": "Incidente ascunse",
  "Menu.Info.Desc": "Îți arată toate lucrurile care se petrec în \"background\"<br><em>Completează informațiile ...</em>",
  "Menu.Info.Title": "InfoBox",
  "Menu.Negotiation.Desc": "Face propuneri precise pentru negocieri",
  "Menu.Negotiation.Title": "Ajutor pentru negocieri",
  "Menu.Negotiation.Warning": "Dezactivat: Începe mai întâi o negociere!",
  "Menu.OutP.Desc": "Prezentarea generală a resurselor necesare",
  "Menu.OutP.DescWarningBuildings": "<em id='outPW' class='tooltip-error'>Dezactivat: Deschide mai întâi Așezarea culturală!<br></em>Prezentarea generală a resurselor necesare",
  "Menu.OutP.DescWarningOutpostData": "<em id='outPW' class='tooltip-error'>Dezactivat: Începe mai întâi construcția unei așezări culturale și reîncarcă pagina (F5)",
  "Menu.OutP.Title": "Așezare culturală",
  "Menu.OwnpartCalculator.Desc": "Creează un plan de creștere a propriilor CL, calculează locurile disponibile și copiază valorile",
  "Menu.OwnpartCalculator.Title": "Contribuție CL proprii",
  "Menu.OwnpartCalculator.Warning": "Dezactivat: Deschide mai întâi o cladire legendară proprie!",
  "Menu.Productions.Desc": "Afișează toate producțiile în curs.",
  "Menu.Productions.Title": "Prezentarea generală a producțiilor",
  "Menu.Settings.Desc": "Setări ale aplicației",
  "Menu.Settings.Title": "Setări",
  "Menu.Technologies.Desc": "Calculează costurile pentru cercetarea tehnologiilor noi",
  "Menu.Technologies.Title": "Cercetarea technologiilor",
  "Menu.Technologies.Warning": "Dezactivat: Deschide mai întâi meniul de cercetare a tehnologiilor!",
  "Menu.Unit.Desc": "Prezentarea generală a unităților tale militare",
  "Menu.Unit.Title": "Unități militare",
  "Menu.Unit.Warning": "Deschide \"Gestionarea armatei\" <br>Tasta \"U\"",
  "Settings.AutomaticNegotiation.Desc": "Dorești ca asistentul de negociere să se deschidă automat cu o negociere și să fie închis la anulare?",
  "Settings.AutomaticNegotiation.Title": "Ajutor pentru negocieri",
  "Settings.ChangeLanguage.Desc": "Ce limbă dorești să fie folosită?",
  "Settings.ChangeLanguage.Title": "Schimbă limba",
  "Settings.GlobalSend.Desc": "Dacă dorești să urmărești datele cu ghilda dvs., activează această opțiune. <br> Pentru utilizarea personală, dezactivează opțiunea.",
  "Settings.GlobalSend.Title": "Transmitere către foe-helper.com",
  "Settings.MenuLength.Desc": "Câte elemente dorești să fie afișate în fereastra aplicației?<br> Nicio valoare sau \"0\" înseamnă lungime prestabilită.",
  "Settings.MenuLength.Title": "Lungimea ferestrei aplicației",
  "Settings.ResetBoxPositions.Button": "Șterge!",
  "Settings.ResetBoxPositions.Desc": "Dorești resetarea tuturor coordonatelor casetei?",
  "Settings.ResetBoxPositions.Title": "Coordonatele casetei",
  "Settings.ShowPlayersMotivation.Desc": "Ar trebui să fie transferate activitățile de motivație la misiunile evenimentelor?",
  "Settings.Version.Desc": "Versiunea extensiei pentru",
  "Settings.Version.GuildId": "ID ghildă:",
  "Settings.Version.PlayerId": "ID jucător:",
  "Settings.Version.Title": "Versiune",
  "Settings.Version.World": "Lumea de joc:",
  "_Language": "Română"
}
