﻿{
    "Boxes.Alerts.Form.Antiques.Auction": "Аукцион",
    "Boxes.Alerts.Form.Antiques.Cooldown": "Перезагрузка аукциона",
    "Boxes.Alerts.Form.Antiques.Dealer": "Антиквар",
    "Boxes.Alerts.Form.Antiques.Exchange": "Обмен",
    "Boxes.Alerts.Form.Battleground": "ПБГ",
    "Boxes.Alerts.Form.Body": "Тело",
    "Boxes.Alerts.Form.Create": "Создать",
    "Boxes.Alerts.Form.CreateAlert": "Создать предупреждение",
    "Boxes.Alerts.Form.CreateAllSectors": "Создать для всех секторов",
    "Boxes.Alerts.Form.CreateNewAlert": "Создать новое напоминание",
    "Boxes.Alerts.Form.Datetime": "Дата и время",
    "Boxes.Alerts.Form.Delete": "Удалить",
    "Boxes.Alerts.Form.Discard": "Отменить",
    "Boxes.Alerts.Form.Edit": "Редактировать",
    "Boxes.Alerts.Form.EditAlert": "Редактировать предупреждение",
    "Boxes.Alerts.Form.Expiration": "Истекает",
    "Boxes.Alerts.Form.Expired": "Истек",
    "Boxes.Alerts.Form.Expires": "Истекает",
    "Boxes.Alerts.Form.Neighborhood": "Район",
    "Boxes.Alerts.Form.Persistence": "Упорство",
    "Boxes.Alerts.Form.Persistence.Description": "Должно ли уведомление оставаться открытым до тех пор пока пользователь не отклонит его или не нажмет на кнопку?",
    "Boxes.Alerts.Form.Persistence.Off": "Отключить",
    "Boxes.Alerts.Form.Persistence.On": "Включить",
    "Boxes.Alerts.Form.Persistent": "Не закрывать",
    "Boxes.Alerts.Form.Preset.Now": "Сейчас",
    "Boxes.Alerts.Form.Presets": "Установки",
    "Boxes.Alerts.Form.Preview": "Предварительный просмотр",
    "Boxes.Alerts.Form.Repeat": "Повторить",
    "Boxes.Alerts.Form.Repeat.Every": "или каждые",
    "Boxes.Alerts.Form.Repeat.Never": "никогда",
    "Boxes.Alerts.Form.Save": "Сохранить",
    "Boxes.Alerts.Form.Tag": "Метка",
    "Boxes.Alerts.Form.Tag.Description": "Теги можно использовать для группировки уведомлений (новое уведомление с заданным тегом заменит старое уведомление с тем же тегом).",
    "Boxes.Alerts.Form.Title": "Заголовок",
    "Boxes.Alerts.Preferences.Auction.Info": "Автоматически создавать новое оповещение, когда я делаю ставку на аукционе антиквара.",
    "Boxes.Alerts.Preferences.Auction.Title": "Аукцион антиквара",
    "Boxes.Alerts.Preferences.Battlegrounds.Info": "Отправляйте мгновенное оповещение, когда на Полях битв гильдий наблюдается высокая активность (например, 10 боев в одном секторе в течение 5 секунд). Обратите внимание, что эта функция работает только тогда, когда в игре открыты поля битвы гильдий!",
    "Boxes.Alerts.Preferences.Battlegrounds.Title": "Трекер ПБГ",
    "Boxes.Alerts.Preferences.ComingSoon": "Скоро будет...  ",
    "Boxes.Alerts.Preferences.Early.Info": "Автоматически генерируемое время оповещения (Антиквар, Поля Битвы Гильдий и т.д.) будет использовать это смещение для отправки уведомления до того, как событие действительно произойдет. Например, установив это значение равным 30 (секундам), оповещения об аукционе будут отображаться за 30 секунд до фактического окончания аукциона!",
    "Boxes.Alerts.Preferences.Early.Title": "Уведомить о раннем смещении",
    "Boxes.Alerts.Preferences.InGame.Info": "Показывать внутри игровые уведомления вместо встроенных уведомлений на рабочем столе, когда игровое окно находится в фокусе.",
    "Boxes.Alerts.Preferences.InGame.Title": "Уведомления в игре",
    "Boxes.Alerts.Preferences.MenuIcon.Info": "Показывать обратный отсчет следующего предупреждения как наложение значка главного меню",
    "Boxes.Alerts.Preferences.MenuIcon.Title": "Обратный отсчет в главном меню",
    "Boxes.Alerts.Preferences.Start.Info": "Отображение списка предупреждений, срок действия которых истек в автономном режиме (поскольку окно игры было закрыто)",
    "Boxes.Alerts.Preferences.Start.Title": "Истекшие уведомления",
    "Boxes.Alerts.Preferences.Suggestions.Info": "Отображение предупреждений (например, при нажатии на сектор поля боя или при сборе строительной продукции)",
    "Boxes.Alerts.Preferences.Suggestions.Title": "Варианты предупреждений",
    "Boxes.Alerts.Tabs.Alerts": "Оповещение",
    "Boxes.Alerts.Tabs.Preferences": "Предпочтения",
    "Boxes.Alerts.Time.15m": "15м",
    "Boxes.Alerts.Time.1d": "1д",
    "Boxes.Alerts.Time.1h": "1ч",
    "Boxes.Alerts.Time.1m": "1м",
    "Boxes.Alerts.Time.4h": "4ч",
    "Boxes.Alerts.Time.5m": "5м",
    "Boxes.Alerts.Time.8h": "8ч",
    "Boxes.Alerts.Title": "???",
    "Boxes.BattleAssist.Text.NextEra": "Вы потеряли лучших юнитов. У вас есть шанс вылечить их алмазами!",
    "Boxes.BattleAssist.Text.Rogue": "В вашей армии есть только разбойники. Либо исцелите юниты с помощью алмазов, либо отступите!",
    "Boxes.BattleAssist.Title": "Внимание!",
    "Boxes.BlueGalaxy.Building": "Здание",
    "Boxes.BlueGalaxy.Done": "Готово",
    "Boxes.BlueGalaxy.DoneIn": "Делается",
    "Boxes.BlueGalaxy.DoneProductionsTitle": "Предложение: соберите эти постройки",
    "Boxes.BlueGalaxy.EstimatedBonus": "Ожидаемый бонус: __FP__ СО и __Goods__ товаров",
    "Boxes.BlueGalaxy.FP": "Частота кадров",
    "Boxes.BlueGalaxy.Goods": "Товары",
    "Boxes.BlueGalaxy.GoodsPerFP": "1 СО эквивалент__goods__товаров",
    "Boxes.BlueGalaxy.GoodsValue": "Стоимость 1 товара (в СО)",
    "Boxes.BlueGalaxy.NoChargesLeft": "Попыток Галактики не осталось!",
    "Boxes.BlueGalaxy.NoProductionsDone": "Нет завершенных производств СО",
    "Boxes.BlueGalaxy.TTGoodsValue": "Это значение используется для выявления коэффициента зданий, производящих товары. Какова примерная стоимость 1 товара в СО?",
    "Boxes.BlueGalaxy.Title": "Синяя Галактика",
    "Boxes.BonusService.aid_goods": "Остаток количества помощи Башни перемирия",
    "Boxes.BonusService.diplomatic_gifts": "Остаток количества попыток получения дипломатических подарков.",
    "Boxes.BonusService.donequests": "Просмотр выполненных заданий",
    "Boxes.BonusService.first_strike": "Количество попыток для первого удара.",
    "Boxes.BonusService.missile_launch": "Количество оставшихся пусков ракет.",
    "Boxes.BonusService.spoils_of_war": "Количество оставшихся попыток получения военных трофеев.",
    "Boxes.Calculator.ActiveRecurringQuest": "Активный круговой квест:",
    "Boxes.Calculator.ArkBonus": "Бонус Арки",
    "Boxes.Calculator.AvailableFP": "Доступные СО",
    "Boxes.Calculator.BPs": "Чертежи",
    "Boxes.Calculator.Commitment": "Вклад",
    "Boxes.Calculator.Done": "готово",
    "Boxes.Calculator.FP": "СО",
    "Boxes.Calculator.FriendlyInvestment": "Инвестирование в:",
    "Boxes.Calculator.HelpLink": "https://foe-helper.com/docs/en/cost-calculator/",
    "Boxes.Calculator.LGNotConnected": "ВС не соединено с дорогой.",
    "Boxes.Calculator.LGNotOpen": "Следующий уровень еще не открыт.",
    "Boxes.Calculator.LevelWarning": "ВНИМАНИЕ! Повышение уровня ВС!",
    "Boxes.Calculator.MaxLevel": "Макс. уровень",
    "Boxes.Calculator.Meds": "Медали",
    "Boxes.Calculator.Profit": "Прибыль",
    "Boxes.Calculator.Settings.Save": "Сохранить",
    "Boxes.Calculator.Settings.newValue": "Новое значение",
    "Boxes.Calculator.Step": "Уровень ",
    "Boxes.Calculator.TTForderCosts": "Суммарно = __nettoreward__<small>(награда за помощь в строительстве)</small> * __forderfactor__%<small>(вложение от игрока)</small> = __costs__",
    "Boxes.Calculator.TTForderFPStockLow": "ВНИМАНИЕ: На складе слишком мало СО<br>У вас есть всего __fpstock__, а требуется __costs__СО<br>Не хватает __tooless__СО",
    "Boxes.Calculator.TTForderNegativeProfit": "Нет гаранта. __fpcount__ СО должно быть вложено дополнительно для гаранта места.<br>Всего СО для гаранта: __totalfp__CO",
    "Boxes.Calculator.TTLevelWarning": "__fpcount__FPs не поместятся в<br>Максимальное вложение: __totalfp__FPs",
    "Boxes.Calculator.TTLoss": "Откат= __nettoreward__ <small>(награда за помощь в строительстве)</small> X __arcfactor__% <small>(бонус Арки)</small> = __bruttoreward__<br>Вклад: __costs__ - Вклад по гаранту: __safe__<br>Потери = __costs__ <small>(вклад)</small> - __bruttoreward__ <small>(откат)</small> = __loss__",
    "Boxes.Calculator.TTLossSelf": "Откат = __nettoreward__<small>(награда за помощь в строительстве)</small> * __arcfactor__%<small>(бонус Арки)</small> = __bruttoreward__<br>Вложено: __paid__<br>Потери = __paid__<small>(вложено)</small> - __bruttoreward__<small>(откат)</small> = __loss__",
    "Boxes.Calculator.TTPaidTooLess": "Вы вложили __paid__FP вместо __topay__FP. Это на __tooless__FP меньше, чем нужно.",
    "Boxes.Calculator.TTPaidTooMuch": "Вы вложили __paid__FP вместо __topay__FP. Это на __toomuch__FP больше, чем нужно.",
    "Boxes.Calculator.TTProfit": "Откат = __nettoreward__ <small>(награда за помощь в строительстве)</small> X __arcfactor__% <small>(бонус Арки)</small> = __bruttoreward__<br>Вклад: __costs__ - Вклад по гаранту: __safe__<br>Профит = __bruttoreward__ <small>(откат)</small> - __costs__ <small>(вклад)</small> = __profit__",
    "Boxes.Calculator.TTProfitSelf": "Откат = __nettoreward__<small>(награда за помощь в строительстве)</small> * __arcfactor__%<small>(бонус Арки)</small> = __bruttoreward__<br>Вложено: __paid__<br>Профит = __bruttoreward__<small>(откат)</small> - __paid__<small>(вложено)</small> = __profit__",
    "Boxes.Calculator.Title": "Калькулятор вложений",
    "Boxes.Calculator.Up2LevelUp": "Осталось до уровня",
    "Boxes.Campagne.AlreadyDone": " Уже захвачено :)",
    "Boxes.Campagne.DescInStock": "Доступно",
    "Boxes.Campagne.DescRequired": "Требуется",
    "Boxes.Campagne.DescStillMissing": "<span style='color:#29b206'>Превышение</span> / <span style='color:#ff4040'>Недостаток</span>",
    "Boxes.Campagne.Resource": "Ресурс",
    "Boxes.Campagne.Reward": "Общая награда ",
    "Boxes.Campagne.Title": "Стоимость для захвата ",
    "Boxes.Castle.AntiqueDealer": "Антиквар",
    "Boxes.Castle.AuctionsWon": "Выиграно аукционов",
    "Boxes.Castle.Battle": "Бой",
    "Boxes.Castle.Battles": "Боев",
    "Boxes.Castle.CastlePoints": "Очки замка",
    "Boxes.Castle.Challenge": "Испытание",
    "Boxes.Castle.Daily": "Ежедневно",
    "Boxes.Castle.DailyCastlePoints": "Ежедневные очки замка",
    "Boxes.Castle.DailyChallenge": "Ежедневное испытание",
    "Boxes.Castle.Days": "дней",
    "Boxes.Castle.Level": "Уровень",
    "Boxes.Castle.Negotiation": "Переговоров",
    "Boxes.CityMap.CavalierPerspecitve": "Кавалерская перспектива",
    "Boxes.CityMap.CopyMetaInfos": "Скопировать данные города",
    "Boxes.CityMap.Desc1": "Нам необходимо отправить данные на сервер foe-helper.com, чтобы помочь Вам лучше распланировать город.",
    "Boxes.CityMap.FilterBuildings": "Поиск строения",
    "Boxes.CityMap.FreeArea": "Свободные ячейки: ",
    "Boxes.CityMap.HighlightOldBuildings": "Выделить здания предыдущих эпох",
    "Boxes.CityMap.NormalPerspecitve": "Вид сверху",
    "Boxes.CityMap.OlderThan1Era": " прошлой эпохи",
    "Boxes.CityMap.ShowSubmitBox": "Отправить данные на сайт",
    "Boxes.CityMap.Submit": "Отправить",
    "Boxes.CityMap.SubmitError": "Данные о вашем городе не могут быть отправлены на сервер. Пожалуйста, сообщите об этой ошибке ",
    "Boxes.CityMap.SubmitErrorHeader": "Произошла ошибка",
    "Boxes.CityMap.SubmitSuccess": "Данные отправлены успешно... Можете посетить ",
    "Boxes.CityMap.SubmitSuccessHeader": "Передано",
    "Boxes.CityMap.TitleSend": "Отправить данные",
    "Boxes.CityMap.ToastBodyCopyData": "Данные города сохранены в буфер обмена",
    "Boxes.CityMap.ToastHeadCopyData": "Скопировано!",
    "Boxes.CityMap.WholeArea": "Всего ячеек: ",
    "Boxes.CityMap.YourCity": "Ваш город",
    "Boxes.CityMap.clan_power_production": "Производство Влияния Гильдии",
    "Boxes.CityMap.culture": "Общественные постройки",
    "Boxes.CityMap.decoration": "Декор",
    "Boxes.CityMap.goods": "Промышленные постройки",
    "Boxes.CityMap.greatbuilding": "Великие Строения",
    "Boxes.CityMap.main_building": "Ратуша",
    "Boxes.CityMap.military": "Военные постройки",
    "Boxes.CityMap.production": "Производственные постройки",
    "Boxes.CityMap.random_production": "Случайное производство",
    "Boxes.CityMap.residential": "Жилые постройки",
    "Boxes.CityMap.street": "Дороги",
    "Boxes.CityMap.tower": "Башни",
    "Boxes.Citymap.Efficiency": "Эффективность",
    "Boxes.DBExport.Description": "Описание",
    "Boxes.DBExport.Export": "Экспорт",
    "Boxes.DBExport.ExportData": "Экспорт Данных",
    "Boxes.DBExport.Import": "Импорт",
    "Boxes.DBExport.ImportDescription": "Кликните здесь или перетащите экспортированный файл JSON / Zip-архив в это поле, чтобы импортировать данные.",
    "Boxes.DBExport.ImportFileError": "Этот файл не может быть обработан или имеет неправильный формат.",
    "Boxes.DBExport.ImportPartlySuccessful": "Импорт завершился с ошибками. Пожалуйста, перезагрузите игру.",
    "Boxes.DBExport.ImportSuccessful": "Импорт успешно завершен. Пожалуйста, перезагрузите игру.",
    "Boxes.DBExport.LocalSettings": "Локальные настройки",
    "Boxes.DBExport.Records": "Запись",
    "Boxes.DBExport.ReloadPage": "Перезагрузить страницу",
    "Boxes.DBExport.Tables": "Таблица",
    "Boxes.DBExport.Title": "Инструменты экспорта / импорта данных",
    "Boxes.DBExport.WrongDBPlayerID": "ID игрока импортируемой базы данных не соответствует текущей учетной записи.",
    "Boxes.DBExport.WrongDBWorld": "Мир импортируемой базы данных не соответствует текущей учетной записи.",
    "Boxes.EventChests.Chance": "Шанс",
    "Boxes.EventChests.Cost": "Стоимость",
    "Boxes.EventChests.CostPerPrize": "Цена/Приз",
    "Boxes.EventChests.CostPerStep": "Цена/Шаг",
    "Boxes.EventChests.MainPrize": "Главный приз",
    "Boxes.EventChests.MainPrizeTitle": "Приз дня: ",
    "Boxes.EventChests.Steps": "Шаги",
    "Boxes.EventChests.Title": "Помощник событий",
    "Boxes.FPCollector.Guildexpedition": "Экспедиция",
    "Boxes.FPCollector.Guildfights": "Поля битвы Гильдий",
    "Boxes.FPCollector.Mainmap": "Миникарта",
    "Boxes.FPCollector.NoEntriesFound": "На текущее время доходов нет…",
    "Boxes.FPCollector.TotalFP": "Всего собрано СО:",
    "Boxes.FPCollector.What": "Что?",
    "Boxes.FPCollector.Where": "Где?",
    "Boxes.FPCollector.Who": "Кто?",
    "Boxes.FPCollector.antiquesDealer": "Антиквар",
    "Boxes.FPCollector.archeologyEvent": "Археологическое событие (вазы)",
    "Boxes.FPCollector.archeologyEventAutoCollect": "Археологическое событие (вазы)",
    "Boxes.FPCollector.battlegrounds_conquest": "ПБГ (после битв или переговоров)",
    "Boxes.FPCollector.card_duel": "Кубок по футболу - Карты игроков",
    "Boxes.FPCollector.chest": "Экспа награда",
    "Boxes.FPCollector.chestEvent": "Ивент награда",
    "Boxes.FPCollector.collectReward": "Награда",
    "Boxes.FPCollector.dailyChallenges": "Ежедневный квест",
    "Boxes.FPCollector.diplomaticGifts": "Космический авианосец - Дипломатические дары",
    "Boxes.FPCollector.double_collection": "Синяя галактика (x2)",
    "Boxes.FPCollector.guildExpedition": "Экспа реликвии",
    "Boxes.FPCollector.hiddenReward": "Скрытая награда",
    "Boxes.FPCollector.leagueReward": "Награда лиги",
    "Boxes.FPCollector.pickupProduction": "Сбор с города",
    "Boxes.FPCollector.plunderReward": "Грабеж",
    "Boxes.FPCollector.pvp_arena": "PVP Арена",
    "Boxes.FPCollector.reward_calendar": "Событие - Календарь",
    "Boxes.FPCollector.satDown": "Посещение Таверн",
    "Boxes.FPCollector.spoilsOfWar": "Замок Химэдзи (Военные трофеи)",
    "Boxes.FPCollector.st_patricks_event_grand_prize": "День Св.Патрика - Большой приз",
    "Boxes.FPCollector.st_patricks_task_reward": "День Св.Патрика - Награда за задание",
    "Boxes.FPCollector.wildlife_event": "Дикая Природа",
    "Boxes.FPCollector.winterEvent": "Зимний ивент",
    "Boxes.FPCollector.winterEventGrandPrize": "Зимний ивент - Большой приз",
    "Boxes.General.Export": "Экспорт",
    "Boxes.General.ExportCSV": "Экспорт CSV",
    "Boxes.General.ExportJSON": "Экспорт jSON",
    "Boxes.GexStat.Level": "уровень",
    "Boxes.GexStat.Member": "членов",
    "Boxes.GexStat.MemberParticipation": "Участие согильдийцев",
    "Boxes.GexStat.Participant": "Участников",
    "Boxes.GexStat.ParticipationNoData": "Нет данных!<br />Пожалуйста, посетите страницу вклада в экспедицию гильдии для обновления данных.",
    "Boxes.GexStat.Player": "Игрок",
    "Boxes.GexStat.Points": "Очков",
    "Boxes.GexStat.Rank": "рейтинг",
    "Boxes.GexStat.Ranking": "Место",
    "Boxes.GexStat.ResultsNoData": "Нет данных!<br />Пожалуйста, посетите страницу чемпионата гильдий для обновления данных.",
    "Boxes.GexStat.Save": "Сохранить",
    "Boxes.GexStat.ShowAxisLabel": "показать значения осей",
    "Boxes.GexStat.Title": "Статистика экспедиции",
    "Boxes.GexStat.Week": "неделя",
    "Boxes.GexStat.Weeks": "недель",
    "Boxes.GreatBuildings.ArcBonus": "Прокачка своих ВС",
    "Boxes.GreatBuildings.BreakEven": "Окупится через",
    "Boxes.GreatBuildings.BreakEvenTT": "Пройдет __days__ дней, прежде чем инвестиция в __costs__ СО вернется. Из расчета ежедневного дохода от этого ВС __fpproduction__ СО/день",
    "Boxes.GreatBuildings.BreakEvenTTGoods": "Пройдет __days__ дней, прежде чем инвестиция в __costs__ СО вернется. Из расчета ежедневного дохода от этого ВС __fpproduction__ СО/день и __goodsproduction__ товары/день (при переводе в СО __goodsproduction__ * __goodsvalue__ = __goodsproductionvalue__ СО/день)",
    "Boxes.GreatBuildings.BreakEvenUnit": "__days__ дней",
    "Boxes.GreatBuildings.Costs": "Стоимость",
    "Boxes.GreatBuildings.DailyFP": "СО в день",
    "Boxes.GreatBuildings.DailyGoods": "Товаров в день",
    "Boxes.GreatBuildings.FPCostGoods": "Стоимость товаров на ВС в СО",
    "Boxes.GreatBuildings.FPPerTile": "Новые ВС: При установке ВС вместо старых зданий, СО/клетка в день",
    "Boxes.GreatBuildings.GoodsPerFP": "1 СО эквивалентно __goods__ товарам",
    "Boxes.GreatBuildings.GoodsValue": "Рейтинг 1 __eraname__ товара (в СО)",
    "Boxes.GreatBuildings.GreatBulding": "Великие Строения",
    "Boxes.GreatBuildings.HelpLink": "https://foe-helper.com/docs/en/gb-investments/",
    "Boxes.GreatBuildings.HideNewGBs": "Скрыть отсутствующие ВС",
    "Boxes.GreatBuildings.Level": "Уровень",
    "Boxes.GreatBuildings.RewardPerDay": "Арка: Награда за вложения/день от других игроков",
    "Boxes.GreatBuildings.ShowAttack": "Рассмотреть бонус к атаке",
    "Boxes.GreatBuildings.ShowGoods": "Рассмотреть производство товаров",
    "Boxes.GreatBuildings.SuggestionDescription": "ВС в начале списке имеют наилучшие значения",
    "Boxes.GreatBuildings.SuggestionTitle": "Сравнение FP GB ROI",
    "Boxes.GreatBuildings.TTFPPerTile": "Сколько потеряно суточных СО на клетку для освобождения места под новые ВС? Например: Вы удаляете несколько святок, чтобы построить ВС => 1 СО/5 клеток = 0.2 СО/клетку",
    "Boxes.GreatBuildings.TTGoodCosts": "ВС еще не построено. Это стоимость товаров для постройки в СО",
    "Boxes.GreatBuildings.TTGoodCostsColumn": "Стоимость товара в СО (только для ВС, которые еще не построены)",
    "Boxes.GreatBuildings.TTGoodsValue": "Это значение используется, для определения ценности зданий, производящих товары. Сколько СО стоит для вас один товар?",
    "Boxes.GreatBuildings.TTRewardPerDay": "Дополнительно: Сколько наград СО вы получаете в день? Эта информация используется для расчета прибыльности для дальнейших уровней Арки. Чтобы получить предложение, перейдите в раздел: Ратуша > Новости > Лента событий и просмотрите все страницы",
    "Boxes.GreatBuildings.Title": "Обзор вложений в ВС",
    "Boxes.GuildFights.Count": "через",
    "Boxes.GuildFights.Fights": "Бои",
    "Boxes.GuildFights.LastSnapshot": " - последняя фиксация была __time__ назад",
    "Boxes.GuildFights.Negotiations": "Переговоры",
    "Boxes.GuildFights.NoOwner": "Пока бесхозный",
    "Boxes.GuildFights.Owner": "Владелец",
    "Boxes.GuildFights.Player": "Игрок",
    "Boxes.GuildFights.Progress": "Прогресс",
    "Boxes.GuildFights.Province": "Провинция",
    "Boxes.GuildFights.SaveAlert": "Сектор __provinceName__ разблокируется",
    "Boxes.GuildFights.SaveMessage.Desc": "Напоминание для __provinceName__ сохранено!",
    "Boxes.GuildFights.SaveMessage.Title": "Готово!",
    "Boxes.GuildFights.SaveSettings": "Сохранить",
    "Boxes.GuildFights.SetAlert": "Добавить напоминание",
    "Boxes.GuildFights.ShowOwner": "Показать Гильдии",
    "Boxes.GuildFights.Time": "в",
    "Boxes.GuildFights.Title": "Обзор игрока",
    "Boxes.GuildFights.Total": "Всего",
    "Boxes.GuildMemberStat.AutoStartOnUpdate": "открывать обзор после обновления",
    "Boxes.GuildMemberStat.Available": "в наличии",
    "Boxes.GuildMemberStat.Battles": "Бои",
    "Boxes.GuildMemberStat.ConfirmNo": "Нет",
    "Boxes.GuildMemberStat.ConfirmYes": "Да",
    "Boxes.GuildMemberStat.Date": "Дата",
    "Boxes.GuildMemberStat.Days": "дней",
    "Boxes.GuildMemberStat.DeleteDataWarning": "Если вы удалите предыдущие данные, их уже невозможно будет восстановить.",
    "Boxes.GuildMemberStat.DeleteExMembersAfter": "Удалять бывших членов гильдии через",
    "Boxes.GuildMemberStat.DeleteGBGRound": "удалять сезон ПБГ",
    "Boxes.GuildMemberStat.DeleteInactivityWarning": "удалять предупреждение о неактивности",
    "Boxes.GuildMemberStat.EraTreasuryGoods": "на складе сокровищ данной эры",
    "Boxes.GuildMemberStat.Eras": "Эпохи",
    "Boxes.GuildMemberStat.FpForLevelUp": "СО для повышения",
    "Boxes.GuildMemberStat.FpInvested": "вложено СО",
    "Boxes.GuildMemberStat.GBFRound": "Сезон ПБГ",
    "Boxes.GuildMemberStat.GEXWeek": "Неделя Экспедиции",
    "Boxes.GuildMemberStat.GbgParticipation": "Участие в ПБГ",
    "Boxes.GuildMemberStat.GexParticipation": "Участие в Экспедиции",
    "Boxes.GuildMemberStat.GotIt": "Я понял!",
    "Boxes.GuildMemberStat.GreatBuildings": "Великие Строения",
    "Boxes.GuildMemberStat.GuildBuildingNotification": "Посетите город ваших согильдийцев, чтобы обновить статистику по зданиям.",
    "Boxes.GuildMemberStat.GuildBuildings": "ВС",
    "Boxes.GuildMemberStat.GuildGoods": "Товары в казне",
    "Boxes.GuildMemberStat.GuildMembers": "Согильдийцы",
    "Boxes.GuildMemberStat.GuildMessages": "Количество сообщений в центре сообщений",
    "Boxes.GuildMemberStat.GuildPower": "Влияние гильдии",
    "Boxes.GuildMemberStat.GuildSupportBuildings": "Гильдийские строения",
    "Boxes.GuildMemberStat.GuildTreasuryNotification": "Откройте вкладку Казны в обзоре гильдии, чтобы обновить информации о товаре в казне.",
    "Boxes.GuildMemberStat.Inactivity": "Неактивен",
    "Boxes.GuildMemberStat.Instantly": "немедленно",
    "Boxes.GuildMemberStat.LastUpdate": "последнее обновление",
    "Boxes.GuildMemberStat.Level": "Уровень",
    "Boxes.GuildMemberStat.MaxLevel": "макс. уровень",
    "Boxes.GuildMemberStat.Member": "Согильдиец",
    "Boxes.GuildMemberStat.MemberActiviy": "Активность согильдийцев",
    "Boxes.GuildMemberStat.MemberLeavedGuild": "Игрок больше не состоит в вашей гильдии.",
    "Boxes.GuildMemberStat.MemberWithoutGB": "Согильдийцы без __greatbuilding__",
    "Boxes.GuildMemberStat.MinLevel": "мин. уровень",
    "Boxes.GuildMemberStat.Negotiations": "Переговоры",
    "Boxes.GuildMemberStat.Never": "никогда",
    "Boxes.GuildMemberStat.Points": "Очки",
    "Boxes.GuildMemberStat.ProducedTreasuryGoods": "производится гильдийскими строениями",
    "Boxes.GuildMemberStat.Rank": "Место",
    "Boxes.GuildMemberStat.ResetMessageCounter": "сбросить счетчик сообщений",
    "Boxes.GuildMemberStat.Search": "Поиск",
    "Boxes.GuildMemberStat.ShowDeletedMembers": "показывать бывших согильдийцев",
    "Boxes.GuildMemberStat.ShowSearchbar": "показывать строку поиска",
    "Boxes.GuildMemberStat.Title": "Обзор согильдийцев",
    "Boxes.GuildMemberStat.TotalGuildGoods": "Всего товаров",
    "Boxes.GuildMemberStat.TotalGuildPower": "Всего влияния",
    "Boxes.GuildMemberStat.TreasuryGoods": "Товары казны",
    "Boxes.GuildMemberStat.UnlockedLevel": "Открыт уровень",
    "Boxes.GvGMap.Action.Edit": "Редактор",
    "Boxes.GvGMap.Action.Zoom": "Увеличение",
    "Boxes.GvGMap.Guild.Sectors": "Сектора",
    "Boxes.GvGMap.Log.Info": "Информация",
    "Boxes.GvGMap.Log.Sector": "Сектор",
    "Boxes.HiddenRewards.Disappears": "Исчезнут",
    "Boxes.HiddenRewards.HelpLink": "https://foe-helper.com/docs/2/incidents",
    "Boxes.HiddenRewards.NoEvents": "В настоящее время нет инцидентов.",
    "Boxes.HiddenRewards.Title": "Инциденты",
    "Boxes.Infobox.Filter": "Фильтр",
    "Boxes.Infobox.FilterAuction": "Аукцион",
    "Boxes.Infobox.FilterGex": "ЭГ",
    "Boxes.Infobox.FilterGuildFights": "Поля битвы гильдий",
    "Boxes.Infobox.FilterLevel": "Поднятие уровня",
    "Boxes.Infobox.FilterMessage": "Сообщение",
    "Boxes.Infobox.FilterTrade": "Рынок",
    "Boxes.Infobox.Messages.Auction": "-<strong>__player__</strong> только что сделал ставку __amount__ монет.",
    "Boxes.Infobox.Messages.GEX": "<strong>__player__</strong> получил __points__ очков в ЭГ.",
    "Boxes.Infobox.Messages.GildFightOccupied": "Провинция <span style=\"color:#ffb539\">__provinceName__</span> была захвачена <span style=\"color:__attackerColor__;text-shadow: 0 1px 1px __attackerShadow__\">__attackerName__</span> и заблокирована до __untilOccupied__.",
    "Boxes.Infobox.Messages.LevelUp": "__building__ __player__ достигла уровня __level__.<br>Ваше место <strong>__rank__th</strong>, получено <strong>__fps__</strong> СО.",
    "Boxes.Infobox.Messages.MsgBuilding": "__building__ - Уровень __level__",
    "Boxes.Infobox.Messages.Trade": "<strong>__player__</strong> принял ваше предложение.<br>Вы получили __needValue__ __need__ за __offerValue__ __offer__.",
    "Boxes.Infobox.Messages.Welcome": "Добро пожаловать в <strong>Infobox</strong>! Пока это окно остается открытым, оно будет отображать фоновые события (например, сообщения в чате, действия на ПБГ и ставки на аукционе)",
    "Boxes.Infobox.ResetBox": "Очистить историю",
    "Boxes.Infobox.Title": "Инфобокс",
    "Boxes.Infobox.UnknownConversation": "Неизвестный разговор",
    "Boxes.Investment.AllUpToDate": "Уже обновлена",
    "Boxes.Investment.AllUpToDateDesc": "Эта информация уже собрана",
    "Boxes.Investment.CurrReward": "Текущая прибыль: ",
    "Boxes.Investment.DateParseError": "Ошибка обработки данных",
    "Boxes.Investment.DateParseErrorDesc": "Значение даты \"__InvalidDate__\" не может быть распознано",
    "Boxes.Investment.HiddenGB": "Скрытый GB",
    "Boxes.Investment.InvestBar": "СО вложено: ",
    "Boxes.Investment.Overview.AdditionalColumns": "Дополнительные колонки",
    "Boxes.Investment.Overview.Blueprints": "Чертежи",
    "Boxes.Investment.Overview.Building": "Обзор строительства",
    "Boxes.Investment.Overview.DateOfIncrease": "Последнее вложение",
    "Boxes.Investment.Overview.DateOfIncreaseDesc": "Дата и время последнего зарегистрированного вложения в ВС",
    "Boxes.Investment.Overview.EntryTime": "Дата Вложения",
    "Boxes.Investment.Overview.EntryTimeDesc": "Когда было зарегистрировано первое вложение?",
    "Boxes.Investment.Overview.HideGB": "Исключить ВС из расчетов и списка.",
    "Boxes.Investment.Overview.Invested": "Вложено",
    "Boxes.Investment.Overview.InvestedDesc": "Сколько СО было вложено",
    "Boxes.Investment.Overview.Medals": "Медали",
    "Boxes.Investment.Overview.Player": "Игрок",
    "Boxes.Investment.Overview.Profit": "Доход",
    "Boxes.Investment.Overview.ProfitDesc": "полученная выгода, желтым = место без гаранта, красным/зеленым = Потери/Прибыль с гарантом",
    "Boxes.Investment.Overview.Progress": "Прогресс",
    "Boxes.Investment.Overview.RemainingFP": "Осталось СО",
    "Boxes.Investment.Overview.RestFP": "Осталось СО",
    "Boxes.Investment.Overview.RestFPDesc": "Оставшиеся СО до закрытия",
    "Boxes.Investment.Overview.SettingsEntryTime": "дата вложения",
    "Boxes.Investment.Overview.SettingsHiddenGB": "показывать скрытые ВС",
    "Boxes.Investment.Overview.SettingsRestFP": "СО до закрытия",
    "Boxes.Investment.Overview.SettingsSave": "Сохранить",
    "Boxes.Investment.Overview.SettingsUnsafeCalc": "считать только места с гарантом",
    "Boxes.Investment.PlayerFound": "Новые события!",
    "Boxes.Investment.PlayerFoundCount": "__count__ Были найдены новые события игрока",
    "Boxes.Investment.PlayerFoundCounter": "__count__ Были найдены новые события игрока.",
    "Boxes.Investment.Rank": "Место",
    "Boxes.Investment.Title": "Вложение",
    "Boxes.Investment.TotalFP": "Пакеты + вложенное + прибыль: ",
    "Boxes.Investment.UpToDate": "Вложения были обновлены менее получаса назад.",
    "Boxes.Investment.UpdateRequired": "Вложения были обновлены более, чем полчаса назад. Пожалуйста, обновите список вложений в Ратуше.",
    "Boxes.Kits.Extensions": "Расширения",
    "Boxes.Kits.InStock": "Доступно",
    "Boxes.Kits.KitName": "Улучшения",
    "Boxes.Kits.Name": "Постройка",
    "Boxes.Kits.SelectionKit": "Выбор - Комплект",
    "Boxes.Kits.Title": "Строение- / Набор выбора",
    "Boxes.Kits.ToggleButtonActive": "Скрыть недостающие части",
    "Boxes.Kits.ToggleButtonInActive": "Показать недостающие части",
    "Boxes.Kits.UpgradeKit": "Набор улучшения",
    "Boxes.Market.AllGoods": "Весь товар",
    "Boxes.Market.MaxResults": "Макс. кол-во",
    "Boxes.Market.MinQuantity": "Мин. кол-во.",
    "Boxes.Market.Need": "Требуется",
    "Boxes.Market.NeedColumn": "Требуется",
    "Boxes.Market.NeedTT": "__era__<br>У вас есть: __stock__",
    "Boxes.Market.Offer": "Предложение",
    "Boxes.Market.OfferColumn": "Предложение",
    "Boxes.Market.OfferTT": "__era__<br>У вас есть: __stock__",
    "Boxes.Market.OnlyAffordable": "Только доступные предложения",
    "Boxes.Market.PageColumn": "Страница",
    "Boxes.Market.PlayerColumn": "Игрок",
    "Boxes.Market.RateColumn": "Курс",
    "Boxes.Market.Rating": "Курс",
    "Boxes.Market.ShowOwnOffers": "Мои лоты",
    "Boxes.Market.TTMinQuantity": "Выберите минимальное количество предлагаемого товара. Этот фильтр НЕ применяется к лотам согильдийцев",
    "Boxes.Market.Title": "Фильтр рынка",
    "Boxes.Market.TradeAdvantage": "Выгодный",
    "Boxes.Market.TradeDisadvantage": "Невыгодный",
    "Boxes.Market.TradeFair": "Честный",
    "Boxes.Market.TradeFairStock": "Честный (где меньше товара)",
    "Boxes.Market.TradeFairStockTT": "Включает все честные лоты, где предлагаемого товара меньше, чем требуемого",
    "Boxes.Market.TradeForEqual": "Той же",
    "Boxes.Market.TradeForGoods": "Предлагается эпохой",
    "Boxes.Market.TradeForHigher": "Выше",
    "Boxes.Market.TradeForLower": "Ниже",
    "Boxes.Market.TradePartner": "Торговец",
    "Boxes.Market.TradePartnerFriend": "Друзья",
    "Boxes.Market.TradePartnerGuild": "Соги",
    "Boxes.Market.TradePartnerNeighbor": "Соседи",
    "Boxes.MoppelHelper.Attacks": "Нападения",
    "Boxes.MoppelHelper.Days": "__days__ дней",
    "Boxes.MoppelHelper.Event": "Событие",
    "Boxes.MoppelHelper.Friends": "Друзья",
    "Boxes.MoppelHelper.FriendsSocialTabTT": "Откройте панель друзей в игре, чтобы разблокировать список событий ваших друзей",
    "Boxes.MoppelHelper.GBs": "ВС",
    "Boxes.MoppelHelper.GuildMembers": "Согильдийцы",
    "Boxes.MoppelHelper.GuildSocialTabTT": "Откройте панель согильдийцев в игре, чтобы разблокировать список событий ваших согильдийцев",
    "Boxes.MoppelHelper.HeaderWarning": "ВНИМАНИЕ: Эти данные достоверны, если вы пролистали все новые события в Ленте событий (Ратуша -> Новости -> Лента событий)",
    "Boxes.MoppelHelper.MoppelEvents": "Баф",
    "Boxes.MoppelHelper.Name": "Игрок",
    "Boxes.MoppelHelper.Neighbors": "Соседи",
    "Boxes.MoppelHelper.NeighborsSocialTabTT": "Откройте панель соседей в игре, чтобы разблокировать список событий ваших соседей",
    "Boxes.MoppelHelper.Never": "НИКОГДА",
    "Boxes.MoppelHelper.Plunders": "Грабежи",
    "Boxes.MoppelHelper.Points": "Очки",
    "Boxes.MoppelHelper.Rank": "Место",
    "Boxes.MoppelHelper.TavernVisits": "Таверна",
    "Boxes.MoppelHelper.Title": "Помощник бафов",
    "Boxes.MoppelHelper.Trades": "Рынок",
    "Boxes.Negotiation.Average": "Ø Количество",
    "Boxes.Negotiation.Canceled": "Переговоры были отменены",
    "Boxes.Negotiation.Chance": "Шанс",
    "Boxes.Negotiation.DragDrop": "Вы можете самостоятельно поменять порядок товаров, для изменения последовательности первой попытки.",
    "Boxes.Negotiation.GoodsCritical": "ВНИМАНИЕ: Недостаточно товара на складе!",
    "Boxes.Negotiation.GoodsLow": "ВНИМАНИЕ: Мало товара на складе!",
    "Boxes.Negotiation.HelpLink": "https://foe-helper.com/docs/2/negotioation-helper",
    "Boxes.Negotiation.Person": "Персона",
    "Boxes.Negotiation.Round": "Раунд",
    "Boxes.Negotiation.SaveCurrentEraGoods": "Беречь текущие товары?",
    "Boxes.Negotiation.SaveMedals": "Беречь медали?",
    "Boxes.Negotiation.Stock": "Склад:",
    "Boxes.Negotiation.Success": "Успех",
    "Boxes.Negotiation.TableLoadError": "Ошибка загрузки модуля переговоров",
    "Boxes.Negotiation.Title": "Помощник переговоров",
    "Boxes.Negotiation.TryEnd": "Не осталось ходов",
    "Boxes.Negotiation.WrongGoods": "Выбран неверный товар, закончите переговоры вручную",
    "Boxes.Negotiation.confirmGoodsMissmatch": "Ок",
    "Boxes.Notice.ContentHeadIsFriend": "Друг",
    "Boxes.Notice.ContentHeadIsGuild": "Согильдиец",
    "Boxes.Notice.ContentHeadIsNeighbor": "Сосед",
    "Boxes.Notice.DeleteGroup": "Удалить группу и вкладки",
    "Boxes.Notice.DeleteItem": "Удалить вкладку",
    "Boxes.Notice.Edit": "Правка",
    "Boxes.Notice.GlobalSendRequired": "Этот модуль работает только с включенной функцией \"Передача данных на foe-helper.com\" switched on.<br>Пожалуйста, активируйте эту опцию, чтобы использовать примечания.",
    "Boxes.Notice.GroupName": "Название группы",
    "Boxes.Notice.HelpLink": "https://foe-helper.com/docs/2/notes",
    "Boxes.Notice.ModalChoosePlayer": "Выберите игрока",
    "Boxes.Notice.ModalMissingPlayers": "Нужного игрока нет в списке? Закройте это окно, откройте две другие вкладки на социальной панели (Соседи, Согильдийцы, Друзья) и снова откройте это окно.",
    "Boxes.Notice.NewGroup": "Группа",
    "Boxes.Notice.NewGroupDesc": "Сначала создайте группу… ",
    "Boxes.Notice.NewPlayer": "Игрок",
    "Boxes.Notice.NewSide": "Вкладка",
    "Boxes.Notice.Save": "Сохранить",
    "Boxes.Notice.SelectPlayerGroupDefault": "-- Создать группу игроков? --",
    "Boxes.Notice.SelectPlayerGroupFriend": "Друзья",
    "Boxes.Notice.SelectPlayerGroupGuild": "Члены гильдии",
    "Boxes.Notice.SelectPlayerGroupNeighbor": "Соседи",
    "Boxes.Notice.SideName": "Название вкладки",
    "Boxes.Notice.Sorting": "Сортировка",
    "Boxes.Notice.Title": "Заметки",
    "Boxes.Outpost.DescInStock": "Доступно",
    "Boxes.Outpost.DescRequired": "Требуется",
    "Boxes.Outpost.DescStillMissing": "<span style='color:#29b206'>Превышение</span> / <span style='color:#ff4040'>Недостаток</span>",
    "Boxes.Outpost.ExpansionsSum": "Расширения",
    "Boxes.Outpost.ShowSums": "Показать суммы:",
    "Boxes.Outpost.Title": "Товары поселения",
    "Boxes.Outpost.TitleBuildings": "Постройка",
    "Boxes.Outpost.TitleFree": "Открыто",
    "Boxes.Outpost.TitleShort": "Обзор товаров - ",
    "Boxes.Outpost.infoLine": "__runNumber__. run, Шанс бонуса Х4: __chanceX4__%",
    "Boxes.Outpost.nextTile": "Следующее расширение",
    "Boxes.Outpost.tileNotPlanned": "Выкл",
    "Boxes.OwnpartCalculator.All": "Все",
    "Boxes.OwnpartCalculator.Arc": "Арка",
    "Boxes.OwnpartCalculator.Auto": "Авто",
    "Boxes.OwnpartCalculator.BPs": "Чертежи",
    "Boxes.OwnpartCalculator.BuildingName": "Постройка",
    "Boxes.OwnpartCalculator.CopyValues": "Копировать значения",
    "Boxes.OwnpartCalculator.Deposit": "Вклад",
    "Boxes.OwnpartCalculator.Done": "Вложено",
    "Boxes.OwnpartCalculator.ExistingPayments": "Имеющиеся вложения",
    "Boxes.OwnpartCalculator.Ext": "Внеш.",
    "Boxes.OwnpartCalculator.HelpLink": "https://foe-helper.com/docs/en/gb-calculator/",
    "Boxes.OwnpartCalculator.IncludeData": "Значения",
    "Boxes.OwnpartCalculator.LGTotalFP": "Всего СО ВС",
    "Boxes.OwnpartCalculator.Lock": "Гарант",
    "Boxes.OwnpartCalculator.Meds": "Медали",
    "Boxes.OwnpartCalculator.NoPlaceSafe": "Нет гарантированного места",
    "Boxes.OwnpartCalculator.Note": "Заметки",
    "Boxes.OwnpartCalculator.OldLevel": "Предыдущий уровень",
    "Boxes.OwnpartCalculator.OptionsDescending": "Убывающий",
    "Boxes.OwnpartCalculator.OptionsFP": "Стратегические Очки (СО)",
    "Boxes.OwnpartCalculator.OptionsGB": "ВС",
    "Boxes.OwnpartCalculator.OptionsLevel": "Уровень",
    "Boxes.OwnpartCalculator.OptionsLevelUp": "Пожалуйста повысь уровень",
    "Boxes.OwnpartCalculator.OptionsPlayer": "Игрок",
    "Boxes.OwnpartCalculator.Order": "Порядок",
    "Boxes.OwnpartCalculator.OwnPart": "Вклад владельца",
    "Boxes.OwnpartCalculator.OwnPartRemaining": "Осталось",
    "Boxes.OwnpartCalculator.PatronPart": "Награда вкладчиков",
    "Boxes.OwnpartCalculator.Place": "Место",
    "Boxes.OwnpartCalculator.Places": "Места",
    "Boxes.OwnpartCalculator.PlayerName": "Игрок",
    "Boxes.OwnpartCalculator.PowerLeveling": "Следующие уровни",
    "Boxes.OwnpartCalculator.Preview": "Предосмотр",
    "Boxes.OwnpartCalculator.Step": "Уровень",
    "Boxes.OwnpartCalculator.Title": "Калькулятор вложений в свои ВС",
    "Boxes.OwnpartCalculator.Trust": "Доверие",
    "Boxes.PowerLeveling.DoubleCollection": "Двойной сбор",
    "Boxes.PowerLeveling.Level": "Уровень",
    "Boxes.PowerLeveling.MaxLevel": "Макс. уровень",
    "Boxes.PowerLeveling.OwnPartBrutto": "Вклад владельца",
    "Boxes.PowerLeveling.OwnPartNetto": "Вклад владельца нетто",
    "Boxes.PowerLeveling.OwnPartSum": "Требуется всего СО",
    "Boxes.PowerLeveling.P1": "Первое",
    "Boxes.PowerLeveling.P2": "Второе",
    "Boxes.PowerLeveling.P3": "Третье",
    "Boxes.PowerLeveling.P4": "Четвертое",
    "Boxes.PowerLeveling.P5": "Пятое",
    "Boxes.PowerLeveling.Title": "Следующие уровни",
    "Boxes.Productions.Done": "Готово",
    "Boxes.Productions.GoodEraTotal": "Всего",
    "Boxes.Productions.GuildGoods": "Товары в казну",
    "Boxes.Productions.GuildPower": "Влияние",
    "Boxes.Productions.Happiness": "Уровень счастья",
    "Boxes.Productions.Headings.Done": "Готово",
    "Boxes.Productions.Headings.all": "Все",
    "Boxes.Productions.Headings.amount": "Количество",
    "Boxes.Productions.Headings.area": "Площадь",
    "Boxes.Productions.Headings.clan_power_production": "Влияние",
    "Boxes.Productions.Headings.culture": "Общественные постройки",
    "Boxes.Productions.Headings.decoration": "Декор",
    "Boxes.Productions.Headings.earning": "Время сбора",
    "Boxes.Productions.Headings.efficiency": "Эффективность",
    "Boxes.Productions.Headings.era": "Эпоха",
    "Boxes.Productions.Headings.goods": "Промышленные постройки",
    "Boxes.Productions.Headings.greatbuilding": "ВС",
    "Boxes.Productions.Headings.main_building": "Ратуша",
    "Boxes.Productions.Headings.name": "Название",
    "Boxes.Productions.Headings.number": "Номер",
    "Boxes.Productions.Headings.production": "Производственные постройки",
    "Boxes.Productions.Headings.random_production": "Случайные производственные здания",
    "Boxes.Productions.Headings.residential": "Жилые постройки",
    "Boxes.Productions.Headings.size": "Размер вкл. дороги",
    "Boxes.Productions.Headings.street": "Дороги",
    "Boxes.Productions.ModeCurrent": "Текущее",
    "Boxes.Productions.ModeDaily": "Суточный сбор.",
    "Boxes.Productions.ModeGroups": "Группы",
    "Boxes.Productions.ModeSingle": "Без группы",
    "Boxes.Productions.NoAsteroidDataWarning": "Товары из эпохи Пояс астероидов не включены. Посетите свою колонию и снова откройте это окно",
    "Boxes.Productions.NoMarsDataWarning": "Товары из эпохи Марса не включены. Посетите свою колонию и снова откройте это окно",
    "Boxes.Productions.SearchInput": "Найти постройку… ",
    "Boxes.Productions.SizeTT": "Размер здания с учетом средней требуемой дороги в __streetnettosize__ клеток",
    "Boxes.Productions.TTGoodsEra": "Эта колонка показывает эпоху здания, а НЕ эпоху производимых товаров",
    "Boxes.Productions.Title": "Обзор производства",
    "Boxes.Productions.Total": "Всего: ",
    "Boxes.Productions.Units": "Юниты",
    "Boxes.Productions.att_boost_attacker": "Бонус атаки атакующей армии",
    "Boxes.Productions.att_boost_defender": "Бонус атаки обороняющейся армии",
    "Boxes.Productions.def_boost_attacker": "Бонус защиты атакующей армии",
    "Boxes.Productions.def_boost_defender": "Бонус защиты обороняющейся армии",
    "Boxes.Productions.goods": "Товары",
    "Boxes.ProductionsRating.BuildingName": "Строение",
    "Boxes.ProductionsRating.Enabled": "Включено",
    "Boxes.ProductionsRating.ProdPerTile": "Ожидаемое ежедневное производство/клетка",
    "Boxes.ProductionsRating.Results": "Результат",
    "Boxes.ProductionsRating.Score": "Оценка",
    "Boxes.ProductionsRating.Settings": "Установки",
    "Boxes.ProductionsRating.Title": "Строения - Рейтинг эффективности",
    "Boxes.Settings.Active": "Включено",
    "Boxes.Settings.DeletedBoxCoordsBody": "Координаты всех окон сброшены.",
    "Boxes.Settings.DeletedBoxCoordsHead": "Удалено!",
    "Boxes.Settings.Inactive": "Выключено",
    "Boxes.Settings.Title": "Настройки",
    "Boxes.Stats.BtnAll": "Все",
    "Boxes.Stats.BtnAllPlayableEras": "Все эпохи",
    "Boxes.Stats.BtnAllPlayableErasTitle": "Выбрать эпохи в которых можно играть (без: Без Эпохи, Special)",
    "Boxes.Stats.BtnAllTittle": "Эпохи + Бэз Эпохи + Special",
    "Boxes.Stats.BtnChartType.delta": "Дельта",
    "Boxes.Stats.BtnChartType.line": "Линия",
    "Boxes.Stats.BtnChartType.streamgraph": "Поток",
    "Boxes.Stats.BtnChartTypeTitle.delta": "График увеличения/уменьшения",
    "Boxes.Stats.BtnChartTypeTitle.line": "График линий",
    "Boxes.Stats.BtnChartTypeTitle.streamgraph": "Потоковый график",
    "Boxes.Stats.BtnLastEras": "2 послед. эпохи",
    "Boxes.Stats.BtnLastErasTitle": "Выбрать две последнии эпохи",
    "Boxes.Stats.BtnMyEra": "Моя эпоха",
    "Boxes.Stats.BtnNoEra": "Без эпохи",
    "Boxes.Stats.BtnSource.statsGBGPlayers": "ПБГ",
    "Boxes.Stats.BtnSource.statsRewards": "Награды",
    "Boxes.Stats.BtnSource.statsTreasureClanD": "Товары Гильдии - Д",
    "Boxes.Stats.BtnSource.statsTreasureClanH": "Товары Гильдии - Ч",
    "Boxes.Stats.BtnSource.statsTreasurePlayerD": "Товары по дням",
    "Boxes.Stats.BtnSource.statsTreasurePlayerH": "Товары",
    "Boxes.Stats.BtnSource.statsUnitsD": "Армия - Д",
    "Boxes.Stats.BtnSource.statsUnitsH": "Армия - Ч",
    "Boxes.Stats.BtnToggleAnnotations": "ГВГ аннотации",
    "Boxes.Stats.BtnToggleAnnotationsTitle": "Показать уменьшение товаров на GvG карте Гильдий.",
    "Boxes.Stats.BtnToggleGroupBy": "Групп. по Эпохам",
    "Boxes.Stats.BtnToggleGroupByTitle": "Групп. по названию",
    "Boxes.Stats.Era": "Эпоха",
    "Boxes.Stats.HelpLink": "https://foe-helper.com/docs/en/statistics/",
    "Boxes.Stats.Period.all": "Все",
    "Boxes.Stats.Period.last30days": "Послед. 30 дней",
    "Boxes.Stats.Period.last7days": "Послед. 7 дней",
    "Boxes.Stats.Period.sinceTuesday": "Со вторника",
    "Boxes.Stats.Period.thisMonth": "Этот месяц",
    "Boxes.Stats.Period.today": "Сегодня",
    "Boxes.Stats.PeriodTitle.all": "За весь период времени",
    "Boxes.Stats.PeriodTitle.last30days": "Собранные за 30 последних дней",
    "Boxes.Stats.PeriodTitle.last7days": "Собранные за 7 последних дней",
    "Boxes.Stats.PeriodTitle.sinceTuesday": "Собранные со Вторника (Экспедиция начинается со вторника)",
    "Boxes.Stats.PeriodTitle.thisMonth": "Собранные за этот месяц",
    "Boxes.Stats.PeriodTitle.today": "Собранные за сегодня",
    "Boxes.Stats.Rewards.Source.__event": "Ивент",
    "Boxes.Stats.Rewards.Source.battlegrounds_conquest": "ПБГ",
    "Boxes.Stats.Rewards.Source.default": "Инциденты",
    "Boxes.Stats.Rewards.Source.diplomaticGifts": "Диплом. дары",
    "Boxes.Stats.Rewards.Source.guildExpedition": "Экспедиция ги.",
    "Boxes.Stats.Rewards.Source.spoilsOfWar": "Военные трофеи",
    "Boxes.Stats.Rewards.SourceTitle.__event": "Награды за сезонные или специальные ивенты",
    "Boxes.Stats.Rewards.SourceTitle.battlegrounds_conquest": "Награды с Полей битв гильдий",
    "Boxes.Stats.Rewards.SourceTitle.default": "Награды за происшествия",
    "Boxes.Stats.Rewards.SourceTitle.diplomaticGifts": "Дипломатические дары собранные Космическим авианосцем",
    "Boxes.Stats.Rewards.SourceTitle.guildExpedition": "Награды с Экспедици Гильдии собранные Храмом Реликвий",
    "Boxes.Stats.Rewards.SourceTitle.spoilsOfWar": "Военные трофеи собранные Замком Химедзи",
    "Boxes.Stats.SourceTitle.statsGBGPlayers": "Табло очков игроков на ПБГ",
    "Boxes.Stats.SourceTitle.statsRewards": "Ваши награды, собранные Замком Химедзи, Храмом Реликвий, ПБГ и прочее",
    "Boxes.Stats.SourceTitle.statsTreasureClanD": "Товары гильдии дневные",
    "Boxes.Stats.SourceTitle.statsTreasureClanH": "Товары гильдии часовые",
    "Boxes.Stats.SourceTitle.statsTreasurePlayerD": "Ваши товары дневные",
    "Boxes.Stats.SourceTitle.statsTreasurePlayerH": "Ваши товары часовые",
    "Boxes.Stats.SourceTitle.statsUnitsD": "Ваша армия по дням",
    "Boxes.Stats.SourceTitle.statsUnitsH": "Ваша армия по часам",
    "Boxes.Stats.Title": "Статистика",
    "Boxes.Technologies.DescInStock": "Доступно",
    "Boxes.Technologies.DescRequired": "Требуется",
    "Boxes.Technologies.DescStillMissing": "<span style='color:#29b206'>Превышение</span> / <span style='color:#ff4040'>Недостаток</span>",
    "Boxes.Technologies.IgnoreCurrentEraOptional": "Игнорировать технологии текущей/будущей эпохи",
    "Boxes.Technologies.IgnorePrevEra": "Игнорировать технологии предыдущих эпох",
    "Boxes.Technologies.NoTechs": "Вы достигли конца эпохи",
    "Boxes.Technologies.Resource": "Ресурс",
    "Boxes.Technologies.Title": "Стоимость исследования",
    "Boxes.Treasury.Action": "Сообщение",
    "Boxes.Treasury.Amount": "Количество",
    "Boxes.Treasury.DateTime": "Дата/Время",
    "Boxes.Treasury.Era": "Эпоха",
    "Boxes.Treasury.Export": "Экспорт",
    "Boxes.Treasury.Message": "Пролистайте все страницы и нажмите на кнопку ЭКСПОРТ",
    "Boxes.Treasury.PlayerID": "ИД игрока",
    "Boxes.Treasury.PlayerName": "Ник игрока",
    "Boxes.Treasury.Reset": "Сбросить",
    "Boxes.Treasury.Resource": "Товар",
    "Boxes.Treasury.RowNumber": "Строк обработано",
    "Boxes.Treasury.Title": "Лог экспорта гильдейской казны",
    "Boxes.Units.AlcaHarvest": "Сбор вашего Алькатраса готов!",
    "Boxes.Units.Attack": "Атака",
    "Boxes.Units.Bind": "Казарменный",
    "Boxes.Units.Defend": "Защита %",
    "Boxes.Units.NextUnitsIn": "Следующие __count__ юнитов будет произведено через <span class=\"alca-countdown\"></span> в __harvest__",
    "Boxes.Units.NotFilled": "без фильтра",
    "Boxes.Units.Proportionally": "Пропорционально",
    "Boxes.Units.Quantity": "Количество",
    "Boxes.Units.ReadyToLoot": "Готовы грабить!",
    "Boxes.Units.Status": "Статус",
    "Boxes.Units.Title": "Обзор армии",
    "Boxes.Units.Unbind": "Свободный",
    "Boxes.Units.Unit": "Юнит",
    "Boxes.UnitsGex.NoUnitsAvailable": "Нет информации по юнитам. Нажмите \"U\" чтобы открыть обзор армии",
    "Boxes.mapTradeWarning.Text": "Запрет",
    "Boxes.mapTradeWarning.Title": "Переговоры",
    "Boxes.scoutingTimes.HelpLink": "https://docs.foe-helper.com/english/module/scouting",
    "Boxes.scoutingTimes.ProvinceName": "Название провинции",
    "Boxes.scoutingTimes.ScoutingCost": "Стоимость разведки",
    "Boxes.scoutingTimes.ScoutingTime": "Время разведки",
    "Boxes.scoutingTimes.Title": "Информация разведчика",
    "Boxes.scoutingTimes.Warning": "Время разведки может быть больше, чем указано — 10 минут на провинцию, которую разведчик должен пересечь, прежде чем достигнет требуемой провинции",
    "Date": "DD-MMM-YY",
    "DateTime": "DD.MM.YYYY HH:mm",
    "Eras.0": "Без эпохи",
    "Eras.1": "Каменный Век",
    "Eras.10": "Эпоха Модерна",
    "Eras.11": "Эпоха Постмодерна",
    "Eras.12": "Новейшее Время",
    "Eras.13": "Завтра",
    "Eras.14": "Будущее",
    "Eras.15": "Арктическое Будущее",
    "Eras.16": "Океаническое Будущее",
    "Eras.17": "Виртуальное Будущее",
    "Eras.18": "Космическая Эра Марса",
    "Eras.19": "Космическая Эра Пояса Астероидов",
    "Eras.2": "Бронзовый Век",
    "Eras.20": "Космическая Эра Венеры",
    "Eras.21": "Space Age Jupiter Moon",
    "Eras.3": "Железный Век",
    "Eras.4": "Раннее Средневековье",
    "Eras.5": "Высокое Средневековье",
    "Eras.6": "Позднее Средневековье",
    "Eras.7": "Колониальный Период",
    "Eras.8": "Индустриальная Эпоха",
    "Eras.9": "Эра Прогрессивизма",
    "Global.BoxTitle": "Помощник ФоЕ",
    "GvG.Independences.Tooltip": "Количество секторов, которым дарована свобода, и осад, которые вы поставили с последнего пересчета.",
    "GvG.Independences.Tooltip.Warning": "Могут быть неточности, если вы играете с нескольких компьютеров.",
    "HiddenRewards.Positions.cityRoadBig": "двухполосная дорога",
    "HiddenRewards.Positions.cityRoadSmall": "однополосная дорога",
    "HiddenRewards.Positions.guildExpedition": "Экспедиция ГИ",
    "HiddenRewards.Positions.nature": "Равнина",
    "HiddenRewards.Positions.shore": "Берег",
    "HiddenRewards.Positions.water": "в море",
    "HiddenRewards.Table.expires": "Исчезнет через",
    "HiddenRewards.Table.position": "Расположение",
    "HiddenRewards.Table.type": "Тип",
    "Kits.Sets.Abandoned_Asylum": "Заброшенный приют",
    "Kits.Sets.Altar_Garden": "Сад алтарей",
    "Kits.Sets.Art_Exhibition": "Выставка",
    "Kits.Sets.Athlon_Abbey": "Атлонское аббатство",
    "Kits.Sets.Celtic_Forest_Set": "Кельтский лес",
    "Kits.Sets.Cherry_Garden_Set": "Вишневый сад",
    "Kits.Sets.Cider_Mill": "Яблочный пресс",
    "Kits.Sets.Classical_Garden_Set": "Классический сад",
    "Kits.Sets.Colossus": "Колосс",
    "Kits.Sets.Druid_Temple": "Храм друидов",
    "Kits.Sets.Ferris_Wheel": "Колесо обозрения",
    "Kits.Sets.FountainSet": "Индийский фонтан",
    "Kits.Sets.Golden_Crops": "Золотой урожай",
    "Kits.Sets.Grand_Bridge": "Большой мост",
    "Kits.Sets.Graveyard": "Кладбище",
    "Kits.Sets.Greater_Runestone": "Большой рунный камень",
    "Kits.Sets.Guard_Post": "Караульня",
    "Kits.Sets.Hall_of_Fame": "Зал славы",
    "Kits.Sets.Harvest_Farm_Set": "Урожайная ферма",
    "Kits.Sets.Hippodrome": "Гипподром",
    "Kits.Sets.Horror_Circus_Set": "Цирк ужасов",
    "Kits.Sets.Indian_Palace_Set": "Индийский дворец",
    "Kits.Sets.Mountain_Reserve": "Горный Заповедник",
    "Kits.Sets.Obelisk": "Обелиск",
    "Kits.Sets.Pagoda": "Пагода",
    "Kits.Sets.Piazza_Set": "Комплект Пьяцца",
    "Kits.Sets.Pillar_of_Heroes": "Столп героев",
    "Kits.Sets.Pirate": "Пиратский корабль",
    "Kits.Sets.Pirates_Hideout": "Логово пирата",
    "Kits.Sets.Royal": "Королевский корабль",
    "Kits.Sets.September_Cottage": "Сентябрьский коттедж",
    "Kits.Sets.Statue_of_Honor": "Статуя чести",
    "Kits.Sets.Suishun_Mill": "Мельница Суйсюн",
    "Kits.Sets.Terracotta_Vineyard": "Терракотовая винодельня",
    "Kits.Sets.The_Crows_Nest": "Воронье гнездо",
    "Kits.Sets.The_Ship": "Корабль",
    "Kits.Sets.Tholos_of_Idols": "Толос идолов",
    "Kits.Sets.Timeless_Dojo": "Вечное Додзё",
    "Kits.Sets.Trader": "Торговый корабль",
    "Kits.Sets.Winners_Plaza": "Площадь победителей",
    "Kits.Sets.Winter_Canal": "Зимний канал",
    "Kits.Sets.Winter_Spire": "Зимний собор",
    "Kits.Sets.Winter_Train": "Зимний поезд",
    "Kits.Sets.Winter_Village_Set": "Зимняя деревня",
    "Kits.Sets.Winterdeco_Set": "Зимний декор",
    "Kits.Sets.Worlds_Fair": "Всемирная выставка",
    "Local": "ru-RU",
    "Menu.Alerts.Desc": "Создание и управление напоминаниями",
    "Menu.Alerts.Title": "Напоминания",
    "Menu.Bluegalaxy.Desc": "Этот помощник покажет вам лучшие здания для сбора с Синей галактикой",
    "Menu.Bluegalaxy.Title": "Помощник Синей галактики",
    "Menu.BottomBar": "Внизу",
    "Menu.Box": "Окном",
    "Menu.Calculator.Desc": "Рассчитывает места, которые можно занять в ВС и количество СО",
    "Menu.Calculator.Title": "Калькулятор вложений",
    "Menu.Calculator.Warning": "Отключено: Для включения откройте ВС любого игрока!",
    "Menu.Campagne.Desc": "Обзор ресурсов, требуемых для захвата провинции.",
    "Menu.Campagne.Title": "Карта континента",
    "Menu.Campagne.Warning": "Отключено: Для включения посетите провинцию!",
    "Menu.Castle.Title": "Система замка",
    "Menu.Citymap.Desc": "Обзор города с высоты птичьего полета",
    "Menu.Citymap.Title": "Обзор города",
    "Menu.Dropdown": "Выпадающим списком",
    "Menu.Gildfight.Desc": "Показывает текущие и предстоящие сражения на ПБГ",
    "Menu.Gildfight.Title": "Поля гильдий (ПБГ)",
    "Menu.Gildfight.Warning": "<em id='selectorCalc-Btn-closed' class='tooltip-error'>Отключено: Нужно сначала зайти на Поля</em> ",
    "Menu.GuildMemberStat.Desc": "Статистика по согильдийцам",
    "Menu.GuildMemberStat.Title": "Обзор согильдийцев",
    "Menu.GuildMemberStat.Warning": "Откройте обзор согильдийцев в игре, чтобы активировать статистику",
    "Menu.HiddenRewards.Desc": "Обзор проишествий",
    "Menu.HiddenRewards.Title": "Инциденты",
    "Menu.Info.Desc": "Отображает все события, которые происходят \"в фоне\"<br><em>Заполняется информацией ...</em>",
    "Menu.Info.Title": "Инфобокс",
    "Menu.Investment.Desc": "Список ваших последний вложений",
    "Menu.Investment.Title": "Вложения СО",
    "Menu.Kits.Desc": "Список всех комплектов строений, модернизации и выбора.",
    "Menu.Kits.Title": "Комплект строений",
    "Menu.Market.Desc": "Фильтр сделок на рынке",
    "Menu.Market.Title": "Фильтр рынка",
    "Menu.Market.Warning": "Пожалуйста, откройте сначала рынок",
    "Menu.Moppelhelper.Desc": "Отображает действия ваших друзей, согильдийцев или друзей (баф, атаки, грабежи и т.д.)",
    "Menu.Moppelhelper.Title": "Помощник бафов",
    "Menu.Negotiation.Desc": "Предлагает товары для переговоров.",
    "Menu.Negotiation.Title": "Помощник переговоров",
    "Menu.Negotiation.Warning": "Отключено: Для включения начните переговоры!",
    "Menu.Notice.Desc": "Делайте заметки обо всем, что не хотите забыть.",
    "Menu.Notice.Title": "Заметки",
    "Menu.Notification.Position.bottom-center": "внизу по центру",
    "Menu.Notification.Position.bottom-left": "внизу слева",
    "Menu.Notification.Position.bottom-right": "внизу справа",
    "Menu.Notification.Position.mid-center": "в центре",
    "Menu.Notification.Position.top-center": "вверху в центре",
    "Menu.Notification.Position.top-left": "вверху слева",
    "Menu.Notification.Position.top-right": "вверху справа",
    "Menu.OutP.Desc": "Обзор необходимых ресурсов.",
    "Menu.OutP.DescWarningBuildings": "<em id='outPW' class='tooltip-error'>Отключено: для включения посетите поселение!<br></em>Обзор необходимых ресурсов.",
    "Menu.OutP.DescWarningOutpostData": "<em id='outPW' class='tooltip-error'>Отключено: Начните поселение и обновите игру (F5)",
    "Menu.OutP.Title": "Поселение",
    "Menu.OwnpartCalculator.Desc": "Рассчитывает план вложений, считает внешние вклады и копирует значения для веток",
    "Menu.OwnpartCalculator.Title": "Калькулятор вложений в свои ВС",
    "Menu.OwnpartCalculator.Warning": "Отключено: Для включения откройте любое собственное ВС!",
    "Menu.Productions.Desc": "Отображает текущее количество всех производств.",
    "Menu.Productions.Title": "Обзор производства",
    "Menu.RightBar": "справа",
    "Menu.SaveMessage.Desc": "Новый порядок меню сохранен",
    "Menu.SaveMessage.Title": "Готово!",
    "Menu.Settings.Desc": "Здесь находятся настройки",
    "Menu.Settings.Title": "Настройки",
    "Menu.Stats.Desc": "Товары, армия, награды, ПБГ",
    "Menu.Stats.Title": "Статистика",
    "Menu.Technologies.Desc": "Рассчитывает стоимость исследования",
    "Menu.Technologies.Title": "Технологии",
    "Menu.Technologies.Warning": "Отключено: Для включения откройте меню исследования новых технологий!",
    "Menu.Unit.Desc": "Все ваши воины в одном месте",
    "Menu.Unit.Title": "Армия",
    "Menu.Unit.Warning": "Откройте \"Управление армией\" <br>Клавиша \"U\"!",
    "Menu.fpCollector.Desc": "Отображает все полученные СО, отсортированные по типу, дате.",
    "Menu.fpCollector.Title": "Обзор полученных СО",
    "Menu.greatbuildings.Desc": "В каком ВС, производящем СО, лучше поднять уровень?",
    "Menu.greatbuildings.Title": "Вложения в ВС",
    "Quests.CounterTooltip.Content": "Максимальное количество отмененных заданий - 2000 в день.",
    "Settings.About.Desc": "FoE Helper - это бесплатное расширение для браузера для игры Forge of Empires, разработанное игроками для игроков. Оно никак не связано с InnoGames.",
    "Settings.About.RatingDesc": "Если вам нравится этот инструмент, пожалуйста, оставьте положительный отзыв в Магазине!",
    "Settings.About.RatingTitle": "Оценить расширение",
    "Settings.About.Title": "О FoE Helper",
    "Settings.About.TranslateDesc": "Помогите перевести FoE Helper, зарегистрировавшись в нашем инструменте для переводов: ",
    "Settings.About.TranslateTitle": "Перевод",
    "Settings.AutoOpenInfoBox.Desc": "Должен ли Инфобокс открываться автоматически при загрузке игры?",
    "Settings.AutoOpenInfoBox.Title": "Автоматически открывать Инфобокс",
    "Settings.AutomaticNegotiation.Desc": "Нужно ли открывать и закрывать помощник переговоров автоматически, когда переговоры завершены или отменены? Не работает на ПБГ.",
    "Settings.AutomaticNegotiation.Title": "Помощник переговоров",
    "Settings.ChangeLanguage.Desc": "Выбор языка вместо автоматически определенного",
    "Settings.ChangeLanguage.Title": "Изменить язык",
    "Settings.EnableSound.Desc": "Включить звуковые эффекты в расширении.",
    "Settings.EnableSound.Title": "Включить звук",
    "Settings.Entry.About": "О расширении",
    "Settings.Entry.AutoOpenInfoBox": "Инфобокс",
    "Settings.Entry.AutomaticNegotiation": "Помощник переговоров",
    "Settings.Entry.ChangeLanguage": "Язык",
    "Settings.Entry.EnableSound": "Включить звук",
    "Settings.Entry.ExportSettings": "Импорт / Экспорт",
    "Settings.Entry.GlobalSend": "Выгрузка",
    "Settings.Entry.Help": "Помощь",
    "Settings.Entry.InfoboxEntryCount": "Количество записей в Инфобоксе",
    "Settings.Entry.MenuContent": "Панель управления",
    "Settings.Entry.MenuLength": "Длина панели",
    "Settings.Entry.NotificationsPosition": "Позиция уведомлений",
    "Settings.Entry.NotificationsStack": "Стек уведомлений",
    "Settings.Entry.ResetBoxPositions": "Координаты окон",
    "Settings.Entry.SelectedMenu": "Изменить меню",
    "Settings.Entry.Show2kQuestMark": "2k счетчик заданий",
    "Settings.Entry.ShowBlueGalaxyHelper": "Синяя Галактика",
    "Settings.Entry.ShowEventChest": "Сундуки в ивентах",
    "Settings.Entry.ShowGuildTreasuryLogExport": "Лог экспорта казны",
    "Settings.Entry.ShowInvestments": "Показывать сумму вложений СО",
    "Settings.Entry.ShowMapTradeWarning": "Блокировщик переговоров",
    "Settings.Entry.ShowMarketFilter": "Фильтр рынка",
    "Settings.Entry.ShowNotifications": "Уведомления",
    "Settings.Entry.ShowOwnPartOnAllGBs": "Калькулятор ВС",
    "Settings.Entry.ShowPlayerLinks": "Данные игрока",
    "Settings.Entry.ShowPlayersMotivation": "Активность бафов",
    "Settings.Entry.ShowRougeUnitWarning": "Помощник боев /Предупреждение о разбойниках",
    "Settings.Entry.Version": "Версия",
    "Settings.ExportImport.Error": "Некорректный файл настроек!",
    "Settings.ExportImport.Reload": "Игра будет перезагружена с новым файлом настроек.",
    "Settings.ExportSettings.Desc": "Сохранение и восстановление настроек",
    "Settings.ExportSettings.OpenImportExportTool": "Открыть утилиту импорта/ экспорта",
    "Settings.ExportSettings.Title": "Сохранение и восстановление",
    "Settings.GlobalSend.Desc": "Если вы хотите отслеживать данные вашей гильдии, включите этот пункт. <br> Для самостоятельного отслеживания просто отключите.",
    "Settings.GlobalSend.Title": "Передача данных на foe-helper.com",
    "Settings.Help.Desc": "Есть несколько способов получить поддержку:",
    "Settings.Help.Discord": "Discord: присоединяйтесь к нашему серверу, чтобы обсудить расширение, пообщаться и получить поддержку.",
    "Settings.Help.Forums": "Форумы: здесь можно получить поддержку, поделиться своими идеями, или рассказать о найденных ошибках.",
    "Settings.Help.Github": "GitHub: для технических баг репортов, конкретных идей и помощи в разработке.",
    "Settings.Help.Title": "Помощь и сообщество",
    "Settings.Help.Website": "Сайт: информация и документация о расширении и его возможностях.",
    "Settings.InfoboxEntryCount.Desc": "Сколько записей должен хранить и отображать Инфобокс?<br>Пусто или \"0\" значит неограниченно.",
    "Settings.InfoboxEntryCount.Title": "Количество записей в Инфобоксе",
    "Settings.MenuContent.Desc": "Какие кнопки вы хотите видеть на панели?<br>Зеленая: показать кнопку. Красная: скрыть кнопку.",
    "Settings.MenuContent.Title": "Настройка панели",
    "Settings.MenuLength.Desc": "Сколько элементов должно быть в меню?<br> Пусто или \"0\" означает автоматическую высоту.",
    "Settings.MenuLength.Title": "Длина панели",
    "Settings.NotificationPosition.ToastTestBody": "Это положение, которое вы выбрали.<br>Перед тем, как протестировать следующее положение, дождитесь, пока сообщение исчезнет.",
    "Settings.NotificationPosition.ToastTestHeader": "Предпросмотр уведомлений",
    "Settings.NotificationsPosition.Desc": "В каком месте экрана вы хотели бы видеть уведомления?",
    "Settings.NotificationsPosition.Title": "Положение уведомлений",
    "Settings.NotificationsStack.Desc": "Какое максимальное количество сообщений вы хотите видеть одновременно? Значение по умолчанию — 4.",
    "Settings.NotificationsStack.Title": "Стек уведомлений",
    "Settings.ResetBoxPositions.Button": "Удалить!",
    "Settings.ResetBoxPositions.Desc": "Сбросить координаты всех панелей?",
    "Settings.ResetBoxPositions.Title": "Координаты панелей",
    "Settings.SelectedMenu.Desc": "Выберите предпочитаемый вид меню из выпадающего списка (игра будет перезагружена автоматически)",
    "Settings.SelectedMenu.Title": "Изменить меню",
    "Settings.Show2kQuestMark.Desc": "Показывает значок со счетчиком того, от скольких заданий вы еще можете отказаться.",
    "Settings.Show2kQuestMark.Title": "2000 счетчик заданий",
    "Settings.ShowBlueGalaxyHelper.Desc": "Показывает окно, которое предлагает наилучшие здания для сбора с Синей Галактикой",
    "Settings.ShowBlueGalaxyHelper.Title": "Показывать помощник Синей Галактики",
    "Settings.ShowEventChest.Desc": "Показывать окно с шансами выигрыша в сундуках ивентов",
    "Settings.ShowEventChest.Title": "Показывать помощник сундуков в ивенте",
    "Settings.ShowGuildTreasuryLogExport.Desc": "Показывать лог экспорта казны",
    "Settings.ShowGuildTreasuryLogExport.Title": "Отображать логи экспорта казны",
    "Settings.ShowInvestments.Desc": "Показывать окно Вложений ВС, когда открываете вкладку Ратуша>Новости>Великие Строения.",
    "Settings.ShowInvestments.Title": "Отображать итоги вложений в ВС",
    "Settings.ShowMapTradeWarning.Desc": "Показывать окно поверх кнопки \"Переговоры\" на карте континента, чтобы исключить случайное взятие сектора переговорами. ",
    "Settings.ShowMapTradeWarning.Title": "Блокировщик переговоров",
    "Settings.ShowMarketFilter.Desc": "Показывает инструмент для фильтрации сделок на рынке.",
    "Settings.ShowMarketFilter.Title": "Показывать инструмент фильтра для рынка",
    "Settings.ShowNotifications.Desc": "Помощник использует уведомления в разных местах. Вы можете включить и выключить эту опцию здесь.",
    "Settings.ShowNotifications.Title": "Уведомления",
    "Settings.ShowOwnPartOnAllGBs.Desc": "Показывать калькулятор также для ВС других игроков",
    "Settings.ShowOwnPartOnAllGBs.Title": "Показывать калькулятор для всех ВС",
    "Settings.ShowPlayerLinks.Desc": "Замените имена игроков ссылками на профиль игроков на ScoreDB",
    "Settings.ShowPlayerLinks.Title": "Показывать ссылки на профиль",
    "Settings.ShowPlayersMotivation.Desc": "Нужно ли передавать мероприятия дружбы (мотивирование строений)?",
    "Settings.ShowPlayersMotivation.Title": "Активность бафов",
    "Settings.ShowRougeUnitWarning.Desc": "Показывать окно поверх кнопок \"Атака\" и \"Автобой\", чтобы исключить случайное их нажатие в том случае, если в вашей армии остались только разбойники после первой волны.<br>Если был убит юнит более высокой эпохи, вы получаете шанс воскресить его за бриллианты.",
    "Settings.ShowRougeUnitWarning.Title": "Показывать помощник боев",
    "Settings.Tab.About": "Подробнее",
    "Settings.Tab.Boxes": "Окна",
    "Settings.Tab.Extension": "Основное",
    "Settings.Tab.Sending": "Выгрузка данных",
    "Settings.Version.Desc": "Приведенные ниже данные можно пометить для их копирования.",
    "Settings.Version.GuildId": "Айди гильдии:",
    "Settings.Version.Link": "<a target='_blank' href='https://foe-helper.com/extension/update?v=__version__&lang=en'  class='game-cursor'>Последние изменения</a>",
    "Settings.Version.PlayerId": "Айди игрока:",
    "Settings.Version.Title": "Версия",
    "Settings.Version.World": "Мир:",
    "StrategyPoints.BuyableFP": "Количество СО, которое можно купить за монеты.",
    "_Language": "Русский"
}
