﻿{
    "Boxes.Alerts.Form.Antiques.Auction": "Aukcia",
    "Boxes.Alerts.Form.Antiques.Cooldown": "Obnovenie aukcie",
    "Boxes.Alerts.Form.Antiques.Dealer": "Predajca starožitností",
    "Boxes.Alerts.Form.Antiques.Exchange": "Denné ponuky",
    "Boxes.Alerts.Form.Battleground": "CB Provincie",
    "Boxes.Alerts.Form.Body": "Telo",
    "Boxes.Alerts.Form.Create": "Vytvoriť",
    "Boxes.Alerts.Form.CreateAlert": "Vytvoriť upozornenie",
    "Boxes.Alerts.Form.CreateAllSectors": "Vytvoriť pre všetky sektory",
    "Boxes.Alerts.Form.CreateNewAlert": "Vytvoriť upozornenie",
    "Boxes.Alerts.Form.Datetime": "Dátum & Čas",
    "Boxes.Alerts.Form.Delete": "vymazať",
    "Boxes.Alerts.Form.Discard": "zahodiť",
    "Boxes.Alerts.Form.Edit": "Upraviť",
    "Boxes.Alerts.Form.EditAlert": "Upraviť upozornenie",
    "Boxes.Alerts.Form.Expiration": "Otvoriť v",
    "Boxes.Alerts.Form.Expired": "uplinulé",
    "Boxes.Alerts.Form.Expires": "Uplinulo",
    "Boxes.Alerts.Form.Neighborhood": "Susedstvo",
    "Boxes.Alerts.Form.Persistence": "Trvalé",
    "Boxes.Alerts.Form.Persistence.Description": "Má zostať upozornenie otvorené, kým používateľ nezruší alebo neklikne na upozornenie?",
    "Boxes.Alerts.Form.Persistence.Off": "Vypnúť",
    "Boxes.Alerts.Form.Persistence.On": "zapnúť",
    "Boxes.Alerts.Form.Persistent": "vytrvalo",
    "Boxes.Alerts.Form.Preset.Now": "teraz",
    "Boxes.Alerts.Form.Presets": "Predvoľby",
    "Boxes.Alerts.Form.Preview": "Náhlad",
    "Boxes.Alerts.Form.Repeat": "opakovať",
    "Boxes.Alerts.Form.Repeat.Every": "alebo všetky",
    "Boxes.Alerts.Form.Repeat.Never": "nikdy",
    "Boxes.Alerts.Form.Save": "zachrániť",
    "Boxes.Alerts.Form.Tag": "Označiť",
    "Boxes.Alerts.Form.Tag.Description": "Štítky je možné použiť na zoskupenie upozornení (nové upozornenie s daným štítkom nahradí staršie upozornenie s rovnakým štítkom).",
    "Boxes.Alerts.Form.Title": "Nadpis",
    "Boxes.Alerts.Preferences.Auction.Info": "Automaticky vytvoriť nové upozornenie keď vytvorím ponuku v predajcovi starožitností.",
    "Boxes.Alerts.Preferences.Auction.Title": "aukcia v predajcovi starožitností",
    "Boxes.Alerts.Preferences.Battlegrounds.Info": "Okamžite poslať upozornenie keď je vysoká aktivita v CB (napríklad, 10 bitiek v jednom sektore v rámci 5 sekúnd). Upozorňujeme, že táto funkcia funguje iba vtedy, keď je otvorené okno CB!",
    "Boxes.Alerts.Preferences.Battlegrounds.Title": "CB Sledovač",
    "Boxes.Alerts.Preferences.ComingSoon": "Čoskoro  ",
    "Boxes.Alerts.Preferences.Early.Info": "Automaticky generované časové upozornenia(predajca starožitností, CB atď.) odošlú upozornenia predtým, ako sa udalosť skutočne stane. Napríklad nastavením tejto hodnoty na 30 (sekúnd), sa upozornenia aukcie zobrazia 30 sekúnd pred skutočným ukončením aukcie!",
    "Boxes.Alerts.Preferences.Early.Title": "upozorniť skoré vyváženie",
    "Boxes.Alerts.Preferences.InGame.Info": "Zobrazenie oznámenia v hre namiesto pôvodného oznámenia na ploche, keď je aktívne okno hry.",
    "Boxes.Alerts.Preferences.InGame.Title": "Herné upozornenia",
    "Boxes.Alerts.Preferences.MenuIcon.Info": "Zobraziť ďalšie odpočítavanie výstrahy ako prekrytie ikony hlavnej ponuky",
    "Boxes.Alerts.Preferences.MenuIcon.Title": "Hlavné menu odpočítavania",
    "Boxes.Alerts.Preferences.Start.Info": "Zobrazenie zoznamu upozornení, ktorých platnosť vypršala v režime offline (od zatvorenia okna hry)",
    "Boxes.Alerts.Preferences.Start.Title": "prehľad upozornení ktoré vypršali",
    "Boxes.Alerts.Preferences.Suggestions.Info": "Zobrazenie návrhov upozornení (napríklad pri kliknutí na sektor cvc, alebo pri zbieraní produkcie budov)",
    "Boxes.Alerts.Preferences.Suggestions.Title": "Návrhy upozornenia",
    "Boxes.Alerts.Tabs.Alerts": "Upozornenia",
    "Boxes.Alerts.Tabs.Preferences": "voľba",
    "Boxes.Alerts.Time.15m": "15m",
    "Boxes.Alerts.Time.1d": "1d",
    "Boxes.Alerts.Time.1h": "1h",
    "Boxes.Alerts.Time.1m": "1m",
    "Boxes.Alerts.Time.4h": "4h",
    "Boxes.Alerts.Time.5m": "5m",
    "Boxes.Alerts.Time.8h": "8h",
    "Boxes.BattleAssist.Text.NextEra": "Prišli ste o jednotku vyššej éry (tzn. éru nad vami). Stále však máte šancu vyliečiť ich diamantmi!",
    "Boxes.BattleAssist.Text.Rogue": "V tvojej armáde sa nachádzajú iba roguovia. Buď vylieč jednotky pomocou diamantov alebo ustúp!",
    "Boxes.BattleAssist.Title": "Upozornenie!",
    "Boxes.BlueGalaxy.Building": "Budova",
    "Boxes.BlueGalaxy.Done": "Hotovo",
    "Boxes.BlueGalaxy.DoneIn": "Hotovo v",
    "Boxes.BlueGalaxy.DoneProductionsTitle": "Návrh: Pozbierajte tieto budovy",
    "Boxes.BlueGalaxy.EstimatedBonus": "Odhadovaný bonus: __FP__ BV a __Goods__ tovary",
    "Boxes.BlueGalaxy.FP": "Body",
    "Boxes.BlueGalaxy.Goods": "Tovary",
    "Boxes.BlueGalaxy.GoodsPerFP": "1 BV sa rovná __goods__ tovaru",
    "Boxes.BlueGalaxy.GoodsValue": "Hodnota 1 ks tovaru (v BV)",
    "Boxes.BlueGalaxy.NoChargesLeft": "Nezostali žiadne voľné pokusy Galaxie!",
    "Boxes.BlueGalaxy.NoProductionsDone": "Nie sú ukončené žiadne produkcie na BV",
    "Boxes.BlueGalaxy.TTGoodsValue": "Táto hodnota sa využíva na hodnotenie budov, ktoré vyrábajú tovary. Koľko BV je hodné 1 ks tovaru?",
    "Boxes.BlueGalaxy.Title": "Pomocník Modrej Galaxii",
    "Boxes.BonusService.aid_goods": "Počet zostávajúcich podpor z veže prímeria",
    "Boxes.BonusService.diplomatic_gifts": "Počet zostávajúcich pokusov o diplomatické dary.",
    "Boxes.BonusService.donequests": "Zobrazuje dokončené úlohy",
    "Boxes.BonusService.first_strike": "Počet zostávajúcich prvých úderov.",
    "Boxes.BonusService.missile_launch": "Počet zostávajúcich odpálení rakiet.",
    "Boxes.BonusService.spoils_of_war": "Váš aktuálny zostatok počtu Vojnovej koristi.",
    "Boxes.Calculator.ActiveRecurringQuest": "Aktívna opakujúca sa úloha (RQ):",
    "Boxes.Calculator.ArkBonus": "Aktuálny bonus oblúka",
    "Boxes.Calculator.AvailableFP": "Dostupné body výskumu",
    "Boxes.Calculator.BPs": "Plány",
    "Boxes.Calculator.Commitment": "Náklady",
    "Boxes.Calculator.Done": "vložené",
    "Boxes.Calculator.FP": "BV",
    "Boxes.Calculator.FriendlyInvestment": "Bonus prispievateľa:",
    "Boxes.Calculator.HelpLink": "https://foe-helper.com/docs/sk/cost-calculator/",
    "Boxes.Calculator.LGNotConnected": "Budova nie je prepojená cestou.",
    "Boxes.Calculator.LGNotOpen": "Ďalšia úroveň nebola odomknutá.",
    "Boxes.Calculator.LevelWarning": "POZOR! Dokončujete úroveň VB!",
    "Boxes.Calculator.MaxLevel": "Max úroveň",
    "Boxes.Calculator.Meds": "Med",
    "Boxes.Calculator.Profit": "Zisk",
    "Boxes.Calculator.Settings.Save": "Uložiť",
    "Boxes.Calculator.Settings.newValue": "Nová hodnota",
    "Boxes.Calculator.Step": "Úroveň ",
    "Boxes.Calculator.TTForderCosts": "Náklady = __nettoreward__<small>(základná odmena)</small> * __forderfactor__%<small>(bonus prispievateľa)</small> = __costs__",
    "Boxes.Calculator.TTForderFPStockLow": "POZOR: Na sklade nie je dostatok balíkov BV!<br>Máte len __fpstock__ z __costs__BV<br>To je __tooless__BV príliš málo",
    "Boxes.Calculator.TTForderNegativeProfit": "Pozícia nie je zaistená. Ďalších __fpcount__ BV je potrebných na zaistenie pozície.<br>Celkovo na zaistenie pozície: __totalfp__BV",
    "Boxes.Calculator.TTLevelWarning": "__fpcount__BV sa vložiť nedá<br>Maximálny možný príspevok: __totalfp__FP",
    "Boxes.Calculator.TTLossSelf": "Odmena = __nettoreward__<small>(základná odmena)</small> * __arcfactor__%<small>(bonus oblúka)</small> = __bruttoreward__<br>Vložené: __paid__<br>Strata = __paid__<small>(vložené)</small> - __bruttoreward__<small>(odmena)</small> = __loss__",
    "Boxes.Calculator.TTPaidTooLess": "Vložili ste __paid__BV namiesto __topay__BV. Je to o __tooless__FP menej.",
    "Boxes.Calculator.TTPaidTooMuch": "Vložili ste __paid__BV namiesto __topay__FP. Je to o __toomuch__FP viac.",
    "Boxes.Calculator.TTProfitSelf": "Odmena = __nettoreward__<small>(základná odmena)</small> * __arcfactor__%<small>(bonus oblúka)</small> = __bruttoreward__<br>Vložené: __paid__<br>Zisk = __bruttoreward__<small>(odmena)</small> - __paid__<small>(Vložené)</small> = __profit__",
    "Boxes.Calculator.Title": "VB kalkulačka",
    "Boxes.Calculator.Up2LevelUp": "Do ukončenia úrovne ostáva",
    "Boxes.Campagne.AlreadyDone": " Už získané! Výborne :)",
    "Boxes.Campagne.DescInStock": "Dostupné",
    "Boxes.Campagne.DescRequired": "Potrebné",
    "Boxes.Campagne.DescStillMissing": "<span style='color:#29b206'>Dostatok</span> / <span style='color:#ff4040'>Nedostatok</span>",
    "Boxes.Campagne.Resource": "Tovar",
    "Boxes.Campagne.Reward": "Odmena za získanie ",
    "Boxes.Campagne.Title": "Náklady na získanie provincie ",
    "Boxes.CityMap.Desc1": "Aby bolo možné naplánovať Vaše mesto, potrebujeme nahrať údaje na náš server foe-helper.com. Tam sa môžte ďalej realizovať. <br>Ak tam ešte nemáte účet, vaše základné údaje budú odoslané spolu s týmto prenosom. Potom si môžete zaregistrovať svoj účet na webovej stránke.",
    "Boxes.CityMap.FreeArea": "Voľná plocha: ",
    "Boxes.CityMap.Submit": "Odoslať",
    "Boxes.CityMap.SubmitSuccess": "Údaje bole úspešné nahrané... Prezrite si mesto ",
    "Boxes.CityMap.TitleSend": "Odoslať údaje",
    "Boxes.CityMap.ToastHeadCopyData": "Skopirované!",
    "Boxes.CityMap.WholeArea": "Celková plocha: ",
    "Boxes.CityMap.YourCity": "Tvoje mesto",
    "Boxes.CityMap.clan_power_production": "Výroba sily cechu",
    "Boxes.CityMap.culture": "Kultúrne budovy",
    "Boxes.CityMap.decoration": "Dekorácie",
    "Boxes.CityMap.goods": "Budovy s tovarom",
    "Boxes.CityMap.greatbuilding": "Veľkolepé budovy",
    "Boxes.CityMap.main_building": "Radnica",
    "Boxes.CityMap.military": "Vojenské budovy",
    "Boxes.CityMap.production": "Výrobné budovy",
    "Boxes.FPCollector.double_collection": "Modrá galaxia (x2)",
    "Boxes.FPCollector.guildExpedition": "CE Relikvia",
    "Boxes.FPCollector.hiddenReward": "Skrytá odmena",
    "Boxes.FPCollector.leagueReward": "Ligová odmena",
    "Boxes.FPCollector.plunderReward": "Odmena za plienenie",
    "Boxes.FPCollector.pvp_arena": "PVP Aréna",
    "Boxes.FPCollector.reward_calendar": "Event - Kalendár",
    "Boxes.FPCollector.satDown": "Návšteva hostinca",
    "Boxes.FPCollector.spoilsOfWar": "Hrad Himeji ( Vojnová korisť)",
    "Boxes.FPCollector.st_patricks_event_grand_prize": "Deň Sv. Patrika - Veľká cena",
    "Boxes.FPCollector.st_patricks_task_reward": "Deň Sv. Patrika - odmena za úlohu",
    "Boxes.FPCollector.wildlife_event": "Divoká udalosť",
    "Boxes.FPCollector.winterEvent": "Zimná udalosť",
    "Boxes.General.Export": "Export",
    "Boxes.General.ExportCSV": "Export do CSV",
    "Boxes.General.ExportJSON": "Esport do jSON",
    "Boxes.General.Save": "Uložiť",
    "Boxes.GexStat.CompareLast": "porovnaj s posledným",
    "Boxes.GexStat.Course": "Kurz",
    "Boxes.GexStat.DeleteDataOlderThan": "vymazať údaje staršie ako",
    "Boxes.GexStat.Encounters": "Stretnutia",
    "Boxes.GexStat.Gex": "CE",
    "Boxes.GexStat.Level": "úroveň",
    "Boxes.GexStat.Member": "člen",
    "Boxes.GexStat.MemberParticipation": "Členská účasť",
    "Boxes.GexStat.Never": "nikdy",
    "Boxes.GexStat.Participant": "Účastník",
    "Boxes.GexStat.ParticipationNoData": "Nie sú dostupné žiadne údaje!<br />Navštívte stránku s príspevkami cechovej expedície v prehľade cechovej expedície a aktualizujte údaje.",
    "Boxes.GexStat.Player": "Hráč",
    "Boxes.GexStat.Points": "Body",
    "Boxes.GexStat.Rank": "hodnosť",
    "Boxes.GexStat.Ranking": "Rebríček",
    "Boxes.GexStat.ResultsNoData": "Nie sú dostupné žiadne údaje!<br />Navštívte stránku s výsledkami prehľadu cechovej expedície a aktualizujte údaje.",
    "Boxes.GexStat.Rounds": "kolá",
    "Boxes.GexStat.Save": "Uložiť",
    "Boxes.GexStat.Title": "Štatistika CE",
    "Boxes.GexStat.Week": "týždeň",
    "Boxes.GexStat.Weeks": "týždne",
    "Boxes.GreatBuildings.ArcBonus": "Priateľská investícia",
    "Boxes.GreatBuildings.Attack": "% Útok",
    "Boxes.GreatBuildings.Costs": "Cena",
    "Boxes.GreatBuildings.DailyFP": "BV denne",
    "Boxes.GreatBuildings.DailyGoods": "Tovary denne",
    "Boxes.GreatBuildings.FPCostGoods": "Cena BV za tovary",
    "Boxes.GreatBuildings.GreatBulding": "Veľkolepá budova",
    "Boxes.GreatBuildings.HideNewGBs": "Skryť nepostavené VB",
    "Boxes.GreatBuildings.Level": "Úroveň",
    "Boxes.GreatBuildings.ShowAttack": "Zvážte útočný bonus",
    "Boxes.GreatBuildings.ShowGoods": "Zvážte výrobu tovarov",
    "Boxes.GreatBuildings.SuggestionDescription": "VB vo vrchnej časti zoznamu sú najlepšie",
    "Boxes.GreatBuildings.TTGoodCosts": "VB doposiaľ nie je postavená. Cena v BV za tovary",
    "Boxes.GreatBuildings.Title": "Prehľad investícií VB",
    "Boxes.GuildFights.CopyToClipBoard.Desc": "Časy útokov pre vybranú provinciu boli skopírované.",
    "Boxes.GuildFights.CopyToClipBoard.Title": "Skopírované!",
    "Boxes.GuildFights.Count": "v",
    "Boxes.GuildFights.Date": "Dátum",
    "Boxes.GuildFights.DeleteAlert": "Odstrániť upozornenie",
    "Boxes.GuildFights.DeleteMessage.Desc": "Upozornenie pre provinciu __provinceName__ bolo vymazané!",
    "Boxes.GuildFights.DeleteMessage.Title": "Vymazané!",
    "Boxes.GuildFights.Fights": "Boje",
    "Boxes.GuildFights.LastSnapshot": " - naposledy načítané pred __time__",
    "Boxes.GuildFights.Negotiations": "Vyjednávania",
    "Boxes.GuildFights.NoOwner": "Žiaden vlastník",
    "Boxes.GuildFights.Owner": "Vlastník",
    "Boxes.GuildFights.Player": "Cechový člen",
    "Boxes.GuildFights.Progress": "Pokrok",
    "Boxes.GuildFights.ProgressFilterDesc": "Filtruje všetkých členov s existujúcim novým postupom.",
    "Boxes.GuildFights.Province": "Provincia",
    "Boxes.GuildFights.SaveAlert": "Provincia __provinceName__ sa odomkne",
    "Boxes.GuildFights.SaveMessage.Desc": "Upozornenie pre __provinceName__ bolo uložené!",
    "Boxes.GuildFights.SaveMessage.Title": "Uložené!",
    "Boxes.GuildFights.SaveSettings": "Uložiť",
    "Boxes.GuildFights.SetAlert": "Nastaviť upozornenie",
    "Boxes.GuildFights.ShowOwner": "Ukáž cechy",
    "Boxes.GuildFights.ShowProgressFilter": "zobraziť filter priebehu",
    "Boxes.GuildFights.SnapshotLog": "Denník snímok",
    "Boxes.GuildFights.Title": "Prehľad hráčov",
    "Boxes.GuildMemberStat.AutoStartOnUpdate": "po aktualizácii otvoriť prehľad",
    "Boxes.GuildMemberStat.Available": "dostupné",
    "Boxes.GuildMemberStat.Battles": "Boje",
    "Boxes.GuildMemberStat.CalendarWeek": "kalendárny týždeň",
    "Boxes.GuildMemberStat.ChangeView": "Zmeniť pohľad",
    "Boxes.GuildMemberStat.ConfirmNo": "Nie",
    "Boxes.GuildMemberStat.ConfirmYes": "Áno",
    "Boxes.GuildMemberStat.Date": "Dátum",
    "Boxes.GuildMemberStat.Days": "dni",
    "Boxes.GuildMemberStat.DeleteDataWarning": "Ak vymažete naposledy zaznamenané údaje, nebude možné ich obnoviť.",
    "Boxes.GuildMemberStat.DeleteExMembersAfter": "vymazať bývalého člena po",
    "Boxes.GuildMemberStat.DeleteInactivityWarning": "vymazať upozornenie na nečinnosť",
    "Boxes.GuildMemberStat.EndDate": "Dátum ukončenia",
    "Boxes.GuildMemberStat.EraTreasuryGoods": "tovary z danej doby v pokladnici",
    "Boxes.GuildMemberStat.Eras": "Éry",
    "Boxes.GuildMemberStat.FpForLevelUp": "BV do novej úrovne",
    "Boxes.GuildMemberStat.GotIt": "Rozumiem!",
    "Boxes.GuildMemberStat.GreatBuildings": "Veľkolepé budovy",
    "Boxes.GuildMemberStat.GuildBuildingNotification": "Navštívte  mestá svojich členov pre aktualizovanie štatistiky budovy.",
    "Boxes.GuildMemberStat.GuildBuildings": "Cechové budovy",
    "Boxes.GuildMemberStat.GuildGoods": "Cechová pokladnica",
    "Boxes.GuildMemberStat.GuildMembers": "Členovia cechu",
    "Boxes.GuildMemberStat.GuildMessages": "Počet správ v cechovom centre správ",
    "Boxes.GuildMemberStat.GuildPower": "Sila cechu",
    "Boxes.GuildMemberStat.GuildSupportBuildings": "Budovy podporujúce cech",
    "Boxes.GuildMemberStat.Inactivity": "Neaktívny",
    "Boxes.GuildMemberStat.Instantly": "ihneď",
    "Boxes.GuildMemberStat.LastUpdate": "posledná aktualizácia",
    "Boxes.GuildMemberStat.Level": "Úroveň",
    "Boxes.GuildMemberStat.MaxLevel": "max. úroveň",
    "Boxes.GuildMemberStat.Member": "Člen",
    "Boxes.GuildMemberStat.MemberActiviy": "Aktivita člena",
    "Boxes.GuildMemberStat.MemberLeavedGuild": "Hráč nie je naďalej súčasťou tvojho cechu.",
    "Boxes.GuildMemberStat.MinLevel": "min. úroveň",
    "Boxes.GuildMemberStat.Negotiations": "vyjednávania",
    "Boxes.GuildMemberStat.Never": "nikdy",
    "Boxes.GuildMemberStat.Points": "Body",
    "Boxes.GuildMemberStat.ProducedTreasuryGoods": "vyrábané v cechových budovách",
    "Boxes.GuildMemberStat.Search": "Hľadať",
    "Boxes.GuildMemberStat.ShowBattlesWon": "ukázať bojové body",
    "Boxes.GuildMemberStat.ShowDeletedMembers": "ukázať bývalých členov",
    "Boxes.GuildMemberStat.ShowSearchbar": "zobraziť vyhľadávajúcu lištu",
    "Boxes.HiddenRewards.Disappears": "Zmizne",
    "Boxes.HiddenRewards.NoEvents": "Nie sú žiadne incidenty.",
    "Boxes.HiddenRewards.Title": "Incidenty",
    "Boxes.Infobox.FilterAuction": "Aukcia",
    "Boxes.Infobox.FilterGex": "CE",
    "Boxes.Infobox.FilterGuildFights": "Cechové boje",
    "Boxes.Infobox.FilterLevel": "Nová úroveň",
    "Boxes.Infobox.FilterMessage": "Správa",
    "Boxes.Infobox.FilterTrade": "Výmena",
    "Boxes.Infobox.Messages.Auction": "<strong>__player__</strong> práve ponúkol __amount__ mincí.",
    "Boxes.Infobox.Messages.GEX": "<strong>__player__</strong> práve získal __points__ bodov v CE.",
    "Boxes.Infobox.Messages.GildFightOccupied": "Provinciu <span style=\"color:#ffb539\">__provinceName__</span> práve získal cech: <span style=\"color:__attackerColor__;text-shadow: 0 1px 1px __attackerShadow__\">__attackerName__</span> a je uzamknutá na __untilOccupied__.",
    "Boxes.Infobox.Messages.LevelUp": "__player__ práve dosiahol novú úroveň __level__ svojej VB __building__.<br>Umiestnili ste sa na <strong>__rank__.</strong> mieste a získali <strong>__fps__</strong> VB.",
    "Boxes.Infobox.Messages.MsgBuilding": "__building__ - úroveň __level__",
    "Boxes.Infobox.Messages.Trade": "<strong>__player__</strong> prijal Vašu ponuku __offerValue__ __offer__ za __needValue__ __need__.",
    "Boxes.Infobox.ResetBox": "Vymazať",
    "Boxes.Investment.CurrReward": "Aktuálny zisk: ",
    "Boxes.Investment.InvestBar": "Vložené BV: ",
    "Boxes.Investment.Title": "Vklad",
    "Boxes.MoppelHelper.TavernVisits": "Hostinec",
    "Boxes.MoppelHelper.Title": "Motivovať/Zdokonaliť",
    "Boxes.MoppelHelper.Trades": "Trhovisko",
    "Boxes.Negotiation.Average": "Ø množstvo",
    "Boxes.Negotiation.Canceled": "Vyjednávanie bolo zrušené",
    "Boxes.Negotiation.Chance": "Šanca",
    "Boxes.Negotiation.DragDrop": "V zobrazení priemerného množstva môžete zmeniť poradie tovarov a určiť tak poradie od prvého pokusu.",
    "Boxes.Negotiation.GoodsCritical": "POZOR: Zásoby tovaru sú veľmi nízke!",
    "Boxes.Negotiation.GoodsLow": "ATTENTION: Zásoby tovaru sú nízke!",
    "Boxes.Negotiation.Person": "Osoba",
    "Boxes.Negotiation.Round": "Kolo",
    "Boxes.Negotiation.Stock": "Zásoba:",
    "Boxes.Negotiation.Success": "ÚSpech",
    "Boxes.Negotiation.TableLoadError": "Chyba pri načítavaní tabuľky s vyjednávaním",
    "Boxes.Negotiation.Title": "Pomocník pri vyjednávaní",
    "Boxes.Negotiation.TryEnd": "Žiadne ďalšie pokusy",
    "Boxes.Negotiation.WrongGoods": "Zvolený nesprávny tovar, prosím dokončte vyjednávanie manuálne",
    "Boxes.Outpost.DescInStock": "Dostupné",
    "Boxes.Outpost.DescRequired": "Potrebné",
    "Boxes.Outpost.DescStillMissing": "<span style='color:#29b206'>Dostatok</span> / <span style='color:#ff4040'>Nedostatok</span>",
    "Boxes.Outpost.ExpansionsSum": "Rozšírenia",
    "Boxes.Outpost.Title": "Kultúrny tovar",
    "Boxes.Outpost.TitleBuildings": "Budova",
    "Boxes.Outpost.TitleFree": "Voľné",
    "Boxes.Outpost.TitleShort": "Prehľad tovaru - ",
    "Boxes.Outpost.infoLine": "__runNumber__. beh, Bonus x4 Šanca: __chanceX4__%",
    "Boxes.Outpost.nextTile": "ďalšie rozšírenie",
    "Boxes.OwnpartCalculator.Arc": "Oblúk",
    "Boxes.OwnpartCalculator.BPs": "Plány",
    "Boxes.OwnpartCalculator.CopyValues": "Kopírovať hodnoty",
    "Boxes.OwnpartCalculator.Deposit": "Vložiť",
    "Boxes.OwnpartCalculator.Done": "Vložené",
    "Boxes.OwnpartCalculator.LGTotalFP": "Celkovo BV",
    "Boxes.OwnpartCalculator.Meds": "Medaile",
    "Boxes.OwnpartCalculator.NoPlaceSafe": "Žiadna poistená pozícia",
    "Boxes.OwnpartCalculator.OldLevel": "Predošlá úroveň",
    "Boxes.OwnpartCalculator.Order": "Poradie",
    "Boxes.OwnpartCalculator.OwnPart": "Váš príspevok",
    "Boxes.OwnpartCalculator.OwnPartRemaining": "Zostávajúce",
    "Boxes.OwnpartCalculator.PatronPart": "Príspevok iných hráčov",
    "Boxes.OwnpartCalculator.Place": "Miesto",
    "Boxes.OwnpartCalculator.Step": "Krok",
    "Boxes.OwnpartCalculator.Title": "Príspevky do vašich VB",
    "Boxes.Productions.Happiness": "Spokojnosť",
    "Boxes.Productions.Headings.all": "Všetky",
    "Boxes.Productions.Headings.amount": "Množstvo",
    "Boxes.Productions.Headings.culture": "Kultúrne budovy",
    "Boxes.Productions.Headings.decoration": "Dekorácie",
    "Boxes.Productions.Headings.earning": "Získanie",
    "Boxes.Productions.Headings.goods": "Budovy s tovarom",
    "Boxes.Productions.Headings.greatbuilding": "Veľkolepé budovy",
    "Boxes.Productions.Headings.main_building": "Radnica",
    "Boxes.Productions.Headings.number": "Číslo",
    "Boxes.Productions.Headings.production": "Výrobné budovy",
    "Boxes.Productions.Headings.random_production": "Náhodné produkcie",
    "Boxes.Productions.Headings.residential": "Obytné budovy",
    "Boxes.Productions.Headings.street": "Ulice",
    "Boxes.Productions.ModeGroups": "Skupiny",
    "Boxes.Productions.ModeSingle": "Jednotlivo",
    "Boxes.Productions.SearchInput": "Vyhľadať budovu... ",
    "Boxes.Productions.Title": "Prehľad produkcie",
    "Boxes.Productions.Total": "Spolu: ",
    "Boxes.Settings.Active": "Zapnuté",
    "Boxes.Settings.Inactive": "Vypnuté",
    "Boxes.Settings.Title": "Nastavenia",
    "Boxes.Stats.BtnMyEra": "Moja doba",
    "Boxes.Stats.BtnNoEra": "Žiadna doba",
    "Boxes.Stats.BtnSource.statsGBGPlayers": "CB",
    "Boxes.Stats.BtnSource.statsRewards": "Odmeny",
    "Boxes.Stats.BtnSource.statsTreasureClanD": "Pokladnica cechu - d",
    "Boxes.Stats.BtnSource.statsTreasureClanH": "Pokladnica cechu - h",
    "Boxes.Stats.BtnSource.statsTreasurePlayerD": "Denný poklad",
    "Boxes.Stats.BtnSource.statsTreasurePlayerH": "Poklad",
    "Boxes.Stats.BtnSource.statsUnitsD": "Jednotky - denne",
    "Boxes.Stats.BtnSource.statsUnitsH": "Jednotky - hodinové",
    "Boxes.Stats.BtnToggleAnnotations": "CvC poznámky",
    "Boxes.Stats.BtnToggleAnnotationsTitle": "Zobrazte pokles tovaru na mape cvc.",
    "Boxes.Stats.BtnToggleGroupBy": "Skupiny podľa doby",
    "Boxes.Stats.BtnToggleGroupByTitle": "Skupiny podľa mena",
    "Boxes.Stats.Era": "Doba",
    "Boxes.Stats.Period.all": "Všetko",
    "Boxes.Stats.Period.last30days": "Posledných 30 dní",
    "Boxes.Stats.Period.last7days": "Posledných 7 dní",
    "Boxes.Stats.Period.sinceTuesday": "Od utorka",
    "Boxes.Stats.Period.thisMonth": "Tento mesiac",
    "Boxes.Stats.Period.today": "Dnes",
    "Boxes.Stats.PeriodTitle.all": "Počas celej doby",
    "Boxes.Stats.PeriodTitle.last30days": "Zozbierané za posledných 30 dní",
    "Boxes.Stats.PeriodTitle.last7days": "Zozbierané za posledných 7 dní",
    "Boxes.Stats.PeriodTitle.sinceTuesday": "Zozbierané od utorka (CE začína v utorok)",
    "Boxes.Stats.PeriodTitle.thisMonth": "Zozbierané tento mesiac",
    "Boxes.Stats.PeriodTitle.today": "Zozbierané dnes",
    "Boxes.Stats.Rewards.Source.__event": "Event",
    "Boxes.Stats.Rewards.Source.battlegrounds_conquest": "CB",
    "Boxes.Stats.Rewards.Source.default": "Incidenty",
    "Boxes.Stats.Rewards.Source.diplomaticGifts": "Diplomatické dary",
    "Boxes.Stats.Rewards.Source.guildExpedition": "CE",
    "Boxes.Stats.Rewards.Source.pvp_arena": "PvP aréna",
    "Boxes.Stats.Rewards.Source.shards": "Črepy",
    "Boxes.Technologies.DescInStock": "Dostupné",
    "Boxes.Technologies.DescRequired": "Potrebné",
    "Boxes.Technologies.DescStillMissing": "<span style='color:#29b206'>Dostatok</span> / <span style='color:#ff4040'>Nedostatok</span>",
    "Boxes.Technologies.NoTechs": "Dosiahli ste koniec tejto éry",
    "Boxes.Technologies.Resource": "Prostriedky",
    "Boxes.Technologies.Title": "Výskum technológií",
    "Boxes.Units.Attack": "Útok",
    "Boxes.Units.Bind": "Pripojené",
    "Boxes.Units.Defend": "Obrana",
    "Boxes.Units.NextUnitsIn": "Ďalších __count__ jednotiek bude dostupných o <span class=\"alca-countdown\"></span> v __harvest__ Uhr",
    "Boxes.Units.NotFilled": "Nenaplnené",
    "Boxes.Units.Proportionally": "Úmerne",
    "Boxes.Units.Quantity": "Množstvo",
    "Boxes.Units.ReadyToLoot": "Pripravený rabovať!",
    "Boxes.Units.Status": "Stav",
    "Boxes.Units.Title": "Prehľad armády",
    "Boxes.Units.Unbind": "Nepripojené",
    "Boxes.Units.Unit": "Jednotka",
    "Eras.0": "Všetky éry",
    "Eras.1": "Doba kamenná",
    "Eras.10": "Moderná éra",
    "Eras.11": "Postmoderná éra",
    "Eras.12": "Súčasná éra",
    "Eras.13": "Zajtra",
    "Eras.14": "Budúcnosť",
    "Eras.15": "Arktická budúcnosť",
    "Eras.16": "Oceánska budúcnosť",
    "Eras.17": "Virtuálna budúcnosť",
    "Eras.18": "Kozmický vek Mars",
    "Eras.19": "Kozmický vek Pás asteroidov",
    "Eras.2": "Doba bronzová",
    "Eras.20": "Space Age Venus",
    "Eras.21": "Space Age Jupiter Moon",
    "Eras.3": "Doba železná",
    "Eras.4": "Raný stredovek",
    "Eras.5": "Vrcholný stredovek",
    "Eras.6": "Neskorý stredovek",
    "Eras.7": "Koloniálny vek",
    "Eras.8": "Priemyselná éra",
    "Eras.9": "Progresívna doba",
    "HiddenRewards.Positions.cityRoadBig": "dvojprúdová cesta",
    "HiddenRewards.Positions.cityRoadSmall": "cesta",
    "HiddenRewards.Positions.guildExpedition": "Cechová expedícia",
    "HiddenRewards.Positions.nature": "Príroda",
    "HiddenRewards.Positions.shore": "Breh",
    "HiddenRewards.Positions.water": "na vode",
    "HiddenRewards.Table.expires": "Vyprší o",
    "HiddenRewards.Table.position": "Umiestnenie",
    "HiddenRewards.Table.type": "Typ",
    "Local": "sk-SK",
    "Menu.Calculator.Desc": "Spočítať body vo všetkých VB",
    "Menu.Calculator.Title": "VB Kalkulačka",
    "Menu.Calculator.Warning": "Vypnuté: Najprv otvorte okno VB iného hráča!",
    "Menu.Campagne.Desc": "Prehľad prostriedkov potrebných na získanie provincie.",
    "Menu.Campagne.Title": "Mapa kontinentu",
    "Menu.Campagne.Warning": "Vypnuté: Najprv otvorte mapu kontinentu!",
    "Menu.Citymap.Desc": "Zobrazuje rozloženie Vášho mesta pohľadom zhora",
    "Menu.Citymap.Title": "Náhľad mesta",
    "Menu.HiddenRewards.Desc": "Prehľad incidentov",
    "Menu.HiddenRewards.Title": "Incidenty",
    "Menu.Info.Desc": "Zobrazuje informácie o tom, čo sa deje na  \"pozadí\"<br><em>Plní sa to informáciami ...</em>",
    "Menu.Negotiation.Desc": "Navrhuje presné ponuky pri vyjednávaní.",
    "Menu.Negotiation.Title": "Pomocník pri vyjednávaní",
    "Menu.Negotiation.Warning": "Vypnuté: Najprv spustite vyjednávanie!",
    "Menu.OutP.Desc": "Prehľad prostriedkov potrebných na dokončenie usadlosti.",
    "Menu.OutP.DescWarningBuildings": "<em id='outPW' class='tooltip-error'>Vypnuté: najprv navštívte usadlosť!<br></em>Prehľad prostriedkov potrebných na dokončenie usadlosti.",
    "Menu.OutP.DescWarningOutpostData": "<em id='outPW' class='tooltip-error'>Vypnuté: Spustite usadlosť a obnovte hru (F5)",
    "Menu.OutP.Title": "Usadlosť",
    "Menu.OwnpartCalculator.Desc": "Pomáha pri prispievaní do vlastných VB, počíta pozície ostatných prispievateľov, umožňuje kopírovať hodnoty",
    "Menu.OwnpartCalculator.Title": "VB kalkulačka (vlastné VB)",
    "Menu.OwnpartCalculator.Warning": "Vypnuté: Najprv otvorte okno niektorej svojej Veľkolepej budovy!",
    "Menu.Productions.Desc": "Zobrazuje stav produkcie (tovaru, zásob, mincí, medailí), spokojnosti a obyvateľstva v meste.",
    "Menu.Productions.Title": "Prehľad produkcie",
    "Menu.Settings.Desc": "Tu nájdete zopár možností nastavenia doplnku",
    "Menu.Settings.Title": "Nastavenia",
    "Menu.Technologies.Desc": "Poskytuje informácie o prostriedkoch potrebných na výskum technológií",
    "Menu.Technologies.Title": "Technológie",
    "Menu.Technologies.Warning": "Vypnuté: Najprv otvorte okno stromu technológií!",
    "Menu.Unit.Desc": "Celá Vaša armáda pokope",
    "Menu.Unit.Title": "Armáda",
    "Menu.Unit.Warning": "Zakázané: Najprv otvorte konzolu správy armády (U)!",
    "Settings.AutomaticNegotiation.Desc": "Automaticky otvoriť/zatvoriť asistenta vyjednávania pri vyjednávaní? Nie je k dispozícii v GBG.",
    "Settings.AutomaticNegotiation.Title": "Pomocník pri vyjednávaní",
    "Settings.ChangeLanguage.Desc": "Z rozbaľovacieho zoznamu vyberte preferovaný jazyk",
    "Settings.ChangeLanguage.Title": "Zmeniť jazyk",
    "Settings.ExportImport.Reload": "Hra sa teraz znova načíta už s vloženými nastaveniami.",
    "Settings.ExportSettings.Desc": "Ukladanie a obnovenie nastavení",
    "Settings.ExportSettings.Title": "Uloženie a obnovenie",
    "Settings.GlobalSend.Desc": "Ak chcete povoliť zber údajov, povoľte toto nastavenie. <br> Ak chcete, aby rozšírenie fungovalo samostatne, jednoducho toto nastavenie vypnite.",
    "Settings.GlobalSend.Title": "Prenos na server foe-helper.com",
    "Settings.Help.Desc": "Sú tu rôzne formy podpory:",
    "Settings.Help.Title": "Pomoc a komunita",
    "Settings.MenuContent.Title": "Obsah ponuky",
    "Settings.MenuLength.Desc": "Koľko položiek má obsahovať menu?<br> Prázdne okno alebo \"0\" znamená automatickú výšku.",
    "Settings.MenuLength.Title": "Výška menu",
    "Settings.NotificationPosition.ToastTestBody": "Toto je vybraná pozícia.<br>Kým vyskúšate ďalšiu pozíciu, počkajte kým nezmizne táto správa.",
    "Settings.NotificationPosition.ToastTestHeader": "Náhľad do upozornení",
    "Settings.NotificationsPosition.Title": "Umiestnenie upozornení",
    "Settings.NotificationsStack.Desc": "Koľko informačných správ chcete vidieť naraz? Maximálne 4.",
    "Settings.NotificationsStack.Title": "Upozornenia",
    "Settings.ResetBoxPositions.Button": "Obnoviť!",
    "Settings.ResetBoxPositions.Desc": "Obnoviť pozíciu a nastavenie všetkých okien?",
    "Settings.ResetBoxPositions.Title": "Pozícia okien",
    "Settings.SelectedMenu.Title": "Upraviť menu",
    "Settings.ShowInvestments.Title": "Zobrazenie počtu investovaných bodov",
    "Settings.ShowMapTradeWarning.Title": "Vyjednávanie",
    "Settings.ShowNotifications.Desc": "Asistent používa upozornenia na rôznych miestach. Môžeš ich tu zapnúť alebo vypnúť.",
    "Settings.ShowNotifications.Title": "Upozornenia",
    "Settings.ShowOwnPartOnAllGBs.Desc": "Ukáže kalkulačku na VB pre veľkolepé budovy iných hráčov",
    "Settings.ShowPlayerLinks.Desc": "Nahradiť všetky hráčske mená odkazmi na ich profil na ScoreDB",
    "Settings.ShowPlayerLinks.Title": "ukázať hráčov link",
    "Settings.ShowPlayersMotivation.Desc": "Mala by sa aktivita motivácií sledovať pri zvolávaní udalostí?<br><br><em>Po konverzii znova načítať hru</em>",
    "Settings.ShowPlayersMotivation.Title": "Aktivita motivovania",
    "Settings.ShowRougeUnitWarning.Desc": "Zobrazte okno nad tlačidlami „Útok“ alebo „Automatická bitka“, aby ste predišli náhodnému kliknutiu, keď po prvej vlne zostanú iba Rougeri.<br>Ak sú zabité jednotky z vyššej éry, toto okno vám dáva možnosť vyliečiť ich diamantmi. .",
    "Settings.ShowRougeUnitWarning.Title": "Vojnový asistent/Pozor rogue",
    "Settings.Tab.About": "O nás",
    "Settings.Tab.Boxes": "Nástroje",
    "Settings.Tab.Extension": "Všeobecné",
    "Settings.Tab.Sending": "Stiahnuť dáta",
    "Settings.Version.Desc": "Nižšie uvedené údaje je možné označiť a skopírovať.",
    "Settings.Version.GuildId": "ID cechu:",
    "Settings.Version.PlayerId": "ID hráča:",
    "Settings.Version.Title": "Verzia",
    "Settings.Version.World": "Svet:",
    "StrategyPoints.BuyableFP": "Množstvo FP, ktoré sa dá kúpiť za mince.",
    "_Language": "Slovenčina"
}
