﻿{
    "Boxes.Alerts.Form.Antiques.Auction": "Auktion",
    "Boxes.Alerts.Form.Antiques.Cooldown": "Auktion avsvalning",
    "Boxes.Alerts.Form.Antiques.Dealer": "Antikhandlare",
    "Boxes.Alerts.Form.Antiques.Exchange": "Daglig Handel",
    "Boxes.Alerts.Form.Battleground": "ISF Provinser",
    "Boxes.Alerts.Form.Body": "Kropp",
    "Boxes.Alerts.Form.Create": "Skapa",
    "Boxes.Alerts.Form.CreateAlert": "Skapa alarm",
    "Boxes.Alerts.Form.CreateAllSectors": "Skapa för alla sektorer",
    "Boxes.Alerts.Form.CreateNewAlert": "Skapa nytt alarm",
    "Boxes.Alerts.Form.Datetime": "Datum &amp; Tid",
    "Boxes.Alerts.Form.Delete": "Ta bort",
    "Boxes.Alerts.Form.Discard": "Kasta",
    "Boxes.Alerts.Form.Edit": "Ändra",
    "Boxes.Alerts.Form.EditAlert": "Ändra alarm",
    "Boxes.Alerts.Form.Expiration": "Öppnar i",
    "Boxes.Alerts.Form.Expired": "Utgången",
    "Boxes.Alerts.Form.Expires": "Utgår",
    "Boxes.Alerts.Form.Neighborhood": "Grannskap",
    "Boxes.Alerts.Form.Persistence": "Uthållighet",
    "Boxes.Alerts.Form.Persistence.Description": "Ska notifikationen hållas öppen tills användaren klickar på den?",
    "Boxes.Alerts.Form.Persistence.Off": "Av",
    "Boxes.Alerts.Form.Persistence.On": "På",
    "Boxes.Alerts.Form.Persistent": "Uthållig",
    "Boxes.Alerts.Form.Preset.Now": "Nu",
    "Boxes.Alerts.Form.Presets": "Förval",
    "Boxes.Alerts.Form.Preview": "Förhandsvisning",
    "Boxes.Alerts.Form.Repeat": "Repetera",
    "Boxes.Alerts.Form.Repeat.Every": "eller varje",
    "Boxes.Alerts.Form.Repeat.Never": "aldrig",
    "Boxes.Alerts.Form.Save": "Spara",
    "Boxes.Alerts.Form.Tag": "Etikett",
    "Boxes.Alerts.Form.Tag.Description": "Etiketter kan användas för att gruppera notifikationer (nyare notifikation ersätter äldre ifall de har samma etikett).",
    "Boxes.Alerts.Form.Title": "Titel",
    "Boxes.Alerts.Preferences.Auction.Info": "Skapa ny notifikation automatiskt när jag lägger bud hos Antikhandlaren.",
    "Boxes.Alerts.Preferences.Auction.Title": "Antikhandlare Auktion",
    "Boxes.Alerts.Preferences.Battlegrounds.Info": "Skicka en notifikation vid hög aktivitet i ISF (t.ex. 10 strider i samma sektor inom 5 sekunder). Observera att detta fungerar bara när ISF-fönstret är öppet!",
    "Boxes.Alerts.Preferences.Battlegrounds.Title": "ISF Bevakning",
    "Boxes.Alerts.Preferences.ComingSoon": "Kommer Snart...  ",
    "Boxes.Alerts.Preferences.Early.Info": "Automatiskt genererade alarmtider (Antikhandlare, Imperieslagfält osv) kommer använda denna offset för att skicka notifieringar innan en händelse faktist inträffar. T.ex. om du ställer detta till 30 kommer Auktion alarm visas 30 sekunder innan auktionen avslutas!",
    "Boxes.Alerts.Preferences.Early.Title": "Notifiera tidigare offset",
    "Boxes.Alerts.Preferences.InGame.Info": "Visa notifikation inne i spelet istället för standard skrivbord-notifikation när spel-fönstret är i fokus.",
    "Boxes.Alerts.Preferences.InGame.Title": "I-spel Notifikationer",
    "Boxes.Alerts.Preferences.MenuIcon.Info": "Visa nedräkning till nästa Alert som ett överlägg på huvudmenyns ikon",
    "Boxes.Alerts.Preferences.MenuIcon.Title": "Huvudmeny Nedräknare",
    "Boxes.Alerts.Preferences.Start.Info": "Visa en lista över Alerter som expirerat medans bortkopplad (spelfönstret stängt)",
    "Boxes.Alerts.Preferences.Start.Title": "Summering av expirerade Alerter vid Start",
    "Boxes.Alerts.Preferences.Suggestions.Info": "Visa Alert förslag (t.ex. vid klickande på en sektor i ISF, eller vid skörd)",
    "Boxes.Alerts.Preferences.Suggestions.Title": "Alarm förslag",
    "Boxes.Alerts.Tabs.Alerts": "Alarm",
    "Boxes.Alerts.Tabs.Preferences": "Inställningar",
    "Boxes.Alerts.Time.15m": "15m",
    "Boxes.Alerts.Time.1d": "1d",
    "Boxes.Alerts.Time.1h": "1h",
    "Boxes.Alerts.Time.1m": "1m",
    "Boxes.Alerts.Time.4h": "4h",
    "Boxes.Alerts.Time.5m": "5m",
    "Boxes.Alerts.Time.8h": "8h",
    "Boxes.BattleAssist.Text.NextEra": "Du har förlorat en enhet från en högre era (ovan din nuvarande). Du har dock möjlighet att hela den med diamanter!",
    "Boxes.BattleAssist.Text.Rogue": "Din arme består nu av enbart Skurkar. Antingen läk enhet(er) eller retirera!",
    "Boxes.BattleAssist.Title": "Stop!",
    "Boxes.BlueGalaxy.Building": "Byggnad",
    "Boxes.BlueGalaxy.Done": "Färdig",
    "Boxes.BlueGalaxy.DoneIn": "Färdig om",
    "Boxes.BlueGalaxy.DoneProductionsTitle": "Förslag: Skörda dessa byggnader",
    "Boxes.BlueGalaxy.EstimatedBonus": "Estimerad bonus: __FP__ FPs och __Goods__ gods",
    "Boxes.BlueGalaxy.FP": "FPs",
    "Boxes.BlueGalaxy.Goods": "Gods",
    "Boxes.BlueGalaxy.GoodsPerFP": "1 FP motsvarar __goods__ gods",
    "Boxes.BlueGalaxy.GoodsValue": "Värdering av 1 gods (i FP)",
    "Boxes.BlueGalaxy.NoChargesLeft": "Inga fler BG-försök återstår!",
    "Boxes.BlueGalaxy.NoProductionsDone": "Det finns inga färdiga FP produktioner",
    "Boxes.BlueGalaxy.TTGoodsValue": "Detta värde används för att ranka varu-byggnader. Hur många FP är en vara värd för dig?",
    "Boxes.BlueGalaxy.Title": "Den blå galaxen Hjälpreda",
    "Boxes.BonusService.aid_goods": "Återstående antal försök från Vapenvilans torn",
    "Boxes.BonusService.diplomatic_gifts": "Återstående försök från Diplomatiska gåvor.",
    "Boxes.BonusService.donequests": "Visa fullföljda uppdrag",
    "Boxes.BonusService.first_strike": "Återstående försök från Kraken.",
    "Boxes.BonusService.missile_launch": "Återstående försök från Jungfruprojektet.",
    "Boxes.BonusService.spoils_of_war": "Återstående försök från Spoils of War.",
    "Boxes.Calculator.ActiveRecurringQuest": "Aktiva Återkommande Uppdrag (Å.U):",
    "Boxes.Calculator.ArkBonus": "Nuvarande Ark-bonus",
    "Boxes.Calculator.AvailableFP": "Tillgängliga FP-pack",
    "Boxes.Calculator.BPs": "Ritning",
    "Boxes.Calculator.Commitment": "Kostnad",
    "Boxes.Calculator.Done": "Klart",
    "Boxes.Calculator.FP": "FP",
    "Boxes.Calculator.FriendlyInvestment": "Investeringsnivå:",
    "Boxes.Calculator.HelpLink": "https://foe-helper.com/docs/en/cost-calculator/",
    "Boxes.Calculator.LGNotConnected": "Byggnaden är inte väg-ansluten.",
    "Boxes.Calculator.LGNotOpen": "Denna MB's nästa nivå är LÅST.",
    "Boxes.Calculator.LevelWarning": "VARNING! Nivellerar detta MB!",
    "Boxes.Calculator.MaxLevel": "Max nivå",
    "Boxes.Calculator.Meds": "Medalj",
    "Boxes.Calculator.Profit": "Vinst",
    "Boxes.Calculator.Settings.Save": "Spara",
    "Boxes.Calculator.Settings.newValue": "Nytt Värde",
    "Boxes.Calculator.Step": "Nivå ",
    "Boxes.Calculator.TTForderCosts": "Kostnad = __nettoreward__<small>(netto vinst)</small> * __forderfactor__%<small>(din investering)</small> = __costs__",
    "Boxes.Calculator.TTForderFPStockLow": "VARNING: FP bank är för liten<br>Du har bara __fpstock__ of __costs__FP<br>Det är __tooless__FP för lite",
    "Boxes.Calculator.TTForderNegativeProfit": "Placering är inte säker. __fpcount__ FP ytterligare måste läggas.<br>Totalt för att säkra: __totalfp__ FP",
    "Boxes.Calculator.TTLevelWarning": "__fpcount__ FP för mycket!<br>Max investering: __totalfp__ FP",
    "Boxes.Calculator.TTLoss": "Belöning = __nettoreward__<small>(netto vinst)</small> * __arcfactor__%<small>(Ark bonus)</small> = __bruttoreward__<br>Kostnad: __costs__ - Place locked at: __safe__<br>Förlust = __costs__<small>(kostnader)</small> - __bruttoreward__<small>(belöning)</small> = __loss__",
    "Boxes.Calculator.TTLossSelf": "Belöning = __nettoreward__<small>(nettovinst)</small> * __arcfactor__%<small>(Ark bonus)</small> = __bruttoreward__<br>Betalat: __paid__<br>Förlust = __paid__<small>(betalat)</small> - __bruttoreward__<small>(belöning)</small> = __loss__",
    "Boxes.Calculator.TTPaidTooLess": "Du betalade __paid__FP istället för __topay__FP. Det är __tooless__FP för mycket.",
    "Boxes.Calculator.TTPaidTooMuch": "Du betalade __paid__FP istället för __topay__FP. Det är __toomuch__FP för lite.",
    "Boxes.Calculator.TTProfit": "Belöning = __nettoreward__<small>(netto vinst)</small> * __arcfactor__%<small>(Ark bonus)</small> = __bruttoreward__<br>Kostnad: __costs__ - Place locked at: __safe__<br>Vinst = __bruttoreward__<small>(belöning)</small> - __costs__<small>(kostnad)</small> = __profit__",
    "Boxes.Calculator.TTProfitSelf": "Belöning = __nettoreward__<small>(nettovinst)</small> * __arcfactor__%<small>(Ark bonus)</small> = __bruttoreward__<br>Betalat: __paid__<br>Vinst = __bruttoreward__<small>(belöning)</small> - __paid__<small>(betalat)</small> = __profit__",
    "Boxes.Calculator.Title": "Kostnadskalkylator",
    "Boxes.Calculator.Up2LevelUp": "Återstående FP för nivellering",
    "Boxes.Campagne.AlreadyDone": " Redan erövrad! Bra gjort :)",
    "Boxes.Campagne.DescInStock": "Tillgängliga",
    "Boxes.Campagne.DescRequired": "Behov",
    "Boxes.Campagne.DescStillMissing": "<span style='color:#29b206'>Överskott</span> / <span style='color:#ff4040'>Saknas</span>",
    "Boxes.Campagne.Resource": "Resurs",
    "Boxes.Campagne.Reward": "Total belöning ",
    "Boxes.Campagne.Title": "Erövringskostnad för ",
    "Boxes.CityMap.CavalierPerspecitve": "Högpunktsvy",
    "Boxes.CityMap.CopyMetaInfos": "Kopiera stadslayout",
    "Boxes.CityMap.Desc1": "För att kunna planera din stad behövs att du skickar din data till foe-helper.com<br> Detta fungerar även om du inte redan har ett konto där, i vilket fall du kan registrera dig i efterhand. Sen är det bara att sätta igång med ommöbleringen.",
    "Boxes.CityMap.FreeArea": "Ledig yta: ",
    "Boxes.CityMap.HighlightOldBuildings": "Högmarkera lägre Eras byggnader",
    "Boxes.CityMap.NormalPerspecitve": "Standard",
    "Boxes.CityMap.ShowSubmitBox": "Visa Skicka box",
    "Boxes.CityMap.Submit": "Skicka",
    "Boxes.CityMap.SubmitError": "Din stadslayout kunde inte skickas till servern. Vänligen rapportera detta fel direkt till ",
    "Boxes.CityMap.SubmitErrorHeader": "Fel inträffade",
    "Boxes.CityMap.SubmitSuccess": "Data skickades utan problem... Besök nu ",
    "Boxes.CityMap.SubmitSuccessHeader": "Skickat",
    "Boxes.CityMap.TitleSend": "Skicka Data",
    "Boxes.CityMap.ToastBodyCopyData": "Din stadslayout finns nu i urklippshanteraren",
    "Boxes.CityMap.ToastHeadCopyData": "Kopierad!",
    "Boxes.CityMap.WholeArea": "Total yta: ",
    "Boxes.CityMap.YourCity": "Din stad",
    "Boxes.CityMap.clan_power_production": "Imperiemakt produktion",
    "Boxes.CityMap.culture": "Kulturella Byggnader",
    "Boxes.CityMap.decoration": "Dekorationer",
    "Boxes.CityMap.goods": "Gods Byggnader",
    "Boxes.CityMap.greatbuilding": "Mäktiga Byggnader",
    "Boxes.CityMap.main_building": "Stadshus",
    "Boxes.CityMap.military": "Militära Byggnader",
    "Boxes.CityMap.production": "Förnödenhets Byggnader",
    "Boxes.CityMap.random_production": "Slumpmässig Produktion",
    "Boxes.CityMap.residential": "Bostads Byggnader",
    "Boxes.CityMap.street": "Vägar",
    "Boxes.CityMap.tower": "Torn",
    "Boxes.Citymap.Efficiency": "Effektivitet",
    "Boxes.DBExport.Compression": "kompression",
    "Boxes.DBExport.Description": "Beskrivning",
    "Boxes.DBExport.Export": "Export",
    "Boxes.DBExport.ExportData": "exportera data",
    "Boxes.DBExport.Import": "Import",
    "Boxes.DBExport.ImportDescription": "Klicka här eller dra en exporterad JSON/Zip -fil till detta fält för att importera data.",
    "Boxes.DBExport.ImportFileError": "Detta fält kan inte processas eller är inte i korrekt format.",
    "Boxes.DBExport.ImportPartlySuccessful": "Importen fullföljdes, dock med fel. Vänligen ladda om spelet.",
    "Boxes.DBExport.ImportSuccessful": "Importen fullföljdes korrekt. Vänligen ladda om spelet.",
    "Boxes.DBExport.LocalSettings": "Lokala inställningar",
    "Boxes.DBExport.Records": "Data",
    "Boxes.DBExport.ReloadPage": "Ladda om sidan",
    "Boxes.DBExport.Tables": "Tabeller",
    "Boxes.DBExport.Title": "Data Export/Import verktyg",
    "Boxes.DBExport.Type": "Typ",
    "Boxes.DBExport.WrongDBPlayerID": "Spelarens ID i databasen att importera matchar inte nuvarande konto.",
    "Boxes.DBExport.WrongDBWorld": "\"Världen\" i databasen att importera matchar inte nuvarande konto.",
    "Boxes.EventChests.Chance": "Chans",
    "Boxes.EventChests.Cost": "Kostnad",
    "Boxes.EventChests.CostPerPrize": "Kostnad/Pris",
    "Boxes.EventChests.CostPerStep": "Kostand/Steg",
    "Boxes.EventChests.MainPrize": "Huvudpris",
    "Boxes.EventChests.MainPrizeTitle": "Dagens pris: ",
    "Boxes.EventChests.Steps": "Steg",
    "Boxes.EventChests.Title": "Assistent till händelsekista",
    "Boxes.FPCollector.Guildexpedition": "Imperieexpedition",
    "Boxes.FPCollector.Guildfights": "Imperieslag",
    "Boxes.FPCollector.Mainmap": "Huvudkarta",
    "Boxes.FPCollector.NoEntriesFound": "Inget funnet ännu…",
    "Boxes.FPCollector.TotalFP": "FP Samlade Totalt:",
    "Boxes.FPCollector.What": "Vad?",
    "Boxes.FPCollector.Where": "Var?",
    "Boxes.FPCollector.Who": "Vem?",
    "Boxes.FPCollector.antiquesDealer": "Antikhandlaren",
    "Boxes.FPCollector.archeologyEvent": "Archeology Event Vase",
    "Boxes.FPCollector.archeologyEventAutoCollect": "Archeology Event Vase",
    "Boxes.FPCollector.battlegrounds_conquest": "ISF (efter förhandling eller strid)",
    "Boxes.FPCollector.card_duel": "Soccer Cup - Card Duel",
    "Boxes.FPCollector.chest": "IE belöning",
    "Boxes.FPCollector.chestEvent": "Event Belöning",
    "Boxes.FPCollector.chestEventGrandPrize": "Event league resultat",
    "Boxes.FPCollector.collectReward": "Belöning",
    "Boxes.FPCollector.dailyChallenges": "Dagligt Uppdrag",
    "Boxes.FPCollector.diplomaticGifts": "Rymdtransportör - Diplomatisk gåva",
    "Boxes.FPCollector.double_collection": "Den blå galaxen (x2)",
    "Boxes.FPCollector.guildExpedition": "IE Relik",
    "Boxes.FPCollector.hiddenReward": "Dold belöning",
    "Boxes.FPCollector.leagueReward": "League Reward",
    "Boxes.FPCollector.pickupProduction": "Stadshus skörd",
    "Boxes.FPCollector.plunderReward": "Plundring Belöning",
    "Boxes.FPCollector.pvp_arena": "PvP Arena",
    "Boxes.FPCollector.reward_calendar": "Event - Kalender",
    "Boxes.FPCollector.satDown": "Värdshusbesök",
    "Boxes.FPCollector.spoilsOfWar": "Himeji Castle (Stridsbyte)",
    "Boxes.FPCollector.st_patricks_event_grand_prize": "St. Patrick's Day - Första pris",
    "Boxes.FPCollector.st_patricks_task_reward": "St. Patrick's Day - Uppdragsbelöning",
    "Boxes.FPCollector.wildlife_event": "Vildmarksevent",
    "Boxes.FPCollector.winterEvent": "Vinterevent",
    "Boxes.FPCollector.winterEventGrandPrize": "Vinterevent - Första pris",
    "Boxes.General.Export": "Export",
    "Boxes.General.ExportCSV": "Exportera som CSV",
    "Boxes.General.ExportJSON": "Exportera som jSON",
    "Boxes.GexStat.CompareLast": "jämför sist",
    "Boxes.GexStat.Course": "Kurs",
    "Boxes.GexStat.DeleteDataOlderThan": "radera data äldre än",
    "Boxes.GexStat.Encounters": "Möten",
    "Boxes.GexStat.ExportLast": "exportera senaste",
    "Boxes.GexStat.General": "Allmänt",
    "Boxes.GexStat.Gex": "IE",
    "Boxes.GexStat.Level": "nivå",
    "Boxes.GexStat.Member": "medlem",
    "Boxes.GexStat.MemberParticipation": "Medlemsdeltagande",
    "Boxes.GexStat.Never": "aldrig",
    "Boxes.GexStat.Participant": "Deltagare",
    "Boxes.GexStat.ParticipationNoData": "Ingen data tillgänglig!<br />Besök bidrag-sidan för GE i översikten för att uppdatera datan.",
    "Boxes.GexStat.Player": "Spelare",
    "Boxes.GexStat.Points": "Poäng",
    "Boxes.GexStat.Rank": "rankning",
    "Boxes.GexStat.Ranking": "Rankning",
    "Boxes.GexStat.ResultsNoData": "Ingen data tillgänglig!<br />Besök resultat-sidan för GE i översikten för att uppdatera datan.",
    "Boxes.GexStat.Rounds": "rundor",
    "Boxes.GexStat.Save": "Spara",
    "Boxes.GexStat.ShowAxisLabel": "visa axis etikett",
    "Boxes.GexStat.Title": "IE statistik",
    "Boxes.GexStat.Week": "vecka",
    "Boxes.GexStat.Weeks": "veckor",
    "Boxes.GreatBuildings.ArcBonus": "Vänlig investering",
    "Boxes.GreatBuildings.Attack": "% Attack",
    "Boxes.GreatBuildings.AttackPerFP": "1 FP är lika med __percent__% bonus för attackerande armé",
    "Boxes.GreatBuildings.AttackValue": "Rating value of 1% bonus for attacking army (in FP)",
    "Boxes.GreatBuildings.BreakEven": "Går jämt ut om",
    "Boxes.GreatBuildings.BreakEvenTT": "Det kommer att ta __days__ dagar tills investeringen av __costs__ FP har returnerats med en daglig produktion av__fpproduction__ FP/dag",
    "Boxes.GreatBuildings.BreakEvenTTAttack": "Det kommer att ta __days__ dagar innan investeringen av __costs__ FP kommer tillbaka med en daglig produktion av __fpproduction__ FP/dag och __attackproduction__ % attack bonus (är lika med __attackproduction__ * __attackvalue__ = __attackproductionvalue__ FP/dag)",
    "Boxes.GreatBuildings.BreakEvenTTGoods": "Det kommer att ta __days__ dagar tills investeringen av __costs__ FP har returnerats med en daglig produktion av __fpproduction__ FP/dag och __goodsproduction__ gods/dag (jämställt __goodsproduction__ * __goodsvalue__ = __goodsproductionvalue__ FP/dag)",
    "Boxes.GreatBuildings.BreakEvenTTGoodsAttack": "Det kommer att ta __days__ dagar innan investeringen av __costs__ FP kommer tillbaka med en daglig produktion av __fpproduction__ FP/dag, __goodsproduction__ gods/dag (equals __goodsproduction__ * __goodsvalue__ = __goodsproductionvalue__ FP/dag) och __attackproduction__ % attack bonus (är lika med __attackproduction__ * __attackvalue__ = __attackproductionvalue__ FP/dag)",
    "Boxes.GreatBuildings.BreakEvenUnit": "__days__ dagar",
    "Boxes.GreatBuildings.Costs": "Kostnader",
    "Boxes.GreatBuildings.DailyFP": "Dagliga FP",
    "Boxes.GreatBuildings.DailyGoods": "Dagliga gods",
    "Boxes.GreatBuildings.FPCostGoods": "FP kostnader för gods",
    "Boxes.GreatBuildings.FPPerTile": "Nya byggnader: Dagliga FP/ruta från utbytta byggnader",
    "Boxes.GreatBuildings.GoodsPerFP": "1 FP är lika med __goods__ gods",
    "Boxes.GreatBuildings.GoodsValue": "Värdering av 1 __eraname__ gods (i FP)",
    "Boxes.GreatBuildings.GreatBulding": "Mäktig Byggnad",
    "Boxes.GreatBuildings.HelpLink": "https://foe-helper.com/docs/en/gb-investments/",
    "Boxes.GreatBuildings.HideNewGBs": "Göm ej byggda MB",
    "Boxes.GreatBuildings.Level": "Nivå",
    "Boxes.GreatBuildings.NewGBCostsTT": "Inkluderar kostnad i gods för att bygga MB't värderat till __goodcosts__ FP",
    "Boxes.GreatBuildings.NewGBFPProductionTT": "__tiles__ * __fppertile__ = __opcost__ FP har subtraherats. Dessa går förlorade vid borttagande av andra FP producerande byggnader för att få en yta av __tiles__ rutor till bygget av MB't.",
    "Boxes.GreatBuildings.RewardPerDay": "Ark: FP Belöningar/dag från andra spelare",
    "Boxes.GreatBuildings.ShowAttack": "Beräkna attack bonus",
    "Boxes.GreatBuildings.ShowGoods": "Beräkna gods produktion",
    "Boxes.GreatBuildings.SuggestionDescription": "MBs högst på listan ger bäst värde",
    "Boxes.GreatBuildings.SuggestionTitle": "FP MB ROI jämförd",
    "Boxes.GreatBuildings.TTFPPerTile": "Hur många dagliga FPs per ruta förloras för att skapa yta för nya MBs? Exempel: Du tar bort några Kunskapens helgedom för att bygga ett MB => 1FP/5 ruta = 0.2FP/ruta",
    "Boxes.GreatBuildings.TTGoodCosts": "MB ej byggt ännu. Detta är kostnaden i FP för att köpa det nödvändiga godset",
    "Boxes.GreatBuildings.TTGoodCostsColumn": "Visar kostnaden i FP för att köpa nödvändigt gods (gäller endast MB ännu ej byggda)",
    "Boxes.GreatBuildings.TTGoodsValue": "Detta värde används för att ranka gods-producerande byggnader. Hur många FP är en vara värd för dig?",
    "Boxes.GreatBuildings.TTRewardPerDay": "Valfritt: Hur många FP-belöningar får du per dag? Denna information används för att räkna ut profit på ytterligare nivåer på Arken. För estimering gå till: Stadshus > Nyheter > Händelsehistorik och skrolla igenom alla sidor",
    "Boxes.GreatBuildings.Title": "MB Investering Översikt",
    "Boxes.GuildFights.CopyToClipBoard.Desc": "Attack timer för vald provins har kopierats.",
    "Boxes.GuildFights.CopyToClipBoard.Title": "Kopierad!",
    "Boxes.GuildFights.Count": "i",
    "Boxes.GuildFights.DeleteAlert": "Radera notifikation",
    "Boxes.GuildFights.DeleteMessage.Desc": "Notifikationen för provins __provinceName__ har raderats!",
    "Boxes.GuildFights.DeleteMessage.Title": "Raderad!",
    "Boxes.GuildFights.Fights": "Strider",
    "Boxes.GuildFights.LastSnapshot": " - senaste översikt __time__ sen",
    "Boxes.GuildFights.Negotiations": "Förhandlingar",
    "Boxes.GuildFights.NoOwner": "Ingen ägare ännu",
    "Boxes.GuildFights.Owner": "Ägare",
    "Boxes.GuildFights.Player": "Spelare",
    "Boxes.GuildFights.Progress": "Förlopp",
    "Boxes.GuildFights.Province": "Provins",
    "Boxes.GuildFights.SaveAlert": "Provins __provinceName__ låser upp",
    "Boxes.GuildFights.SaveMessage.Desc": "Alerten för __provinceName__ sparades!",
    "Boxes.GuildFights.SaveMessage.Title": "Sparad!",
    "Boxes.GuildFights.SaveSettings": "Spara",
    "Boxes.GuildFights.SetAlert": "Ställ notifikation",
    "Boxes.GuildFights.ShowOwner": "Visa Imperium",
    "Boxes.GuildFights.Time": "vid",
    "Boxes.GuildFights.Title": "Spelaröversikt",
    "Boxes.GuildFights.Total": "Total",
    "Boxes.GuildMemberStat.AutoStartOnUpdate": "öppna översikt efter uppdatering",
    "Boxes.GuildMemberStat.Available": "tillgänglig",
    "Boxes.GuildMemberStat.Battles": "Strider",
    "Boxes.GuildMemberStat.ChangeView": "Ändra vy",
    "Boxes.GuildMemberStat.ConfirmNo": "Nej",
    "Boxes.GuildMemberStat.ConfirmYes": "Ja",
    "Boxes.GuildMemberStat.Date": "Datum",
    "Boxes.GuildMemberStat.Days": "dagar",
    "Boxes.GuildMemberStat.DeleteDataWarning": "Om du raderar tidigare sparad data försvinner de permanent.",
    "Boxes.GuildMemberStat.DeleteExMembersAfter": "radera ex-medlem efter",
    "Boxes.GuildMemberStat.DeleteGBGRound": "radera ISF-runda",
    "Boxes.GuildMemberStat.DeleteInactivityWarning": "radera inaktivitet-varning",
    "Boxes.GuildMemberStat.EraTreasuryGoods": "varor på lager i skattkammaren från eran",
    "Boxes.GuildMemberStat.Eras": "Eror",
    "Boxes.GuildMemberStat.FpForLevelUp": "FP för att nivellera upp",
    "Boxes.GuildMemberStat.GBFRound": "ISF-runda",
    "Boxes.GuildMemberStat.GEXWeek": "IE-vecka",
    "Boxes.GuildMemberStat.GbgParticipation": "ISF deltagande",
    "Boxes.GuildMemberStat.GexParticipation": "IE deltagande",
    "Boxes.GuildMemberStat.GotIt": "Jag förstår!",
    "Boxes.GuildMemberStat.GreatBuildings": "Mäktiga byggnader",
    "Boxes.GuildMemberStat.GuildBuildingNotification": "Besök dina medlemmars städer för att uppdatera byggnads-statistiken.",
    "Boxes.GuildMemberStat.GuildBuildings": "Imperium byggnader",
    "Boxes.GuildMemberStat.GuildGoods": "Skattkammare Varor",
    "Boxes.GuildMemberStat.GuildMembers": "Imperium-medlemmar",
    "Boxes.GuildMemberStat.GuildMessages": "Antal meddelande i gillets meddelande-center",
    "Boxes.GuildMemberStat.GuildPower": "Imperium-makt",
    "Boxes.GuildMemberStat.GuildSupportBuildings": "Stödpool-byggnader",
    "Boxes.GuildMemberStat.GuildTreasuryNotification": "Klicka på flik \"Skattkammare\" i gillets profil för att uppdatera datan.",
    "Boxes.GuildMemberStat.Inactivity": "Inaktivitet",
    "Boxes.GuildMemberStat.Instantly": "omedelbar",
    "Boxes.GuildMemberStat.LastUpdate": "senaste uppdatering",
    "Boxes.GuildMemberStat.Level": "Nivå",
    "Boxes.GuildMemberStat.MaxLevel": "max. nivå",
    "Boxes.GuildMemberStat.Member": "Medlem",
    "Boxes.GuildMemberStat.MemberActiviy": "Medlem aktivitet",
    "Boxes.GuildMemberStat.MemberLeavedGuild": "Spelaren finns ej längre i gillet.",
    "Boxes.GuildMemberStat.MemberWithoutGB": "Medlemmar utan __greatbuilding__",
    "Boxes.GuildMemberStat.MinLevel": "min. nivå",
    "Boxes.GuildMemberStat.Negotiations": "Förhandlingar",
    "Boxes.GuildMemberStat.Never": "aldrig",
    "Boxes.GuildMemberStat.Points": "Poäng",
    "Boxes.GuildMemberStat.ProducedTreasuryGoods": "producerat av gille-byggnader",
    "Boxes.GuildMemberStat.Rank": "Rank",
    "Boxes.GuildMemberStat.ResetMessageCounter": "återställ meddelande-räknare",
    "Boxes.GuildMemberStat.Search": "Sök",
    "Boxes.GuildMemberStat.ShowDeletedMembers": "visa fd medlemmar",
    "Boxes.GuildMemberStat.ShowSearchbar": "visa sökfält",
    "Boxes.GuildMemberStat.Title": "Imperium Medlem Översikt",
    "Boxes.GuildMemberStat.TotalGuildGoods": "Total över allt gods",
    "Boxes.GuildMemberStat.TotalGuildPower": "Total imperium-makt",
    "Boxes.GuildMemberStat.TreasuryGoods": "Skattkammare gods",
    "Boxes.GuildMemberStat.UnlockedLevel": "Upplåst nivå",
    "Boxes.GvGMap.Action.Drag": "Drag",
    "Boxes.GvGMap.Action.Edit": "Redigera",
    "Boxes.GvGMap.Action.Zoom": "Zoom",
    "Boxes.GvGMap.Guild.Name": "Imperium",
    "Boxes.GvGMap.Guild.Power": "Kraft",
    "Boxes.GvGMap.Guild.Sectors": "Sektorer",
    "Boxes.GvGMap.Guilds": "Imperium",
    "Boxes.GvGMap.Log": "Log",
    "Boxes.GvGMap.Log.Info": "Info",
    "Boxes.GvGMap.Log.NPC": "NPC",
    "Boxes.GvGMap.Log.Sector": "Sektor",
    "Boxes.GvGMap.Log.UnknownGuild": "Okänt imperium",
    "Boxes.GvGMap.Log.clan_defeated": "Imperium besegrat",
    "Boxes.GvGMap.Log.defender_damaged": "Försvar skadat",
    "Boxes.GvGMap.Log.defender_defeated": "Försvar besegrat",
    "Boxes.GvGMap.Log.defender_deployed": "Försvar placerat",
    "Boxes.GvGMap.Log.defender_replaced": "Försvar ersatt",
    "Boxes.GvGMap.Log.headquarter_placed": "HK placerat",
    "Boxes.GvGMap.Log.sector_conquered": "Sektor erövrad",
    "Boxes.GvGMap.Log.sector_independence_granted": "Freedom granted",
    "Boxes.GvGMap.Log.sector_slot_unlocked": "Slot unlocked",
    "Boxes.GvGMap.Log.siege_damaged": "Belägring skadad",
    "Boxes.GvGMap.Log.siege_defeated": "Belägring slagen",
    "Boxes.GvGMap.Log.siege_deleted": "Belägring raderad",
    "Boxes.GvGMap.Log.siege_deployed": "Belägring placerad",
    "Boxes.GvGMap.Sector.Coords": "Koord.",
    "Boxes.GvGMap.Sector.Hitpoints": "Hitpoints",
    "Boxes.GvGMap.Sector.Power": "Makt",
    "Boxes.GvGMap.Sector.Protected": "Sektor är skyddad",
    "Boxes.GvGMap.Title": "GvG karta",
    "Boxes.HiddenRewards.Disappears": "Försvinner",
    "Boxes.HiddenRewards.HelpLink": "https://foe-helper.com/docs/2/incidents",
    "Boxes.HiddenRewards.NoEvents": "Inga händelser visade.",
    "Boxes.HiddenRewards.Title": "Gömda händelser",
    "Boxes.Infobox.Filter": "Filter",
    "Boxes.Infobox.FilterAuction": "Auktiongit st",
    "Boxes.Infobox.FilterGex": "IE",
    "Boxes.Infobox.FilterGuildFights": "Imperiestrider",
    "Boxes.Infobox.FilterLevel": "MB",
    "Boxes.Infobox.FilterMessage": "Meddelanden",
    "Boxes.Infobox.FilterTrade": "Handel",
    "Boxes.Infobox.Messages.Auction": "'<strong>__player__</strong> har precis budat __amount__ Samlarmynt.",
    "Boxes.Infobox.Messages.GEX": "<strong>__player__</strong> har precis fått __points__ poäng i IE.",
    "Boxes.Infobox.Messages.GildFightOccupied": "Provins <span style=\"color:#ffb539\">__provinceName__</span> togs över av <span style=\"color:__attackerColor__;text-shadow: 0 1px 1px __attackerShadow__\">__attackerName__</span> och är låst tills __untilOccupied__.",
    "Boxes.Infobox.Messages.LevelUp": "__player__'s __building__ byggnad har just nått nivå __level__.<br>Du tog plats <strong>__rank__th</strong> och fick <strong>__fps__</strong> FP tillbaka.",
    "Boxes.Infobox.Messages.MsgBuilding": "__building__ - Nivå __level__",
    "Boxes.Infobox.Messages.Trade": "<strong>__player__</strong> accepterade ditt bud.<br />Du fick __needValue__ __need__ for __offerValue__ __offer__.",
    "Boxes.Infobox.Messages.Welcome": "Välkommen till <strong>Infobox</strong>! Då detta fönster är öppet kommer det att visa bakgrund-händelser (dvs. chat meddelanden, ISF och auktionsbud, etc)",
    "Boxes.Infobox.ResetBox": "Töm",
    "Boxes.Infobox.Title": "Informationshubb",
    "Boxes.Infobox.UnknownConversation": "Okänd Konversation",
    "Boxes.Investment.AllUpToDate": "Sidan Händelsehistorik nyligen uppdaterad",
    "Boxes.Investment.AllUpToDateDesc": "Denna information har redan blivit insamlad",
    "Boxes.Investment.CurrReward": "Nuvarande vinst: ",
    "Boxes.Investment.DateParseError": "Fel vid tolkning av datum",
    "Boxes.Investment.DateParseErrorDesc": "Datum-värdet \"__InvalidDate__\" kunde inte tolkas",
    "Boxes.Investment.HiddenGB": "Dolt MB",
    "Boxes.Investment.InvestBar": "Investerat FP: ",
    "Boxes.Investment.Overview.AdditionalColumns": "Ytterligare kolumner",
    "Boxes.Investment.Overview.Blueprints": "Ritningar",
    "Boxes.Investment.Overview.Building": "Byggnad",
    "Boxes.Investment.Overview.EntryTime": "Tidpunkt",
    "Boxes.Investment.Overview.EntryTimeDesc": "När noterades den första depositionen?",
    "Boxes.Investment.Overview.HideGB": "Dölj MB från kalkylering och lista.",
    "Boxes.Investment.Overview.Invested": "Investerat",
    "Boxes.Investment.Overview.InvestedDesc": "Hur många FP har investerats",
    "Boxes.Investment.Overview.Medals": "Medaljer",
    "Boxes.Investment.Overview.Player": "Spelare",
    "Boxes.Investment.Overview.Profit": "Profit",
    "Boxes.Investment.Overview.ProfitDesc": "profit uppnådd; Gul = Rank är inte säker; Röd/Grön = Förlust/Profit garanterad",
    "Boxes.Investment.Overview.Progress": "Progress",
    "Boxes.Investment.Overview.RemainingFP": "återstående FP",
    "Boxes.Investment.Overview.RestFP": "Återstod FP",
    "Boxes.Investment.Overview.RestFPDesc": "Antal FP som återstår för att öka nivån",
    "Boxes.Investment.Overview.SettingsEntryTime": "visa tidpunkt",
    "Boxes.Investment.Overview.SettingsHiddenGB": "visa dolda MB",
    "Boxes.Investment.Overview.SettingsRestFP": "återstående FP",
    "Boxes.Investment.Overview.SettingsSave": "Spara",
    "Boxes.Investment.Overview.SettingsUnsafeCalc": "kalkylera endast säker profit/förlust",
    "Boxes.Investment.PlayerFound": "Nya händelser funna!",
    "Boxes.Investment.PlayerFoundCount": "Insamlade __count__ nya spelar-händelser",
    "Boxes.Investment.PlayerFoundCounter": "__count__ nya spelar-händelser upptäckta.",
    "Boxes.Investment.Rank": "Rankning",
    "Boxes.Investment.Safe": "säker",
    "Boxes.Investment.Title": "Investera",
    "Boxes.Investment.TotalFP": "Bank + cirkulation + vinst: ",
    "Boxes.Investment.UpToDate": "Investering-listan uppdaterades för senast 30 minuter sedan.",
    "Boxes.Investment.UpdateRequired": "Investering-listan är äldre än 30 minuter. Uppdatera listan i Stadshuset.",
    "Boxes.Kits.Extensions": "Expansioner",
    "Boxes.Kits.InStock": "I lager",
    "Boxes.Kits.KitName": "Kit-Namn",
    "Boxes.Kits.Name": "Namn",
    "Boxes.Kits.SelectionKit": "Väljarkit",
    "Boxes.Kits.Title": "Byggnads / väljar -kit",
    "Boxes.Kits.ToggleButtonActive": "Dölj saknade delar",
    "Boxes.Kits.ToggleButtonInActive": "Visa saknade delar",
    "Boxes.Kits.UpgradeKit": "Uppgraderingskit",
    "Boxes.Market.AllGoods": "Allt gods",
    "Boxes.Market.MaxResults": "Max resultat",
    "Boxes.Market.MinQuantity": "Min. Kvantitet.",
    "Boxes.Market.Need": "Behov",
    "Boxes.Market.NeedColumn": "Behov",
    "Boxes.Market.NeedTT": "__era__<br>Du har: __stock__",
    "Boxes.Market.Offer": "Erbjudande",
    "Boxes.Market.OfferColumn": "Erbjudande",
    "Boxes.Market.OfferTT": "__era__<br>Du har: __stock__",
    "Boxes.Market.OnlyAffordable": "Endast Överkomliga Erbjudanden",
    "Boxes.Market.PageColumn": "Sida",
    "Boxes.Market.PlayerColumn": "Spelare",
    "Boxes.Market.RateColumn": "Kurs",
    "Boxes.Market.Rating": "Värdering",
    "Boxes.Market.ShowOwnOffers": "Egna erbjudanden",
    "Boxes.Market.TTMinQuantity": "Välj minimum mängd gods erbjudet. Detta filter gäller INTE handel från imperiumets medlemmar",
    "Boxes.Market.Title": "Marknad filter",
    "Boxes.Market.TradeAdvantage": "Fördel",
    "Boxes.Market.TradeDisadvantage": "Handikapp",
    "Boxes.Market.TradeFair": "Rättvis",
    "Boxes.Market.TradeFairStock": "Rättvis (lägre lager)",
    "Boxes.Market.TradeFairStockTT": "Detta inkluderar alla rättvisa erbjudande där den erbjudna varan har en lägre lagerföring än den efterfrågade varan",
    "Boxes.Market.TradeForEqual": "Samma",
    "Boxes.Market.TradeForGoods": "Erbjudande Era",
    "Boxes.Market.TradeForHigher": "Högre",
    "Boxes.Market.TradeForLower": "Lägre",
    "Boxes.Market.TradePartner": "Partners",
    "Boxes.Market.TradePartnerFriend": "Vänner",
    "Boxes.Market.TradePartnerGuild": "Imperium medlemmar",
    "Boxes.Market.TradePartnerNeighbor": "Grannar",
    "Boxes.MoppelHelper.Attacks": "Attacker",
    "Boxes.MoppelHelper.Days": "__days__ dag(ar)",
    "Boxes.MoppelHelper.Event": "Händelse",
    "Boxes.MoppelHelper.Friends": "Vänner",
    "Boxes.MoppelHelper.FriendsSocialTabTT": "Klicka på fliken \"Vänner\" i spelet för att låsa upp listan händelser för vänner",
    "Boxes.MoppelHelper.GBs": "MBs",
    "Boxes.MoppelHelper.GuildMembers": "Imperium medlemmar",
    "Boxes.MoppelHelper.GuildSocialTabTT": "Klicka på fliken \"Imperiummedlemmar\" i spelet för att låsa upp listan händelser för Imperium medlemmar",
    "Boxes.MoppelHelper.HeaderWarning": "UPPMÄRKSAMHET: För att uppdatera dessa värden, skrolla genom alla nya händelser i fliken: Stadshus > Nyheter > Händelsehistorik ",
    "Boxes.MoppelHelper.MoppelEvents": "Motivera/Polera",
    "Boxes.MoppelHelper.Name": "Namn",
    "Boxes.MoppelHelper.Neighbors": "Grannar",
    "Boxes.MoppelHelper.NeighborsSocialTabTT": "Klicka på fliken \"Grannar\" i spelet för att låsa upp dessa händelser",
    "Boxes.MoppelHelper.Never": "ALDRIG",
    "Boxes.MoppelHelper.Plunders": "Plundra",
    "Boxes.MoppelHelper.Points": "Poäng",
    "Boxes.MoppelHelper.Rank": "Rank",
    "Boxes.MoppelHelper.TavernVisits": "Värdshus",
    "Boxes.MoppelHelper.Title": "Motivera/Polera Hjälpreda",
    "Boxes.MoppelHelper.Trades": "Handel",
    "Boxes.Negotiation.Average": "Preferens ordning",
    "Boxes.Negotiation.Canceled": "Förhandling har avbrytits",
    "Boxes.Negotiation.Chance": "Chans",
    "Boxes.Negotiation.DragDrop": "Du kan omorganisera ikonerna på medel via dra & släpp för att välja ordningen för första försöket.",
    "Boxes.Negotiation.GoodsCritical": "VARNING: Varulager på kritisk nivå!",
    "Boxes.Negotiation.GoodsLow": "VARNING: Varulagret är LÅGT!",
    "Boxes.Negotiation.HelpLink": "https://foe-helper.com/docs/2/negotioation-helper",
    "Boxes.Negotiation.Person": "Person",
    "Boxes.Negotiation.Round": "Omgång",
    "Boxes.Negotiation.SaveCurrentEraGoods": "Spara varor från nuvarande era?",
    "Boxes.Negotiation.SaveMedals": "Spara medaljer?",
    "Boxes.Negotiation.Stock": "Lager:",
    "Boxes.Negotiation.Success": "Framgång",
    "Boxes.Negotiation.TableLoadError": "Fel att ladda förhandlingstabell",
    "Boxes.Negotiation.Title": "Förhandlingshjälp",
    "Boxes.Negotiation.TryEnd": "Inga fler försök",
    "Boxes.Negotiation.WrongGoods": "Fel vara vald, välj manuell för avslut",
    "Boxes.Negotiation.confirmGoodsMissmatch": "Ok",
    "Boxes.Notice.ContentHeadIsFriend": "Vän",
    "Boxes.Notice.ContentHeadIsGuild": "Imperiemedlem",
    "Boxes.Notice.ContentHeadIsNeighbor": "Grannskap",
    "Boxes.Notice.DeleteGroup": "Radera grupp och platser",
    "Boxes.Notice.DeleteItem": "Radera plats",
    "Boxes.Notice.DummyHeading": "Din huvudtitel",
    "Boxes.Notice.Edit": "Redigera",
    "Boxes.Notice.GlobalSendRequired": "Denna modul fungerar bara med \"Ladda upp till foe-helper.com\" aktiverad.<br>Aktivera detta för att använda noteringarna.",
    "Boxes.Notice.GroupName": "Gruppnamn",
    "Boxes.Notice.HelpLink": "https://foe-helper.com/docs/2/notes",
    "Boxes.Notice.ModalChoosePlayer": "Välj spelare",
    "Boxes.Notice.ModalMissingPlayers": "Saknas det spelare i listan? I så fall stäng denna box, klicka på de andra två flikarna längst ner i \"Sociala menyn\" (Grannar, Imperiemedlem, Vänner) och öppna denna box igen.",
    "Boxes.Notice.NewGroup": "Grupp",
    "Boxes.Notice.NewGroupDesc": "Skapa en grupp först... ",
    "Boxes.Notice.NewPlayer": "Spelare",
    "Boxes.Notice.NewSide": "Plats",
    "Boxes.Notice.Save": "Spara",
    "Boxes.Notice.SelectPlayerGroupDefault": "-- Skapa en spelare-grupp ? --",
    "Boxes.Notice.SelectPlayerGroupFriend": "Vänner",
    "Boxes.Notice.SelectPlayerGroupGuild": "Imperiemedlemmar",
    "Boxes.Notice.SelectPlayerGroupNeighbor": "Grannar",
    "Boxes.Notice.SideName": "Platsnamn",
    "Boxes.Notice.Sorting": "Sorterar",
    "Boxes.Notice.Title": "Noteringar",
    "Boxes.Outpost.DescInStock": "Tillgängliga",
    "Boxes.Outpost.DescRequired": "Behov",
    "Boxes.Outpost.DescStillMissing": "<span style='color:#29b206'>Överskott</span> / <span style='color:#ff4040'>Saknas</span>",
    "Boxes.Outpost.ExpansionsSum": "Expansion",
    "Boxes.Outpost.ShowSums": "Visa summa:",
    "Boxes.Outpost.Title": "Varor från bosättning",
    "Boxes.Outpost.TitleBuildings": "Byggnad",
    "Boxes.Outpost.TitleFree": "Tillgänglig",
    "Boxes.Outpost.TitleShort": "Bosättningar Resursöversikt - ",
    "Boxes.Outpost.infoLine": "__runNumber__. run, Bonus x4 Chans: __chanceX4__%",
    "Boxes.Outpost.nextTile": "nästa expansion",
    "Boxes.Outpost.tileNotPlanned": "av",
    "Boxes.OwnpartCalculator.All": "Alla",
    "Boxes.OwnpartCalculator.Arc": "Ark",
    "Boxes.OwnpartCalculator.Auto": "Auto",
    "Boxes.OwnpartCalculator.AutoWithUnsafe": "Auto + Ej låst",
    "Boxes.OwnpartCalculator.BPs": "Ritning",
    "Boxes.OwnpartCalculator.BuildingName": "Byggnad",
    "Boxes.OwnpartCalculator.CopyValues": "Kopiera värden",
    "Boxes.OwnpartCalculator.Deposit": "Insats",
    "Boxes.OwnpartCalculator.Done": "Klart",
    "Boxes.OwnpartCalculator.ExistingPayments": "Existerande investeringar",
    "Boxes.OwnpartCalculator.Ext": "Extra",
    "Boxes.OwnpartCalculator.GBsNoted": "__GBCount__ noterat",
    "Boxes.OwnpartCalculator.HelpLink": "https://foe-helper.com/docs/en/gb-calculator/",
    "Boxes.OwnpartCalculator.IncludeData": "Inkluderad data",
    "Boxes.OwnpartCalculator.LGTotalFP": "MB Total-FP",
    "Boxes.OwnpartCalculator.Lock": "Säker",
    "Boxes.OwnpartCalculator.Meds": "Medalj",
    "Boxes.OwnpartCalculator.NoPlaceAvailable": "Ingen plats tillgänglig",
    "Boxes.OwnpartCalculator.NoPlaceSafe": "Inga säkra platser",
    "Boxes.OwnpartCalculator.Note": "Anteckning",
    "Boxes.OwnpartCalculator.OldLevel": "Förra nivån",
    "Boxes.OwnpartCalculator.OptionsDescending": "Fallande",
    "Boxes.OwnpartCalculator.OptionsFP": "Forskningspoäng",
    "Boxes.OwnpartCalculator.OptionsGB": "Namn byggnad",
    "Boxes.OwnpartCalculator.OptionsLevel": "Nivå",
    "Boxes.OwnpartCalculator.OptionsLevelUp": "Öka nivån",
    "Boxes.OwnpartCalculator.OptionsOwnPart": "Ägares bidrag",
    "Boxes.OwnpartCalculator.OptionsPlayer": "Spelare",
    "Boxes.OwnpartCalculator.Order": "Ordning",
    "Boxes.OwnpartCalculator.OwnPart": "Egen del",
    "Boxes.OwnpartCalculator.OwnPartRemaining": "Kvar",
    "Boxes.OwnpartCalculator.OwnPartShort": "OB",
    "Boxes.OwnpartCalculator.PatronPart": "Andras del",
    "Boxes.OwnpartCalculator.Place": "Plats",
    "Boxes.OwnpartCalculator.Places": "Platser",
    "Boxes.OwnpartCalculator.PlayerName": "Spelare",
    "Boxes.OwnpartCalculator.PowerLeveling": "Turbo-nivellering",
    "Boxes.OwnpartCalculator.Preview": "Förhandsvisa",
    "Boxes.OwnpartCalculator.Step": "Nivå",
    "Boxes.OwnpartCalculator.Title": "MB kalkylator",
    "Boxes.OwnpartCalculator.Trust": "Trust",
    "Boxes.PowerLeveling.CopyValues": "Kopiera värden",
    "Boxes.PowerLeveling.DoubleCollection": "Dubbelskörd",
    "Boxes.PowerLeveling.Level": "Nivå",
    "Boxes.PowerLeveling.MaxLevel": "Max nivå",
    "Boxes.PowerLeveling.OwnPartBrutto": "Egen del brutto",
    "Boxes.PowerLeveling.OwnPartNetto": "Egen del netto",
    "Boxes.PowerLeveling.OwnPartSum": "Egen del summa",
    "Boxes.PowerLeveling.P1": "Plats 1",
    "Boxes.PowerLeveling.P2": "Plats 2",
    "Boxes.PowerLeveling.P3": "Plats 3",
    "Boxes.PowerLeveling.P4": "Plats 4",
    "Boxes.PowerLeveling.P5": "Plats 5",
    "Boxes.PowerLeveling.Title": "Turbo-nivellering",
    "Boxes.Productions.Done": "Färdigt",
    "Boxes.Productions.GoodEraTotal": "Total",
    "Boxes.Productions.GuildGoods": "Skattkammare gods",
    "Boxes.Productions.GuildPower": "Imperiummakt",
    "Boxes.Productions.Happiness": "Glädje",
    "Boxes.Productions.Headings.Done": "Färdigt",
    "Boxes.Productions.Headings.all": "Alla",
    "Boxes.Productions.Headings.amount": "Antal",
    "Boxes.Productions.Headings.area": "Area",
    "Boxes.Productions.Headings.clan_power_production": "Imperiummakt",
    "Boxes.Productions.Headings.culture": "Kulturbyggnad",
    "Boxes.Productions.Headings.decoration": "Dekoration",
    "Boxes.Productions.Headings.earning": "Tid till skörd",
    "Boxes.Productions.Headings.efficiency": "Effiktivitet",
    "Boxes.Productions.Headings.era": "Era",
    "Boxes.Productions.Headings.goods": "Varubyggnader",
    "Boxes.Productions.Headings.greatbuilding": "MBs",
    "Boxes.Productions.Headings.main_building": "Stadshus",
    "Boxes.Productions.Headings.name": "Namn",
    "Boxes.Productions.Headings.number": "Nummer",
    "Boxes.Productions.Headings.production": "Produktionsbyggnader",
    "Boxes.Productions.Headings.random_production": "Slumpmässig produktion",
    "Boxes.Productions.Headings.residential": "Bostadsbyggnad",
    "Boxes.Productions.Headings.size": "Storlek inkl. gator",
    "Boxes.Productions.Headings.street": "Vägar",
    "Boxes.Productions.ModeCurrent": "Nuvarande",
    "Boxes.Productions.ModeDaily": "Daglig prod.",
    "Boxes.Productions.ModeGroups": "Gruppera",
    "Boxes.Productions.ModeSingle": "Enkel",
    "Boxes.Productions.NoAsteroidDataWarning": "Varor från Asteriodbältet är inte inkluderade. Besök din asteriodbältes koloni och öppna igen",
    "Boxes.Productions.NoMarsDataWarning": "Varor från Mars är inte inkluderade. Besök din mars koloni och öppna igen",
    "Boxes.Productions.NoVenusDataWarning": "Gods från Venus är ej inkluderat. Besök din Venus utpost och öppna sedan boxen igen",
    "Boxes.Productions.SearchInput": "Sök byggnad... ",
    "Boxes.Productions.SizeTT": "Storlek inkluderar genomsnittligt behov av vägar för __streetnettosize__ rutor",
    "Boxes.Productions.TTGoodsEra": "Denna kolumn visar eran på byggnaden, INTE eran på det producerade godset",
    "Boxes.Productions.Title": "Nuvarande Produktionsöversikt (Daglig)",
    "Boxes.Productions.Total": "Total: ",
    "Boxes.Productions.Units": "Enheter",
    "Boxes.Productions.att_boost_attacker": "Attackerande Attack armé-boost (AA%)",
    "Boxes.Productions.att_boost_defender": "Attackerande Defensiv armé-boost (AD%)",
    "Boxes.Productions.def_boost_attacker": "Defensiv Attack armé-boost (DA%)",
    "Boxes.Productions.def_boost_defender": "Defensiv Defensiv armé-boost (DD%)",
    "Boxes.Productions.goods": "Gods",
    "Boxes.ProductionsRating.BuildingName": "Byggnad",
    "Boxes.ProductionsRating.Enabled": "Aktiverad",
    "Boxes.ProductionsRating.ProdPerTile": "Förväntad daglig produktion/ruta",
    "Boxes.ProductionsRating.Results": "Resultat",
    "Boxes.ProductionsRating.Score": "Resultat",
    "Boxes.ProductionsRating.Settings": "Inställningar",
    "Boxes.ProductionsRating.Title": "Byggnaders effektivitets-värdering",
    "Boxes.Settings.Active": "Aktiv",
    "Boxes.Settings.DeletedBoxCoordsBody": "Alla koordinater, alla boxar, raderade.",
    "Boxes.Settings.DeletedBoxCoordsHead": "Raderad!",
    "Boxes.Settings.Inactive": "Inaktiv",
    "Boxes.Settings.Title": "Inställningar",
    "Boxes.Stats.BtnAll": "Alla",
    "Boxes.Stats.BtnAllPlayableEras": "Alla eror",
    "Boxes.Stats.BtnAllPlayableErasTitle": "Välj alla spelbara eror (utom: Ingen era, Speciel)",
    "Boxes.Stats.BtnAllTittle": "Eror + Ingen era + Speciel",
    "Boxes.Stats.BtnChartType.delta": "Delta",
    "Boxes.Stats.BtnChartType.line": "Linje",
    "Boxes.Stats.BtnChartType.streamgraph": "Ström",
    "Boxes.Stats.BtnChartTypeTitle.delta": "Öka/minska graf",
    "Boxes.Stats.BtnChartTypeTitle.line": "Linje diagram",
    "Boxes.Stats.BtnChartTypeTitle.streamgraph": "Ström diagram",
    "Boxes.Stats.BtnLastEras": "Sista två erorna",
    "Boxes.Stats.BtnLastErasTitle": "Välj nuvarande och föregående era",
    "Boxes.Stats.BtnMyEra": "Min era",
    "Boxes.Stats.BtnNoEra": "Ingen era",
    "Boxes.Stats.BtnSource.statsGBGPlayers": "Imperieslagfält",
    "Boxes.Stats.BtnSource.statsRewards": "Belöning",
    "Boxes.Stats.BtnSource.statsTreasureClanD": "Imperieskattkamare - d",
    "Boxes.Stats.BtnSource.statsTreasureClanH": "Imperieskattkamare - h",
    "Boxes.Stats.BtnSource.statsTreasurePlayerD": "Skattkamare per dag",
    "Boxes.Stats.BtnSource.statsTreasurePlayerH": "Skattkammare",
    "Boxes.Stats.BtnSource.statsUnitsD": "Enheter - per dag",
    "Boxes.Stats.BtnSource.statsUnitsH": "Enheter - per timme",
    "Boxes.Stats.BtnToggleAnnotations": "GvG notation",
    "Boxes.Stats.BtnToggleAnnotationsTitle": "Visar kostnad av varor på GvG karta.",
    "Boxes.Stats.BtnToggleGroupBy": "Gruppera på era",
    "Boxes.Stats.BtnToggleGroupByTitle": "Gruppera efter namn",
    "Boxes.Stats.Era": "Era",
    "Boxes.Stats.HelpLink": "https://foe-helper.com/docs/en/statistics/",
    "Boxes.Stats.Period.all": "Alla",
    "Boxes.Stats.Period.last30days": "Sista 30 dagar",
    "Boxes.Stats.Period.last7days": "Sista 7 dagar",
    "Boxes.Stats.Period.sinceTuesday": "Sedan tisdag",
    "Boxes.Stats.Period.thisMonth": "Denna månad",
    "Boxes.Stats.Period.today": "Idag",
    "Boxes.Stats.PeriodTitle.all": "Över all tid",
    "Boxes.Stats.PeriodTitle.last30days": "Samlat senaste 30 dagar",
    "Boxes.Stats.PeriodTitle.last7days": "Samlat senaste 7 dagarna",
    "Boxes.Stats.PeriodTitle.sinceTuesday": "Samlat sedan tisdag (IE startar på tisdag)",
    "Boxes.Stats.PeriodTitle.thisMonth": "Samlat denna månad",
    "Boxes.Stats.PeriodTitle.today": "Samlat idag",
    "Boxes.Stats.Rewards.Source.__event": "Event",
    "Boxes.Stats.Rewards.Source.battlegrounds_conquest": "ISF",
    "Boxes.Stats.Rewards.Source.default": "Incidenter",
    "Boxes.Stats.Rewards.Source.diplomaticGifts": "Diplomatgåvor",
    "Boxes.Stats.Rewards.Source.guildExpedition": "IE",
    "Boxes.Stats.Rewards.Source.pvp_arena": "PvP arena",
    "Boxes.Stats.Rewards.Source.shards": "Skärvor",
    "Boxes.Stats.Rewards.Source.spoilsOfWar": "Krigsbyte",
    "Boxes.Stats.Rewards.SourceTitle.__event": "Belöning från säsong eller special event",
    "Boxes.Stats.Rewards.SourceTitle.battlegrounds_conquest": "Belöning från Imperieslagfält",
    "Boxes.Stats.Rewards.SourceTitle.default": "Belöningar från incidenter",
    "Boxes.Stats.Rewards.SourceTitle.diplomaticGifts": "Diplomatgåvor insamlade av rymdtransportör",
    "Boxes.Stats.Rewards.SourceTitle.guildExpedition": "Belöningar från Imperiexpedition med reliktempel",
    "Boxes.Stats.Rewards.SourceTitle.pvp_arena": "PvP arena belöningar",
    "Boxes.Stats.Rewards.SourceTitle.shards": "Mystiska skärvor (Flygande ön)",
    "Boxes.Stats.Rewards.SourceTitle.spoilsOfWar": "Belöningar från Himeji-slott",
    "Boxes.Stats.SourceTitle.statsGBGPlayers": "ISF-spelares Poängtavla",
    "Boxes.Stats.SourceTitle.statsRewards": "Dina belöningar från Himeji-slott, Reliktempel, Imperieslagfält",
    "Boxes.Stats.SourceTitle.statsTreasureClanD": "Imperieskattkammare - per dag",
    "Boxes.Stats.SourceTitle.statsTreasureClanH": "Imperieskattkammare - per timme",
    "Boxes.Stats.SourceTitle.statsTreasurePlayerD": "Din skattkamare per dag",
    "Boxes.Stats.SourceTitle.statsTreasurePlayerH": "Din skattkammare per timme",
    "Boxes.Stats.SourceTitle.statsUnitsD": "Enheter - per dag",
    "Boxes.Stats.SourceTitle.statsUnitsH": "Enheter - per time",
    "Boxes.Stats.Title": "Statistik Översikt",
    "Boxes.Technologies.DescInStock": "Tillgängligt",
    "Boxes.Technologies.DescRequired": "Behov",
    "Boxes.Technologies.DescStillMissing": "<span style='color:#29b206'>Överskott</span> / <span style='color:#ff4040'>Saknas</span>",
    "Boxes.Technologies.IgnoreCurrentEraOptional": "Ignorera valfria teknologier i nuvarande/högre eror",
    "Boxes.Technologies.IgnorePrevEra": "Ignorera valfria teknologier från tidigare eror",
    "Boxes.Technologies.NoTechs": "Du har nått slutet av denna era",
    "Boxes.Technologies.Resource": "Resurs",
    "Boxes.Technologies.Title": "Forskningskostnad för",
    "Boxes.Treasury.Action": "Meddelande",
    "Boxes.Treasury.Amount": "Mängd",
    "Boxes.Treasury.DateTime": "Datum/Tid",
    "Boxes.Treasury.Era": "Era",
    "Boxes.Treasury.Export": "Exportera",
    "Boxes.Treasury.Message": "Skrolla igenom alla sidor och klicka på EXPORT knappen",
    "Boxes.Treasury.PlayerID": "Spelare-ID",
    "Boxes.Treasury.PlayerName": "Spelare namn",
    "Boxes.Treasury.Reset": "Återställ",
    "Boxes.Treasury.Resource": "gods",
    "Boxes.Treasury.RowNumber": "Rader processade",
    "Boxes.Treasury.Title": "Imperieskattkammare Export-log",
    "Boxes.Units.AlcaHarvest": "Din Alcatraz är redo att farma!",
    "Boxes.Units.Attack": "Attack",
    "Boxes.Units.Bind": "Bunden",
    "Boxes.Units.Defend": "Försvar%",
    "Boxes.Units.NextUnitsIn": "Nästa __count__ enheter kommer om <span class=\"alca-countdown\"></span> vid __harvest__ Uhr",
    "Boxes.Units.NotFilled": "Inte fylld",
    "Boxes.Units.Proportionally": "Proportionellt",
    "Boxes.Units.Quantity": "Antal",
    "Boxes.Units.ReadyToLoot": "Redo att plundra!",
    "Boxes.Units.Status": "Status",
    "Boxes.Units.Title": "Arméöversikt",
    "Boxes.Units.Unbind": "Obunden",
    "Boxes.Units.Unit": "Trupp",
    "Boxes.UnitsGex.NoUnitsAvailable": "Ingen data tillgänglig. Tryck [U] för att starta konsol \"Arméhantering\"",
    "Boxes.mapTradeWarning.Text": "Prevention",
    "Boxes.mapTradeWarning.Title": "Handel",
    "Date": "YYYY-MM-DD",
    "DateShort": "DD-MMM",
    "DateTime": "YYYY-MM-DD HH:mm",
    "Eras.0": "Alla eror",
    "Eras.1": "Stenåldern",
    "Eras.10": "Modern tid",
    "Eras.11": "Postmodern tid",
    "Eras.12": "Nutid",
    "Eras.13": "Morgondagen",
    "Eras.14": "Framtiden",
    "Eras.15": "Arktisk framtid",
    "Eras.16": "Oceanisk framtid",
    "Eras.17": "Virtuell framtid",
    "Eras.18": "Rymdålder Mars",
    "Eras.19": "Rymdålder Asteriodbälte",
    "Eras.2": "Bronsåldern",
    "Eras.20": "Rymdålder Venus",
    "Eras.21": "Space Age Jupiter Moon",
    "Eras.3": "Järnåldern",
    "Eras.4": "Tidig medeltid",
    "Eras.5": "Högmedeltid",
    "Eras.6": "Senmedeltid",
    "Eras.7": "Kolonialåldern",
    "Eras.8": "Industriåldern",
    "Eras.9": "Progressiva eran",
    "Eras.GvGAllAge": "Alla eror",
    "Global.BoxTitle": "FoE Assistant",
    "GvG.Independences.Tooltip": "Antal \"Bevilja frihet\" du gjort sen senaste beräkning.",
    "GvG.Independences.Tooltip.Warning": "Kan vara missvisande, om du spelar på flera olika datorer.",
    "HiddenRewards.Positions.cityRoadBig": "Stor väg",
    "HiddenRewards.Positions.cityRoadSmall": "Liten väg",
    "HiddenRewards.Positions.culturalOutpost": "Skärvor - Bosättning",
    "HiddenRewards.Positions.guildExpedition": "Imperieexpedition",
    "HiddenRewards.Positions.nature": "Natur",
    "HiddenRewards.Positions.shore": "Strand",
    "HiddenRewards.Positions.water": "I vattnet",
    "HiddenRewards.Table.expires": "Försvinner",
    "HiddenRewards.Table.position": "Plats",
    "HiddenRewards.Table.type": "Typ",
    "Kits.Sets.Abandoned_Asylum": "Övergiven anstalt",
    "Kits.Sets.Altar_Garden": "Altarträdgård",
    "Kits.Sets.Art_Exhibition": "Konstutställning",
    "Kits.Sets.Celtic_Forest_Set": "Keltisk skog",
    "Kits.Sets.Cherry_Garden_Set": "Körsbärsträdgård",
    "Kits.Sets.Cider_Mill": "Äppelmusteri",
    "Kits.Sets.Classical_Garden_Set": "Klassisk trädgård",
    "Kits.Sets.Colossus": "Koloss",
    "Kits.Sets.FountainSet": "Indisk fontän",
    "Kits.Sets.Grand_Bridge": "Storbron",
    "Kits.Sets.Graveyard": "Kyrkogård",
    "Kits.Sets.Greater_Runestone": "Större runsten",
    "Kits.Sets.Guard_Post": "Vaktpost",
    "Kits.Sets.Hall_of_Fame": "Hall of Fame",
    "Kits.Sets.Harvest_Farm_Set": "Skördelada",
    "Kits.Sets.Hippodrome": "Hippodrom",
    "Kits.Sets.Indian_Palace_Set": "Indiskt palats set",
    "Kits.Sets.Obelisk": "Obelisk",
    "Kits.Sets.Pagoda": "Pagoda",
    "Kits.Sets.Piazza_Set": "Piazza",
    "Kits.Sets.Pillar_of_Heroes": "Hjältarnas pelare",
    "Kits.Sets.Pirate": "Piratskeppet",
    "Kits.Sets.Royal": "Regalskeppet",
    "Kits.Sets.September_Cottage": "Septemberstuga",
    "Kits.Sets.Statue_of_Honor": "Hedersstaty",
    "Kits.Sets.The_Crows_Nest": "Kråktornet",
    "Kits.Sets.The_Ship": "Skepp",
    "Kits.Sets.Tholos_of_Idols": "Idolernas tholos",
    "Kits.Sets.Timeless_Dojo": "Tidlös dojo",
    "Kits.Sets.Trader": "Handelsskepp",
    "Kits.Sets.Winners_Plaza": "Vinnarnas torg",
    "Kits.Sets.Winter_Spire": "Vinterspira",
    "Kits.Sets.Winter_Train": "Vintertåget",
    "Kits.Sets.Winter_Village_Set": "Vinterbyn",
    "Kits.Sets.Winterdeco_Set": "Vinterdekoration",
    "Kits.Sets.Worlds_Fair": "Världsutställning",
    "Local": "sv-SE",
    "Menu.Alerts.Desc": "Skapa och hantera påminnelser",
    "Menu.Alerts.Title": "Alerter",
    "Menu.Bluegalaxy.Desc": "Detta verktyg hjälper dig hitta de bästa byggnaderna att skörda med Den blå galaxen",
    "Menu.Bluegalaxy.Title": "Den blå galaxen Hjälpreda",
    "Menu.BottomBar": "Nederdel",
    "Menu.Box": "Som box",
    "Menu.Calculator.Desc": "Kalkylera alla placeringar i MB",
    "Menu.Calculator.Title": "Kostnadskalkylator",
    "Menu.Calculator.Warning": "Inaktiverad: Öppna en annan spelares MB först!",
    "Menu.Campagne.Desc": "Visar resurser krävda för att överta en sektor.",
    "Menu.Campagne.Title": "Kampanj",
    "Menu.Campagne.Warning": "Inaktiverad: Besök en provins först [M]!",
    "Menu.Citymap.Desc": "Visa din stad schematiskt från ovan",
    "Menu.Citymap.Title": "Stadsöversikt",
    "Menu.Dropdown": "Som fäll-ner",
    "Menu.GexStat.Desc": "Visar ditt imperiums IE resultat.",
    "Menu.GexStat.Title": "IE resultat",
    "Menu.Gildfight.Desc": "Visar nuvarande och kommande ISF-strider",
    "Menu.Gildfight.Title": "Imperieslagfält (ISF)",
    "Menu.Gildfight.Warning": "<em id='selectorCalc-Btn-closed' class='tooltip-error'>Inaktiverad: Besök ISF-kartan först!</em> ",
    "Menu.GuildMemberStat.Desc": "Statistik på en imperiemedlem",
    "Menu.GuildMemberStat.Title": "Imperiemedlem Översikt",
    "Menu.GuildMemberStat.Warning": "Ladda spelets översikt på imperiemedlemmar för att aktivera statistik",
    "Menu.HiddenRewards.Desc": "Översikt av händelser",
    "Menu.HiddenRewards.Title": "Gömda händelser",
    "Menu.Info.Desc": "Visar allt som händer i \"bakgrunden\"<br>.em>Fylls på med info…  </em>",
    "Menu.Info.Title": "Informationshubb",
    "Menu.Investment.Desc": "Lista på din senaste investeringar",
    "Menu.Investment.Title": "FP investeringar",
    "Menu.Kits.Desc": "Visar alla tillgängliga byggnader, Uppgraderingar och Väljarkit.",
    "Menu.Kits.Title": "Byggnadskit",
    "Menu.Market.Desc": "Visar och filtrerar alla erbjudanden på marknaden",
    "Menu.Market.Title": "Handels-filter",
    "Menu.Market.Warning": "Öppna handelskonsolen först [T]",
    "Menu.Moppelhelper.Desc": "Visar när dina vänner, imperiemedlemmar eller grannar senast motiverade, polerade, attackerade, plundrade, etc dina byggnader",
    "Menu.Moppelhelper.Title": "Motivering/Polering Hjälpreda",
    "Menu.Negotiation.Desc": "Välj resurser för lyckade förhandlingar.",
    "Menu.Negotiation.Title": "Förhandlingshjälp",
    "Menu.Negotiation.Warning": "Inaktiverad: Starta en förhandling först!",
    "Menu.Notice.Desc": "Notera vad som du inte vill glömma.",
    "Menu.Notice.Title": "Anteckningar",
    "Menu.Notification.Position.bottom-center": "nederst mitten",
    "Menu.Notification.Position.bottom-left": "nederst vänster",
    "Menu.Notification.Position.bottom-right": "nederst höger",
    "Menu.Notification.Position.mid-center": "mitten mitten",
    "Menu.Notification.Position.top-center": "överst mitten",
    "Menu.Notification.Position.top-left": "överst vänster",
    "Menu.Notification.Position.top-right": "överst höger",
    "Menu.OutP.Desc": "Visar resurser krävda för din bosättning.",
    "Menu.OutP.DescWarningBuildings": "<em id='outPW' class='tooltip-error'>Inaktiverad: Starta en bosättningen först!<br></em>Visar resurser krävda för din bosättning.",
    "Menu.OutP.DescWarningOutpostData": "<em id='outPW' class='tooltip-error'>Inaktiverat: Starta en bosättning och ladda om spelet (F5)",
    "Menu.OutP.Title": "Bosättning Översikt",
    "Menu.OwnpartCalculator.Desc": "Skapa en betalningsplan, beräkna externa placeringar och kopiera värden",
    "Menu.OwnpartCalculator.Title": "MB Kalkylator",
    "Menu.OwnpartCalculator.Warning": "Inaktiverad: Öppna en av dina MB först!",
    "Menu.Productions.Desc": "Visar en översikt av all produktion.",
    "Menu.Productions.Title": "Produktionsöversikt",
    "Menu.ProductionsRating.Desc": "Sök byggnader som producerar färre resurser per ruta än förväntat.",
    "Menu.ProductionsRating.Title": "Byggnaders effektivitets-värdering",
    "Menu.RightBar": "Höger",
    "Menu.SaveMessage.Desc": "Ny meny-ordning sparad",
    "Menu.SaveMessage.Title": "Sparad!",
    "Menu.Settings.Desc": "Här finns några inställningar",
    "Menu.Settings.Title": "Inställningar",
    "Menu.Stats.Desc": "Varor, enheter, belöningar, imperieslagfält",
    "Menu.Stats.Title": "Statistik",
    "Menu.Technologies.Desc": "Beräkna kostnad för forskning",
    "Menu.Technologies.Title": "Teknologier",
    "Menu.Technologies.Warning": "Inaktiverat: Öppna forskningsmenyn först!",
    "Menu.Unit.Desc": "Visar nuvarande status på dina militära enheter",
    "Menu.Unit.Title": "Arméer",
    "Menu.Unit.Warning": "Inaktiverad: Öppna din \"Arméhantering\" först<br>tangent [U]!",
    "Menu.fpCollector.Desc": "Visar alla FP skördade detaljerat, sorterat på typ, datum, varifrån och antal.",
    "Menu.fpCollector.Title": "FP-skörd Översikt",
    "Menu.greatbuildings.Desc": "Vilken FP producerande MB ska jag uppgradera härnäst?",
    "Menu.greatbuildings.Title": "MB Investering",
    "Menu.unitsGex.Desc": "???",
    "Menu.unitsGex.Title": "???",
    "Quests.CounterTooltip.Content": "Det finns en begränsning på 2000 avbrutna uppdrag per dag.",
    "Settings.About.Desc": "\"FoE Helper\" är en gratis webbläsare-plugin för \"Forge of Empires\" utvecklad för spelare av spelare. Detta verktyg är inte affilierat med InnoGames.",
    "Settings.About.RatingDesc": "Om du gillar vad du ser och vad vi gör, vänligen lämna en positiv recension där du installerade pluginen!",
    "Settings.About.RatingTitle": "Betygsätt pluginen",
    "Settings.About.Title": "Om FoE Helper",
    "Settings.About.TranslateDesc": "Hjälp översätta FoE Helper genom att registrera dig vid vårt översättnings-verktyg: ",
    "Settings.About.TranslateTitle": "Översättning",
    "Settings.AutoOpenInfoBox.Desc": "Ska Infoboxen öppnas automatiskt när spelet laddas?",
    "Settings.AutoOpenInfoBox.Title": "Auto-öppna Infoboxen",
    "Settings.AutomaticNegotiation.Desc": "Automatiskt Öppna/Stänga Förhandlingsassistenten vid förhandling? Ej tillgängligt för ISF.",
    "Settings.AutomaticNegotiation.Title": "Förhandlingsassistent",
    "Settings.ChangeLanguage.Desc": "Välj föredraget språk från listan",
    "Settings.ChangeLanguage.Title": "Byt språk",
    "Settings.EnableSound.Desc": "Aktivera ljudefffekter i tillägget.",
    "Settings.EnableSound.Title": "Aktivera ljud",
    "Settings.Entry.About": "Om",
    "Settings.Entry.AutoOpenInfoBox": "Infoboxen",
    "Settings.Entry.AutomaticNegotiation": "Förhandlingsassistenten",
    "Settings.Entry.ChangeLanguage": "Språk",
    "Settings.Entry.EnableSound": "Aktivera ljud",
    "Settings.Entry.ExportSettings": "Import / Export",
    "Settings.Entry.GlobalSend": "Ladda upp",
    "Settings.Entry.Help": "Hjälp",
    "Settings.Entry.InfoboxEntryCount": "Infobox instansräknare",
    "Settings.Entry.MenuContent": "Menyinnehåll",
    "Settings.Entry.MenuLength": "Menylängd",
    "Settings.Entry.NotificationsPosition": "Notifiering position",
    "Settings.Entry.NotificationsStack": "Notifiering stacks",
    "Settings.Entry.ResetBoxPositions": "Box Koordinater",
    "Settings.Entry.SelectedMenu": "Menyposition",
    "Settings.Entry.Show2kQuestMark": "Uppdrag 2k-gräns",
    "Settings.Entry.ShowBlueGalaxyHelper": "Den blå galaxen",
    "Settings.Entry.ShowEventChest": "Eventets överraskingslåda",
    "Settings.Entry.ShowGuildTreasuryLogExport": "Imperieskattkammare Export-log",
    "Settings.Entry.ShowInvestments": "Visar summa FP-investeringar",
    "Settings.Entry.ShowMapTradeWarning": "Förhandlings-blockerare",
    "Settings.Entry.ShowMarketFilter": "Marknadsfilter",
    "Settings.Entry.ShowNotifications": "Notifikationer",
    "Settings.Entry.ShowOwnPartOnAllGBs": "MB kalkylator",
    "Settings.Entry.ShowPlayerLinks": "Spelare länkar",
    "Settings.Entry.ShowPlayersMotivation": "Motivation aktivitet",
    "Settings.Entry.ShowRougeUnitWarning": "Strids-assistent/Skurk-varning",
    "Settings.Entry.Version": "Version",
    "Settings.ExportImport.Error": "Detta är inte en giltig fil med inställingar!",
    "Settings.ExportImport.Reload": "Spelet kommer nu att laddas om med de importerade inställningarna.",
    "Settings.ExportSettings.Desc": "Sparar och återställer inställningarna",
    "Settings.ExportSettings.OpenImportExportTool": "Öppna import/export verktyg",
    "Settings.ExportSettings.Title": "Spara och Återställa",
    "Settings.GlobalSend.Desc": "Om du vill spåra och dela data med ditt imperium, klicka här.<br>För enskild instans, inaktivera och ingen data kommer att laddas upp.",
    "Settings.GlobalSend.Title": "Överföring till foe-helper.com",
    "Settings.Help.Desc": "Det finns flera sätt att få support:",
    "Settings.Help.Discord": "Discord: anslut till vår server för allmän diskussion om tillägget, chat och support.",
    "Settings.Help.Forums": "Forum: här kan du få support och lämna idéer, ävensom rapportera buggar.",
    "Settings.Help.Github": "GitHub: för mer tekniska bugg-rapporter, påtagliga idéer samt hjälp med utvecklandet.",
    "Settings.Help.Title": "Hjälp och Community",
    "Settings.Help.Website": "Webbplats: information och dokumentation om tillägget och dess finesser.",
    "Settings.InfoboxEntryCount.Desc": "Hur många element ska Infoboxen visa  och spara?<br>Tom eller \"0\" betyder ändlöst.",
    "Settings.InfoboxEntryCount.Title": "Infobox Entry Räknare",
    "Settings.MenuContent.Desc": "Vilka knappar vill du ha i menyn?<br>Grön: visa knapp. Röd: visa inte knapp.",
    "Settings.MenuContent.Title": "Menyinnehåll",
    "Settings.MenuLength.Desc": "Hur många element högt ska menyn vara?<br> Tom eller \"0\" betyder automatisk höjd.",
    "Settings.MenuLength.Title": "Meny längd",
    "Settings.NotificationPosition.ToastTestBody": "Detta är den position du har valt.<br>Innan du testar nästa position, vänta tills detta meddelande försvinner.",
    "Settings.NotificationPosition.ToastTestHeader": "Förhandsvisning",
    "Settings.NotificationsPosition.Desc": "Var på skärmen vill du att notifikationerna dyker upp?",
    "Settings.NotificationsPosition.Title": "Notifiering position",
    "Settings.NotificationsStack.Desc": "Hur många info-meddelanden vill du se på en gång? Standard är max 4.",
    "Settings.NotificationsStack.Title": "Notify stacks",
    "Settings.ResetBoxPositions.Button": "Ta bort!",
    "Settings.ResetBoxPositions.Desc": "Ska alla dialog kordinater bli nollställda?",
    "Settings.ResetBoxPositions.Title": "Dialog kordinater",
    "Settings.SelectedMenu.Desc": "Välj din föredragna meny från släpp-ner-listan (spelet kommer att laddas om automatiskt)",
    "Settings.SelectedMenu.Title": "Ändra meny",
    "Settings.Show2kQuestMark.Desc": "Visar en liten indikator med en räknare på hur många uppdrag du fortfarande kan hoppa över.",
    "Settings.Show2kQuestMark.Title": "Markering vid 2000 uppdrag",
    "Settings.ShowBlueGalaxyHelper.Desc": "Visar ett verktyg som föreslår byggnader att skörda efter skörd av Den blå galaxen",
    "Settings.ShowBlueGalaxyHelper.Title": "Visar Den blå galaxen Hjälpreda",
    "Settings.ShowEventChest.Desc": "Visar ett fönster med chans-summering på event-priset",
    "Settings.ShowEventChest.Title": "Visar event kista box",
    "Settings.ShowGuildTreasuryLogExport.Desc": "Visar verktyg för att exportera log över imperieskattkammaren närdet fönstret öppnas",
    "Settings.ShowGuildTreasuryLogExport.Title": "Visar verktyg för att eportera log över imperieskattkammaren",
    "Settings.ShowInvestments.Desc": "Visar FP investeringar i MBn när du går in i fliken \"Stadshus\"> \"Nyheter\"> \"Mäktiga byggnader\".",
    "Settings.ShowInvestments.Title": "Visa summering av FP investeringar",
    "Settings.ShowMapTradeWarning.Desc": "Visar ett fönster som täcker knappen \"Förhandla\" i provinser för att förhindra oavsiktliga klick ",
    "Settings.ShowMapTradeWarning.Title": "Förhandlings-blockerare",
    "Settings.ShowMarketFilter.Desc": "Visar ett verktyg som kan filtrera erbjudanden på marknaden när det öppnas.",
    "Settings.ShowMarketFilter.Title": "Visa verktyg för marknadsfilter",
    "Settings.ShowNotifications.Desc": "Assistenten visar notifikationer på varierande ställen. Du kan styra det här.",
    "Settings.ShowNotifications.Title": "Notifieringar",
    "Settings.ShowOwnPartOnAllGBs.Desc": "Visa \"MB kalkylator\" även för andra spelares MB",
    "Settings.ShowOwnPartOnAllGBs.Title": "Visa \"MB kalkylator\" för alla MBs",
    "Settings.ShowPlayerLinks.Desc": "Ersätt alla spelares namn med länkar till deras profiler hos ScoreDB",
    "Settings.ShowPlayersMotivation.Desc": "Ska motiveringsaktivitet skickas när du kollar på händelsehistorik",
    "Settings.ShowPlayersMotivation.Title": "Motivation aktivitet",
    "Settings.ShowRougeUnitWarning.Desc": "Visar ett fönster över \"Attackera\" eller \"Autostrid\" för att förhindra oavsiktliga klick när endast Skurkar återstår efter första vågen.<br>Dessutom, om enheter från en högre era dog ger detta fönster dig en chans att hela dem med diamanter.",
    "Settings.ShowRougeUnitWarning.Title": "Strids-assistent / Skurk-varning",
    "Settings.Tab.About": "Om",
    "Settings.Tab.Boxes": "Boxar",
    "Settings.Tab.Extension": "Allmänt",
    "Settings.Tab.Sending": "Ladda upp data",
    "Settings.Version.Desc": "Datan nedan kan markeras och kopieras.",
    "Settings.Version.GuildId": "Imperium id:",
    "Settings.Version.Link": "<a target='_blank' href='https://foe-helper.com/extension/update?v=__version__&lang=en'  class='game-cursor'>Log senaste ändringar</a>",
    "Settings.Version.PlayerId": "Spelar id:",
    "Settings.Version.Title": "Version",
    "Settings.Version.World": "Värld:",
    "StrategyPoints.BuyableFP": "Antal FP som kan köpas med mynt.",
    "_Language": "Svenska"
}
