﻿{
	"TryCount": 5,
	"GoodCount": 2,
	"c": 100, "go": [5,2.5], "gu": [0,0,0,0,0],
	"r": {
		"2": {"c": 100, "go": [0,1], "gu": [255,255,255,255,1]},
		"8": {"c": 100, "go": [0,1], "gu": [255,255,255,1,255]},
		"10": {"c": 100, "go": [0,2], "gu": [255,255,255,1,1]},
		"32": {"c": 100, "go": [0,1], "gu": [255,255,1,255,255]},
		"34": {"c": 100, "go": [0,2], "gu": [255,255,1,255,1]},
		"40": {"c": 100, "go": [0,2], "gu": [255,255,1,1,255]},
		"42": {"c": 100, "go": [0,3], "gu": [255,255,1,1,1]},
		"128": {"c": 100, "go": [0,1], "gu": [255,1,255,255,255]},
		"130": {"c": 100, "go": [0,2], "gu": [255,1,255,255,1]},
		"136": {"c": 100, "go": [0,2], "gu": [255,1,255,1,255]},
		"138": {"c": 100, "go": [0,3], "gu": [255,1,255,1,1]},
		"160": {"c": 100, "go": [0,2], "gu": [255,1,1,255,255]},
		"162": {"c": 100, "go": [0,3], "gu": [255,1,1,255,1]},
		"168": {"c": 100, "go": [0,3], "gu": [255,1,1,1,255]},
		"170": {"c": 100, "go": [0,4], "gu": [255,1,1,1,1]},
		"512": {"c": 100, "go": [0,1], "gu": [1,255,255,255,255]},
		"514": {"c": 100, "go": [0,2], "gu": [1,255,255,255,1]},
		"520": {"c": 100, "go": [0,2], "gu": [1,255,255,1,255]},
		"522": {"c": 100, "go": [0,3], "gu": [1,255,255,1,1]},
		"544": {"c": 100, "go": [0,2], "gu": [1,255,1,255,255]},
		"546": {"c": 100, "go": [0,3], "gu": [1,255,1,255,1]},
		"552": {"c": 100, "go": [0,3], "gu": [1,255,1,1,255]},
		"554": {"c": 100, "go": [0,4], "gu": [1,255,1,1,1]},
		"640": {"c": 100, "go": [0,2], "gu": [1,1,255,255,255]},
		"642": {"c": 100, "go": [0,3], "gu": [1,1,255,255,1]},
		"648": {"c": 100, "go": [0,3], "gu": [1,1,255,1,255]},
		"650": {"c": 100, "go": [0,4], "gu": [1,1,255,1,1]},
		"672": {"c": 100, "go": [0,3], "gu": [1,1,1,255,255]},
		"674": {"c": 100, "go": [0,4], "gu": [1,1,1,255,1]},
		"680": {"c": 100, "go": [0,4], "gu": [1,1,1,1,255]},
		"682": {"c": 100, "go": [0,5], "gu": [1,1,1,1,1]}
	}

}
