{
	"TryCount": 4,
	"GoodCount": 3,
	"c": 100, "go": [3.556,3.354,2.35], "gu": [0,1,2,0,1],
	"r": {
		"2": {"c": 100, "go": [1,0,0.5], "gu": [255,255,255,255,0],
			"r": {
				"2": {"c": 100, "go": [0,0,1], "gu": [255,255,255,255,2]}
			}
		},
		"5": {"c": 100, "go": [1,1,0], "gu": [255,255,255,1,0]},
		"6": {"c": 100, "go": [1,0,1], "gu": [255,255,255,2,0]},
		"8": {"c": 100, "go": [0,1,0.5], "gu": [255,255,255,1,255],
			"r": {
				"8": {"c": 100, "go": [0,0,1], "gu": [255,255,255,2,255]}
			}
		},
		"9": {"c": 100, "go": [0,1,1], "gu": [255,255,255,1,2]},
		"10": {"c": 100, "go": [0,0,2], "gu": [255,255,255,2,2]},
		"17": {"c": 100, "go": [0,1,1], "gu": [255,255,1,255,2]},
		"18": {"c": 100, "go": [1,0,1], "gu": [255,255,0,255,2]},
		"20": {"c": 100, "go": [1,0,1], "gu": [255,255,0,2,255]},
		"21": {"c": 100, "go": [2,1.5,1], "gu": [255,255,0,1,0],
			"r": {
				"2": {"c": 100, "go": [0,0,1], "gu": [255,255,255,255,2]},
				"36": {"c": 100, "go": [0,1,1], "gu": [255,255,1,2,255]}
			}
		},
		"22": {"c": 100, "go": [2,0,1.5], "gu": [255,255,0,2,0],
			"r": {
				"2": {"c": 100, "go": [0,0,1], "gu": [255,255,255,255,2]}
			}
		},
		"24": {"c": 100, "go": [0,1,1], "gu": [255,255,1,2,255]},
		"25": {"c": 100, "go": [0,2,1.5], "gu": [255,255,1,1,2],
			"r": {
				"8": {"c": 100, "go": [0,0,1], "gu": [255,255,255,2,255]}
			}
		},
		"32": {"c": 100, "go": [1,0.5,0], "gu": [255,255,0,255,255],
			"r": {
				"32": {"c": 100, "go": [0,1,0], "gu": [255,255,1,255,255]}
			}
		},
		"33": {"c": 100, "go": [1,1,0], "gu": [255,255,1,255,0]},
		"34": {"c": 100, "go": [2,0,0], "gu": [255,255,0,255,0]},
		"36": {"c": 100, "go": [1,1,0], "gu": [255,255,0,1,255]},
		"37": {"c": 100, "go": [2,1.5,0], "gu": [255,255,0,1,0],
			"r": {
				"32": {"c": 100, "go": [0,1,0], "gu": [255,255,1,255,255]}
			}
		},
		"40": {"c": 100, "go": [0,2,0], "gu": [255,255,1,1,255]},
		"68": {"c": 100, "go": [1,1,0], "gu": [255,0,255,1,255]},
		"69": {"c": 100, "go": [2,1,0.667], "gu": [255,0,255,1,0],
			"r": {
				"2": {"c": 100, "go": [0,0,1], "gu": [255,255,255,255,2]},
				"128": {"c": 100, "go": [0,0,1], "gu": [255,2,255,255,255]}
			}
		},
		"72": {"c": 100, "go": [0,1,1], "gu": [255,2,255,1,255]},
		"73": {"c": 100, "go": [0,1,2], "gu": [255,2,255,1,2]},
		"80": {"c": 100, "go": [0,1,1], "gu": [255,2,1,255,255]},
		"81": {"c": 100, "go": [2,1,1.333], "gu": [255,0,1,255,0],
			"r": {
				"2": {"c": 100, "go": [0,0,1], "gu": [255,255,255,255,2]},
				"128": {"c": 100, "go": [0,0,1], "gu": [255,2,255,255,255]},
				"130": {"c": 100, "go": [0,0,2], "gu": [255,2,255,255,2]}
			}
		},
		"84": {"c": 100, "go": [2,1.5,1], "gu": [255,0,0,1,255],
			"r": {
				"36": {"c": 100, "go": [0,1,1], "gu": [255,255,1,2,255]},
				"128": {"c": 100, "go": [0,0,1], "gu": [255,2,255,255,255]}
			}
		},
		"85": {"c": 100, "go": [3,1.625,1.375], "gu": [255,0,0,1,0],
			"r": {
				"2": {"c": 100, "go": [0,0,1], "gu": [255,255,255,255,2]},
				"34": {"c": 100, "go": [0,1,1], "gu": [255,255,1,255,2]},
				"36": {"c": 100, "go": [0,1,1], "gu": [255,255,1,2,255]},
				"38": {"c": 100, "go": [0,1,2], "gu": [255,255,1,2,2]},
				"128": {"c": 100, "go": [0,0,1], "gu": [255,2,255,255,255]},
				"130": {"c": 100, "go": [0,0,2], "gu": [255,2,255,255,2]},
				"160": {"c": 100, "go": [0,1,1], "gu": [255,2,1,255,255]},
				"164": {"c": 100, "go": [0,1,2], "gu": [255,2,1,2,255]}
			}
		},
		"88": {"c": 100, "go": [0,2,1.5], "gu": [255,2,1,1,255],
			"r": {
				"8": {"c": 100, "go": [0,0,1], "gu": [255,255,255,2,255]}
			}
		},
		"89": {"c": 100, "go": [0,2,2.5], "gu": [255,2,1,1,2],
			"r": {
				"8": {"c": 100, "go": [0,0,1], "gu": [255,255,255,2,255]}
			}
		},
		"96": {"c": 100, "go": [1,1,0], "gu": [255,0,1,255,255]},
		"97": {"c": 100, "go": [2,1,0], "gu": [255,0,1,255,0]},
		"100": {"c": 100, "go": [2,1.5,0], "gu": [255,0,0,1,255],
			"r": {
				"32": {"c": 100, "go": [0,1,0], "gu": [255,255,1,255,255]}
			}
		},
		"101": {"c": 100, "go": [3,1.5,0], "gu": [255,0,0,1,0],
			"r": {
				"32": {"c": 100, "go": [0,1,0], "gu": [255,255,1,255,255]}
			}
		},
		"128": {"c": 100, "go": [1,0,0.5], "gu": [255,0,255,255,255],
			"r": {
				"128": {"c": 100, "go": [0,0,1], "gu": [255,2,255,255,255]}
			}
		},
		"130": {"c": 100, "go": [2,0,1], "gu": [255,0,255,255,0],
			"r": {
				"2": {"c": 100, "go": [0,0,1], "gu": [255,255,255,255,2]},
				"128": {"c": 100, "go": [0,0,1], "gu": [255,2,255,255,255]},
				"130": {"c": 100, "go": [0,0,2], "gu": [255,2,255,255,2]}
			}
		},
		"132": {"c": 100, "go": [1,0,1], "gu": [255,0,255,2,255]},
		"134": {"c": 100, "go": [2,0,1.667], "gu": [255,0,255,2,0],
			"r": {
				"2": {"c": 100, "go": [0,0,1], "gu": [255,255,255,255,2]},
				"128": {"c": 100, "go": [0,0,1], "gu": [255,2,255,255,255]}
			}
		},
		"136": {"c": 100, "go": [0,0,2], "gu": [255,2,255,2,255]},
		"138": {"c": 100, "go": [0,0,3], "gu": [255,2,255,2,2]},
		"144": {"c": 100, "go": [1,0,1], "gu": [255,2,0,255,255]},
		"146": {"c": 100, "go": [3,0,1.333], "gu": [255,0,0,255,0],
			"r": {
				"2": {"c": 100, "go": [0,0,1], "gu": [255,255,255,255,2]},
				"128": {"c": 100, "go": [0,0,1], "gu": [255,2,255,255,255]},
				"130": {"c": 100, "go": [0,0,2], "gu": [255,2,255,255,2]}
			}
		},
		"148": {"c": 100, "go": [2,0,1.5], "gu": [255,0,0,2,255],
			"r": {
				"128": {"c": 100, "go": [0,0,1], "gu": [255,2,255,255,255]}
			}
		},
		"150": {"c": 100, "go": [3,0,2], "gu": [255,0,0,2,0],
			"r": {
				"2": {"c": 100, "go": [0,0,1], "gu": [255,255,255,255,2]},
				"128": {"c": 100, "go": [0,0,1], "gu": [255,2,255,255,255]},
				"130": {"c": 100, "go": [0,0,2], "gu": [255,2,255,255,2]}
			}
		},
		"160": {"c": 100, "go": [2,0,0], "gu": [255,0,0,255,255]},
		"162": {"c": 100, "go": [3,0,0], "gu": [255,0,0,255,0]},
		"257": {"c": 100, "go": [1,1,0], "gu": [1,255,255,255,0]},
		"258": {"c": 100, "go": [1,0,1], "gu": [2,255,255,255,0]},
		"261": {"c": 100, "go": [1,2,0.667], "gu": [1,255,255,1,0],
			"r": {
				"8": {"c": 100, "go": [0,0,1], "gu": [255,255,255,2,255]},
				"512": {"c": 100, "go": [0,0,1], "gu": [2,255,255,255,255]}
			}
		},
		"262": {"c": 100, "go": [1,0,2], "gu": [2,255,255,2,0]},
		"272": {"c": 100, "go": [1,0,1], "gu": [2,255,0,255,255]},
		"273": {"c": 100, "go": [2,1.5,1], "gu": [1,255,0,255,0],
			"r": {
				"2": {"c": 100, "go": [0,0,1], "gu": [255,255,255,255,2]},
				"288": {"c": 100, "go": [0,1,1], "gu": [2,255,1,255,255]}
			}
		},
		"274": {"c": 100, "go": [2,0,1.5], "gu": [2,255,0,255,0],
			"r": {
				"2": {"c": 100, "go": [0,0,1], "gu": [255,255,255,255,2]}
			}
		},
		"276": {"c": 100, "go": [1,0.667,2], "gu": [2,255,0,2,255],
			"r": {
				"8": {"c": 100, "go": [0,1,0], "gu": [255,255,255,1,255]},
				"512": {"c": 100, "go": [0,1,0], "gu": [1,255,255,255,255]}
			}
		},
		"277": {"c": 100, "go": [2,2.375,1.375], "gu": [1,255,0,1,0],
			"r": {
				"2": {"c": 100, "go": [0,0,1], "gu": [255,255,255,255,2]},
				"8": {"c": 100, "go": [0,0,1], "gu": [255,255,255,2,255]},
				"10": {"c": 100, "go": [0,0,2], "gu": [255,255,255,2,2]},
				"36": {"c": 100, "go": [0,1,1], "gu": [255,255,1,2,255]},
				"288": {"c": 100, "go": [0,1,1], "gu": [2,255,1,255,255]},
				"292": {"c": 100, "go": [0,1,2], "gu": [2,255,1,2,255]},
				"512": {"c": 100, "go": [0,0,1], "gu": [2,255,255,255,255]},
				"514": {"c": 100, "go": [0,0,2], "gu": [2,255,255,255,2]}
			}
		},
		"278": {"c": 100, "go": [2,0,2.5], "gu": [2,255,0,2,0],
			"r": {
				"2": {"c": 100, "go": [0,0,1], "gu": [255,255,255,255,2]}
			}
		},
		"288": {"c": 100, "go": [1,1,0], "gu": [1,255,0,255,255]},
		"289": {"c": 100, "go": [2,1.5,0], "gu": [1,255,0,255,0],
			"r": {
				"32": {"c": 100, "go": [0,1,0], "gu": [255,255,1,255,255]}
			}
		},
		"292": {"c": 100, "go": [1,2,0], "gu": [1,255,0,1,255]},
		"293": {"c": 100, "go": [2,2.5,0], "gu": [1,255,0,1,0],
			"r": {
				"32": {"c": 100, "go": [0,1,0], "gu": [255,255,1,255,255]}
			}
		},
		"320": {"c": 100, "go": [1,1,0], "gu": [1,0,255,255,255]},
		"321": {"c": 100, "go": [2,1,0.667], "gu": [1,0,255,255,0],
			"r": {
				"2": {"c": 100, "go": [0,0,1], "gu": [255,255,255,255,2]},
				"128": {"c": 100, "go": [0,0,1], "gu": [255,2,255,255,255]}
			}
		},
		"324": {"c": 100, "go": [1,2,0.667], "gu": [1,0,255,1,255],
			"r": {
				"8": {"c": 100, "go": [0,0,1], "gu": [255,255,255,2,255]},
				"512": {"c": 100, "go": [0,0,1], "gu": [2,255,255,255,255]}
			}
		},
		"325": {"c": 100, "go": [2,2,1.333], "gu": [1,0,255,1,0],
			"r": {
				"2": {"c": 100, "go": [0,0,1], "gu": [255,255,255,255,2]},
				"8": {"c": 100, "go": [0,0,1], "gu": [255,255,255,2,255]},
				"10": {"c": 100, "go": [0,0,2], "gu": [255,255,255,2,2]},
				"128": {"c": 100, "go": [0,0,1], "gu": [255,2,255,255,255]},
				"136": {"c": 100, "go": [0,0,2], "gu": [255,2,255,2,255]},
				"512": {"c": 100, "go": [0,0,1], "gu": [2,255,255,255,255]},
				"514": {"c": 100, "go": [0,0,2], "gu": [2,255,255,255,2]},
				"640": {"c": 100, "go": [0,0,2], "gu": [2,2,255,255,255]}
			}
		},
		"336": {"c": 100, "go": [2,1.5,1], "gu": [1,0,0,255,255],
			"r": {
				"128": {"c": 100, "go": [0,0,1], "gu": [255,2,255,255,255]},
				"288": {"c": 100, "go": [0,1,1], "gu": [2,255,1,255,255]}
			}
		},
		"337": {"c": 100, "go": [3,1.625,1.375], "gu": [1,0,0,255,0],
			"r": {
				"2": {"c": 100, "go": [0,0,1], "gu": [255,255,255,255,2]},
				"34": {"c": 100, "go": [0,1,1], "gu": [255,255,1,255,2]},
				"128": {"c": 100, "go": [0,0,1], "gu": [255,2,255,255,255]},
				"130": {"c": 100, "go": [0,0,2], "gu": [255,2,255,255,2]},
				"160": {"c": 100, "go": [0,1,1], "gu": [255,2,1,255,255]},
				"288": {"c": 100, "go": [0,1,1], "gu": [2,255,1,255,255]},
				"290": {"c": 100, "go": [0,1,2], "gu": [2,255,1,255,2]},
				"416": {"c": 100, "go": [0,1,2], "gu": [2,2,1,255,255]}
			}
		},
		"340": {"c": 100, "go": [2,2.375,1.375], "gu": [1,0,0,1,255],
			"r": {
				"8": {"c": 100, "go": [0,0,1], "gu": [255,255,255,2,255]},
				"36": {"c": 100, "go": [0,1,1], "gu": [255,255,1,2,255]},
				"128": {"c": 100, "go": [0,0,1], "gu": [255,2,255,255,255]},
				"136": {"c": 100, "go": [0,0,2], "gu": [255,2,255,2,255]},
				"288": {"c": 100, "go": [0,1,1], "gu": [2,255,1,255,255]},
				"292": {"c": 100, "go": [0,1,2], "gu": [2,255,1,2,255]},
				"512": {"c": 100, "go": [0,0,1], "gu": [2,255,255,255,255]},
				"640": {"c": 100, "go": [0,0,2], "gu": [2,2,255,255,255]}
			}
		},
		"341": {"c": 100, "go": [3,2.5,1.818], "gu": [1,0,0,1,0],
			"r": {
				"2": {"c": 100, "go": [0,0,1], "gu": [255,255,255,255,2]},
				"8": {"c": 100, "go": [0,0,1], "gu": [255,255,255,2,255]},
				"10": {"c": 100, "go": [0,0,2], "gu": [255,255,255,2,2]},
				"34": {"c": 100, "go": [0,1,1], "gu": [255,255,1,255,2]},
				"36": {"c": 100, "go": [0,1,1], "gu": [255,255,1,2,255]},
				"38": {"c": 100, "go": [0,1,2], "gu": [255,255,1,2,2]},
				"128": {"c": 100, "go": [0,0,1], "gu": [255,2,255,255,255]},
				"130": {"c": 100, "go": [0,0,2], "gu": [255,2,255,255,2]},
				"136": {"c": 100, "go": [0,0,2], "gu": [255,2,255,2,255]},
				"138": {"c": 100, "go": [0,0,3], "gu": [255,2,255,2,2]},
				"160": {"c": 100, "go": [0,1,1], "gu": [255,2,1,255,255]},
				"164": {"c": 100, "go": [0,1,2], "gu": [255,2,1,2,255]},
				"288": {"c": 100, "go": [0,1,1], "gu": [2,255,1,255,255]},
				"290": {"c": 100, "go": [0,1,2], "gu": [2,255,1,255,2]},
				"292": {"c": 100, "go": [0,1,2], "gu": [2,255,1,2,255]},
				"294": {"c": 100, "go": [0,1,3], "gu": [2,255,1,2,2]},
				"416": {"c": 100, "go": [0,1,2], "gu": [2,2,1,255,255]},
				"420": {"c": 100, "go": [0,1,3], "gu": [2,2,1,2,255]},
				"512": {"c": 100, "go": [0,0,1], "gu": [2,255,255,255,255]},
				"514": {"c": 100, "go": [0,0,2], "gu": [2,255,255,255,2]},
				"640": {"c": 100, "go": [0,0,2], "gu": [2,2,255,255,255]},
				"642": {"c": 100, "go": [0,0,3], "gu": [2,2,255,255,2]}
			}
		},
		"352": {"c": 100, "go": [2,1.5,0], "gu": [1,0,0,255,255],
			"r": {
				"32": {"c": 100, "go": [0,1,0], "gu": [255,255,1,255,255]}
			}
		},
		"353": {"c": 100, "go": [3,1.5,0], "gu": [1,0,0,255,0],
			"r": {
				"32": {"c": 100, "go": [0,1,0], "gu": [255,255,1,255,255]}
			}
		},
		"356": {"c": 100, "go": [2,2.5,0], "gu": [1,0,0,1,255],
			"r": {
				"32": {"c": 100, "go": [0,1,0], "gu": [255,255,1,255,255]}
			}
		},
		"357": {"c": 100, "go": [3,2.5,0], "gu": [1,0,0,1,0],
			"r": {
				"32": {"c": 100, "go": [0,1,0], "gu": [255,255,1,255,255]}
			}
		},
		"384": {"c": 100, "go": [1,0,1], "gu": [2,0,255,255,255]},
		"386": {"c": 100, "go": [2,0,1.667], "gu": [2,0,255,255,0],
			"r": {
				"2": {"c": 100, "go": [0,0,1], "gu": [255,255,255,255,2]},
				"128": {"c": 100, "go": [0,0,1], "gu": [255,2,255,255,255]}
			}
		},
		"388": {"c": 100, "go": [1,0,2], "gu": [2,0,255,2,255]},
		"390": {"c": 100, "go": [2,0,2.667], "gu": [2,0,255,2,0],
			"r": {
				"2": {"c": 100, "go": [0,0,1], "gu": [255,255,255,255,2]},
				"128": {"c": 100, "go": [0,0,1], "gu": [255,2,255,255,255]}
			}
		},
		"400": {"c": 100, "go": [2,0,1.5], "gu": [2,0,0,255,255],
			"r": {
				"128": {"c": 100, "go": [0,0,1], "gu": [255,2,255,255,255]}
			}
		},
		"402": {"c": 100, "go": [3,0,2], "gu": [2,0,0,255,0],
			"r": {
				"2": {"c": 100, "go": [0,0,1], "gu": [255,255,255,255,2]},
				"128": {"c": 100, "go": [0,0,1], "gu": [255,2,255,255,255]},
				"130": {"c": 100, "go": [0,0,2], "gu": [255,2,255,255,2]}
			}
		},
		"404": {"c": 100, "go": [2,0,2.5], "gu": [2,0,0,2,255],
			"r": {
				"128": {"c": 100, "go": [0,0,1], "gu": [255,2,255,255,255]}
			}
		},
		"406": {"c": 100, "go": [3,0,3], "gu": [2,0,0,2,0],
			"r": {
				"2": {"c": 100, "go": [0,0,1], "gu": [255,255,255,255,2]},
				"128": {"c": 100, "go": [0,0,1], "gu": [255,2,255,255,255]},
				"130": {"c": 100, "go": [0,0,2], "gu": [255,2,255,255,2]}
			}
		},
		"512": {"c": 100, "go": [0,1,0.5], "gu": [1,255,255,255,255],
			"r": {
				"512": {"c": 100, "go": [0,0,1], "gu": [2,255,255,255,255]}
			}
		},
		"513": {"c": 100, "go": [0,1,1], "gu": [1,255,255,255,2]},
		"514": {"c": 100, "go": [0,0,2], "gu": [2,255,255,255,2]},
		"520": {"c": 100, "go": [0,2,1], "gu": [1,255,255,1,255],
			"r": {
				"8": {"c": 100, "go": [0,0,1], "gu": [255,255,255,2,255]},
				"512": {"c": 100, "go": [0,0,1], "gu": [2,255,255,255,255]},
				"520": {"c": 100, "go": [0,0,2], "gu": [2,255,255,2,255]}
			}
		},
		"521": {"c": 100, "go": [0,2,1.667], "gu": [1,255,255,1,2],
			"r": {
				"8": {"c": 100, "go": [0,0,1], "gu": [255,255,255,2,255]},
				"512": {"c": 100, "go": [0,0,1], "gu": [2,255,255,255,255]}
			}
		},
		"522": {"c": 100, "go": [0,0,3], "gu": [2,255,255,2,2]},
		"528": {"c": 100, "go": [0,1,1], "gu": [2,255,1,255,255]},
		"529": {"c": 100, "go": [0,2,1.5], "gu": [1,255,1,255,2],
			"r": {
				"512": {"c": 100, "go": [0,0,1], "gu": [2,255,255,255,255]}
			}
		},
		"536": {"c": 100, "go": [0,1.667,2], "gu": [2,255,1,2,255],
			"r": {
				"8": {"c": 100, "go": [0,1,0], "gu": [255,255,255,1,255]},
				"512": {"c": 100, "go": [0,1,0], "gu": [1,255,255,255,255]}
			}
		},
		"537": {"c": 100, "go": [0,3,2], "gu": [1,255,1,1,2],
			"r": {
				"8": {"c": 100, "go": [0,0,1], "gu": [255,255,255,2,255]},
				"512": {"c": 100, "go": [0,0,1], "gu": [2,255,255,255,255]},
				"520": {"c": 100, "go": [0,0,2], "gu": [2,255,255,2,255]}
			}
		},
		"544": {"c": 100, "go": [0,2,0], "gu": [1,255,1,255,255]},
		"552": {"c": 100, "go": [0,3,0], "gu": [1,255,1,1,255]},
		"576": {"c": 100, "go": [0,1,1], "gu": [1,2,255,255,255]},
		"577": {"c": 100, "go": [0,1,2], "gu": [1,2,255,255,2]},
		"584": {"c": 100, "go": [0,2,1.667], "gu": [1,2,255,1,255],
			"r": {
				"8": {"c": 100, "go": [0,0,1], "gu": [255,255,255,2,255]},
				"512": {"c": 100, "go": [0,0,1], "gu": [2,255,255,255,255]}
			}
		},
		"585": {"c": 100, "go": [0,2,2.667], "gu": [1,2,255,1,2],
			"r": {
				"8": {"c": 100, "go": [0,0,1], "gu": [255,255,255,2,255]},
				"512": {"c": 100, "go": [0,0,1], "gu": [2,255,255,255,255]}
			}
		},
		"592": {"c": 100, "go": [0,2,1.5], "gu": [1,2,1,255,255],
			"r": {
				"512": {"c": 100, "go": [0,0,1], "gu": [2,255,255,255,255]}
			}
		},
		"593": {"c": 100, "go": [0,2,2.5], "gu": [1,2,1,255,2],
			"r": {
				"512": {"c": 100, "go": [0,0,1], "gu": [2,255,255,255,255]}
			}
		},
		"600": {"c": 100, "go": [0,3,2], "gu": [1,2,1,1,255],
			"r": {
				"8": {"c": 100, "go": [0,0,1], "gu": [255,255,255,2,255]},
				"512": {"c": 100, "go": [0,0,1], "gu": [2,255,255,255,255]},
				"520": {"c": 100, "go": [0,0,2], "gu": [2,255,255,2,255]}
			}
		},
		"601": {"c": 100, "go": [0,3,3], "gu": [1,2,1,1,2],
			"r": {
				"8": {"c": 100, "go": [0,0,1], "gu": [255,255,255,2,255]},
				"512": {"c": 100, "go": [0,0,1], "gu": [2,255,255,255,255]},
				"520": {"c": 100, "go": [0,0,2], "gu": [2,255,255,2,255]}
			}
		},
		"640": {"c": 100, "go": [0,0,2], "gu": [2,2,255,255,255]},
		"642": {"c": 100, "go": [0,0,3], "gu": [2,2,255,255,2]},
		"648": {"c": 100, "go": [0,0,3], "gu": [2,2,255,2,255]},
		"650": {"c": 100, "go": [0,0,4], "gu": [2,2,255,2,2]}
	}

}
