{
	"TryCount": 3,
	"GoodCount": 4,
	"c": 95.117, "go": [3.242,2.768,2.497,2.072], "gu": [0,1,2,3,0],
	"r": {
		"2": {"c": 66.667, "go": [0,1,0.667,0], "gu": [255,255,255,255,1],
			"r": {
				"2": {"c": 50, "go": [0,0,1,0], "gu": [255,255,255,255,2]}
			}
		},
		"5": {"c": 100, "go": [1,0,0,1], "gu": [255,255,255,0,3]},
		"6": {"c": 100, "go": [0,1,0.5,1], "gu": [255,255,255,1,3],
			"r": {
				"8": {"c": 100, "go": [0,0,1,0], "gu": [255,255,255,2,255]}
			}
		},
		"8": {"c": 66.667, "go": [1,0.667,0,0], "gu": [255,255,255,0,255],
			"r": {
				"8": {"c": 50, "go": [0,1,0,0], "gu": [255,255,255,1,255]}
			}
		},
		"9": {"c": 100, "go": [1,1,0.5,0], "gu": [255,255,255,0,1],
			"r": {
				"2": {"c": 100, "go": [0,0,1,0], "gu": [255,255,255,255,2]}
			}
		},
		"10": {"c": 100, "go": [0,2,1,0], "gu": [255,255,255,1,1],
			"r": {
				"2": {"c": 100, "go": [0,0,1,0], "gu": [255,255,255,255,2]},
				"8": {"c": 100, "go": [0,0,1,0], "gu": [255,255,255,2,255]},
				"10": {"c": 100, "go": [0,0,2,0], "gu": [255,255,255,2,2]}
			}
		},
		"17": {"c": 100, "go": [1,0,1,0], "gu": [255,255,0,255,2]},
		"18": {"c": 100, "go": [0,1,1,0.5], "gu": [255,255,1,255,2],
			"r": {
				"32": {"c": 100, "go": [0,0,0,1], "gu": [255,255,3,255,255]}
			}
		},
		"20": {"c": 100, "go": [0,0,1,1], "gu": [255,255,3,2,255]},
		"21": {"c": 100, "go": [2,0,1.5,1], "gu": [255,255,0,0,2],
			"r": {
				"9": {"c": 100, "go": [0,0,1,1], "gu": [255,255,255,2,3]},
				"32": {"c": 100, "go": [0,0,0,1], "gu": [255,255,3,255,255]}
			}
		},
		"22": {"c": 100, "go": [0,1.4,2,1.2], "gu": [255,255,1,2,2],
			"r": {
				"2": {"c": 100, "go": [0,0,0,1], "gu": [255,255,255,255,3]},
				"18": {"c": 100, "go": [0,1,0,1], "gu": [255,255,3,255,1]},
				"24": {"c": 100, "go": [0,1,0,1], "gu": [255,255,3,1,255]},
				"32": {"c": 100, "go": [0,0,0,1], "gu": [255,255,3,255,255]},
				"34": {"c": 100, "go": [0,0,0,2], "gu": [255,255,3,255,3]}
			}
		},
		"24": {"c": 100, "go": [1,0.5,1,0], "gu": [255,255,0,2,255],
			"r": {
				"32": {"c": 100, "go": [0,1,0,0], "gu": [255,255,1,255,255]}
			}
		},
		"25": {"c": 100, "go": [2,1.4,1.2,0], "gu": [255,255,0,0,1],
			"r": {
				"2": {"c": 100, "go": [0,0,1,0], "gu": [255,255,255,255,2]},
				"8": {"c": 100, "go": [0,0,1,0], "gu": [255,255,255,2,255]},
				"9": {"c": 100, "go": [0,1,1,0], "gu": [255,255,255,1,2]},
				"10": {"c": 100, "go": [0,0,2,0], "gu": [255,255,255,2,2]},
				"33": {"c": 100, "go": [0,1,1,0], "gu": [255,255,1,255,2]}
			}
		},
		"26": {"c": 100, "go": [0,1.667,2,0], "gu": [255,255,1,2,2],
			"r": {
				"2": {"c": 100, "go": [0,1,0,0], "gu": [255,255,255,255,1]},
				"8": {"c": 100, "go": [0,1,0,0], "gu": [255,255,255,1,255]}
			}
		},
		"32": {"c": 66.667, "go": [1,0.667,0,0], "gu": [255,255,0,255,255],
			"r": {
				"32": {"c": 50, "go": [0,1,0,0], "gu": [255,255,1,255,255]}
			}
		},
		"33": {"c": 100, "go": [1,1,0,0.5], "gu": [255,255,0,255,1],
			"r": {
				"2": {"c": 100, "go": [0,0,0,1], "gu": [255,255,255,255,3]}
			}
		},
		"34": {"c": 100, "go": [0,2,0,1], "gu": [255,255,1,255,1],
			"r": {
				"2": {"c": 100, "go": [0,0,0,1], "gu": [255,255,255,255,3]},
				"32": {"c": 100, "go": [0,0,0,1], "gu": [255,255,3,255,255]},
				"34": {"c": 100, "go": [0,0,0,2], "gu": [255,255,3,255,3]}
			}
		},
		"36": {"c": 100, "go": [1,0.5,0,1], "gu": [255,255,3,0,255],
			"r": {
				"8": {"c": 100, "go": [0,1,0,0], "gu": [255,255,255,1,255]}
			}
		},
		"37": {"c": 100, "go": [2,1.4,0,1.2], "gu": [255,255,0,0,1],
			"r": {
				"2": {"c": 100, "go": [0,0,0,1], "gu": [255,255,255,255,3]},
				"9": {"c": 100, "go": [0,1,0,1], "gu": [255,255,255,1,3]},
				"32": {"c": 100, "go": [0,0,0,1], "gu": [255,255,3,255,255]},
				"33": {"c": 100, "go": [0,1,0,1], "gu": [255,255,1,255,3]},
				"34": {"c": 100, "go": [0,0,0,2], "gu": [255,255,3,255,3]}
			}
		},
		"38": {"c": 100, "go": [0,3,0,1.333], "gu": [255,255,1,1,1],
			"r": {
				"2": {"c": 100, "go": [0,0,0,1], "gu": [255,255,255,255,3]},
				"32": {"c": 100, "go": [0,0,0,1], "gu": [255,255,3,255,255]},
				"34": {"c": 100, "go": [0,0,0,2], "gu": [255,255,3,255,3]}
			}
		},
		"40": {"c": 100, "go": [2,1,0,0], "gu": [255,255,0,0,255],
			"r": {
				"8": {"c": 100, "go": [0,1,0,0], "gu": [255,255,255,1,255]},
				"32": {"c": 100, "go": [0,1,0,0], "gu": [255,255,1,255,255]},
				"40": {"c": 100, "go": [0,2,0,0], "gu": [255,255,1,1,255]}
			}
		},
		"41": {"c": 100, "go": [2,1.667,0,0], "gu": [255,255,0,0,1],
			"r": {
				"8": {"c": 100, "go": [0,1,0,0], "gu": [255,255,255,1,255]},
				"32": {"c": 100, "go": [0,1,0,0], "gu": [255,255,1,255,255]}
			}
		},
		"42": {"c": 100, "go": [0,3,0,0], "gu": [255,255,1,1,1]},
		"65": {"c": 100, "go": [1,1,0,0], "gu": [255,0,255,255,1]},
		"66": {"c": 100, "go": [0,1,1,0.5], "gu": [255,2,255,255,1],
			"r": {
				"128": {"c": 100, "go": [0,0,0,1], "gu": [255,3,255,255,255]}
			}
		},
		"68": {"c": 100, "go": [0,1,0,1], "gu": [255,3,255,1,255]},
		"69": {"c": 100, "go": [2,1.5,0,1], "gu": [255,0,255,0,1],
			"r": {
				"9": {"c": 100, "go": [0,1,0,1], "gu": [255,255,255,1,3]},
				"128": {"c": 100, "go": [0,0,0,1], "gu": [255,3,255,255,255]}
			}
		},
		"70": {"c": 100, "go": [0,2,1.4,1.2], "gu": [255,2,255,1,1],
			"r": {
				"2": {"c": 100, "go": [0,0,0,1], "gu": [255,255,255,255,3]},
				"66": {"c": 100, "go": [0,0,1,1], "gu": [255,3,255,255,2]},
				"72": {"c": 100, "go": [0,0,1,1], "gu": [255,3,255,2,255]},
				"128": {"c": 100, "go": [0,0,0,1], "gu": [255,3,255,255,255]},
				"130": {"c": 100, "go": [0,0,0,2], "gu": [255,3,255,255,3]}
			}
		},
		"72": {"c": 100, "go": [1,1,0.5,0], "gu": [255,0,255,1,255],
			"r": {
				"128": {"c": 100, "go": [0,0,1,0], "gu": [255,2,255,255,255]}
			}
		},
		"73": {"c": 100, "go": [2,1.2,1.4,0], "gu": [255,0,255,0,2],
			"r": {
				"2": {"c": 100, "go": [0,1,0,0], "gu": [255,255,255,255,1]},
				"8": {"c": 100, "go": [0,1,0,0], "gu": [255,255,255,1,255]},
				"9": {"c": 100, "go": [0,1,1,0], "gu": [255,255,255,2,1]},
				"10": {"c": 100, "go": [0,2,0,0], "gu": [255,255,255,1,1]},
				"129": {"c": 100, "go": [0,1,1,0], "gu": [255,2,255,255,1]}
			}
		},
		"74": {"c": 100, "go": [0,2,1.667,0], "gu": [255,2,255,1,1],
			"r": {
				"2": {"c": 100, "go": [0,0,1,0], "gu": [255,255,255,255,2]},
				"8": {"c": 100, "go": [0,0,1,0], "gu": [255,255,255,2,255]}
			}
		},
		"80": {"c": 100, "go": [0,1,1,0], "gu": [255,2,1,255,255]},
		"81": {"c": 100, "go": [2,1.5,1,0], "gu": [255,0,0,255,1],
			"r": {
				"33": {"c": 100, "go": [0,1,1,0], "gu": [255,255,1,255,2]},
				"128": {"c": 100, "go": [0,0,1,0], "gu": [255,2,255,255,255]}
			}
		},
		"82": {"c": 100, "go": [0,2,1.2,1.4], "gu": [255,3,1,255,1],
			"r": {
				"2": {"c": 100, "go": [0,0,1,0], "gu": [255,255,255,255,2]},
				"66": {"c": 100, "go": [0,0,1,1], "gu": [255,2,255,255,3]},
				"96": {"c": 100, "go": [0,0,1,1], "gu": [255,2,3,255,255]},
				"128": {"c": 100, "go": [0,0,1,0], "gu": [255,2,255,255,255]},
				"130": {"c": 100, "go": [0,0,2,0], "gu": [255,2,255,255,2]}
			}
		},
		"84": {"c": 100, "go": [2,1.5,1,1], "gu": [255,0,0,1,255],
			"r": {
				"160": {"c": 100, "go": [0,0,1,1], "gu": [255,2,3,255,255]},
				"164": {"c": 100, "go": [0,1,1,1], "gu": [255,3,1,2,255]}
			}
		},
		"85": {"c": 88.889, "go": [2.333,1.667,1.667,1], "gu": [255,0,1,0,2],
			"r": {
				"9": {"c": 100, "go": [0,0,1,1], "gu": [255,255,255,2,3]},
				"24": {"c": 100, "go": [0,1,0,1], "gu": [255,255,3,1,255]},
				"25": {"c": 100, "go": [0,1,1,1], "gu": [255,255,3,2,1]},
				"84": {"c": 100, "go": [1,1,0,1], "gu": [255,3,0,1,255]},
				"85": {"c": 50, "go": [1,1,1,1], "gu": [255,2,0,1,3]},
				"128": {"c": 100, "go": [0,0,0,1], "gu": [255,3,255,255,255]},
				"129": {"c": 100, "go": [0,0,1,1], "gu": [255,2,255,255,3]},
				"145": {"c": 100, "go": [0,1,1,1], "gu": [255,2,3,255,1]}
			}
		},
		"86": {"c": 100, "go": [0,2.5,2.333,1.333], "gu": [255,2,1,2,1],
			"r": {
				"2": {"c": 100, "go": [0,0,0,1], "gu": [255,255,255,255,3]},
				"9": {"c": 100, "go": [0,1,0,1], "gu": [255,255,255,1,3]},
				"21": {"c": 100, "go": [0,1,1,1], "gu": [255,255,3,1,2]},
				"24": {"c": 100, "go": [0,1,0,1], "gu": [255,255,3,1,255]},
				"25": {"c": 100, "go": [0,1,0,2], "gu": [255,255,3,1,3]},
				"32": {"c": 100, "go": [0,0,0,1], "gu": [255,255,3,255,255]},
				"66": {"c": 100, "go": [0,0,1,1], "gu": [255,3,255,255,2]},
				"69": {"c": 100, "go": [0,1,1,1], "gu": [255,3,255,1,2]},
				"85": {"c": 100, "go": [0,1,1,2], "gu": [255,3,3,1,2]},
				"128": {"c": 100, "go": [0,0,0,1], "gu": [255,3,255,255,255]},
				"130": {"c": 100, "go": [0,0,0,2], "gu": [255,3,255,255,3]},
				"160": {"c": 100, "go": [0,0,0,2], "gu": [255,3,3,255,255]}
			}
		},
		"88": {"c": 100, "go": [1.4,2,1.2,0], "gu": [255,0,1,1,255],
			"r": {
				"8": {"c": 100, "go": [0,0,1,0], "gu": [255,255,255,2,255]},
				"72": {"c": 100, "go": [1,0,1,0], "gu": [255,2,255,0,255]},
				"96": {"c": 100, "go": [1,0,1,0], "gu": [255,2,0,255,255]},
				"128": {"c": 100, "go": [0,0,1,0], "gu": [255,2,255,255,255]},
				"136": {"c": 100, "go": [0,0,2,0], "gu": [255,2,255,2,255]}
			}
		},
		"89": {"c": 100, "go": [2.5,2.333,1.333,0], "gu": [255,0,1,0,1],
			"r": {
				"2": {"c": 100, "go": [0,0,1,0], "gu": [255,255,255,255,2]},
				"8": {"c": 100, "go": [0,0,1,0], "gu": [255,255,255,2,255]},
				"9": {"c": 100, "go": [0,1,1,0], "gu": [255,255,255,1,2]},
				"10": {"c": 100, "go": [0,0,2,0], "gu": [255,255,255,2,2]},
				"21": {"c": 100, "go": [1,1,1,0], "gu": [255,255,0,1,2]},
				"36": {"c": 100, "go": [1,0,1,0], "gu": [255,255,0,2,255]},
				"84": {"c": 100, "go": [1,1,1,0], "gu": [255,2,0,1,255]},
				"85": {"c": 100, "go": [1,1,2,0], "gu": [255,2,0,1,2]},
				"96": {"c": 100, "go": [1,0,1,0], "gu": [255,2,0,255,255]},
				"100": {"c": 100, "go": [1,0,2,0], "gu": [255,2,0,2,255]},
				"128": {"c": 100, "go": [0,0,1,0], "gu": [255,2,255,255,255]},
				"130": {"c": 100, "go": [0,0,2,0], "gu": [255,2,255,255,2]}
			}
		},
		"90": {"c": 100, "go": [0,3,2,0], "gu": [255,2,1,1,1],
			"r": {
				"2": {"c": 100, "go": [0,0,1,0], "gu": [255,255,255,255,2]},
				"8": {"c": 100, "go": [0,0,1,0], "gu": [255,255,255,2,255]},
				"10": {"c": 100, "go": [0,0,2,0], "gu": [255,255,255,2,2]}
			}
		},
		"96": {"c": 100, "go": [1,1,0,0.5], "gu": [255,0,1,255,255],
			"r": {
				"128": {"c": 100, "go": [0,0,0,1], "gu": [255,3,255,255,255]}
			}
		},
		"97": {"c": 100, "go": [2,1.2,0,1.4], "gu": [255,0,0,255,3],
			"r": {
				"2": {"c": 100, "go": [0,1,0,0], "gu": [255,255,255,255,1]},
				"32": {"c": 100, "go": [0,1,0,0], "gu": [255,255,1,255,255]},
				"33": {"c": 100, "go": [0,1,0,1], "gu": [255,255,3,255,1]},
				"34": {"c": 100, "go": [0,2,0,0], "gu": [255,255,1,255,1]},
				"129": {"c": 100, "go": [0,1,0,1], "gu": [255,3,255,255,1]}
			}
		},
		"98": {"c": 100, "go": [0,2,0,1.667], "gu": [255,3,1,255,1],
			"r": {
				"2": {"c": 100, "go": [0,0,0,1], "gu": [255,255,255,255,3]},
				"32": {"c": 100, "go": [0,0,0,1], "gu": [255,255,3,255,255]}
			}
		},
		"100": {"c": 100, "go": [1.4,2,0,1.2], "gu": [255,0,1,1,255],
			"r": {
				"32": {"c": 100, "go": [0,0,0,1], "gu": [255,255,3,255,255]},
				"72": {"c": 100, "go": [1,0,0,1], "gu": [255,3,255,0,255]},
				"96": {"c": 100, "go": [1,0,0,1], "gu": [255,3,0,255,255]},
				"128": {"c": 100, "go": [0,0,0,1], "gu": [255,3,255,255,255]},
				"160": {"c": 100, "go": [0,0,0,2], "gu": [255,3,3,255,255]}
			}
		},
		"101": {"c": 100, "go": [2.5,2.333,0,1.333], "gu": [255,0,0,1,1],
			"r": {
				"2": {"c": 100, "go": [0,0,0,1], "gu": [255,255,255,255,3]},
				"21": {"c": 100, "go": [1,1,0,1], "gu": [255,255,1,0,3]},
				"24": {"c": 100, "go": [1,0,0,1], "gu": [255,255,3,0,255]},
				"32": {"c": 100, "go": [0,0,0,1], "gu": [255,255,3,255,255]},
				"33": {"c": 100, "go": [0,1,0,1], "gu": [255,255,1,255,3]},
				"34": {"c": 100, "go": [0,0,0,2], "gu": [255,255,3,255,3]},
				"72": {"c": 100, "go": [1,0,0,1], "gu": [255,3,255,0,255]},
				"84": {"c": 100, "go": [1,1,0,1], "gu": [255,3,1,0,255]},
				"85": {"c": 100, "go": [1,1,0,2], "gu": [255,3,1,0,3]},
				"88": {"c": 100, "go": [1,0,0,2], "gu": [255,3,3,0,255]},
				"128": {"c": 100, "go": [0,0,0,1], "gu": [255,3,255,255,255]},
				"130": {"c": 100, "go": [0,0,0,2], "gu": [255,3,255,255,3]}
			}
		},
		"102": {"c": 100, "go": [0,3,0,2], "gu": [255,3,1,1,1],
			"r": {
				"2": {"c": 100, "go": [0,0,0,1], "gu": [255,255,255,255,3]},
				"32": {"c": 100, "go": [0,0,0,1], "gu": [255,255,3,255,255]},
				"34": {"c": 100, "go": [0,0,0,2], "gu": [255,255,3,255,3]}
			}
		},
		"104": {"c": 100, "go": [3,1.333,0,0], "gu": [255,0,0,0,255],
			"r": {
				"8": {"c": 100, "go": [0,1,0,0], "gu": [255,255,255,1,255]},
				"32": {"c": 100, "go": [0,1,0,0], "gu": [255,255,1,255,255]},
				"40": {"c": 100, "go": [0,2,0,0], "gu": [255,255,1,1,255]}
			}
		},
		"105": {"c": 100, "go": [3,2,0,0], "gu": [255,0,0,0,1],
			"r": {
				"8": {"c": 100, "go": [0,1,0,0], "gu": [255,255,255,1,255]},
				"32": {"c": 100, "go": [0,1,0,0], "gu": [255,255,1,255,255]},
				"40": {"c": 100, "go": [0,2,0,0], "gu": [255,255,1,1,255]}
			}
		},
		"128": {"c": 66.667, "go": [1,0,0.667,0], "gu": [255,0,255,255,255],
			"r": {
				"128": {"c": 50, "go": [0,0,1,0], "gu": [255,2,255,255,255]}
			}
		},
		"129": {"c": 100, "go": [1,0,1,0.5], "gu": [255,0,255,255,2],
			"r": {
				"2": {"c": 100, "go": [0,0,0,1], "gu": [255,255,255,255,3]}
			}
		},
		"130": {"c": 100, "go": [0,0,2,1], "gu": [255,2,255,255,2],
			"r": {
				"2": {"c": 100, "go": [0,0,0,1], "gu": [255,255,255,255,3]},
				"128": {"c": 100, "go": [0,0,0,1], "gu": [255,3,255,255,255]},
				"130": {"c": 100, "go": [0,0,0,2], "gu": [255,3,255,255,3]}
			}
		},
		"132": {"c": 100, "go": [1,0,0.5,1], "gu": [255,3,255,0,255],
			"r": {
				"8": {"c": 100, "go": [0,0,1,0], "gu": [255,255,255,2,255]}
			}
		},
		"133": {"c": 100, "go": [2,0,1.4,1.2], "gu": [255,0,255,0,2],
			"r": {
				"2": {"c": 100, "go": [0,0,0,1], "gu": [255,255,255,255,3]},
				"9": {"c": 100, "go": [0,0,1,1], "gu": [255,255,255,2,3]},
				"128": {"c": 100, "go": [0,0,0,1], "gu": [255,3,255,255,255]},
				"129": {"c": 100, "go": [0,0,1,1], "gu": [255,2,255,255,3]},
				"130": {"c": 100, "go": [0,0,0,2], "gu": [255,3,255,255,3]}
			}
		},
		"134": {"c": 100, "go": [0,0,1.667,2], "gu": [255,3,255,2,3],
			"r": {
				"2": {"c": 100, "go": [0,0,1,0], "gu": [255,255,255,255,2]},
				"128": {"c": 100, "go": [0,0,1,0], "gu": [255,2,255,255,255]}
			}
		},
		"136": {"c": 100, "go": [2,0,1,0], "gu": [255,0,255,0,255],
			"r": {
				"8": {"c": 100, "go": [0,0,1,0], "gu": [255,255,255,2,255]},
				"128": {"c": 100, "go": [0,0,1,0], "gu": [255,2,255,255,255]},
				"136": {"c": 100, "go": [0,0,2,0], "gu": [255,2,255,2,255]}
			}
		},
		"137": {"c": 100, "go": [2,0,1.667,0], "gu": [255,0,255,0,2],
			"r": {
				"8": {"c": 100, "go": [0,0,1,0], "gu": [255,255,255,2,255]},
				"128": {"c": 100, "go": [0,0,1,0], "gu": [255,2,255,255,255]}
			}
		},
		"138": {"c": 100, "go": [0,0,3,0], "gu": [255,2,255,2,2]},
		"144": {"c": 100, "go": [1,0,1,0.5], "gu": [255,2,0,255,255],
			"r": {
				"32": {"c": 100, "go": [0,0,0,1], "gu": [255,255,3,255,255]}
			}
		},
		"145": {"c": 100, "go": [2,0,1.2,1.4], "gu": [255,0,0,255,3],
			"r": {
				"2": {"c": 100, "go": [0,0,1,0], "gu": [255,255,255,255,2]},
				"33": {"c": 100, "go": [0,0,1,1], "gu": [255,255,3,255,2]},
				"128": {"c": 100, "go": [0,0,1,0], "gu": [255,2,255,255,255]},
				"129": {"c": 100, "go": [0,0,1,1], "gu": [255,3,255,255,2]},
				"130": {"c": 100, "go": [0,0,2,0], "gu": [255,2,255,255,2]}
			}
		},
		"146": {"c": 100, "go": [0,0,2,1.667], "gu": [255,2,3,255,2],
			"r": {
				"2": {"c": 100, "go": [0,0,0,1], "gu": [255,255,255,255,3]},
				"128": {"c": 100, "go": [0,0,0,1], "gu": [255,3,255,255,255]}
			}
		},
		"148": {"c": 100, "go": [1.4,0,2,1.2], "gu": [255,2,0,2,255],
			"r": {
				"24": {"c": 100, "go": [1,0,0,1], "gu": [255,255,3,0,255]},
				"32": {"c": 100, "go": [0,0,0,1], "gu": [255,255,3,255,255]},
				"128": {"c": 100, "go": [0,0,0,1], "gu": [255,3,255,255,255]},
				"144": {"c": 100, "go": [1,0,0,1], "gu": [255,0,3,255,255]},
				"160": {"c": 100, "go": [0,0,0,2], "gu": [255,3,3,255,255]}
			}
		},
		"149": {"c": 100, "go": [2.5,0,2.333,1.333], "gu": [255,0,0,2,2],
			"r": {
				"2": {"c": 100, "go": [0,0,0,1], "gu": [255,255,255,255,3]},
				"24": {"c": 100, "go": [1,0,0,1], "gu": [255,255,3,0,255]},
				"32": {"c": 100, "go": [0,0,0,1], "gu": [255,255,3,255,255]},
				"34": {"c": 100, "go": [0,0,0,2], "gu": [255,255,3,255,3]},
				"69": {"c": 100, "go": [1,0,1,1], "gu": [255,2,255,0,3]},
				"72": {"c": 100, "go": [1,0,0,1], "gu": [255,3,255,0,255]},
				"84": {"c": 100, "go": [1,0,1,1], "gu": [255,2,3,0,255]},
				"85": {"c": 100, "go": [1,0,1,2], "gu": [255,2,3,0,3]},
				"88": {"c": 100, "go": [1,0,0,2], "gu": [255,3,3,0,255]},
				"128": {"c": 100, "go": [0,0,0,1], "gu": [255,3,255,255,255]},
				"129": {"c": 100, "go": [0,0,1,1], "gu": [255,2,255,255,3]},
				"130": {"c": 100, "go": [0,0,0,2], "gu": [255,3,255,255,3]}
			}
		},
		"150": {"c": 100, "go": [0,0,3,2], "gu": [255,2,3,2,2],
			"r": {
				"2": {"c": 100, "go": [0,0,0,1], "gu": [255,255,255,255,3]},
				"128": {"c": 100, "go": [0,0,0,1], "gu": [255,3,255,255,255]},
				"130": {"c": 100, "go": [0,0,0,2], "gu": [255,3,255,255,3]}
			}
		},
		"152": {"c": 100, "go": [3,0,1.333,0], "gu": [255,0,0,0,255],
			"r": {
				"8": {"c": 100, "go": [0,0,1,0], "gu": [255,255,255,2,255]},
				"128": {"c": 100, "go": [0,0,1,0], "gu": [255,2,255,255,255]},
				"136": {"c": 100, "go": [0,0,2,0], "gu": [255,2,255,2,255]}
			}
		},
		"153": {"c": 100, "go": [3,0,2,0], "gu": [255,0,0,0,2],
			"r": {
				"8": {"c": 100, "go": [0,0,1,0], "gu": [255,255,255,2,255]},
				"128": {"c": 100, "go": [0,0,1,0], "gu": [255,2,255,255,255]},
				"136": {"c": 100, "go": [0,0,2,0], "gu": [255,2,255,2,255]}
			}
		},
		"160": {"c": 100, "go": [2,0,0,1], "gu": [255,0,0,255,255],
			"r": {
				"32": {"c": 100, "go": [0,0,0,1], "gu": [255,255,3,255,255]},
				"128": {"c": 100, "go": [0,0,0,1], "gu": [255,3,255,255,255]},
				"160": {"c": 100, "go": [0,0,0,2], "gu": [255,3,3,255,255]}
			}
		},
		"161": {"c": 100, "go": [2,0,0,1.667], "gu": [255,0,0,255,3],
			"r": {
				"32": {"c": 100, "go": [0,0,0,1], "gu": [255,255,3,255,255]},
				"128": {"c": 100, "go": [0,0,0,1], "gu": [255,3,255,255,255]}
			}
		},
		"162": {"c": 100, "go": [0,0,0,3], "gu": [255,3,3,255,3]},
		"164": {"c": 100, "go": [3,0,0,1.333], "gu": [255,0,0,0,255],
			"r": {
				"32": {"c": 100, "go": [0,0,0,1], "gu": [255,255,3,255,255]},
				"128": {"c": 100, "go": [0,0,0,1], "gu": [255,3,255,255,255]},
				"160": {"c": 100, "go": [0,0,0,2], "gu": [255,3,3,255,255]}
			}
		},
		"165": {"c": 100, "go": [3,0,0,2], "gu": [255,0,0,0,3],
			"r": {
				"32": {"c": 100, "go": [0,0,0,1], "gu": [255,255,3,255,255]},
				"128": {"c": 100, "go": [0,0,0,1], "gu": [255,3,255,255,255]},
				"160": {"c": 100, "go": [0,0,0,2], "gu": [255,3,3,255,255]}
			}
		},
		"168": {"c": 100, "go": [3,0,0,0], "gu": [255,0,0,0,255]},
		"260": {"c": 100, "go": [1,0,0,1], "gu": [3,255,255,0,255]},
		"261": {"c": 100, "go": [1,1.2,1.2,1.2], "gu": [1,255,255,0,2],
			"r": {
				"2": {"c": 100, "go": [0,0,0,1], "gu": [255,255,255,255,3]},
				"258": {"c": 100, "go": [0,1,0,1], "gu": [3,255,255,255,1]},
				"512": {"c": 100, "go": [0,0,0,1], "gu": [3,255,255,255,255]},
				"513": {"c": 100, "go": [0,0,1,1], "gu": [2,255,255,255,3]},
				"514": {"c": 100, "go": [0,0,0,2], "gu": [3,255,255,255,3]}
			}
		},
		"264": {"c": 100, "go": [1,1,0.5,0], "gu": [1,255,255,0,255],
			"r": {
				"512": {"c": 100, "go": [0,0,1,0], "gu": [2,255,255,255,255]}
			}
		},
		"265": {"c": 100, "go": [1,2,1,0], "gu": [1,255,255,0,1],
			"r": {
				"2": {"c": 100, "go": [0,0,1,0], "gu": [255,255,255,255,2]},
				"512": {"c": 100, "go": [0,0,1,0], "gu": [2,255,255,255,255]},
				"514": {"c": 100, "go": [0,0,2,0], "gu": [2,255,255,255,2]}
			}
		},
		"272": {"c": 100, "go": [1,0,1,0], "gu": [2,255,0,255,255]},
		"273": {"c": 100, "go": [1,1.4,2,0.4], "gu": [2,255,1,255,2],
			"r": {
				"18": {"c": 100, "go": [1,1,0,0], "gu": [255,255,0,255,1]},
				"32": {"c": 100, "go": [1,0,0,0], "gu": [255,255,0,255,255]},
				"34": {"c": 100, "go": [1,0,0,1], "gu": [255,255,0,255,3]},
				"528": {"c": 100, "go": [1,1,0,0], "gu": [1,255,0,255,255]},
				"544": {"c": 100, "go": [1,0,0,1], "gu": [3,255,0,255,255]}
			}
		},
		"276": {"c": 100, "go": [2,0,1.5,1], "gu": [2,255,0,0,255],
			"r": {
				"32": {"c": 100, "go": [0,0,0,1], "gu": [255,255,3,255,255]},
				"264": {"c": 100, "go": [0,0,1,1], "gu": [3,255,255,2,255]}
			}
		},
		"277": {"c": 93.75, "go": [1.563,1.375,2.438,1.188], "gu": [1,255,0,2,2],
			"r": {
				"2": {"c": 100, "go": [0,0,0,1], "gu": [255,255,255,255,3]},
				"24": {"c": 100, "go": [1,0,0,1], "gu": [255,255,3,0,255]},
				"258": {"c": 100, "go": [0,1,0,1], "gu": [3,255,255,255,1]},
				"261": {"c": 100, "go": [0,1,1,1], "gu": [2,255,255,1,3]},
				"264": {"c": 100, "go": [0,1,0,1], "gu": [3,255,255,1,255]},
				"277": {"c": 50, "go": [1,1,1,1], "gu": [2,255,1,0,3]},
				"280": {"c": 100, "go": [1,1,0,1], "gu": [3,255,1,0,255]},
				"512": {"c": 100, "go": [0,0,0,1], "gu": [3,255,255,255,255]},
				"513": {"c": 100, "go": [0,0,1,1], "gu": [2,255,255,255,3]},
				"514": {"c": 100, "go": [0,0,0,2], "gu": [3,255,255,255,3]},
				"517": {"c": 100, "go": [1,0,1,1], "gu": [2,255,255,0,3]},
				"520": {"c": 100, "go": [1,0,0,1], "gu": [3,255,255,0,255]},
				"532": {"c": 100, "go": [1,0,1,1], "gu": [2,255,3,0,255]},
				"533": {"c": 100, "go": [1,0,1,2], "gu": [2,255,3,0,3]},
				"536": {"c": 100, "go": [1,0,0,2], "gu": [3,255,3,0,255]}
			}
		},
		"280": {"c": 100, "go": [2,1.4,1.2,0], "gu": [1,255,0,0,255],
			"r": {
				"8": {"c": 100, "go": [0,0,1,0], "gu": [255,255,255,2,255]},
				"264": {"c": 100, "go": [0,1,1,0], "gu": [2,255,255,1,255]},
				"288": {"c": 100, "go": [0,1,1,0], "gu": [2,255,1,255,255]},
				"512": {"c": 100, "go": [0,0,1,0], "gu": [2,255,255,255,255]},
				"520": {"c": 100, "go": [0,0,2,0], "gu": [2,255,255,2,255]}
			}
		},
		"281": {"c": 100, "go": [2,2.462,1.538,0], "gu": [1,255,0,0,1],
			"r": {
				"2": {"c": 100, "go": [0,0,1,0], "gu": [255,255,255,255,2]},
				"8": {"c": 100, "go": [0,0,1,0], "gu": [255,255,255,2,255]},
				"9": {"c": 100, "go": [0,1,1,0], "gu": [255,255,255,1,2]},
				"10": {"c": 100, "go": [0,0,2,0], "gu": [255,255,255,2,2]},
				"33": {"c": 100, "go": [0,1,1,0], "gu": [255,255,1,255,2]},
				"264": {"c": 100, "go": [0,1,1,0], "gu": [2,255,255,1,255]},
				"265": {"c": 100, "go": [0,1,2,0], "gu": [2,255,255,1,2]},
				"288": {"c": 100, "go": [0,1,1,0], "gu": [2,255,1,255,255]},
				"289": {"c": 100, "go": [0,1,2,0], "gu": [2,255,1,255,2]},
				"512": {"c": 100, "go": [0,0,1,0], "gu": [2,255,255,255,255]},
				"514": {"c": 100, "go": [0,0,2,0], "gu": [2,255,255,255,2]},
				"520": {"c": 100, "go": [0,0,2,0], "gu": [2,255,255,2,255]},
				"522": {"c": 100, "go": [0,0,3,0], "gu": [2,255,255,2,2]}
			}
		},
		"288": {"c": 100, "go": [1,1,0,0.5], "gu": [1,255,0,255,255],
			"r": {
				"512": {"c": 100, "go": [0,0,0,1], "gu": [3,255,255,255,255]}
			}
		},
		"289": {"c": 100, "go": [1,2,0,1], "gu": [1,255,0,255,1],
			"r": {
				"2": {"c": 100, "go": [0,0,0,1], "gu": [255,255,255,255,3]},
				"512": {"c": 100, "go": [0,0,0,1], "gu": [3,255,255,255,255]},
				"514": {"c": 100, "go": [0,0,0,2], "gu": [3,255,255,255,3]}
			}
		},
		"292": {"c": 100, "go": [2,1.4,0,1.2], "gu": [1,255,0,0,255],
			"r": {
				"32": {"c": 100, "go": [0,0,0,1], "gu": [255,255,3,255,255]},
				"264": {"c": 100, "go": [0,1,0,1], "gu": [3,255,255,1,255]},
				"288": {"c": 100, "go": [0,1,0,1], "gu": [3,255,1,255,255]},
				"512": {"c": 100, "go": [0,0,0,1], "gu": [3,255,255,255,255]},
				"544": {"c": 100, "go": [0,0,0,2], "gu": [3,255,3,255,255]}
			}
		},
		"293": {"c": 100, "go": [2,2.462,0,1.538], "gu": [1,255,0,0,1],
			"r": {
				"2": {"c": 100, "go": [0,0,0,1], "gu": [255,255,255,255,3]},
				"9": {"c": 100, "go": [0,1,0,1], "gu": [255,255,255,1,3]},
				"32": {"c": 100, "go": [0,0,0,1], "gu": [255,255,3,255,255]},
				"33": {"c": 100, "go": [0,1,0,1], "gu": [255,255,1,255,3]},
				"34": {"c": 100, "go": [0,0,0,2], "gu": [255,255,3,255,3]},
				"264": {"c": 100, "go": [0,1,0,1], "gu": [3,255,255,1,255]},
				"265": {"c": 100, "go": [0,1,0,2], "gu": [3,255,255,1,3]},
				"288": {"c": 100, "go": [0,1,0,1], "gu": [3,255,1,255,255]},
				"289": {"c": 100, "go": [0,1,0,2], "gu": [3,255,1,255,3]},
				"512": {"c": 100, "go": [0,0,0,1], "gu": [3,255,255,255,255]},
				"514": {"c": 100, "go": [0,0,0,2], "gu": [3,255,255,255,3]},
				"544": {"c": 100, "go": [0,0,0,2], "gu": [3,255,3,255,255]},
				"546": {"c": 100, "go": [0,0,0,3], "gu": [3,255,3,255,3]}
			}
		},
		"296": {"c": 100, "go": [2,1.667,0,0], "gu": [1,255,0,0,255],
			"r": {
				"8": {"c": 100, "go": [0,1,0,0], "gu": [255,255,255,1,255]},
				"32": {"c": 100, "go": [0,1,0,0], "gu": [255,255,1,255,255]}
			}
		},
		"297": {"c": 100, "go": [2,2.667,0,0], "gu": [1,255,0,0,1],
			"r": {
				"8": {"c": 100, "go": [0,1,0,0], "gu": [255,255,255,1,255]},
				"32": {"c": 100, "go": [0,1,0,0], "gu": [255,255,1,255,255]}
			}
		},
		"320": {"c": 100, "go": [1,1,0,0], "gu": [1,0,255,255,255]},
		"321": {"c": 100, "go": [1,2,1.4,0.4], "gu": [1,2,255,255,1],
			"r": {
				"66": {"c": 100, "go": [1,0,1,0], "gu": [255,0,255,255,2]},
				"128": {"c": 100, "go": [1,0,0,0], "gu": [255,0,255,255,255]},
				"130": {"c": 100, "go": [1,0,0,1], "gu": [255,0,255,255,3]},
				"576": {"c": 100, "go": [1,0,1,0], "gu": [2,0,255,255,255]},
				"640": {"c": 100, "go": [1,0,0,1], "gu": [3,0,255,255,255]}
			}
		},
		"324": {"c": 100, "go": [2,1.5,0,1], "gu": [1,0,255,0,255],
			"r": {
				"128": {"c": 100, "go": [0,0,0,1], "gu": [255,3,255,255,255]},
				"264": {"c": 100, "go": [0,1,0,1], "gu": [3,255,255,1,255]}
			}
		},
		"325": {"c": 93.75, "go": [1.563,2.438,1.375,1.188], "gu": [1,0,255,1,2],
			"r": {
				"2": {"c": 100, "go": [0,0,0,1], "gu": [255,255,255,255,3]},
				"9": {"c": 100, "go": [0,0,1,1], "gu": [255,255,255,2,3]},
				"10": {"c": 100, "go": [1,0,0,1], "gu": [255,255,255,0,3]},
				"70": {"c": 100, "go": [1,1,0,1], "gu": [255,3,255,0,1]},
				"72": {"c": 100, "go": [1,0,0,1], "gu": [255,3,255,0,255]},
				"73": {"c": 100, "go": [1,0,1,1], "gu": [255,2,255,0,3]},
				"74": {"c": 100, "go": [1,0,0,2], "gu": [255,3,255,0,3]},
				"258": {"c": 100, "go": [0,1,0,1], "gu": [3,255,255,255,1]},
				"261": {"c": 100, "go": [0,1,1,1], "gu": [3,255,255,2,1]},
				"262": {"c": 100, "go": [1,1,0,1], "gu": [3,255,255,0,1]},
				"325": {"c": 50, "go": [1,1,1,1], "gu": [2,3,255,0,1]},
				"326": {"c": 100, "go": [1,1,0,2], "gu": [3,3,255,0,1]},
				"512": {"c": 100, "go": [0,0,0,1], "gu": [3,255,255,255,255]},
				"513": {"c": 100, "go": [0,0,1,1], "gu": [2,255,255,255,3]},
				"514": {"c": 100, "go": [0,0,0,2], "gu": [3,255,255,255,3]}
			}
		},
		"328": {"c": 100, "go": [2,1.2,1.4,0], "gu": [2,0,255,0,255],
			"r": {
				"8": {"c": 100, "go": [0,1,0,0], "gu": [255,255,255,1,255]},
				"264": {"c": 100, "go": [0,1,1,0], "gu": [1,255,255,2,255]},
				"384": {"c": 100, "go": [0,1,1,0], "gu": [1,2,255,255,255]},
				"512": {"c": 100, "go": [0,1,0,0], "gu": [1,255,255,255,255]},
				"520": {"c": 100, "go": [0,2,0,0], "gu": [1,255,255,1,255]}
			}
		},
		"329": {"c": 100, "go": [1.769,2.308,2,0], "gu": [1,2,255,0,1],
			"r": {
				"2": {"c": 100, "go": [0,0,1,0], "gu": [255,255,255,255,2]},
				"66": {"c": 100, "go": [1,0,1,0], "gu": [255,0,255,255,2]},
				"68": {"c": 100, "go": [1,0,1,0], "gu": [255,0,255,2,255]},
				"69": {"c": 100, "go": [1,1,1,0], "gu": [255,0,255,1,2]},
				"70": {"c": 100, "go": [1,0,2,0], "gu": [255,0,255,2,2]},
				"128": {"c": 100, "go": [1,0,0,0], "gu": [255,0,255,255,255]},
				"132": {"c": 100, "go": [1,1,0,0], "gu": [255,0,255,1,255]},
				"324": {"c": 100, "go": [1,1,1,0], "gu": [2,0,255,1,255]},
				"325": {"c": 100, "go": [1,1,2,0], "gu": [2,0,255,1,2]},
				"512": {"c": 100, "go": [0,0,1,0], "gu": [2,255,255,255,255]},
				"576": {"c": 100, "go": [1,0,1,0], "gu": [2,0,255,255,255]},
				"580": {"c": 100, "go": [1,0,2,0], "gu": [2,0,255,2,255]}
			}
		},
		"336": {"c": 100, "go": [2,1.5,1,0], "gu": [1,0,0,255,255],
			"r": {
				"128": {"c": 100, "go": [0,0,1,0], "gu": [255,2,255,255,255]},
				"288": {"c": 100, "go": [0,1,1,0], "gu": [2,255,1,255,255]}
			}
		},
		"337": {"c": 93.75, "go": [1.563,2.438,1.188,1.375], "gu": [1,0,1,255,3],
			"r": {
				"2": {"c": 100, "go": [0,0,1,0], "gu": [255,255,255,255,2]},
				"33": {"c": 100, "go": [0,0,1,1], "gu": [255,255,3,255,2]},
				"34": {"c": 100, "go": [1,0,1,0], "gu": [255,255,0,255,2]},
				"82": {"c": 100, "go": [1,1,1,0], "gu": [255,2,0,255,1]},
				"96": {"c": 100, "go": [1,0,1,0], "gu": [255,2,0,255,255]},
				"97": {"c": 100, "go": [1,0,1,1], "gu": [255,3,0,255,2]},
				"98": {"c": 100, "go": [1,0,2,0], "gu": [255,2,0,255,2]},
				"258": {"c": 100, "go": [0,1,1,0], "gu": [2,255,255,255,1]},
				"273": {"c": 100, "go": [0,1,1,1], "gu": [2,255,3,255,1]},
				"274": {"c": 100, "go": [1,1,1,0], "gu": [2,255,0,255,1]},
				"337": {"c": 50, "go": [1,1,1,1], "gu": [2,3,0,255,1]},
				"338": {"c": 100, "go": [1,1,2,0], "gu": [2,2,0,255,1]},
				"512": {"c": 100, "go": [0,0,1,0], "gu": [2,255,255,255,255]},
				"513": {"c": 100, "go": [0,0,1,1], "gu": [3,255,255,255,2]},
				"514": {"c": 100, "go": [0,0,2,0], "gu": [2,255,255,255,2]}
			}
		},
		"340": {"c": 88.889, "go": [2.333,1.667,1.667,1], "gu": [1,2,0,0,255],
			"r": {
				"32": {"c": 100, "go": [0,0,0,1], "gu": [255,255,3,255,255]},
				"72": {"c": 100, "go": [0,0,1,1], "gu": [255,3,255,2,255]},
				"84": {"c": 100, "go": [1,0,1,1], "gu": [255,0,3,2,255]},
				"264": {"c": 100, "go": [0,1,0,1], "gu": [3,255,255,1,255]},
				"288": {"c": 100, "go": [0,1,0,1], "gu": [3,255,1,255,255]},
				"328": {"c": 100, "go": [0,1,1,1], "gu": [2,3,255,1,255]},
				"340": {"c": 50, "go": [1,1,1,1], "gu": [2,0,3,1,255]},
				"352": {"c": 100, "go": [0,1,1,1], "gu": [2,3,1,255,255]}
			}
		},
		"341": {"c": 65.079, "go": [2.032,2.619,2.571,1.111], "gu": [2,0,1,1,2],
			"r": {
				"2": {"c": 100, "go": [0,0,0,1], "gu": [255,255,255,255,3]},
				"9": {"c": 100, "go": [0,0,1,1], "gu": [255,255,255,2,3]},
				"10": {"c": 100, "go": [1,0,0,1], "gu": [255,255,255,0,3]},
				"18": {"c": 100, "go": [0,1,0,1], "gu": [255,255,3,255,1]},
				"21": {"c": 100, "go": [0,1,1,1], "gu": [255,255,3,2,1]},
				"22": {"c": 100, "go": [1,1,0,1], "gu": [255,255,3,0,1]},
				"32": {"c": 100, "go": [0,0,0,1], "gu": [255,255,3,255,255]},
				"34": {"c": 50, "go": [1,0,0,1], "gu": [255,255,0,255,3]},
				"70": {"c": 100, "go": [1,1,0,1], "gu": [255,3,255,0,1]},
				"72": {"c": 100, "go": [1,0,0,1], "gu": [255,3,255,0,255]},
				"73": {"c": 100, "go": [1,0,1,1], "gu": [255,2,255,0,3]},
				"74": {"c": 100, "go": [1,0,0,2], "gu": [255,3,255,0,3]},
				"82": {"c": 100, "go": [1,1,0,1], "gu": [255,3,0,255,1]},
				"85": {"c": 50, "go": [1,1,1,1], "gu": [255,2,3,0,1]},
				"86": {"c": 50, "go": [2,1,0,1], "gu": [255,3,0,0,1]},
				"96": {"c": 100, "go": [1,0,0,1], "gu": [255,3,0,255,255]},
				"97": {"c": 100, "go": [1,0,1,1], "gu": [255,2,0,255,3]},
				"98": {"c": 100, "go": [1,0,0,2], "gu": [255,3,0,255,3]},
				"261": {"c": 50, "go": [0,1,1,1], "gu": [1,255,255,2,3]},
				"264": {"c": 100, "go": [0,0,1,1], "gu": [3,255,255,2,255]},
				"265": {"c": 100, "go": [0,0,1,2], "gu": [3,255,255,2,3]},
				"276": {"c": 100, "go": [0,1,1,1], "gu": [1,255,3,2,255]},
				"277": {"c": 20, "go": [1,1,1,1], "gu": [1,255,0,2,3]},
				"325": {"c": 50, "go": [1,1,1,1], "gu": [1,2,255,0,3]},
				"328": {"c": 100, "go": [1,0,1,1], "gu": [3,2,255,0,255]},
				"329": {"c": 100, "go": [1,0,1,2], "gu": [3,2,255,0,3]},
				"337": {"c": 50, "go": [1,1,1,1], "gu": [1,2,0,255,3]},
				"340": {"c": 50, "go": [1,1,1,1], "gu": [1,2,3,0,255]},
				"341": {"c": 10, "go": [2,1,1,1], "gu": [1,2,0,0,3]},
				"352": {"c": 100, "go": [1,0,1,1], "gu": [3,2,0,255,255]},
				"353": {"c": 100, "go": [1,0,1,2], "gu": [3,2,0,255,3]},
				"512": {"c": 100, "go": [0,0,0,1], "gu": [3,255,255,255,255]},
				"520": {"c": 100, "go": [1,0,0,1], "gu": [3,255,255,0,255]},
				"528": {"c": 100, "go": [0,1,0,1], "gu": [1,255,3,255,255]},
				"532": {"c": 100, "go": [1,1,0,1], "gu": [1,255,3,0,255]},
				"544": {"c": 50, "go": [1,0,0,1], "gu": [3,255,0,255,255]},
				"580": {"c": 100, "go": [1,1,0,1], "gu": [1,3,255,0,255]},
				"584": {"c": 100, "go": [1,0,0,2], "gu": [3,3,255,0,255]},
				"592": {"c": 100, "go": [1,1,0,1], "gu": [1,3,0,255,255]},
				"596": {"c": 50, "go": [2,1,0,1], "gu": [1,3,0,0,255]},
				"608": {"c": 100, "go": [1,0,0,2], "gu": [3,3,0,255,255]}
			}
		},
		"344": {"c": 100, "go": [2.5,2.333,1.333,0], "gu": [1,0,1,0,255],
			"r": {
				"8": {"c": 100, "go": [0,0,1,0], "gu": [255,255,255,2,255]},
				"36": {"c": 100, "go": [1,0,1,0], "gu": [255,255,0,2,255]},
				"84": {"c": 100, "go": [1,1,1,0], "gu": [255,2,0,1,255]},
				"96": {"c": 100, "go": [1,0,1,0], "gu": [255,2,0,255,255]},
				"100": {"c": 100, "go": [1,0,2,0], "gu": [255,2,0,2,255]},
				"128": {"c": 100, "go": [0,0,1,0], "gu": [255,2,255,255,255]},
				"264": {"c": 100, "go": [0,1,1,0], "gu": [2,255,255,1,255]},
				"276": {"c": 100, "go": [1,1,1,0], "gu": [2,255,0,1,255]},
				"340": {"c": 100, "go": [1,1,2,0], "gu": [2,2,0,1,255]},
				"512": {"c": 100, "go": [0,0,1,0], "gu": [2,255,255,255,255]},
				"520": {"c": 100, "go": [0,0,2,0], "gu": [2,255,255,2,255]},
				"640": {"c": 100, "go": [0,0,2,0], "gu": [2,2,255,255,255]}
			}
		},
		"345": {"c": 100, "go": [2.563,3.313,1.75,0], "gu": [1,0,1,0,1],
			"r": {
				"2": {"c": 100, "go": [0,0,1,0], "gu": [255,255,255,255,2]},
				"8": {"c": 100, "go": [0,0,1,0], "gu": [255,255,255,2,255]},
				"9": {"c": 100, "go": [0,1,1,0], "gu": [255,255,255,1,2]},
				"10": {"c": 100, "go": [0,0,2,0], "gu": [255,255,255,2,2]},
				"21": {"c": 100, "go": [1,1,1,0], "gu": [255,255,0,1,2]},
				"34": {"c": 100, "go": [1,0,1,0], "gu": [255,255,0,255,2]},
				"36": {"c": 100, "go": [1,0,1,0], "gu": [255,255,0,2,255]},
				"38": {"c": 100, "go": [1,0,2,0], "gu": [255,255,0,2,2]},
				"84": {"c": 100, "go": [1,1,1,0], "gu": [255,2,0,1,255]},
				"85": {"c": 100, "go": [1,1,2,0], "gu": [255,2,0,1,2]},
				"96": {"c": 100, "go": [1,0,1,0], "gu": [255,2,0,255,255]},
				"98": {"c": 100, "go": [1,0,2,0], "gu": [255,2,0,255,2]},
				"100": {"c": 100, "go": [1,0,2,0], "gu": [255,2,0,2,255]},
				"102": {"c": 100, "go": [1,0,3,0], "gu": [255,2,0,2,2]},
				"128": {"c": 100, "go": [0,0,1,0], "gu": [255,2,255,255,255]},
				"130": {"c": 100, "go": [0,0,2,0], "gu": [255,2,255,255,2]},
				"264": {"c": 100, "go": [0,1,1,0], "gu": [2,255,255,1,255]},
				"265": {"c": 100, "go": [0,1,2,0], "gu": [2,255,255,1,2]},
				"276": {"c": 100, "go": [1,1,1,0], "gu": [2,255,0,1,255]},
				"277": {"c": 100, "go": [1,1,2,0], "gu": [2,255,0,1,2]},
				"340": {"c": 100, "go": [1,1,2,0], "gu": [2,2,0,1,255]},
				"341": {"c": 100, "go": [1,1,3,0], "gu": [2,2,0,1,2]},
				"512": {"c": 100, "go": [0,0,1,0], "gu": [2,255,255,255,255]},
				"514": {"c": 100, "go": [0,0,2,0], "gu": [2,255,255,255,2]},
				"520": {"c": 100, "go": [0,0,2,0], "gu": [2,255,255,2,255]},
				"522": {"c": 100, "go": [0,0,3,0], "gu": [2,255,255,2,2]},
				"544": {"c": 100, "go": [1,0,1,0], "gu": [2,255,0,255,255]},
				"548": {"c": 100, "go": [1,0,2,0], "gu": [2,255,0,2,255]},
				"608": {"c": 100, "go": [1,0,2,0], "gu": [2,2,0,255,255]},
				"612": {"c": 100, "go": [1,0,3,0], "gu": [2,2,0,2,255]},
				"640": {"c": 100, "go": [0,0,2,0], "gu": [2,2,255,255,255]},
				"642": {"c": 100, "go": [0,0,3,0], "gu": [2,2,255,255,2]}
			}
		},
		"352": {"c": 100, "go": [2,1.2,0,1.4], "gu": [3,0,0,255,255],
			"r": {
				"32": {"c": 100, "go": [0,1,0,0], "gu": [255,255,1,255,255]},
				"288": {"c": 100, "go": [0,1,0,1], "gu": [1,255,3,255,255]},
				"384": {"c": 100, "go": [0,1,0,1], "gu": [1,3,255,255,255]},
				"512": {"c": 100, "go": [0,1,0,0], "gu": [1,255,255,255,255]},
				"544": {"c": 100, "go": [0,2,0,0], "gu": [1,255,1,255,255]}
			}
		},
		"353": {"c": 100, "go": [1.769,2.308,0,2], "gu": [1,3,0,255,1],
			"r": {
				"2": {"c": 100, "go": [0,0,0,1], "gu": [255,255,255,255,3]},
				"66": {"c": 100, "go": [1,0,0,1], "gu": [255,0,255,255,3]},
				"80": {"c": 100, "go": [1,0,0,1], "gu": [255,0,3,255,255]},
				"81": {"c": 100, "go": [1,1,0,1], "gu": [255,0,1,255,3]},
				"82": {"c": 100, "go": [1,0,0,2], "gu": [255,0,3,255,3]},
				"128": {"c": 100, "go": [1,0,0,0], "gu": [255,0,255,255,255]},
				"144": {"c": 100, "go": [1,1,0,0], "gu": [255,0,1,255,255]},
				"336": {"c": 100, "go": [1,1,0,1], "gu": [3,0,1,255,255]},
				"337": {"c": 100, "go": [1,1,0,2], "gu": [3,0,1,255,3]},
				"512": {"c": 100, "go": [0,0,0,1], "gu": [3,255,255,255,255]},
				"576": {"c": 100, "go": [1,0,0,1], "gu": [3,0,255,255,255]},
				"592": {"c": 100, "go": [1,0,0,2], "gu": [3,0,3,255,255]}
			}
		},
		"356": {"c": 100, "go": [2.5,2.333,0,1.333], "gu": [1,0,0,1,255],
			"r": {
				"24": {"c": 100, "go": [1,0,0,1], "gu": [255,255,3,0,255]},
				"32": {"c": 100, "go": [0,0,0,1], "gu": [255,255,3,255,255]},
				"72": {"c": 100, "go": [1,0,0,1], "gu": [255,3,255,0,255]},
				"84": {"c": 100, "go": [1,1,0,1], "gu": [255,3,1,0,255]},
				"88": {"c": 100, "go": [1,0,0,2], "gu": [255,3,3,0,255]},
				"128": {"c": 100, "go": [0,0,0,1], "gu": [255,3,255,255,255]},
				"276": {"c": 100, "go": [1,1,0,1], "gu": [3,255,1,0,255]},
				"288": {"c": 100, "go": [0,1,0,1], "gu": [3,255,1,255,255]},
				"340": {"c": 100, "go": [1,1,0,2], "gu": [3,3,1,0,255]},
				"512": {"c": 100, "go": [0,0,0,1], "gu": [3,255,255,255,255]},
				"544": {"c": 100, "go": [0,0,0,2], "gu": [3,255,3,255,255]},
				"640": {"c": 100, "go": [0,0,0,2], "gu": [3,3,255,255,255]}
			}
		},
		"357": {"c": 100, "go": [2.563,3.313,0,1.75], "gu": [1,0,0,1,1],
			"r": {
				"2": {"c": 100, "go": [0,0,0,1], "gu": [255,255,255,255,3]},
				"10": {"c": 100, "go": [1,0,0,1], "gu": [255,255,255,0,3]},
				"21": {"c": 100, "go": [1,1,0,1], "gu": [255,255,1,0,3]},
				"24": {"c": 100, "go": [1,0,0,1], "gu": [255,255,3,0,255]},
				"26": {"c": 100, "go": [1,0,0,2], "gu": [255,255,3,0,3]},
				"32": {"c": 100, "go": [0,0,0,1], "gu": [255,255,3,255,255]},
				"33": {"c": 100, "go": [0,1,0,1], "gu": [255,255,1,255,3]},
				"34": {"c": 100, "go": [0,0,0,2], "gu": [255,255,3,255,3]},
				"72": {"c": 100, "go": [1,0,0,1], "gu": [255,3,255,0,255]},
				"74": {"c": 100, "go": [1,0,0,2], "gu": [255,3,255,0,3]},
				"84": {"c": 100, "go": [1,1,0,1], "gu": [255,3,1,0,255]},
				"85": {"c": 100, "go": [1,1,0,2], "gu": [255,3,1,0,3]},
				"88": {"c": 100, "go": [1,0,0,2], "gu": [255,3,3,0,255]},
				"90": {"c": 100, "go": [1,0,0,3], "gu": [255,3,3,0,3]},
				"128": {"c": 100, "go": [0,0,0,1], "gu": [255,3,255,255,255]},
				"130": {"c": 100, "go": [0,0,0,2], "gu": [255,3,255,255,3]},
				"276": {"c": 100, "go": [1,1,0,1], "gu": [3,255,1,0,255]},
				"277": {"c": 100, "go": [1,1,0,2], "gu": [3,255,1,0,3]},
				"288": {"c": 100, "go": [0,1,0,1], "gu": [3,255,1,255,255]},
				"289": {"c": 100, "go": [0,1,0,2], "gu": [3,255,1,255,3]},
				"340": {"c": 100, "go": [1,1,0,2], "gu": [3,3,1,0,255]},
				"341": {"c": 100, "go": [1,1,0,3], "gu": [3,3,1,0,3]},
				"512": {"c": 100, "go": [0,0,0,1], "gu": [3,255,255,255,255]},
				"514": {"c": 100, "go": [0,0,0,2], "gu": [3,255,255,255,3]},
				"520": {"c": 100, "go": [1,0,0,1], "gu": [3,255,255,0,255]},
				"536": {"c": 100, "go": [1,0,0,2], "gu": [3,255,3,0,255]},
				"544": {"c": 100, "go": [0,0,0,2], "gu": [3,255,3,255,255]},
				"546": {"c": 100, "go": [0,0,0,3], "gu": [3,255,3,255,3]},
				"584": {"c": 100, "go": [1,0,0,2], "gu": [3,3,255,0,255]},
				"600": {"c": 100, "go": [1,0,0,3], "gu": [3,3,3,0,255]},
				"640": {"c": 100, "go": [0,0,0,2], "gu": [3,3,255,255,255]},
				"642": {"c": 100, "go": [0,0,0,3], "gu": [3,3,255,255,3]}
			}
		},
		"360": {"c": 100, "go": [3,2,0,0], "gu": [1,0,0,0,255],
			"r": {
				"8": {"c": 100, "go": [0,1,0,0], "gu": [255,255,255,1,255]},
				"32": {"c": 100, "go": [0,1,0,0], "gu": [255,255,1,255,255]},
				"40": {"c": 100, "go": [0,2,0,0], "gu": [255,255,1,1,255]}
			}
		},
		"361": {"c": 100, "go": [3,3,0,0], "gu": [1,0,0,0,1],
			"r": {
				"8": {"c": 100, "go": [0,1,0,0], "gu": [255,255,255,1,255]},
				"32": {"c": 100, "go": [0,1,0,0], "gu": [255,255,1,255,255]},
				"40": {"c": 100, "go": [0,2,0,0], "gu": [255,255,1,1,255]}
			}
		},
		"384": {"c": 100, "go": [1,0,1,0.5], "gu": [2,0,255,255,255],
			"r": {
				"512": {"c": 100, "go": [0,0,0,1], "gu": [3,255,255,255,255]}
			}
		},
		"385": {"c": 100, "go": [1,0,2,1], "gu": [2,0,255,255,2],
			"r": {
				"2": {"c": 100, "go": [0,0,0,1], "gu": [255,255,255,255,3]},
				"512": {"c": 100, "go": [0,0,0,1], "gu": [3,255,255,255,255]},
				"514": {"c": 100, "go": [0,0,0,2], "gu": [3,255,255,255,3]}
			}
		},
		"388": {"c": 100, "go": [2,0,1.4,1.2], "gu": [2,0,255,0,255],
			"r": {
				"128": {"c": 100, "go": [0,0,0,1], "gu": [255,3,255,255,255]},
				"264": {"c": 100, "go": [0,0,1,1], "gu": [3,255,255,2,255]},
				"384": {"c": 100, "go": [0,0,1,1], "gu": [3,2,255,255,255]},
				"512": {"c": 100, "go": [0,0,0,1], "gu": [3,255,255,255,255]},
				"640": {"c": 100, "go": [0,0,0,2], "gu": [3,3,255,255,255]}
			}
		},
		"389": {"c": 100, "go": [2,0,2.462,1.538], "gu": [2,0,255,0,2],
			"r": {
				"2": {"c": 100, "go": [0,0,0,1], "gu": [255,255,255,255,3]},
				"9": {"c": 100, "go": [0,0,1,1], "gu": [255,255,255,2,3]},
				"128": {"c": 100, "go": [0,0,0,1], "gu": [255,3,255,255,255]},
				"129": {"c": 100, "go": [0,0,1,1], "gu": [255,2,255,255,3]},
				"130": {"c": 100, "go": [0,0,0,2], "gu": [255,3,255,255,3]},
				"264": {"c": 100, "go": [0,0,1,1], "gu": [3,255,255,2,255]},
				"265": {"c": 100, "go": [0,0,1,2], "gu": [3,255,255,2,3]},
				"384": {"c": 100, "go": [0,0,1,1], "gu": [3,2,255,255,255]},
				"385": {"c": 100, "go": [0,0,1,2], "gu": [3,2,255,255,3]},
				"512": {"c": 100, "go": [0,0,0,1], "gu": [3,255,255,255,255]},
				"514": {"c": 100, "go": [0,0,0,2], "gu": [3,255,255,255,3]},
				"640": {"c": 100, "go": [0,0,0,2], "gu": [3,3,255,255,255]},
				"642": {"c": 100, "go": [0,0,0,3], "gu": [3,3,255,255,3]}
			}
		},
		"392": {"c": 100, "go": [2,0,1.667,0], "gu": [2,0,255,0,255],
			"r": {
				"8": {"c": 100, "go": [0,0,1,0], "gu": [255,255,255,2,255]},
				"128": {"c": 100, "go": [0,0,1,0], "gu": [255,2,255,255,255]}
			}
		},
		"393": {"c": 100, "go": [2,0,2.667,0], "gu": [2,0,255,0,2],
			"r": {
				"8": {"c": 100, "go": [0,0,1,0], "gu": [255,255,255,2,255]},
				"128": {"c": 100, "go": [0,0,1,0], "gu": [255,2,255,255,255]}
			}
		},
		"400": {"c": 100, "go": [2,0,1.2,1.4], "gu": [3,0,0,255,255],
			"r": {
				"128": {"c": 100, "go": [0,0,1,0], "gu": [255,2,255,255,255]},
				"288": {"c": 100, "go": [0,0,1,1], "gu": [2,255,3,255,255]},
				"384": {"c": 100, "go": [0,0,1,1], "gu": [2,3,255,255,255]},
				"512": {"c": 100, "go": [0,0,1,0], "gu": [2,255,255,255,255]},
				"640": {"c": 100, "go": [0,0,2,0], "gu": [2,2,255,255,255]}
			}
		},
		"401": {"c": 100, "go": [2,0,1.538,2.462], "gu": [3,0,0,255,3],
			"r": {
				"2": {"c": 100, "go": [0,0,1,0], "gu": [255,255,255,255,2]},
				"33": {"c": 100, "go": [0,0,1,1], "gu": [255,255,3,255,2]},
				"128": {"c": 100, "go": [0,0,1,0], "gu": [255,2,255,255,255]},
				"129": {"c": 100, "go": [0,0,1,1], "gu": [255,3,255,255,2]},
				"130": {"c": 100, "go": [0,0,2,0], "gu": [255,2,255,255,2]},
				"288": {"c": 100, "go": [0,0,1,1], "gu": [2,255,3,255,255]},
				"289": {"c": 100, "go": [0,0,2,1], "gu": [2,255,3,255,2]},
				"384": {"c": 100, "go": [0,0,1,1], "gu": [2,3,255,255,255]},
				"385": {"c": 100, "go": [0,0,2,1], "gu": [2,3,255,255,2]},
				"512": {"c": 100, "go": [0,0,1,0], "gu": [2,255,255,255,255]},
				"514": {"c": 100, "go": [0,0,2,0], "gu": [2,255,255,255,2]},
				"640": {"c": 100, "go": [0,0,2,0], "gu": [2,2,255,255,255]},
				"642": {"c": 100, "go": [0,0,3,0], "gu": [2,2,255,255,2]}
			}
		},
		"404": {"c": 100, "go": [2.5,0,2.333,1.333], "gu": [2,0,0,2,255],
			"r": {
				"24": {"c": 100, "go": [1,0,0,1], "gu": [255,255,3,0,255]},
				"32": {"c": 100, "go": [0,0,0,1], "gu": [255,255,3,255,255]},
				"72": {"c": 100, "go": [1,0,0,1], "gu": [255,3,255,0,255]},
				"84": {"c": 100, "go": [1,0,1,1], "gu": [255,2,3,0,255]},
				"88": {"c": 100, "go": [1,0,0,2], "gu": [255,3,3,0,255]},
				"128": {"c": 100, "go": [0,0,0,1], "gu": [255,3,255,255,255]},
				"324": {"c": 100, "go": [1,0,1,1], "gu": [3,2,255,0,255]},
				"340": {"c": 100, "go": [1,0,1,2], "gu": [3,2,3,0,255]},
				"384": {"c": 100, "go": [0,0,1,1], "gu": [3,2,255,255,255]},
				"512": {"c": 100, "go": [0,0,0,1], "gu": [3,255,255,255,255]},
				"544": {"c": 100, "go": [0,0,0,2], "gu": [3,255,3,255,255]},
				"640": {"c": 100, "go": [0,0,0,2], "gu": [3,3,255,255,255]}
			}
		},
		"405": {"c": 100, "go": [2.563,0,3.313,1.75], "gu": [2,0,0,2,2],
			"r": {
				"2": {"c": 100, "go": [0,0,0,1], "gu": [255,255,255,255,3]},
				"10": {"c": 100, "go": [1,0,0,1], "gu": [255,255,255,0,3]},
				"24": {"c": 100, "go": [1,0,0,1], "gu": [255,255,3,0,255]},
				"26": {"c": 100, "go": [1,0,0,2], "gu": [255,255,3,0,3]},
				"32": {"c": 100, "go": [0,0,0,1], "gu": [255,255,3,255,255]},
				"34": {"c": 100, "go": [0,0,0,2], "gu": [255,255,3,255,3]},
				"69": {"c": 100, "go": [1,0,1,1], "gu": [255,2,255,0,3]},
				"72": {"c": 100, "go": [1,0,0,1], "gu": [255,3,255,0,255]},
				"74": {"c": 100, "go": [1,0,0,2], "gu": [255,3,255,0,3]},
				"84": {"c": 100, "go": [1,0,1,1], "gu": [255,2,3,0,255]},
				"85": {"c": 100, "go": [1,0,1,2], "gu": [255,2,3,0,3]},
				"88": {"c": 100, "go": [1,0,0,2], "gu": [255,3,3,0,255]},
				"90": {"c": 100, "go": [1,0,0,3], "gu": [255,3,3,0,3]},
				"128": {"c": 100, "go": [0,0,0,1], "gu": [255,3,255,255,255]},
				"129": {"c": 100, "go": [0,0,1,1], "gu": [255,2,255,255,3]},
				"130": {"c": 100, "go": [0,0,0,2], "gu": [255,3,255,255,3]},
				"324": {"c": 100, "go": [1,0,1,1], "gu": [3,2,255,0,255]},
				"325": {"c": 100, "go": [1,0,1,2], "gu": [3,2,255,0,3]},
				"340": {"c": 100, "go": [1,0,1,2], "gu": [3,2,3,0,255]},
				"341": {"c": 100, "go": [1,0,1,3], "gu": [3,2,3,0,3]},
				"384": {"c": 100, "go": [0,0,1,1], "gu": [3,2,255,255,255]},
				"385": {"c": 100, "go": [0,0,1,2], "gu": [3,2,255,255,3]},
				"512": {"c": 100, "go": [0,0,0,1], "gu": [3,255,255,255,255]},
				"514": {"c": 100, "go": [0,0,0,2], "gu": [3,255,255,255,3]},
				"520": {"c": 100, "go": [1,0,0,1], "gu": [3,255,255,0,255]},
				"536": {"c": 100, "go": [1,0,0,2], "gu": [3,255,3,0,255]},
				"544": {"c": 100, "go": [0,0,0,2], "gu": [3,255,3,255,255]},
				"546": {"c": 100, "go": [0,0,0,3], "gu": [3,255,3,255,3]},
				"584": {"c": 100, "go": [1,0,0,2], "gu": [3,3,255,0,255]},
				"600": {"c": 100, "go": [1,0,0,3], "gu": [3,3,3,0,255]},
				"640": {"c": 100, "go": [0,0,0,2], "gu": [3,3,255,255,255]},
				"642": {"c": 100, "go": [0,0,0,3], "gu": [3,3,255,255,3]}
			}
		},
		"408": {"c": 100, "go": [3,0,2,0], "gu": [2,0,0,0,255],
			"r": {
				"8": {"c": 100, "go": [0,0,1,0], "gu": [255,255,255,2,255]},
				"128": {"c": 100, "go": [0,0,1,0], "gu": [255,2,255,255,255]},
				"136": {"c": 100, "go": [0,0,2,0], "gu": [255,2,255,2,255]}
			}
		},
		"409": {"c": 100, "go": [3,0,3,0], "gu": [2,0,0,0,2],
			"r": {
				"8": {"c": 100, "go": [0,0,1,0], "gu": [255,255,255,2,255]},
				"128": {"c": 100, "go": [0,0,1,0], "gu": [255,2,255,255,255]},
				"136": {"c": 100, "go": [0,0,2,0], "gu": [255,2,255,2,255]}
			}
		},
		"416": {"c": 100, "go": [2,0,0,1.667], "gu": [3,0,0,255,255],
			"r": {
				"32": {"c": 100, "go": [0,0,0,1], "gu": [255,255,3,255,255]},
				"128": {"c": 100, "go": [0,0,0,1], "gu": [255,3,255,255,255]}
			}
		},
		"417": {"c": 100, "go": [2,0,0,2.667], "gu": [3,0,0,255,3],
			"r": {
				"32": {"c": 100, "go": [0,0,0,1], "gu": [255,255,3,255,255]},
				"128": {"c": 100, "go": [0,0,0,1], "gu": [255,3,255,255,255]}
			}
		},
		"420": {"c": 100, "go": [3,0,0,2], "gu": [3,0,0,0,255],
			"r": {
				"32": {"c": 100, "go": [0,0,0,1], "gu": [255,255,3,255,255]},
				"128": {"c": 100, "go": [0,0,0,1], "gu": [255,3,255,255,255]},
				"160": {"c": 100, "go": [0,0,0,2], "gu": [255,3,3,255,255]}
			}
		},
		"421": {"c": 100, "go": [3,0,0,3], "gu": [3,0,0,0,3],
			"r": {
				"32": {"c": 100, "go": [0,0,0,1], "gu": [255,255,3,255,255]},
				"128": {"c": 100, "go": [0,0,0,1], "gu": [255,3,255,255,255]},
				"160": {"c": 100, "go": [0,0,0,2], "gu": [255,3,3,255,255]}
			}
		},
		"512": {"c": 66.667, "go": [0,1,0.667,0], "gu": [1,255,255,255,255],
			"r": {
				"512": {"c": 50, "go": [0,0,1,0], "gu": [2,255,255,255,255]}
			}
		},
		"514": {"c": 77.778, "go": [0,1.444,1.444,0.444], "gu": [1,255,255,255,2],
			"r": {
				"2": {"c": 50, "go": [0,1,0,0], "gu": [255,255,255,255,1]},
				"257": {"c": 100, "go": [0,1,1,0], "gu": [2,255,255,255,1]},
				"258": {"c": 100, "go": [0,1,0,1], "gu": [3,255,255,255,1]},
				"512": {"c": 50, "go": [0,0,1,0], "gu": [2,255,255,255,255]},
				"513": {"c": 100, "go": [0,0,1,1], "gu": [2,255,255,255,3]},
				"514": {"c": 100, "go": [0,0,0,2], "gu": [3,255,255,255,3]}
			}
		},
		"516": {"c": 100, "go": [0,1,0.5,1], "gu": [3,255,255,1,255],
			"r": {
				"8": {"c": 100, "go": [0,0,1,0], "gu": [255,255,255,2,255]}
			}
		},
		"518": {"c": 90, "go": [0,1.7,1.5,1.5], "gu": [1,255,255,2,3],
			"r": {
				"8": {"c": 100, "go": [0,1,0,0], "gu": [255,255,255,1,255]},
				"257": {"c": 100, "go": [0,1,0,1], "gu": [3,255,255,255,1]},
				"260": {"c": 100, "go": [0,1,1,0], "gu": [2,255,255,1,255]},
				"261": {"c": 100, "go": [0,1,1,1], "gu": [3,255,255,1,2]},
				"264": {"c": 100, "go": [0,1,0,1], "gu": [3,255,255,1,255]},
				"265": {"c": 100, "go": [0,2,0,1], "gu": [3,255,255,1,1]},
				"512": {"c": 50, "go": [0,0,1,0], "gu": [2,255,255,255,255]},
				"513": {"c": 100, "go": [0,0,1,1], "gu": [3,255,255,255,2]}
			}
		},
		"520": {"c": 100, "go": [0,2,1,0], "gu": [1,255,255,1,255],
			"r": {
				"8": {"c": 100, "go": [0,0,1,0], "gu": [255,255,255,2,255]},
				"512": {"c": 100, "go": [0,0,1,0], "gu": [2,255,255,255,255]},
				"520": {"c": 100, "go": [0,0,2,0], "gu": [2,255,255,2,255]}
			}
		},
		"522": {"c": 100, "go": [0,3,1.5,0], "gu": [1,255,255,1,1],
			"r": {
				"2": {"c": 100, "go": [0,0,1,0], "gu": [255,255,255,255,2]},
				"8": {"c": 100, "go": [0,0,1,0], "gu": [255,255,255,2,255]},
				"10": {"c": 100, "go": [0,0,2,0], "gu": [255,255,255,2,2]},
				"512": {"c": 100, "go": [0,0,1,0], "gu": [2,255,255,255,255]},
				"514": {"c": 100, "go": [0,0,2,0], "gu": [2,255,255,255,2]},
				"520": {"c": 100, "go": [0,0,2,0], "gu": [2,255,255,2,255]},
				"522": {"c": 100, "go": [0,0,3,0], "gu": [2,255,255,2,2]}
			}
		},
		"528": {"c": 100, "go": [0,1,1,0.5], "gu": [2,255,1,255,255],
			"r": {
				"32": {"c": 100, "go": [0,0,0,1], "gu": [255,255,3,255,255]}
			}
		},
		"530": {"c": 90, "go": [0,1.7,1.7,1.3], "gu": [1,255,3,255,2],
			"r": {
				"32": {"c": 100, "go": [0,1,0,0], "gu": [255,255,1,255,255]},
				"257": {"c": 100, "go": [0,1,1,0], "gu": [2,255,255,255,1]},
				"272": {"c": 100, "go": [0,1,0,1], "gu": [3,255,1,255,255]},
				"273": {"c": 100, "go": [0,1,1,1], "gu": [2,255,1,255,3]},
				"288": {"c": 100, "go": [0,1,1,0], "gu": [2,255,1,255,255]},
				"289": {"c": 100, "go": [0,2,1,0], "gu": [2,255,1,255,1]},
				"512": {"c": 50, "go": [0,0,1,0], "gu": [2,255,255,255,255]},
				"513": {"c": 100, "go": [0,0,1,1], "gu": [2,255,255,255,3]}
			}
		},
		"532": {"c": 100, "go": [0,1.4,2,1.2], "gu": [2,255,1,2,255],
			"r": {
				"24": {"c": 100, "go": [0,1,0,1], "gu": [255,255,3,1,255]},
				"32": {"c": 100, "go": [0,0,0,1], "gu": [255,255,3,255,255]},
				"512": {"c": 100, "go": [0,0,0,1], "gu": [3,255,255,255,255]},
				"528": {"c": 100, "go": [0,1,0,1], "gu": [1,255,3,255,255]},
				"544": {"c": 100, "go": [0,0,0,2], "gu": [3,255,3,255,255]}
			}
		},
		"534": {"c": 90.476, "go": [0,2.619,2.429,1.333], "gu": [2,255,1,2,1],
			"r": {
				"2": {"c": 100, "go": [0,0,0,1], "gu": [255,255,255,255,3]},
				"9": {"c": 100, "go": [0,1,0,1], "gu": [255,255,255,1,3]},
				"21": {"c": 100, "go": [0,1,1,1], "gu": [255,255,3,1,2]},
				"24": {"c": 100, "go": [0,1,0,1], "gu": [255,255,3,1,255]},
				"25": {"c": 100, "go": [0,1,0,2], "gu": [255,255,3,1,3]},
				"32": {"c": 100, "go": [0,0,0,1], "gu": [255,255,3,255,255]},
				"34": {"c": 50, "go": [0,0,1,1], "gu": [255,255,3,255,2]},
				"258": {"c": 100, "go": [0,0,1,1], "gu": [3,255,255,255,2]},
				"261": {"c": 100, "go": [0,1,1,1], "gu": [3,255,255,1,2]},
				"273": {"c": 100, "go": [0,1,1,1], "gu": [1,255,3,255,2]},
				"277": {"c": 50, "go": [0,2,1,1], "gu": [1,255,3,1,2]},
				"290": {"c": 100, "go": [0,0,1,2], "gu": [3,255,3,255,2]},
				"512": {"c": 100, "go": [0,0,0,1], "gu": [3,255,255,255,255]},
				"513": {"c": 100, "go": [0,1,0,1], "gu": [1,255,255,255,3]},
				"514": {"c": 100, "go": [0,0,0,2], "gu": [3,255,255,255,3]},
				"528": {"c": 100, "go": [0,1,0,1], "gu": [1,255,3,255,255]},
				"529": {"c": 100, "go": [0,1,0,2], "gu": [1,255,3,255,3]},
				"544": {"c": 100, "go": [0,0,0,2], "gu": [3,255,3,255,255]},
				"546": {"c": 100, "go": [0,0,0,3], "gu": [3,255,3,255,3]}
			}
		},
		"536": {"c": 100, "go": [0,1.667,2,0], "gu": [2,255,1,2,255],
			"r": {
				"8": {"c": 100, "go": [0,1,0,0], "gu": [255,255,255,1,255]},
				"512": {"c": 100, "go": [0,1,0,0], "gu": [1,255,255,255,255]}
			}
		},
		"538": {"c": 100, "go": [0,4,1.714,0], "gu": [1,255,1,1,1],
			"r": {
				"2": {"c": 100, "go": [0,0,1,0], "gu": [255,255,255,255,2]},
				"8": {"c": 100, "go": [0,0,1,0], "gu": [255,255,255,2,255]},
				"10": {"c": 100, "go": [0,0,2,0], "gu": [255,255,255,2,2]},
				"512": {"c": 100, "go": [0,0,1,0], "gu": [2,255,255,255,255]},
				"514": {"c": 100, "go": [0,0,2,0], "gu": [2,255,255,255,2]},
				"520": {"c": 100, "go": [0,0,2,0], "gu": [2,255,255,2,255]},
				"522": {"c": 100, "go": [0,0,3,0], "gu": [2,255,255,2,2]}
			}
		},
		"544": {"c": 100, "go": [0,2,0,1], "gu": [1,255,1,255,255],
			"r": {
				"32": {"c": 100, "go": [0,0,0,1], "gu": [255,255,3,255,255]},
				"512": {"c": 100, "go": [0,0,0,1], "gu": [3,255,255,255,255]},
				"544": {"c": 100, "go": [0,0,0,2], "gu": [3,255,3,255,255]}
			}
		},
		"546": {"c": 100, "go": [0,3,0,1.5], "gu": [1,255,1,255,1],
			"r": {
				"2": {"c": 100, "go": [0,0,0,1], "gu": [255,255,255,255,3]},
				"32": {"c": 100, "go": [0,0,0,1], "gu": [255,255,3,255,255]},
				"34": {"c": 100, "go": [0,0,0,2], "gu": [255,255,3,255,3]},
				"512": {"c": 100, "go": [0,0,0,1], "gu": [3,255,255,255,255]},
				"514": {"c": 100, "go": [0,0,0,2], "gu": [3,255,255,255,3]},
				"544": {"c": 100, "go": [0,0,0,2], "gu": [3,255,3,255,255]},
				"546": {"c": 100, "go": [0,0,0,3], "gu": [3,255,3,255,3]}
			}
		},
		"548": {"c": 100, "go": [0,3,0,1.333], "gu": [1,255,1,1,255],
			"r": {
				"32": {"c": 100, "go": [0,0,0,1], "gu": [255,255,3,255,255]},
				"512": {"c": 100, "go": [0,0,0,1], "gu": [3,255,255,255,255]},
				"544": {"c": 100, "go": [0,0,0,2], "gu": [3,255,3,255,255]}
			}
		},
		"550": {"c": 100, "go": [0,4,0,1.714], "gu": [1,255,1,1,1],
			"r": {
				"2": {"c": 100, "go": [0,0,0,1], "gu": [255,255,255,255,3]},
				"32": {"c": 100, "go": [0,0,0,1], "gu": [255,255,3,255,255]},
				"34": {"c": 100, "go": [0,0,0,2], "gu": [255,255,3,255,3]},
				"512": {"c": 100, "go": [0,0,0,1], "gu": [3,255,255,255,255]},
				"514": {"c": 100, "go": [0,0,0,2], "gu": [3,255,255,255,3]},
				"544": {"c": 100, "go": [0,0,0,2], "gu": [3,255,3,255,255]},
				"546": {"c": 100, "go": [0,0,0,3], "gu": [3,255,3,255,3]}
			}
		},
		"552": {"c": 100, "go": [0,3,0,0], "gu": [1,255,1,1,255]},
		"554": {"c": 100, "go": [0,4,0,0], "gu": [1,255,1,1,1]},
		"576": {"c": 100, "go": [0,1,1,0.5], "gu": [1,2,255,255,255],
			"r": {
				"128": {"c": 100, "go": [0,0,0,1], "gu": [255,3,255,255,255]}
			}
		},
		"578": {"c": 90, "go": [0,1.7,1.7,1.3], "gu": [1,3,255,255,2],
			"r": {
				"2": {"c": 50, "go": [0,1,0,0], "gu": [255,255,255,255,1]},
				"65": {"c": 100, "go": [0,0,1,1], "gu": [255,2,255,255,3]},
				"128": {"c": 100, "go": [0,0,1,0], "gu": [255,2,255,255,255]},
				"129": {"c": 100, "go": [0,1,1,0], "gu": [255,2,255,255,1]},
				"257": {"c": 100, "go": [0,1,1,0], "gu": [2,255,255,255,1]},
				"258": {"c": 100, "go": [0,1,0,1], "gu": [3,255,255,255,1]},
				"321": {"c": 100, "go": [0,1,1,1], "gu": [3,2,255,255,1]},
				"385": {"c": 100, "go": [0,1,2,0], "gu": [2,2,255,255,1]}
			}
		},
		"580": {"c": 100, "go": [0,2,1.4,1.2], "gu": [1,2,255,1,255],
			"r": {
				"72": {"c": 100, "go": [0,0,1,1], "gu": [255,3,255,2,255]},
				"128": {"c": 100, "go": [0,0,0,1], "gu": [255,3,255,255,255]},
				"512": {"c": 100, "go": [0,0,0,1], "gu": [3,255,255,255,255]},
				"576": {"c": 100, "go": [0,0,1,1], "gu": [2,3,255,255,255]},
				"640": {"c": 100, "go": [0,0,0,2], "gu": [3,3,255,255,255]}
			}
		},
		"582": {"c": 90.476, "go": [0,2.429,1.143,2.333], "gu": [1,3,255,1,3],
			"r": {
				"2": {"c": 50, "go": [0,1,0,0], "gu": [255,255,255,255,1]},
				"6": {"c": 100, "go": [0,1,1,0], "gu": [255,255,255,2,1]},
				"8": {"c": 100, "go": [0,0,1,0], "gu": [255,255,255,2,255]},
				"10": {"c": 100, "go": [0,0,2,0], "gu": [255,255,255,2,2]},
				"128": {"c": 100, "go": [0,0,1,0], "gu": [255,2,255,255,255]},
				"136": {"c": 100, "go": [0,0,2,0], "gu": [255,2,255,2,255]},
				"257": {"c": 100, "go": [0,1,0,1], "gu": [3,255,255,255,1]},
				"258": {"c": 100, "go": [0,1,1,0], "gu": [2,255,255,255,1]},
				"261": {"c": 100, "go": [0,1,1,1], "gu": [3,255,255,2,1]},
				"262": {"c": 100, "go": [0,1,2,0], "gu": [2,255,255,2,1]},
				"321": {"c": 100, "go": [0,1,1,1], "gu": [3,2,255,255,1]},
				"325": {"c": 100, "go": [0,1,2,1], "gu": [3,2,255,2,1]},
				"512": {"c": 50, "go": [0,0,1,0], "gu": [2,255,255,255,255]},
				"513": {"c": 100, "go": [0,0,1,1], "gu": [3,255,255,255,2]},
				"514": {"c": 100, "go": [0,0,2,0], "gu": [2,255,255,255,2]},
				"576": {"c": 100, "go": [0,0,1,1], "gu": [3,2,255,255,255]},
				"577": {"c": 100, "go": [0,0,2,1], "gu": [3,2,255,255,2]},
				"640": {"c": 100, "go": [0,0,2,0], "gu": [2,2,255,255,255]}
			}
		},
		"584": {"c": 100, "go": [0,2,1.667,0], "gu": [1,2,255,1,255],
			"r": {
				"8": {"c": 100, "go": [0,0,1,0], "gu": [255,255,255,2,255]},
				"512": {"c": 100, "go": [0,0,1,0], "gu": [2,255,255,255,255]}
			}
		},
		"586": {"c": 100, "go": [0,3,2.286,0], "gu": [1,2,255,1,1],
			"r": {
				"2": {"c": 100, "go": [0,0,1,0], "gu": [255,255,255,255,2]},
				"8": {"c": 100, "go": [0,0,1,0], "gu": [255,255,255,2,255]},
				"10": {"c": 100, "go": [0,0,2,0], "gu": [255,255,255,2,2]},
				"512": {"c": 100, "go": [0,0,1,0], "gu": [2,255,255,255,255]},
				"514": {"c": 100, "go": [0,0,2,0], "gu": [2,255,255,255,2]},
				"520": {"c": 100, "go": [0,0,2,0], "gu": [2,255,255,2,255]}
			}
		},
		"592": {"c": 100, "go": [0,2,1.2,1.4], "gu": [1,3,1,255,255],
			"r": {
				"96": {"c": 100, "go": [0,0,1,1], "gu": [255,2,3,255,255]},
				"128": {"c": 100, "go": [0,0,1,0], "gu": [255,2,255,255,255]},
				"512": {"c": 100, "go": [0,0,1,0], "gu": [2,255,255,255,255]},
				"576": {"c": 100, "go": [0,0,1,1], "gu": [3,2,255,255,255]},
				"640": {"c": 100, "go": [0,0,2,0], "gu": [2,2,255,255,255]}
			}
		},
		"594": {"c": 90.476, "go": [0,2.429,2.429,1.048], "gu": [1,2,1,255,2],
			"r": {
				"2": {"c": 50, "go": [0,1,0,0], "gu": [255,255,255,255,1]},
				"18": {"c": 100, "go": [0,1,0,1], "gu": [255,255,3,255,1]},
				"32": {"c": 100, "go": [0,0,0,1], "gu": [255,255,3,255,255]},
				"34": {"c": 100, "go": [0,0,0,2], "gu": [255,255,3,255,3]},
				"128": {"c": 100, "go": [0,0,0,1], "gu": [255,3,255,255,255]},
				"160": {"c": 100, "go": [0,0,0,2], "gu": [255,3,3,255,255]},
				"257": {"c": 100, "go": [0,1,1,0], "gu": [2,255,255,255,1]},
				"258": {"c": 100, "go": [0,1,0,1], "gu": [3,255,255,255,1]},
				"273": {"c": 100, "go": [0,1,1,1], "gu": [2,255,3,255,1]},
				"274": {"c": 100, "go": [0,1,0,2], "gu": [3,255,3,255,1]},
				"321": {"c": 100, "go": [0,1,1,1], "gu": [2,3,255,255,1]},
				"337": {"c": 100, "go": [0,1,1,2], "gu": [2,3,3,255,1]},
				"512": {"c": 50, "go": [0,0,1,0], "gu": [2,255,255,255,255]},
				"513": {"c": 100, "go": [0,0,1,1], "gu": [2,255,255,255,3]},
				"514": {"c": 100, "go": [0,0,0,2], "gu": [3,255,255,255,3]},
				"576": {"c": 100, "go": [0,0,1,1], "gu": [2,3,255,255,255]},
				"577": {"c": 100, "go": [0,0,1,2], "gu": [2,3,255,255,3]},
				"640": {"c": 100, "go": [0,0,0,2], "gu": [3,3,255,255,255]}
			}
		},
		"596": {"c": 100, "go": [0,2.5,2.333,1.333], "gu": [1,2,1,2,255],
			"r": {
				"24": {"c": 100, "go": [0,1,0,1], "gu": [255,255,3,1,255]},
				"32": {"c": 100, "go": [0,0,0,1], "gu": [255,255,3,255,255]},
				"128": {"c": 100, "go": [0,0,0,1], "gu": [255,3,255,255,255]},
				"160": {"c": 100, "go": [0,0,0,2], "gu": [255,3,3,255,255]},
				"264": {"c": 100, "go": [0,1,0,1], "gu": [3,255,255,1,255]},
				"276": {"c": 100, "go": [0,1,1,1], "gu": [2,255,3,1,255]},
				"280": {"c": 100, "go": [0,1,0,2], "gu": [3,255,3,1,255]},
				"324": {"c": 100, "go": [0,1,1,1], "gu": [2,3,255,1,255]},
				"340": {"c": 100, "go": [0,1,1,2], "gu": [2,3,3,1,255]},
				"512": {"c": 100, "go": [0,0,0,1], "gu": [3,255,255,255,255]},
				"576": {"c": 100, "go": [0,0,1,1], "gu": [2,3,255,255,255]},
				"640": {"c": 100, "go": [0,0,0,2], "gu": [3,3,255,255,255]}
			}
		},
		"598": {"c": 85.417, "go": [0,3.333,2.979,1.521], "gu": [1,2,1,1,2],
			"r": {
				"2": {"c": 100, "go": [0,0,0,1], "gu": [255,255,255,255,3]},
				"9": {"c": 100, "go": [0,0,1,1], "gu": [255,255,255,2,3]},
				"18": {"c": 100, "go": [0,1,0,1], "gu": [255,255,3,255,1]},
				"21": {"c": 100, "go": [0,1,1,1], "gu": [255,255,3,2,1]},
				"32": {"c": 100, "go": [0,0,0,1], "gu": [255,255,3,255,255]},
				"34": {"c": 100, "go": [0,0,0,2], "gu": [255,255,3,255,3]},
				"40": {"c": 100, "go": [0,0,1,1], "gu": [255,255,3,2,255]},
				"41": {"c": 100, "go": [0,0,1,2], "gu": [255,255,3,2,3]},
				"69": {"c": 100, "go": [0,1,1,1], "gu": [255,3,255,2,1]},
				"72": {"c": 100, "go": [0,0,1,1], "gu": [255,3,255,2,255]},
				"73": {"c": 100, "go": [0,0,1,2], "gu": [255,3,255,2,3]},
				"85": {"c": 100, "go": [0,1,1,2], "gu": [255,3,3,2,1]},
				"104": {"c": 100, "go": [0,0,1,2], "gu": [255,3,3,2,255]},
				"105": {"c": 100, "go": [0,0,1,3], "gu": [255,3,3,2,3]},
				"128": {"c": 100, "go": [0,0,0,1], "gu": [255,3,255,255,255]},
				"160": {"c": 100, "go": [0,0,0,2], "gu": [255,3,3,255,255]},
				"258": {"c": 100, "go": [0,1,0,1], "gu": [3,255,255,255,1]},
				"261": {"c": 100, "go": [0,1,1,1], "gu": [3,255,255,2,1]},
				"273": {"c": 100, "go": [0,1,1,1], "gu": [2,255,3,255,1]},
				"274": {"c": 100, "go": [0,1,0,2], "gu": [3,255,3,255,1]},
				"277": {"c": 50, "go": [0,1,2,1], "gu": [2,255,3,2,1]},
				"321": {"c": 100, "go": [0,1,1,1], "gu": [2,3,255,255,1]},
				"325": {"c": 50, "go": [0,1,2,1], "gu": [2,3,255,2,1]},
				"337": {"c": 100, "go": [0,1,1,2], "gu": [2,3,3,255,1]},
				"341": {"c": 50, "go": [0,1,2,2], "gu": [2,3,3,2,1]},
				"512": {"c": 100, "go": [0,0,0,1], "gu": [3,255,255,255,255]},
				"513": {"c": 100, "go": [0,0,1,1], "gu": [2,255,255,255,3]},
				"514": {"c": 100, "go": [0,0,0,2], "gu": [3,255,255,255,3]},
				"520": {"c": 100, "go": [0,0,1,1], "gu": [3,255,255,2,255]},
				"521": {"c": 50, "go": [0,0,2,1], "gu": [2,255,255,2,3]},
				"544": {"c": 50, "go": [0,0,1,1], "gu": [2,255,3,255,255]},
				"545": {"c": 100, "go": [0,0,1,2], "gu": [2,255,3,255,3]},
				"546": {"c": 100, "go": [0,0,0,3], "gu": [3,255,3,255,3]},
				"576": {"c": 100, "go": [0,0,1,1], "gu": [2,3,255,255,255]},
				"577": {"c": 100, "go": [0,0,1,2], "gu": [2,3,255,255,3]},
				"584": {"c": 50, "go": [0,0,2,1], "gu": [2,3,255,2,255]},
				"585": {"c": 50, "go": [0,0,2,2], "gu": [2,3,255,2,3]},
				"608": {"c": 100, "go": [0,0,1,2], "gu": [2,3,3,255,255]},
				"609": {"c": 100, "go": [0,0,1,3], "gu": [2,3,3,255,3]},
				"640": {"c": 100, "go": [0,0,0,2], "gu": [3,3,255,255,255]},
				"672": {"c": 100, "go": [0,0,0,3], "gu": [3,3,3,255,255]}
			}
		},
		"600": {"c": 100, "go": [0,3,2,0], "gu": [1,2,1,1,255],
			"r": {
				"8": {"c": 100, "go": [0,0,1,0], "gu": [255,255,255,2,255]},
				"512": {"c": 100, "go": [0,0,1,0], "gu": [2,255,255,255,255]},
				"520": {"c": 100, "go": [0,0,2,0], "gu": [2,255,255,2,255]}
			}
		},
		"602": {"c": 100, "go": [0,4,2.5,0], "gu": [1,2,1,1,1],
			"r": {
				"2": {"c": 100, "go": [0,0,1,0], "gu": [255,255,255,255,2]},
				"8": {"c": 100, "go": [0,0,1,0], "gu": [255,255,255,2,255]},
				"10": {"c": 100, "go": [0,0,2,0], "gu": [255,255,255,2,2]},
				"512": {"c": 100, "go": [0,0,1,0], "gu": [2,255,255,255,255]},
				"514": {"c": 100, "go": [0,0,2,0], "gu": [2,255,255,255,2]},
				"520": {"c": 100, "go": [0,0,2,0], "gu": [2,255,255,2,255]},
				"522": {"c": 100, "go": [0,0,3,0], "gu": [2,255,255,2,2]}
			}
		},
		"608": {"c": 100, "go": [0,2,0,1.667], "gu": [1,3,1,255,255],
			"r": {
				"32": {"c": 100, "go": [0,0,0,1], "gu": [255,255,3,255,255]},
				"512": {"c": 100, "go": [0,0,0,1], "gu": [3,255,255,255,255]}
			}
		},
		"610": {"c": 100, "go": [0,3,0,2.286], "gu": [1,3,1,255,1],
			"r": {
				"2": {"c": 100, "go": [0,0,0,1], "gu": [255,255,255,255,3]},
				"32": {"c": 100, "go": [0,0,0,1], "gu": [255,255,3,255,255]},
				"34": {"c": 100, "go": [0,0,0,2], "gu": [255,255,3,255,3]},
				"512": {"c": 100, "go": [0,0,0,1], "gu": [3,255,255,255,255]},
				"514": {"c": 100, "go": [0,0,0,2], "gu": [3,255,255,255,3]},
				"544": {"c": 100, "go": [0,0,0,2], "gu": [3,255,3,255,255]}
			}
		},
		"612": {"c": 100, "go": [0,3,0,2], "gu": [1,3,1,1,255],
			"r": {
				"32": {"c": 100, "go": [0,0,0,1], "gu": [255,255,3,255,255]},
				"512": {"c": 100, "go": [0,0,0,1], "gu": [3,255,255,255,255]},
				"544": {"c": 100, "go": [0,0,0,2], "gu": [3,255,3,255,255]}
			}
		},
		"614": {"c": 100, "go": [0,4,0,2.5], "gu": [1,3,1,1,1],
			"r": {
				"2": {"c": 100, "go": [0,0,0,1], "gu": [255,255,255,255,3]},
				"32": {"c": 100, "go": [0,0,0,1], "gu": [255,255,3,255,255]},
				"34": {"c": 100, "go": [0,0,0,2], "gu": [255,255,3,255,3]},
				"512": {"c": 100, "go": [0,0,0,1], "gu": [3,255,255,255,255]},
				"514": {"c": 100, "go": [0,0,0,2], "gu": [3,255,255,255,3]},
				"544": {"c": 100, "go": [0,0,0,2], "gu": [3,255,3,255,255]},
				"546": {"c": 100, "go": [0,0,0,3], "gu": [3,255,3,255,3]}
			}
		},
		"640": {"c": 100, "go": [0,0,2,1], "gu": [2,2,255,255,255],
			"r": {
				"128": {"c": 100, "go": [0,0,0,1], "gu": [255,3,255,255,255]},
				"512": {"c": 100, "go": [0,0,0,1], "gu": [3,255,255,255,255]},
				"640": {"c": 100, "go": [0,0,0,2], "gu": [3,3,255,255,255]}
			}
		},
		"642": {"c": 100, "go": [0,0,3,1.5], "gu": [2,2,255,255,2],
			"r": {
				"2": {"c": 100, "go": [0,0,0,1], "gu": [255,255,255,255,3]},
				"128": {"c": 100, "go": [0,0,0,1], "gu": [255,3,255,255,255]},
				"130": {"c": 100, "go": [0,0,0,2], "gu": [255,3,255,255,3]},
				"512": {"c": 100, "go": [0,0,0,1], "gu": [3,255,255,255,255]},
				"514": {"c": 100, "go": [0,0,0,2], "gu": [3,255,255,255,3]},
				"640": {"c": 100, "go": [0,0,0,2], "gu": [3,3,255,255,255]},
				"642": {"c": 100, "go": [0,0,0,3], "gu": [3,3,255,255,3]}
			}
		},
		"644": {"c": 100, "go": [0,0,1.667,2], "gu": [3,3,255,2,255],
			"r": {
				"128": {"c": 100, "go": [0,0,1,0], "gu": [255,2,255,255,255]},
				"512": {"c": 100, "go": [0,0,1,0], "gu": [2,255,255,255,255]}
			}
		},
		"646": {"c": 100, "go": [0,0,3.429,2.143], "gu": [2,2,255,2,3],
			"r": {
				"65": {"c": 100, "go": [0,0,1,1], "gu": [255,3,255,255,2]},
				"128": {"c": 100, "go": [0,0,0,1], "gu": [255,3,255,255,255]},
				"257": {"c": 100, "go": [0,0,1,1], "gu": [3,255,255,255,2]},
				"321": {"c": 100, "go": [0,0,1,2], "gu": [3,3,255,255,2]},
				"512": {"c": 100, "go": [0,0,0,1], "gu": [3,255,255,255,255]},
				"640": {"c": 100, "go": [0,0,0,2], "gu": [3,3,255,255,255]}
			}
		},
		"648": {"c": 100, "go": [0,0,3,0], "gu": [2,2,255,2,255]},
		"650": {"c": 100, "go": [0,0,4,0], "gu": [2,2,255,2,2]},
		"656": {"c": 100, "go": [0,0,2,1.667], "gu": [2,2,3,255,255],
			"r": {
				"128": {"c": 100, "go": [0,0,0,1], "gu": [255,3,255,255,255]},
				"512": {"c": 100, "go": [0,0,0,1], "gu": [3,255,255,255,255]}
			}
		},
		"658": {"c": 100, "go": [0,0,3,2.286], "gu": [2,2,3,255,2],
			"r": {
				"2": {"c": 100, "go": [0,0,0,1], "gu": [255,255,255,255,3]},
				"128": {"c": 100, "go": [0,0,0,1], "gu": [255,3,255,255,255]},
				"130": {"c": 100, "go": [0,0,0,2], "gu": [255,3,255,255,3]},
				"512": {"c": 100, "go": [0,0,0,1], "gu": [3,255,255,255,255]},
				"514": {"c": 100, "go": [0,0,0,2], "gu": [3,255,255,255,3]},
				"640": {"c": 100, "go": [0,0,0,2], "gu": [3,3,255,255,255]}
			}
		},
		"660": {"c": 100, "go": [0,0,3,2], "gu": [2,2,3,2,255],
			"r": {
				"128": {"c": 100, "go": [0,0,0,1], "gu": [255,3,255,255,255]},
				"512": {"c": 100, "go": [0,0,0,1], "gu": [3,255,255,255,255]},
				"640": {"c": 100, "go": [0,0,0,2], "gu": [3,3,255,255,255]}
			}
		},
		"662": {"c": 100, "go": [0,0,4,2.5], "gu": [2,2,3,2,2],
			"r": {
				"2": {"c": 100, "go": [0,0,0,1], "gu": [255,255,255,255,3]},
				"128": {"c": 100, "go": [0,0,0,1], "gu": [255,3,255,255,255]},
				"130": {"c": 100, "go": [0,0,0,2], "gu": [255,3,255,255,3]},
				"512": {"c": 100, "go": [0,0,0,1], "gu": [3,255,255,255,255]},
				"514": {"c": 100, "go": [0,0,0,2], "gu": [3,255,255,255,3]},
				"640": {"c": 100, "go": [0,0,0,2], "gu": [3,3,255,255,255]},
				"642": {"c": 100, "go": [0,0,0,3], "gu": [3,3,255,255,3]}
			}
		},
		"672": {"c": 100, "go": [0,0,0,3], "gu": [3,3,3,255,255]},
		"674": {"c": 100, "go": [0,0,0,4], "gu": [3,3,3,255,3]}
	}

}
