{
	"TryCount": 4,
	"GoodCount": 2,
	"c": 100, "go": [4,3.5], "gu": [0,1,0,1,0],
	"r": {
		"2": {"c": 100, "go": [0,1], "gu": [255,255,255,255,1]},
		"5": {"c": 100, "go": [1,1], "gu": [255,255,255,0,1]},
		"8": {"c": 100, "go": [1,0], "gu": [255,255,255,0,255]},
		"20": {"c": 100, "go": [1,1], "gu": [255,255,1,0,255]},
		"21": {"c": 100, "go": [1,2], "gu": [255,255,1,0,1]},
		"32": {"c": 100, "go": [0,1], "gu": [255,255,1,255,255]},
		"34": {"c": 100, "go": [0,2], "gu": [255,255,1,255,1]},
		"65": {"c": 100, "go": [1,1], "gu": [255,0,255,255,1]},
		"69": {"c": 100, "go": [2,1], "gu": [255,0,255,0,1]},
		"80": {"c": 100, "go": [1,1], "gu": [255,0,1,255,255]},
		"81": {"c": 100, "go": [1,2], "gu": [255,0,1,255,1]},
		"84": {"c": 100, "go": [2,1], "gu": [255,0,1,0,255]},
		"85": {"c": 100, "go": [2,2], "gu": [255,0,1,0,1]},
		"128": {"c": 100, "go": [1,0], "gu": [255,0,255,255,255]},
		"136": {"c": 100, "go": [2,0], "gu": [255,0,255,0,255]},
		"260": {"c": 100, "go": [1,1], "gu": [1,255,255,0,255]},
		"261": {"c": 100, "go": [1,2], "gu": [1,255,255,0,1]},
		"276": {"c": 100, "go": [1,2], "gu": [1,255,1,0,255]},
		"277": {"c": 100, "go": [1,3], "gu": [1,255,1,0,1]},
		"320": {"c": 100, "go": [1,1], "gu": [1,0,255,255,255]},
		"321": {"c": 100, "go": [1,2], "gu": [1,0,255,255,1]},
		"324": {"c": 100, "go": [2,1], "gu": [1,0,255,0,255]},
		"325": {"c": 100, "go": [2,2], "gu": [1,0,255,0,1]},
		"336": {"c": 100, "go": [1,2], "gu": [1,0,1,255,255]},
		"337": {"c": 100, "go": [1,3], "gu": [1,0,1,255,1]},
		"340": {"c": 100, "go": [2,2], "gu": [1,0,1,0,255]},
		"341": {"c": 100, "go": [2,3], "gu": [1,0,1,0,1]},
		"512": {"c": 100, "go": [0,1], "gu": [1,255,255,255,255]},
		"514": {"c": 100, "go": [0,2], "gu": [1,255,255,255,1]},
		"544": {"c": 100, "go": [0,2], "gu": [1,255,1,255,255]},
		"546": {"c": 100, "go": [0,3], "gu": [1,255,1,255,1]}
	}

}
