﻿{
	"TryCount": 5,
	"GoodCount": 4,
	"c": 100, "go": [3.756,2.905,2.719,1.25], "gu": [0,0,0,1,2],
	"r": {
		"2": {"c": 100, "go": [1,0.667,0,0.333], "gu": [255,255,255,255,0],
			"r": {
				"2": {"c": 100, "go": [0,1,0,0.5], "gu": [255,255,255,255,1],
					"r": {
						"2": {"c": 100, "go": [0,0,0,1], "gu": [255,255,255,255,3]}
					}
				}
			}
		},
		"5": {"c": 100, "go": [0,1,1,0], "gu": [255,255,255,2,1]},
		"6": {"c": 100, "go": [1,1,0,0.5], "gu": [255,255,255,0,1],
			"r": {
				"8": {"c": 100, "go": [0,0,0,1], "gu": [255,255,255,3,255]}
			}
		},
		"8": {"c": 100, "go": [1,0,0.667,0.333], "gu": [255,255,255,0,255],
			"r": {
				"8": {"c": 100, "go": [0,0,1,0.5], "gu": [255,255,255,2,255],
					"r": {
						"8": {"c": 100, "go": [0,0,0,1], "gu": [255,255,255,3,255]}
					}
				}
			}
		},
		"9": {"c": 100, "go": [1,0,1,0.5], "gu": [255,255,255,2,0],
			"r": {
				"2": {"c": 100, "go": [0,0,0,1], "gu": [255,255,255,255,3]}
			}
		},
		"10": {"c": 100, "go": [2,0,0,1], "gu": [255,255,255,0,0],
			"r": {
				"2": {"c": 100, "go": [0,0,0,1], "gu": [255,255,255,255,3]},
				"8": {"c": 100, "go": [0,0,0,1], "gu": [255,255,255,3,255]},
				"10": {"c": 100, "go": [0,0,0,2], "gu": [255,255,255,3,3]}
			}
		},
		"17": {"c": 100, "go": [1,0,1,0], "gu": [255,255,2,255,0]},
		"18": {"c": 100, "go": [1,1,0,0.5], "gu": [255,255,1,255,0],
			"r": {
				"32": {"c": 100, "go": [0,0,0,1], "gu": [255,255,3,255,255]}
			}
		},
		"20": {"c": 100, "go": [1,1,0,0], "gu": [255,255,1,0,255]},
		"21": {"c": 100, "go": [2,1.5,1,0], "gu": [255,255,1,0,0],
			"r": {
				"8": {"c": 100, "go": [0,0,1,0], "gu": [255,255,255,2,255]},
				"18": {"c": 100, "go": [0,1,1,0], "gu": [255,255,2,255,1]}
			}
		},
		"22": {"c": 100, "go": [2,1.6,0,0.6], "gu": [255,255,1,0,0],
			"r": {
				"2": {"c": 100, "go": [0,1,0,0.5], "gu": [255,255,255,255,1],
					"r": {
						"2": {"c": 100, "go": [0,0,0,1], "gu": [255,255,255,255,3]}
					}
				},
				"8": {"c": 100, "go": [0,0,0,1], "gu": [255,255,255,3,255]},
				"18": {"c": 100, "go": [0,1,0,1], "gu": [255,255,3,255,1]}
			}
		},
		"24": {"c": 100, "go": [1,0,1,0.5], "gu": [255,255,2,0,255],
			"r": {
				"32": {"c": 100, "go": [0,0,0,1], "gu": [255,255,3,255,255]}
			}
		},
		"25": {"c": 100, "go": [2,0,1.6,0.6], "gu": [255,255,2,0,0],
			"r": {
				"2": {"c": 100, "go": [0,0,0,1], "gu": [255,255,255,255,3]},
				"8": {"c": 100, "go": [0,0,1,0.5], "gu": [255,255,255,2,255],
					"r": {
						"8": {"c": 100, "go": [0,0,0,1], "gu": [255,255,255,3,255]}
					}
				},
				"24": {"c": 100, "go": [0,0,1,1], "gu": [255,255,3,2,255]}
			}
		},
		"26": {"c": 100, "go": [2,0,0,1.667], "gu": [255,255,3,0,0],
			"r": {
				"2": {"c": 100, "go": [0,0,0,1], "gu": [255,255,255,255,3]},
				"8": {"c": 100, "go": [0,0,0,1], "gu": [255,255,255,3,255]}
			}
		},
		"32": {"c": 100, "go": [0,1,0.667,0.333], "gu": [255,255,1,255,255],
			"r": {
				"32": {"c": 100, "go": [0,0,1,0.5], "gu": [255,255,2,255,255],
					"r": {
						"32": {"c": 100, "go": [0,0,0,1], "gu": [255,255,3,255,255]}
					}
				}
			}
		},
		"33": {"c": 100, "go": [0,1,1,0.5], "gu": [255,255,2,255,1],
			"r": {
				"2": {"c": 100, "go": [0,0,0,1], "gu": [255,255,255,255,3]}
			}
		},
		"34": {"c": 100, "go": [0,2,0,1], "gu": [255,255,1,255,1],
			"r": {
				"2": {"c": 100, "go": [0,0,0,1], "gu": [255,255,255,255,3]},
				"32": {"c": 100, "go": [0,0,0,1], "gu": [255,255,3,255,255]},
				"34": {"c": 100, "go": [0,0,0,2], "gu": [255,255,3,255,3]}
			}
		},
		"36": {"c": 100, "go": [0,1,1,0.5], "gu": [255,255,1,2,255],
			"r": {
				"8": {"c": 100, "go": [0,0,0,1], "gu": [255,255,255,3,255]}
			}
		},
		"37": {"c": 100, "go": [0,2,1.6,0.6], "gu": [255,255,1,2,1],
			"r": {
				"2": {"c": 100, "go": [0,0,0,1], "gu": [255,255,255,255,3]},
				"32": {"c": 100, "go": [0,0,1,0.5], "gu": [255,255,2,255,255],
					"r": {
						"32": {"c": 100, "go": [0,0,0,1], "gu": [255,255,3,255,255]}
					}
				},
				"36": {"c": 100, "go": [0,0,1,1], "gu": [255,255,2,3,255]}
			}
		},
		"38": {"c": 100, "go": [0,2,0,1.667], "gu": [255,255,1,3,1],
			"r": {
				"2": {"c": 100, "go": [0,0,0,1], "gu": [255,255,255,255,3]},
				"32": {"c": 100, "go": [0,0,0,1], "gu": [255,255,3,255,255]}
			}
		},
		"40": {"c": 100, "go": [0,0,2,1], "gu": [255,255,2,2,255],
			"r": {
				"8": {"c": 100, "go": [0,0,0,1], "gu": [255,255,255,3,255]},
				"32": {"c": 100, "go": [0,0,0,1], "gu": [255,255,3,255,255]},
				"40": {"c": 100, "go": [0,0,0,2], "gu": [255,255,3,3,255]}
			}
		},
		"41": {"c": 100, "go": [0,0,2,1.667], "gu": [255,255,2,2,3],
			"r": {
				"8": {"c": 100, "go": [0,0,0,1], "gu": [255,255,255,3,255]},
				"32": {"c": 100, "go": [0,0,0,1], "gu": [255,255,3,255,255]}
			}
		},
		"42": {"c": 100, "go": [0,0,0,3], "gu": [255,255,3,3,3]},
		"65": {"c": 100, "go": [1,0,1,0], "gu": [255,2,255,255,0]},
		"66": {"c": 100, "go": [1,1,0,0.5], "gu": [255,1,255,255,0],
			"r": {
				"128": {"c": 100, "go": [0,0,0,1], "gu": [255,3,255,255,255]}
			}
		},
		"68": {"c": 100, "go": [1,1,0,0], "gu": [255,1,255,0,255]},
		"69": {"c": 100, "go": [2,1.5,1,0], "gu": [255,1,255,0,0],
			"r": {
				"8": {"c": 100, "go": [0,0,1,0], "gu": [255,255,255,2,255]},
				"66": {"c": 100, "go": [0,1,1,0], "gu": [255,2,255,255,1]}
			}
		},
		"70": {"c": 100, "go": [2,1.6,0,0.6], "gu": [255,1,255,0,0],
			"r": {
				"2": {"c": 100, "go": [0,1,0,0.5], "gu": [255,255,255,255,1],
					"r": {
						"2": {"c": 100, "go": [0,0,0,1], "gu": [255,255,255,255,3]}
					}
				},
				"8": {"c": 100, "go": [0,0,0,1], "gu": [255,255,255,3,255]},
				"66": {"c": 100, "go": [0,1,0,1], "gu": [255,3,255,255,1]}
			}
		},
		"72": {"c": 100, "go": [1,0,1,0.5], "gu": [255,2,255,0,255],
			"r": {
				"128": {"c": 100, "go": [0,0,0,1], "gu": [255,3,255,255,255]}
			}
		},
		"73": {"c": 100, "go": [2,0,1.6,0.6], "gu": [255,2,255,0,0],
			"r": {
				"2": {"c": 100, "go": [0,0,0,1], "gu": [255,255,255,255,3]},
				"8": {"c": 100, "go": [0,0,1,0.5], "gu": [255,255,255,2,255],
					"r": {
						"8": {"c": 100, "go": [0,0,0,1], "gu": [255,255,255,3,255]}
					}
				},
				"72": {"c": 100, "go": [0,0,1,1], "gu": [255,3,255,2,255]}
			}
		},
		"74": {"c": 100, "go": [2,0,0,1.667], "gu": [255,3,255,0,0],
			"r": {
				"2": {"c": 100, "go": [0,0,0,1], "gu": [255,255,255,255,3]},
				"8": {"c": 100, "go": [0,0,0,1], "gu": [255,255,255,3,255]}
			}
		},
		"81": {"c": 100, "go": [1,0.8,2,0.4], "gu": [255,2,2,255,0],
			"r": {
				"32": {"c": 100, "go": [0,1,0,0.5], "gu": [255,255,1,255,255],
					"r": {
						"32": {"c": 100, "go": [0,0,0,1], "gu": [255,255,3,255,255]}
					}
				},
				"128": {"c": 100, "go": [0,1,0,0.5], "gu": [255,1,255,255,255],
					"r": {
						"128": {"c": 100, "go": [0,0,0,1], "gu": [255,3,255,255,255]}
					}
				}
			}
		},
		"82": {"c": 100, "go": [1,2,0,1], "gu": [255,1,1,255,0],
			"r": {
				"32": {"c": 100, "go": [0,0,0,1], "gu": [255,255,3,255,255]},
				"128": {"c": 100, "go": [0,0,0,1], "gu": [255,3,255,255,255]},
				"160": {"c": 100, "go": [0,0,0,2], "gu": [255,3,3,255,255]}
			}
		},
		"84": {"c": 100, "go": [1,2,0.8,0.4], "gu": [255,1,1,0,255],
			"r": {
				"32": {"c": 100, "go": [0,0,1,0.5], "gu": [255,255,2,255,255],
					"r": {
						"32": {"c": 100, "go": [0,0,0,1], "gu": [255,255,3,255,255]}
					}
				},
				"128": {"c": 100, "go": [0,0,1,0.5], "gu": [255,2,255,255,255],
					"r": {
						"128": {"c": 100, "go": [0,0,0,1], "gu": [255,3,255,255,255]}
					}
				}
			}
		},
		"85": {"c": 100, "go": [2,2.313,1.563,0.5], "gu": [255,1,1,0,0],
			"r": {
				"8": {"c": 100, "go": [0,0,1,0], "gu": [255,255,255,2,255]},
				"18": {"c": 100, "go": [0,1,1,0], "gu": [255,255,2,255,1]},
				"32": {"c": 100, "go": [0,0,1,0], "gu": [255,255,2,255,255]},
				"34": {"c": 100, "go": [0,0,1,1], "gu": [255,255,2,255,3]},
				"40": {"c": 100, "go": [0,0,2,0.667], "gu": [255,255,2,2,255],
					"r": {
						"8": {"c": 100, "go": [0,0,0,1], "gu": [255,255,255,3,255]},
						"32": {"c": 100, "go": [0,0,0,1], "gu": [255,255,3,255,255]}
					}
				},
				"66": {"c": 100, "go": [0,1,1,0], "gu": [255,2,255,255,1]},
				"82": {"c": 100, "go": [0,1,2,0.667], "gu": [255,2,2,255,1],
					"r": {
						"32": {"c": 100, "go": [0,0,0,1], "gu": [255,255,3,255,255]},
						"128": {"c": 100, "go": [0,0,0,1], "gu": [255,3,255,255,255]}
					}
				},
				"128": {"c": 100, "go": [0,0,1,0], "gu": [255,2,255,255,255]},
				"130": {"c": 100, "go": [0,0,1,1], "gu": [255,2,255,255,3]},
				"136": {"c": 100, "go": [0,0,2,0.667], "gu": [255,2,255,2,255],
					"r": {
						"8": {"c": 100, "go": [0,0,0,1], "gu": [255,255,255,3,255]},
						"128": {"c": 100, "go": [0,0,0,1], "gu": [255,3,255,255,255]}
					}
				}
			}
		},
		"86": {"c": 100, "go": [2,2.385,0,1.231], "gu": [255,1,1,0,0],
			"r": {
				"2": {"c": 100, "go": [0,1,0,0.5], "gu": [255,255,255,255,1],
					"r": {
						"2": {"c": 100, "go": [0,0,0,1], "gu": [255,255,255,255,3]}
					}
				},
				"8": {"c": 100, "go": [0,0,0,1], "gu": [255,255,255,3,255]},
				"18": {"c": 100, "go": [0,1,0,1], "gu": [255,255,3,255,1]},
				"32": {"c": 100, "go": [0,0,0,1], "gu": [255,255,3,255,255]},
				"34": {"c": 100, "go": [0,0,0,2], "gu": [255,255,3,255,3]},
				"40": {"c": 100, "go": [0,0,0,2], "gu": [255,255,3,3,255]},
				"66": {"c": 100, "go": [0,1,0,1], "gu": [255,3,255,255,1]},
				"82": {"c": 100, "go": [0,1,0,2], "gu": [255,3,3,255,1]},
				"128": {"c": 100, "go": [0,0,0,1], "gu": [255,3,255,255,255]},
				"130": {"c": 100, "go": [0,0,0,2], "gu": [255,3,255,255,3]},
				"136": {"c": 100, "go": [0,0,0,2], "gu": [255,3,255,3,255]}
			}
		},
		"88": {"c": 100, "go": [1,0,2,1], "gu": [255,2,2,0,255],
			"r": {
				"32": {"c": 100, "go": [0,0,0,1], "gu": [255,255,3,255,255]},
				"128": {"c": 100, "go": [0,0,0,1], "gu": [255,3,255,255,255]},
				"160": {"c": 100, "go": [0,0,0,2], "gu": [255,3,3,255,255]}
			}
		},
		"89": {"c": 100, "go": [2,0,2.385,1.231], "gu": [255,2,2,0,0],
			"r": {
				"2": {"c": 100, "go": [0,0,0,1], "gu": [255,255,255,255,3]},
				"8": {"c": 100, "go": [0,0,1,0.5], "gu": [255,255,255,2,255],
					"r": {
						"8": {"c": 100, "go": [0,0,0,1], "gu": [255,255,255,3,255]}
					}
				},
				"24": {"c": 100, "go": [0,0,1,1], "gu": [255,255,3,2,255]},
				"32": {"c": 100, "go": [0,0,0,1], "gu": [255,255,3,255,255]},
				"34": {"c": 100, "go": [0,0,0,2], "gu": [255,255,3,255,3]},
				"40": {"c": 100, "go": [0,0,0,2], "gu": [255,255,3,3,255]},
				"72": {"c": 100, "go": [0,0,1,1], "gu": [255,3,255,2,255]},
				"88": {"c": 100, "go": [0,0,1,2], "gu": [255,3,3,2,255]},
				"128": {"c": 100, "go": [0,0,0,1], "gu": [255,3,255,255,255]},
				"130": {"c": 100, "go": [0,0,0,2], "gu": [255,3,255,255,3]},
				"136": {"c": 100, "go": [0,0,0,2], "gu": [255,3,255,3,255]}
			}
		},
		"90": {"c": 100, "go": [2,0,0,2.667], "gu": [255,3,3,0,0],
			"r": {
				"2": {"c": 100, "go": [0,0,0,1], "gu": [255,255,255,255,3]},
				"8": {"c": 100, "go": [0,0,0,1], "gu": [255,255,255,3,255]}
			}
		},
		"128": {"c": 100, "go": [0,1,0.667,0.333], "gu": [255,1,255,255,255],
			"r": {
				"128": {"c": 100, "go": [0,0,1,0.5], "gu": [255,2,255,255,255],
					"r": {
						"128": {"c": 100, "go": [0,0,0,1], "gu": [255,3,255,255,255]}
					}
				}
			}
		},
		"129": {"c": 100, "go": [0,1,1,0.5], "gu": [255,2,255,255,1],
			"r": {
				"2": {"c": 100, "go": [0,0,0,1], "gu": [255,255,255,255,3]}
			}
		},
		"130": {"c": 100, "go": [0,2,0,1], "gu": [255,1,255,255,1],
			"r": {
				"2": {"c": 100, "go": [0,0,0,1], "gu": [255,255,255,255,3]},
				"128": {"c": 100, "go": [0,0,0,1], "gu": [255,3,255,255,255]},
				"130": {"c": 100, "go": [0,0,0,2], "gu": [255,3,255,255,3]}
			}
		},
		"132": {"c": 100, "go": [0,1,1,0.5], "gu": [255,1,255,2,255],
			"r": {
				"8": {"c": 100, "go": [0,0,0,1], "gu": [255,255,255,3,255]}
			}
		},
		"133": {"c": 100, "go": [0,2,1.6,0.6], "gu": [255,1,255,2,1],
			"r": {
				"2": {"c": 100, "go": [0,0,0,1], "gu": [255,255,255,255,3]},
				"128": {"c": 100, "go": [0,0,1,0.5], "gu": [255,2,255,255,255],
					"r": {
						"128": {"c": 100, "go": [0,0,0,1], "gu": [255,3,255,255,255]}
					}
				},
				"132": {"c": 100, "go": [0,0,1,1], "gu": [255,2,255,3,255]}
			}
		},
		"134": {"c": 100, "go": [0,2,0,1.667], "gu": [255,1,255,3,1],
			"r": {
				"2": {"c": 100, "go": [0,0,0,1], "gu": [255,255,255,255,3]},
				"128": {"c": 100, "go": [0,0,0,1], "gu": [255,3,255,255,255]}
			}
		},
		"136": {"c": 100, "go": [0,0,2,1], "gu": [255,2,255,2,255],
			"r": {
				"8": {"c": 100, "go": [0,0,0,1], "gu": [255,255,255,3,255]},
				"128": {"c": 100, "go": [0,0,0,1], "gu": [255,3,255,255,255]},
				"136": {"c": 100, "go": [0,0,0,2], "gu": [255,3,255,3,255]}
			}
		},
		"137": {"c": 100, "go": [0,0,2,1.667], "gu": [255,2,255,2,3],
			"r": {
				"8": {"c": 100, "go": [0,0,0,1], "gu": [255,255,255,3,255]},
				"128": {"c": 100, "go": [0,0,0,1], "gu": [255,3,255,255,255]}
			}
		},
		"138": {"c": 100, "go": [0,0,0,3], "gu": [255,3,255,3,3]},
		"160": {"c": 100, "go": [0,1.444,1.444,0.667], "gu": [255,1,2,255,255],
			"r": {
				"32": {"c": 100, "go": [0,1,0,0.5], "gu": [255,255,1,255,255],
					"r": {
						"32": {"c": 100, "go": [0,0,0,1], "gu": [255,255,3,255,255]}
					}
				},
				"80": {"c": 100, "go": [0,1,1,0], "gu": [255,2,1,255,255]},
				"96": {"c": 100, "go": [0,1,0,1], "gu": [255,3,1,255,255]},
				"128": {"c": 100, "go": [0,0,1,0.5], "gu": [255,2,255,255,255],
					"r": {
						"128": {"c": 100, "go": [0,0,0,1], "gu": [255,3,255,255,255]}
					}
				},
				"144": {"c": 100, "go": [0,0,1,1], "gu": [255,2,3,255,255]},
				"160": {"c": 100, "go": [0,0,0,2], "gu": [255,3,3,255,255]}
			}
		},
		"161": {"c": 100, "go": [0,1.6,2,0.9], "gu": [255,2,2,255,1],
			"r": {
				"2": {"c": 100, "go": [0,0,0,1], "gu": [255,255,255,255,3]},
				"32": {"c": 100, "go": [0,1,0,0.5], "gu": [255,255,1,255,255],
					"r": {
						"32": {"c": 100, "go": [0,0,0,1], "gu": [255,255,3,255,255]}
					}
				},
				"33": {"c": 100, "go": [0,1,0,1], "gu": [255,255,1,255,3]},
				"34": {"c": 100, "go": [0,0,0,2], "gu": [255,255,3,255,3]},
				"128": {"c": 100, "go": [0,1,0,0.5], "gu": [255,1,255,255,255],
					"r": {
						"128": {"c": 100, "go": [0,0,0,1], "gu": [255,3,255,255,255]}
					}
				},
				"129": {"c": 100, "go": [0,1,0,1], "gu": [255,1,255,255,3]},
				"130": {"c": 100, "go": [0,0,0,2], "gu": [255,3,255,255,3]}
			}
		},
		"162": {"c": 100, "go": [0,3,0,1.5], "gu": [255,1,1,255,1],
			"r": {
				"2": {"c": 100, "go": [0,0,0,1], "gu": [255,255,255,255,3]},
				"32": {"c": 100, "go": [0,0,0,1], "gu": [255,255,3,255,255]},
				"34": {"c": 100, "go": [0,0,0,2], "gu": [255,255,3,255,3]},
				"128": {"c": 100, "go": [0,0,0,1], "gu": [255,3,255,255,255]},
				"130": {"c": 100, "go": [0,0,0,2], "gu": [255,3,255,255,3]},
				"160": {"c": 100, "go": [0,0,0,2], "gu": [255,3,3,255,255]},
				"162": {"c": 100, "go": [0,0,0,3], "gu": [255,3,3,255,3]}
			}
		},
		"164": {"c": 100, "go": [0,2,1.6,0.9], "gu": [255,1,1,2,255],
			"r": {
				"8": {"c": 100, "go": [0,0,0,1], "gu": [255,255,255,3,255]},
				"32": {"c": 100, "go": [0,0,1,0.5], "gu": [255,255,2,255,255],
					"r": {
						"32": {"c": 100, "go": [0,0,0,1], "gu": [255,255,3,255,255]}
					}
				},
				"36": {"c": 100, "go": [0,0,1,1], "gu": [255,255,2,3,255]},
				"40": {"c": 100, "go": [0,0,0,2], "gu": [255,255,3,3,255]},
				"128": {"c": 100, "go": [0,0,1,0.5], "gu": [255,2,255,255,255],
					"r": {
						"128": {"c": 100, "go": [0,0,0,1], "gu": [255,3,255,255,255]}
					}
				},
				"132": {"c": 100, "go": [0,0,1,1], "gu": [255,2,255,3,255]},
				"136": {"c": 100, "go": [0,0,0,2], "gu": [255,3,255,3,255]}
			}
		},
		"165": {"c": 100, "go": [0,2.429,2.429,1.143], "gu": [255,1,2,2,1],
			"r": {
				"2": {"c": 100, "go": [0,0,0,1], "gu": [255,255,255,255,3]},
				"8": {"c": 100, "go": [0,0,0,1], "gu": [255,255,255,3,255]},
				"10": {"c": 100, "go": [0,0,0,2], "gu": [255,255,255,3,3]},
				"32": {"c": 100, "go": [0,1,0,0.5], "gu": [255,255,1,255,255],
					"r": {
						"32": {"c": 100, "go": [0,0,0,1], "gu": [255,255,3,255,255]}
					}
				},
				"33": {"c": 100, "go": [0,1,0,1], "gu": [255,255,1,255,3]},
				"34": {"c": 100, "go": [0,0,0,2], "gu": [255,255,3,255,3]},
				"80": {"c": 100, "go": [0,1,1,0], "gu": [255,2,1,255,255]},
				"81": {"c": 100, "go": [0,1,1,1], "gu": [255,2,1,255,3]},
				"84": {"c": 100, "go": [0,1,1,1], "gu": [255,2,1,3,255]},
				"85": {"c": 100, "go": [0,1,1,2], "gu": [255,2,1,3,3]},
				"96": {"c": 100, "go": [0,1,0,1], "gu": [255,3,1,255,255]},
				"97": {"c": 100, "go": [0,1,0,2], "gu": [255,3,1,255,3]},
				"128": {"c": 100, "go": [0,0,1,0.5], "gu": [255,2,255,255,255],
					"r": {
						"128": {"c": 100, "go": [0,0,0,1], "gu": [255,3,255,255,255]}
					}
				},
				"132": {"c": 100, "go": [0,0,1,1], "gu": [255,2,255,3,255]},
				"136": {"c": 100, "go": [0,0,0,2], "gu": [255,3,255,3,255]},
				"144": {"c": 100, "go": [0,0,1,1], "gu": [255,2,3,255,255]},
				"148": {"c": 100, "go": [0,0,1,2], "gu": [255,2,3,3,255]},
				"160": {"c": 100, "go": [0,0,0,2], "gu": [255,3,3,255,255]}
			}
		},
		"166": {"c": 100, "go": [0,3,0,2.286], "gu": [255,1,1,3,1],
			"r": {
				"2": {"c": 100, "go": [0,0,0,1], "gu": [255,255,255,255,3]},
				"32": {"c": 100, "go": [0,0,0,1], "gu": [255,255,3,255,255]},
				"34": {"c": 100, "go": [0,0,0,2], "gu": [255,255,3,255,3]},
				"128": {"c": 100, "go": [0,0,0,1], "gu": [255,3,255,255,255]},
				"130": {"c": 100, "go": [0,0,0,2], "gu": [255,3,255,255,3]},
				"160": {"c": 100, "go": [0,0,0,2], "gu": [255,3,3,255,255]}
			}
		},
		"168": {"c": 100, "go": [0,0,3,1.5], "gu": [255,2,2,2,255],
			"r": {
				"8": {"c": 100, "go": [0,0,0,1], "gu": [255,255,255,3,255]},
				"32": {"c": 100, "go": [0,0,0,1], "gu": [255,255,3,255,255]},
				"40": {"c": 100, "go": [0,0,0,2], "gu": [255,255,3,3,255]},
				"128": {"c": 100, "go": [0,0,0,1], "gu": [255,3,255,255,255]},
				"136": {"c": 100, "go": [0,0,0,2], "gu": [255,3,255,3,255]},
				"160": {"c": 100, "go": [0,0,0,2], "gu": [255,3,3,255,255]},
				"168": {"c": 100, "go": [0,0,0,3], "gu": [255,3,3,3,255]}
			}
		},
		"169": {"c": 100, "go": [0,0,3,2.286], "gu": [255,2,2,2,3],
			"r": {
				"8": {"c": 100, "go": [0,0,0,1], "gu": [255,255,255,3,255]},
				"32": {"c": 100, "go": [0,0,0,1], "gu": [255,255,3,255,255]},
				"40": {"c": 100, "go": [0,0,0,2], "gu": [255,255,3,3,255]},
				"128": {"c": 100, "go": [0,0,0,1], "gu": [255,3,255,255,255]},
				"136": {"c": 100, "go": [0,0,0,2], "gu": [255,3,255,3,255]},
				"160": {"c": 100, "go": [0,0,0,2], "gu": [255,3,3,255,255]}
			}
		},
		"170": {"c": 100, "go": [0,0,0,4], "gu": [255,3,3,3,3]},
		"257": {"c": 100, "go": [1,0,1,0], "gu": [2,255,255,255,0]},
		"258": {"c": 100, "go": [1,1,0,0.5], "gu": [1,255,255,255,0],
			"r": {
				"512": {"c": 100, "go": [0,0,0,1], "gu": [3,255,255,255,255]}
			}
		},
		"260": {"c": 100, "go": [1,1,0,0], "gu": [1,255,255,0,255]},
		"261": {"c": 100, "go": [2,1.5,1,0], "gu": [1,255,255,0,0],
			"r": {
				"8": {"c": 100, "go": [0,0,1,0], "gu": [255,255,255,2,255]},
				"258": {"c": 100, "go": [0,1,1,0], "gu": [2,255,255,255,1]}
			}
		},
		"262": {"c": 100, "go": [2,1.6,0,0.6], "gu": [1,255,255,0,0],
			"r": {
				"2": {"c": 100, "go": [0,1,0,0.5], "gu": [255,255,255,255,1],
					"r": {
						"2": {"c": 100, "go": [0,0,0,1], "gu": [255,255,255,255,3]}
					}
				},
				"8": {"c": 100, "go": [0,0,0,1], "gu": [255,255,255,3,255]},
				"258": {"c": 100, "go": [0,1,0,1], "gu": [3,255,255,255,1]}
			}
		},
		"264": {"c": 100, "go": [1,0,1,0.5], "gu": [2,255,255,0,255],
			"r": {
				"512": {"c": 100, "go": [0,0,0,1], "gu": [3,255,255,255,255]}
			}
		},
		"265": {"c": 100, "go": [2,0,1.6,0.6], "gu": [2,255,255,0,0],
			"r": {
				"2": {"c": 100, "go": [0,0,0,1], "gu": [255,255,255,255,3]},
				"8": {"c": 100, "go": [0,0,1,0.5], "gu": [255,255,255,2,255],
					"r": {
						"8": {"c": 100, "go": [0,0,0,1], "gu": [255,255,255,3,255]}
					}
				},
				"264": {"c": 100, "go": [0,0,1,1], "gu": [3,255,255,2,255]}
			}
		},
		"266": {"c": 100, "go": [2,0,0,1.667], "gu": [3,255,255,0,0],
			"r": {
				"2": {"c": 100, "go": [0,0,0,1], "gu": [255,255,255,255,3]},
				"8": {"c": 100, "go": [0,0,0,1], "gu": [255,255,255,3,255]}
			}
		},
		"273": {"c": 100, "go": [1,0.8,2,0.4], "gu": [2,255,2,255,0],
			"r": {
				"32": {"c": 100, "go": [0,1,0,0.5], "gu": [255,255,1,255,255],
					"r": {
						"32": {"c": 100, "go": [0,0,0,1], "gu": [255,255,3,255,255]}
					}
				},
				"512": {"c": 100, "go": [0,1,0,0.5], "gu": [1,255,255,255,255],
					"r": {
						"512": {"c": 100, "go": [0,0,0,1], "gu": [3,255,255,255,255]}
					}
				}
			}
		},
		"274": {"c": 100, "go": [1,2,0,1], "gu": [1,255,1,255,0],
			"r": {
				"32": {"c": 100, "go": [0,0,0,1], "gu": [255,255,3,255,255]},
				"512": {"c": 100, "go": [0,0,0,1], "gu": [3,255,255,255,255]},
				"544": {"c": 100, "go": [0,0,0,2], "gu": [3,255,3,255,255]}
			}
		},
		"276": {"c": 100, "go": [1,2,0.8,0.4], "gu": [1,255,1,0,255],
			"r": {
				"32": {"c": 100, "go": [0,0,1,0.5], "gu": [255,255,2,255,255],
					"r": {
						"32": {"c": 100, "go": [0,0,0,1], "gu": [255,255,3,255,255]}
					}
				},
				"512": {"c": 100, "go": [0,0,1,0.5], "gu": [2,255,255,255,255],
					"r": {
						"512": {"c": 100, "go": [0,0,0,1], "gu": [3,255,255,255,255]}
					}
				}
			}
		},
		"277": {"c": 100, "go": [2,2.313,1.563,0.5], "gu": [1,255,1,0,0],
			"r": {
				"8": {"c": 100, "go": [0,0,1,0], "gu": [255,255,255,2,255]},
				"18": {"c": 100, "go": [0,1,1,0], "gu": [255,255,2,255,1]},
				"32": {"c": 100, "go": [0,0,1,0], "gu": [255,255,2,255,255]},
				"34": {"c": 100, "go": [0,0,1,1], "gu": [255,255,2,255,3]},
				"40": {"c": 100, "go": [0,0,2,0.667], "gu": [255,255,2,2,255],
					"r": {
						"8": {"c": 100, "go": [0,0,0,1], "gu": [255,255,255,3,255]},
						"32": {"c": 100, "go": [0,0,0,1], "gu": [255,255,3,255,255]}
					}
				},
				"258": {"c": 100, "go": [0,1,1,0], "gu": [2,255,255,255,1]},
				"274": {"c": 100, "go": [0,1,2,0.667], "gu": [2,255,2,255,1],
					"r": {
						"32": {"c": 100, "go": [0,0,0,1], "gu": [255,255,3,255,255]},
						"512": {"c": 100, "go": [0,0,0,1], "gu": [3,255,255,255,255]}
					}
				},
				"512": {"c": 100, "go": [0,0,1,0], "gu": [2,255,255,255,255]},
				"514": {"c": 100, "go": [0,0,1,1], "gu": [2,255,255,255,3]},
				"520": {"c": 100, "go": [0,0,2,0.667], "gu": [2,255,255,2,255],
					"r": {
						"8": {"c": 100, "go": [0,0,0,1], "gu": [255,255,255,3,255]},
						"512": {"c": 100, "go": [0,0,0,1], "gu": [3,255,255,255,255]}
					}
				}
			}
		},
		"278": {"c": 100, "go": [2,2.385,0,1.231], "gu": [1,255,1,0,0],
			"r": {
				"2": {"c": 100, "go": [0,1,0,0.5], "gu": [255,255,255,255,1],
					"r": {
						"2": {"c": 100, "go": [0,0,0,1], "gu": [255,255,255,255,3]}
					}
				},
				"8": {"c": 100, "go": [0,0,0,1], "gu": [255,255,255,3,255]},
				"18": {"c": 100, "go": [0,1,0,1], "gu": [255,255,3,255,1]},
				"32": {"c": 100, "go": [0,0,0,1], "gu": [255,255,3,255,255]},
				"34": {"c": 100, "go": [0,0,0,2], "gu": [255,255,3,255,3]},
				"40": {"c": 100, "go": [0,0,0,2], "gu": [255,255,3,3,255]},
				"258": {"c": 100, "go": [0,1,0,1], "gu": [3,255,255,255,1]},
				"274": {"c": 100, "go": [0,1,0,2], "gu": [3,255,3,255,1]},
				"512": {"c": 100, "go": [0,0,0,1], "gu": [3,255,255,255,255]},
				"514": {"c": 100, "go": [0,0,0,2], "gu": [3,255,255,255,3]},
				"520": {"c": 100, "go": [0,0,0,2], "gu": [3,255,255,3,255]}
			}
		},
		"280": {"c": 100, "go": [1,0,2,1], "gu": [2,255,2,0,255],
			"r": {
				"32": {"c": 100, "go": [0,0,0,1], "gu": [255,255,3,255,255]},
				"512": {"c": 100, "go": [0,0,0,1], "gu": [3,255,255,255,255]},
				"544": {"c": 100, "go": [0,0,0,2], "gu": [3,255,3,255,255]}
			}
		},
		"281": {"c": 100, "go": [2,0,2.385,1.231], "gu": [2,255,2,0,0],
			"r": {
				"2": {"c": 100, "go": [0,0,0,1], "gu": [255,255,255,255,3]},
				"8": {"c": 100, "go": [0,0,1,0.5], "gu": [255,255,255,2,255],
					"r": {
						"8": {"c": 100, "go": [0,0,0,1], "gu": [255,255,255,3,255]}
					}
				},
				"24": {"c": 100, "go": [0,0,1,1], "gu": [255,255,3,2,255]},
				"32": {"c": 100, "go": [0,0,0,1], "gu": [255,255,3,255,255]},
				"34": {"c": 100, "go": [0,0,0,2], "gu": [255,255,3,255,3]},
				"40": {"c": 100, "go": [0,0,0,2], "gu": [255,255,3,3,255]},
				"264": {"c": 100, "go": [0,0,1,1], "gu": [3,255,255,2,255]},
				"280": {"c": 100, "go": [0,0,1,2], "gu": [3,255,3,2,255]},
				"512": {"c": 100, "go": [0,0,0,1], "gu": [3,255,255,255,255]},
				"514": {"c": 100, "go": [0,0,0,2], "gu": [3,255,255,255,3]},
				"520": {"c": 100, "go": [0,0,0,2], "gu": [3,255,255,3,255]}
			}
		},
		"282": {"c": 100, "go": [2,0,0,2.667], "gu": [3,255,3,0,0],
			"r": {
				"2": {"c": 100, "go": [0,0,0,1], "gu": [255,255,255,255,3]},
				"8": {"c": 100, "go": [0,0,0,1], "gu": [255,255,255,3,255]}
			}
		},
		"321": {"c": 100, "go": [1,0.8,2,0.4], "gu": [2,2,255,255,0],
			"r": {
				"128": {"c": 100, "go": [0,1,0,0.5], "gu": [255,1,255,255,255],
					"r": {
						"128": {"c": 100, "go": [0,0,0,1], "gu": [255,3,255,255,255]}
					}
				},
				"512": {"c": 100, "go": [0,1,0,0.5], "gu": [1,255,255,255,255],
					"r": {
						"512": {"c": 100, "go": [0,0,0,1], "gu": [3,255,255,255,255]}
					}
				}
			}
		},
		"322": {"c": 100, "go": [1,2,0,1], "gu": [1,1,255,255,0],
			"r": {
				"128": {"c": 100, "go": [0,0,0,1], "gu": [255,3,255,255,255]},
				"512": {"c": 100, "go": [0,0,0,1], "gu": [3,255,255,255,255]},
				"640": {"c": 100, "go": [0,0,0,2], "gu": [3,3,255,255,255]}
			}
		},
		"324": {"c": 100, "go": [1,2,0.8,0.4], "gu": [1,1,255,0,255],
			"r": {
				"128": {"c": 100, "go": [0,0,1,0.5], "gu": [255,2,255,255,255],
					"r": {
						"128": {"c": 100, "go": [0,0,0,1], "gu": [255,3,255,255,255]}
					}
				},
				"512": {"c": 100, "go": [0,0,1,0.5], "gu": [2,255,255,255,255],
					"r": {
						"512": {"c": 100, "go": [0,0,0,1], "gu": [3,255,255,255,255]}
					}
				}
			}
		},
		"325": {"c": 100, "go": [2,2.313,1.563,0.5], "gu": [1,1,255,0,0],
			"r": {
				"8": {"c": 100, "go": [0,0,1,0], "gu": [255,255,255,2,255]},
				"66": {"c": 100, "go": [0,1,1,0], "gu": [255,2,255,255,1]},
				"128": {"c": 100, "go": [0,0,1,0], "gu": [255,2,255,255,255]},
				"130": {"c": 100, "go": [0,0,1,1], "gu": [255,2,255,255,3]},
				"136": {"c": 100, "go": [0,0,2,0.667], "gu": [255,2,255,2,255],
					"r": {
						"8": {"c": 100, "go": [0,0,0,1], "gu": [255,255,255,3,255]},
						"128": {"c": 100, "go": [0,0,0,1], "gu": [255,3,255,255,255]}
					}
				},
				"258": {"c": 100, "go": [0,1,1,0], "gu": [2,255,255,255,1]},
				"322": {"c": 100, "go": [0,1,2,0.667], "gu": [2,2,255,255,1],
					"r": {
						"128": {"c": 100, "go": [0,0,0,1], "gu": [255,3,255,255,255]},
						"512": {"c": 100, "go": [0,0,0,1], "gu": [3,255,255,255,255]}
					}
				},
				"512": {"c": 100, "go": [0,0,1,0], "gu": [2,255,255,255,255]},
				"514": {"c": 100, "go": [0,0,1,1], "gu": [2,255,255,255,3]},
				"520": {"c": 100, "go": [0,0,2,0.667], "gu": [2,255,255,2,255],
					"r": {
						"8": {"c": 100, "go": [0,0,0,1], "gu": [255,255,255,3,255]},
						"512": {"c": 100, "go": [0,0,0,1], "gu": [3,255,255,255,255]}
					}
				}
			}
		},
		"326": {"c": 100, "go": [2,2.385,0,1.231], "gu": [1,1,255,0,0],
			"r": {
				"2": {"c": 100, "go": [0,1,0,0.5], "gu": [255,255,255,255,1],
					"r": {
						"2": {"c": 100, "go": [0,0,0,1], "gu": [255,255,255,255,3]}
					}
				},
				"8": {"c": 100, "go": [0,0,0,1], "gu": [255,255,255,3,255]},
				"66": {"c": 100, "go": [0,1,0,1], "gu": [255,3,255,255,1]},
				"128": {"c": 100, "go": [0,0,0,1], "gu": [255,3,255,255,255]},
				"130": {"c": 100, "go": [0,0,0,2], "gu": [255,3,255,255,3]},
				"136": {"c": 100, "go": [0,0,0,2], "gu": [255,3,255,3,255]},
				"258": {"c": 100, "go": [0,1,0,1], "gu": [3,255,255,255,1]},
				"322": {"c": 100, "go": [0,1,0,2], "gu": [3,3,255,255,1]},
				"512": {"c": 100, "go": [0,0,0,1], "gu": [3,255,255,255,255]},
				"514": {"c": 100, "go": [0,0,0,2], "gu": [3,255,255,255,3]},
				"520": {"c": 100, "go": [0,0,0,2], "gu": [3,255,255,3,255]}
			}
		},
		"328": {"c": 100, "go": [1,0,2,1], "gu": [2,2,255,0,255],
			"r": {
				"128": {"c": 100, "go": [0,0,0,1], "gu": [255,3,255,255,255]},
				"512": {"c": 100, "go": [0,0,0,1], "gu": [3,255,255,255,255]},
				"640": {"c": 100, "go": [0,0,0,2], "gu": [3,3,255,255,255]}
			}
		},
		"329": {"c": 100, "go": [2,0,2.385,1.231], "gu": [2,2,255,0,0],
			"r": {
				"2": {"c": 100, "go": [0,0,0,1], "gu": [255,255,255,255,3]},
				"8": {"c": 100, "go": [0,0,1,0.5], "gu": [255,255,255,2,255],
					"r": {
						"8": {"c": 100, "go": [0,0,0,1], "gu": [255,255,255,3,255]}
					}
				},
				"72": {"c": 100, "go": [0,0,1,1], "gu": [255,3,255,2,255]},
				"128": {"c": 100, "go": [0,0,0,1], "gu": [255,3,255,255,255]},
				"130": {"c": 100, "go": [0,0,0,2], "gu": [255,3,255,255,3]},
				"136": {"c": 100, "go": [0,0,0,2], "gu": [255,3,255,3,255]},
				"264": {"c": 100, "go": [0,0,1,1], "gu": [3,255,255,2,255]},
				"328": {"c": 100, "go": [0,0,1,2], "gu": [3,3,255,2,255]},
				"512": {"c": 100, "go": [0,0,0,1], "gu": [3,255,255,255,255]},
				"514": {"c": 100, "go": [0,0,0,2], "gu": [3,255,255,255,3]},
				"520": {"c": 100, "go": [0,0,0,2], "gu": [3,255,255,3,255]}
			}
		},
		"330": {"c": 100, "go": [2,0,0,2.667], "gu": [3,3,255,0,0],
			"r": {
				"2": {"c": 100, "go": [0,0,0,1], "gu": [255,255,255,255,3]},
				"8": {"c": 100, "go": [0,0,0,1], "gu": [255,255,255,3,255]}
			}
		},
		"337": {"c": 100, "go": [1,1.737,2.526,0.789], "gu": [1,2,2,255,0],
			"r": {
				"32": {"c": 100, "go": [0,1,0,0.5], "gu": [255,255,1,255,255],
					"r": {
						"32": {"c": 100, "go": [0,0,0,1], "gu": [255,255,3,255,255]}
					}
				},
				"128": {"c": 100, "go": [0,1,0,0.5], "gu": [255,1,255,255,255],
					"r": {
						"128": {"c": 100, "go": [0,0,0,1], "gu": [255,3,255,255,255]}
					}
				},
				"272": {"c": 100, "go": [0,1,1,0], "gu": [2,255,1,255,255]},
				"288": {"c": 100, "go": [0,1,0,1], "gu": [3,255,1,255,255]},
				"320": {"c": 100, "go": [0,1,1,0], "gu": [2,1,255,255,255]},
				"336": {"c": 100, "go": [0,2,1,0.667], "gu": [2,1,1,255,255],
					"r": {
						"32": {"c": 100, "go": [0,0,0,1], "gu": [255,255,3,255,255]},
						"128": {"c": 100, "go": [0,0,0,1], "gu": [255,3,255,255,255]}
					}
				},
				"384": {"c": 100, "go": [0,1,0,1], "gu": [3,1,255,255,255]},
				"512": {"c": 100, "go": [0,0,1,0.5], "gu": [2,255,255,255,255],
					"r": {
						"512": {"c": 100, "go": [0,0,0,1], "gu": [3,255,255,255,255]}
					}
				},
				"528": {"c": 100, "go": [0,0,1,1], "gu": [2,255,3,255,255]},
				"544": {"c": 100, "go": [0,0,0,2], "gu": [3,255,3,255,255]},
				"576": {"c": 100, "go": [0,0,1,1], "gu": [2,3,255,255,255]},
				"592": {"c": 100, "go": [0,0,1,2], "gu": [2,3,3,255,255]},
				"640": {"c": 100, "go": [0,0,0,2], "gu": [3,3,255,255,255]}
			}
		},
		"338": {"c": 100, "go": [1,3,0,1.5], "gu": [1,1,1,255,0],
			"r": {
				"32": {"c": 100, "go": [0,0,0,1], "gu": [255,255,3,255,255]},
				"128": {"c": 100, "go": [0,0,0,1], "gu": [255,3,255,255,255]},
				"160": {"c": 100, "go": [0,0,0,2], "gu": [255,3,3,255,255]},
				"512": {"c": 100, "go": [0,0,0,1], "gu": [3,255,255,255,255]},
				"544": {"c": 100, "go": [0,0,0,2], "gu": [3,255,3,255,255]},
				"640": {"c": 100, "go": [0,0,0,2], "gu": [3,3,255,255,255]},
				"672": {"c": 100, "go": [0,0,0,3], "gu": [3,3,3,255,255]}
			}
		},
		"340": {"c": 100, "go": [1,2.526,1.737,0.789], "gu": [2,1,1,0,255],
			"r": {
				"32": {"c": 100, "go": [0,0,1,0.5], "gu": [255,255,2,255,255],
					"r": {
						"32": {"c": 100, "go": [0,0,0,1], "gu": [255,255,3,255,255]}
					}
				},
				"128": {"c": 100, "go": [0,0,1,0.5], "gu": [255,2,255,255,255],
					"r": {
						"128": {"c": 100, "go": [0,0,0,1], "gu": [255,3,255,255,255]}
					}
				},
				"272": {"c": 100, "go": [0,1,1,0], "gu": [1,255,2,255,255]},
				"288": {"c": 100, "go": [0,0,1,1], "gu": [3,255,2,255,255]},
				"320": {"c": 100, "go": [0,1,1,0], "gu": [1,2,255,255,255]},
				"336": {"c": 100, "go": [0,1,2,0.667], "gu": [1,2,2,255,255],
					"r": {
						"32": {"c": 100, "go": [0,0,0,1], "gu": [255,255,3,255,255]},
						"128": {"c": 100, "go": [0,0,0,1], "gu": [255,3,255,255,255]}
					}
				},
				"384": {"c": 100, "go": [0,0,1,1], "gu": [3,2,255,255,255]},
				"512": {"c": 100, "go": [0,1,0,0.5], "gu": [1,255,255,255,255],
					"r": {
						"512": {"c": 100, "go": [0,0,0,1], "gu": [3,255,255,255,255]}
					}
				},
				"528": {"c": 100, "go": [0,1,0,1], "gu": [1,255,3,255,255]},
				"544": {"c": 100, "go": [0,0,0,2], "gu": [3,255,3,255,255]},
				"576": {"c": 100, "go": [0,1,0,1], "gu": [1,3,255,255,255]},
				"592": {"c": 100, "go": [0,1,0,2], "gu": [1,3,3,255,255]},
				"640": {"c": 100, "go": [0,0,0,2], "gu": [3,3,255,255,255]}
			}
		},
		"341": {"c": 100, "go": [2,3.257,2.243,0.973], "gu": [1,1,1,0,0],
			"r": {
				"8": {"c": 100, "go": [0,0,1,0], "gu": [255,255,255,2,255]},
				"18": {"c": 100, "go": [0,1,1,0], "gu": [255,255,2,255,1]},
				"32": {"c": 100, "go": [0,0,1,0], "gu": [255,255,2,255,255]},
				"34": {"c": 100, "go": [0,0,1,1], "gu": [255,255,2,255,3]},
				"40": {"c": 100, "go": [0,0,2,0.667], "gu": [255,255,2,2,255],
					"r": {
						"8": {"c": 100, "go": [0,0,0,1], "gu": [255,255,255,3,255]},
						"32": {"c": 100, "go": [0,0,0,1], "gu": [255,255,3,255,255]}
					}
				},
				"66": {"c": 100, "go": [0,1,1,0], "gu": [255,2,255,255,1]},
				"82": {"c": 100, "go": [0,1,2,0.667], "gu": [255,2,2,255,1],
					"r": {
						"32": {"c": 100, "go": [0,0,0,1], "gu": [255,255,3,255,255]},
						"128": {"c": 100, "go": [0,0,0,1], "gu": [255,3,255,255,255]}
					}
				},
				"128": {"c": 100, "go": [0,0,1,0], "gu": [255,2,255,255,255]},
				"130": {"c": 100, "go": [0,0,1,1], "gu": [255,2,255,255,3]},
				"136": {"c": 100, "go": [0,0,2,0.667], "gu": [255,2,255,2,255],
					"r": {
						"8": {"c": 100, "go": [0,0,0,1], "gu": [255,255,255,3,255]},
						"128": {"c": 100, "go": [0,0,0,1], "gu": [255,3,255,255,255]}
					}
				},
				"160": {"c": 100, "go": [0,0,2,0.667], "gu": [255,2,2,255,255],
					"r": {
						"32": {"c": 100, "go": [0,0,0,1], "gu": [255,255,3,255,255]},
						"128": {"c": 100, "go": [0,0,0,1], "gu": [255,3,255,255,255]}
					}
				},
				"162": {"c": 100, "go": [0,0,2,1.667], "gu": [255,2,2,255,3],
					"r": {
						"32": {"c": 100, "go": [0,0,0,1], "gu": [255,255,3,255,255]},
						"128": {"c": 100, "go": [0,0,0,1], "gu": [255,3,255,255,255]}
					}
				},
				"168": {"c": 100, "go": [0,0,3,1.286], "gu": [255,2,2,2,255],
					"r": {
						"8": {"c": 100, "go": [0,0,0,1], "gu": [255,255,255,3,255]},
						"32": {"c": 100, "go": [0,0,0,1], "gu": [255,255,3,255,255]},
						"40": {"c": 100, "go": [0,0,0,2], "gu": [255,255,3,3,255]},
						"128": {"c": 100, "go": [0,0,0,1], "gu": [255,3,255,255,255]},
						"136": {"c": 100, "go": [0,0,0,2], "gu": [255,3,255,3,255]},
						"160": {"c": 100, "go": [0,0,0,2], "gu": [255,3,3,255,255]}
					}
				},
				"258": {"c": 100, "go": [0,1,1,0], "gu": [2,255,255,255,1]},
				"274": {"c": 100, "go": [0,1,2,0.667], "gu": [2,255,2,255,1],
					"r": {
						"32": {"c": 100, "go": [0,0,0,1], "gu": [255,255,3,255,255]},
						"512": {"c": 100, "go": [0,0,0,1], "gu": [3,255,255,255,255]}
					}
				},
				"322": {"c": 100, "go": [0,1,2,0.667], "gu": [2,2,255,255,1],
					"r": {
						"128": {"c": 100, "go": [0,0,0,1], "gu": [255,3,255,255,255]},
						"512": {"c": 100, "go": [0,0,0,1], "gu": [3,255,255,255,255]}
					}
				},
				"338": {"c": 100, "go": [0,1,3,1.286], "gu": [2,2,2,255,1],
					"r": {
						"32": {"c": 100, "go": [0,0,0,1], "gu": [255,255,3,255,255]},
						"128": {"c": 100, "go": [0,0,0,1], "gu": [255,3,255,255,255]},
						"160": {"c": 100, "go": [0,0,0,2], "gu": [255,3,3,255,255]},
						"512": {"c": 100, "go": [0,0,0,1], "gu": [3,255,255,255,255]},
						"544": {"c": 100, "go": [0,0,0,2], "gu": [3,255,3,255,255]},
						"640": {"c": 100, "go": [0,0,0,2], "gu": [3,3,255,255,255]}
					}
				},
				"512": {"c": 100, "go": [0,0,1,0], "gu": [2,255,255,255,255]},
				"514": {"c": 100, "go": [0,0,1,1], "gu": [2,255,255,255,3]},
				"520": {"c": 100, "go": [0,0,2,0.667], "gu": [2,255,255,2,255],
					"r": {
						"8": {"c": 100, "go": [0,0,0,1], "gu": [255,255,255,3,255]},
						"512": {"c": 100, "go": [0,0,0,1], "gu": [3,255,255,255,255]}
					}
				},
				"544": {"c": 100, "go": [0,0,2,0.667], "gu": [2,255,2,255,255],
					"r": {
						"32": {"c": 100, "go": [0,0,0,1], "gu": [255,255,3,255,255]},
						"512": {"c": 100, "go": [0,0,0,1], "gu": [3,255,255,255,255]}
					}
				},
				"546": {"c": 100, "go": [0,0,2,1.667], "gu": [2,255,2,255,3],
					"r": {
						"32": {"c": 100, "go": [0,0,0,1], "gu": [255,255,3,255,255]},
						"512": {"c": 100, "go": [0,0,0,1], "gu": [3,255,255,255,255]}
					}
				},
				"552": {"c": 100, "go": [0,0,3,1.286], "gu": [2,255,2,2,255],
					"r": {
						"8": {"c": 100, "go": [0,0,0,1], "gu": [255,255,255,3,255]},
						"32": {"c": 100, "go": [0,0,0,1], "gu": [255,255,3,255,255]},
						"40": {"c": 100, "go": [0,0,0,2], "gu": [255,255,3,3,255]},
						"512": {"c": 100, "go": [0,0,0,1], "gu": [3,255,255,255,255]},
						"520": {"c": 100, "go": [0,0,0,2], "gu": [3,255,255,3,255]},
						"544": {"c": 100, "go": [0,0,0,2], "gu": [3,255,3,255,255]}
					}
				},
				"640": {"c": 100, "go": [0,0,2,0.667], "gu": [2,2,255,255,255],
					"r": {
						"128": {"c": 100, "go": [0,0,0,1], "gu": [255,3,255,255,255]},
						"512": {"c": 100, "go": [0,0,0,1], "gu": [3,255,255,255,255]}
					}
				},
				"642": {"c": 100, "go": [0,0,2,1.667], "gu": [2,2,255,255,3],
					"r": {
						"128": {"c": 100, "go": [0,0,0,1], "gu": [255,3,255,255,255]},
						"512": {"c": 100, "go": [0,0,0,1], "gu": [3,255,255,255,255]}
					}
				},
				"648": {"c": 100, "go": [0,0,3,1.286], "gu": [2,2,255,2,255],
					"r": {
						"8": {"c": 100, "go": [0,0,0,1], "gu": [255,255,255,3,255]},
						"128": {"c": 100, "go": [0,0,0,1], "gu": [255,3,255,255,255]},
						"136": {"c": 100, "go": [0,0,0,2], "gu": [255,3,255,3,255]},
						"512": {"c": 100, "go": [0,0,0,1], "gu": [3,255,255,255,255]},
						"520": {"c": 100, "go": [0,0,0,2], "gu": [3,255,255,3,255]},
						"640": {"c": 100, "go": [0,0,0,2], "gu": [3,3,255,255,255]}
					}
				}
			}
		},
		"342": {"c": 100, "go": [2,3.31,0,1.828], "gu": [1,1,1,0,0],
			"r": {
				"2": {"c": 100, "go": [0,1,0,0.5], "gu": [255,255,255,255,1],
					"r": {
						"2": {"c": 100, "go": [0,0,0,1], "gu": [255,255,255,255,3]}
					}
				},
				"8": {"c": 100, "go": [0,0,0,1], "gu": [255,255,255,3,255]},
				"18": {"c": 100, "go": [0,1,0,1], "gu": [255,255,3,255,1]},
				"32": {"c": 100, "go": [0,0,0,1], "gu": [255,255,3,255,255]},
				"34": {"c": 100, "go": [0,0,0,2], "gu": [255,255,3,255,3]},
				"40": {"c": 100, "go": [0,0,0,2], "gu": [255,255,3,3,255]},
				"66": {"c": 100, "go": [0,1,0,1], "gu": [255,3,255,255,1]},
				"82": {"c": 100, "go": [0,1,0,2], "gu": [255,3,3,255,1]},
				"128": {"c": 100, "go": [0,0,0,1], "gu": [255,3,255,255,255]},
				"130": {"c": 100, "go": [0,0,0,2], "gu": [255,3,255,255,3]},
				"136": {"c": 100, "go": [0,0,0,2], "gu": [255,3,255,3,255]},
				"160": {"c": 100, "go": [0,0,0,2], "gu": [255,3,3,255,255]},
				"162": {"c": 100, "go": [0,0,0,3], "gu": [255,3,3,255,3]},
				"168": {"c": 100, "go": [0,0,0,3], "gu": [255,3,3,3,255]},
				"258": {"c": 100, "go": [0,1,0,1], "gu": [3,255,255,255,1]},
				"274": {"c": 100, "go": [0,1,0,2], "gu": [3,255,3,255,1]},
				"322": {"c": 100, "go": [0,1,0,2], "gu": [3,3,255,255,1]},
				"338": {"c": 100, "go": [0,1,0,3], "gu": [3,3,3,255,1]},
				"512": {"c": 100, "go": [0,0,0,1], "gu": [3,255,255,255,255]},
				"514": {"c": 100, "go": [0,0,0,2], "gu": [3,255,255,255,3]},
				"520": {"c": 100, "go": [0,0,0,2], "gu": [3,255,255,3,255]},
				"544": {"c": 100, "go": [0,0,0,2], "gu": [3,255,3,255,255]},
				"546": {"c": 100, "go": [0,0,0,3], "gu": [3,255,3,255,3]},
				"552": {"c": 100, "go": [0,0,0,3], "gu": [3,255,3,3,255]},
				"640": {"c": 100, "go": [0,0,0,2], "gu": [3,3,255,255,255]},
				"642": {"c": 100, "go": [0,0,0,3], "gu": [3,3,255,255,3]},
				"648": {"c": 100, "go": [0,0,0,3], "gu": [3,3,255,3,255]}
			}
		},
		"344": {"c": 100, "go": [1,0,3,1.5], "gu": [2,2,2,0,255],
			"r": {
				"32": {"c": 100, "go": [0,0,0,1], "gu": [255,255,3,255,255]},
				"128": {"c": 100, "go": [0,0,0,1], "gu": [255,3,255,255,255]},
				"160": {"c": 100, "go": [0,0,0,2], "gu": [255,3,3,255,255]},
				"512": {"c": 100, "go": [0,0,0,1], "gu": [3,255,255,255,255]},
				"544": {"c": 100, "go": [0,0,0,2], "gu": [3,255,3,255,255]},
				"640": {"c": 100, "go": [0,0,0,2], "gu": [3,3,255,255,255]},
				"672": {"c": 100, "go": [0,0,0,3], "gu": [3,3,3,255,255]}
			}
		},
		"345": {"c": 100, "go": [2,0,3.31,1.828], "gu": [2,2,2,0,0],
			"r": {
				"2": {"c": 100, "go": [0,0,0,1], "gu": [255,255,255,255,3]},
				"8": {"c": 100, "go": [0,0,1,0.5], "gu": [255,255,255,2,255],
					"r": {
						"8": {"c": 100, "go": [0,0,0,1], "gu": [255,255,255,3,255]}
					}
				},
				"24": {"c": 100, "go": [0,0,1,1], "gu": [255,255,3,2,255]},
				"32": {"c": 100, "go": [0,0,0,1], "gu": [255,255,3,255,255]},
				"34": {"c": 100, "go": [0,0,0,2], "gu": [255,255,3,255,3]},
				"40": {"c": 100, "go": [0,0,0,2], "gu": [255,255,3,3,255]},
				"72": {"c": 100, "go": [0,0,1,1], "gu": [255,3,255,2,255]},
				"88": {"c": 100, "go": [0,0,1,2], "gu": [255,3,3,2,255]},
				"128": {"c": 100, "go": [0,0,0,1], "gu": [255,3,255,255,255]},
				"130": {"c": 100, "go": [0,0,0,2], "gu": [255,3,255,255,3]},
				"136": {"c": 100, "go": [0,0,0,2], "gu": [255,3,255,3,255]},
				"160": {"c": 100, "go": [0,0,0,2], "gu": [255,3,3,255,255]},
				"162": {"c": 100, "go": [0,0,0,3], "gu": [255,3,3,255,3]},
				"168": {"c": 100, "go": [0,0,0,3], "gu": [255,3,3,3,255]},
				"264": {"c": 100, "go": [0,0,1,1], "gu": [3,255,255,2,255]},
				"280": {"c": 100, "go": [0,0,1,2], "gu": [3,255,3,2,255]},
				"328": {"c": 100, "go": [0,0,1,2], "gu": [3,3,255,2,255]},
				"344": {"c": 100, "go": [0,0,1,3], "gu": [3,3,3,2,255]},
				"512": {"c": 100, "go": [0,0,0,1], "gu": [3,255,255,255,255]},
				"514": {"c": 100, "go": [0,0,0,2], "gu": [3,255,255,255,3]},
				"520": {"c": 100, "go": [0,0,0,2], "gu": [3,255,255,3,255]},
				"544": {"c": 100, "go": [0,0,0,2], "gu": [3,255,3,255,255]},
				"546": {"c": 100, "go": [0,0,0,3], "gu": [3,255,3,255,3]},
				"552": {"c": 100, "go": [0,0,0,3], "gu": [3,255,3,3,255]},
				"640": {"c": 100, "go": [0,0,0,2], "gu": [3,3,255,255,255]},
				"642": {"c": 100, "go": [0,0,0,3], "gu": [3,3,255,255,3]},
				"648": {"c": 100, "go": [0,0,0,3], "gu": [3,3,255,3,255]}
			}
		},
		"346": {"c": 100, "go": [2,0,0,3.667], "gu": [3,3,3,0,0],
			"r": {
				"2": {"c": 100, "go": [0,0,0,1], "gu": [255,255,255,255,3]},
				"8": {"c": 100, "go": [0,0,0,1], "gu": [255,255,255,3,255]}
			}
		},
		"512": {"c": 100, "go": [0,1,0.667,0.333], "gu": [1,255,255,255,255],
			"r": {
				"512": {"c": 100, "go": [0,0,1,0.5], "gu": [2,255,255,255,255],
					"r": {
						"512": {"c": 100, "go": [0,0,0,1], "gu": [3,255,255,255,255]}
					}
				}
			}
		},
		"513": {"c": 100, "go": [0,1,1,0.5], "gu": [2,255,255,255,1],
			"r": {
				"2": {"c": 100, "go": [0,0,0,1], "gu": [255,255,255,255,3]}
			}
		},
		"514": {"c": 100, "go": [0,2,0,1], "gu": [1,255,255,255,1],
			"r": {
				"2": {"c": 100, "go": [0,0,0,1], "gu": [255,255,255,255,3]},
				"512": {"c": 100, "go": [0,0,0,1], "gu": [3,255,255,255,255]},
				"514": {"c": 100, "go": [0,0,0,2], "gu": [3,255,255,255,3]}
			}
		},
		"516": {"c": 100, "go": [0,1,1,0.5], "gu": [1,255,255,2,255],
			"r": {
				"8": {"c": 100, "go": [0,0,0,1], "gu": [255,255,255,3,255]}
			}
		},
		"517": {"c": 100, "go": [0,2,1.6,0.6], "gu": [1,255,255,2,1],
			"r": {
				"2": {"c": 100, "go": [0,0,0,1], "gu": [255,255,255,255,3]},
				"512": {"c": 100, "go": [0,0,1,0.5], "gu": [2,255,255,255,255],
					"r": {
						"512": {"c": 100, "go": [0,0,0,1], "gu": [3,255,255,255,255]}
					}
				},
				"516": {"c": 100, "go": [0,0,1,1], "gu": [2,255,255,3,255]}
			}
		},
		"518": {"c": 100, "go": [0,2,0,1.667], "gu": [1,255,255,3,1],
			"r": {
				"2": {"c": 100, "go": [0,0,0,1], "gu": [255,255,255,255,3]},
				"512": {"c": 100, "go": [0,0,0,1], "gu": [3,255,255,255,255]}
			}
		},
		"520": {"c": 100, "go": [0,0,2,1], "gu": [2,255,255,2,255],
			"r": {
				"8": {"c": 100, "go": [0,0,0,1], "gu": [255,255,255,3,255]},
				"512": {"c": 100, "go": [0,0,0,1], "gu": [3,255,255,255,255]},
				"520": {"c": 100, "go": [0,0,0,2], "gu": [3,255,255,3,255]}
			}
		},
		"521": {"c": 100, "go": [0,0,2,1.667], "gu": [2,255,255,2,3],
			"r": {
				"8": {"c": 100, "go": [0,0,0,1], "gu": [255,255,255,3,255]},
				"512": {"c": 100, "go": [0,0,0,1], "gu": [3,255,255,255,255]}
			}
		},
		"522": {"c": 100, "go": [0,0,0,3], "gu": [3,255,255,3,3]},
		"544": {"c": 100, "go": [0,1.444,1.444,0.667], "gu": [1,255,2,255,255],
			"r": {
				"32": {"c": 100, "go": [0,1,0,0.5], "gu": [255,255,1,255,255],
					"r": {
						"32": {"c": 100, "go": [0,0,0,1], "gu": [255,255,3,255,255]}
					}
				},
				"272": {"c": 100, "go": [0,1,1,0], "gu": [2,255,1,255,255]},
				"288": {"c": 100, "go": [0,1,0,1], "gu": [3,255,1,255,255]},
				"512": {"c": 100, "go": [0,0,1,0.5], "gu": [2,255,255,255,255],
					"r": {
						"512": {"c": 100, "go": [0,0,0,1], "gu": [3,255,255,255,255]}
					}
				},
				"528": {"c": 100, "go": [0,0,1,1], "gu": [2,255,3,255,255]},
				"544": {"c": 100, "go": [0,0,0,2], "gu": [3,255,3,255,255]}
			}
		},
		"545": {"c": 100, "go": [0,1.6,2,0.9], "gu": [2,255,2,255,1],
			"r": {
				"2": {"c": 100, "go": [0,0,0,1], "gu": [255,255,255,255,3]},
				"32": {"c": 100, "go": [0,1,0,0.5], "gu": [255,255,1,255,255],
					"r": {
						"32": {"c": 100, "go": [0,0,0,1], "gu": [255,255,3,255,255]}
					}
				},
				"33": {"c": 100, "go": [0,1,0,1], "gu": [255,255,1,255,3]},
				"34": {"c": 100, "go": [0,0,0,2], "gu": [255,255,3,255,3]},
				"512": {"c": 100, "go": [0,1,0,0.5], "gu": [1,255,255,255,255],
					"r": {
						"512": {"c": 100, "go": [0,0,0,1], "gu": [3,255,255,255,255]}
					}
				},
				"513": {"c": 100, "go": [0,1,0,1], "gu": [1,255,255,255,3]},
				"514": {"c": 100, "go": [0,0,0,2], "gu": [3,255,255,255,3]}
			}
		},
		"546": {"c": 100, "go": [0,3,0,1.5], "gu": [1,255,1,255,1],
			"r": {
				"2": {"c": 100, "go": [0,0,0,1], "gu": [255,255,255,255,3]},
				"32": {"c": 100, "go": [0,0,0,1], "gu": [255,255,3,255,255]},
				"34": {"c": 100, "go": [0,0,0,2], "gu": [255,255,3,255,3]},
				"512": {"c": 100, "go": [0,0,0,1], "gu": [3,255,255,255,255]},
				"514": {"c": 100, "go": [0,0,0,2], "gu": [3,255,255,255,3]},
				"544": {"c": 100, "go": [0,0,0,2], "gu": [3,255,3,255,255]},
				"546": {"c": 100, "go": [0,0,0,3], "gu": [3,255,3,255,3]}
			}
		},
		"548": {"c": 100, "go": [0,2,1.6,0.9], "gu": [1,255,1,2,255],
			"r": {
				"8": {"c": 100, "go": [0,0,0,1], "gu": [255,255,255,3,255]},
				"32": {"c": 100, "go": [0,0,1,0.5], "gu": [255,255,2,255,255],
					"r": {
						"32": {"c": 100, "go": [0,0,0,1], "gu": [255,255,3,255,255]}
					}
				},
				"36": {"c": 100, "go": [0,0,1,1], "gu": [255,255,2,3,255]},
				"40": {"c": 100, "go": [0,0,0,2], "gu": [255,255,3,3,255]},
				"512": {"c": 100, "go": [0,0,1,0.5], "gu": [2,255,255,255,255],
					"r": {
						"512": {"c": 100, "go": [0,0,0,1], "gu": [3,255,255,255,255]}
					}
				},
				"516": {"c": 100, "go": [0,0,1,1], "gu": [2,255,255,3,255]},
				"520": {"c": 100, "go": [0,0,0,2], "gu": [3,255,255,3,255]}
			}
		},
		"549": {"c": 100, "go": [0,2.429,2.429,1.143], "gu": [1,255,2,2,1],
			"r": {
				"2": {"c": 100, "go": [0,0,0,1], "gu": [255,255,255,255,3]},
				"8": {"c": 100, "go": [0,0,0,1], "gu": [255,255,255,3,255]},
				"10": {"c": 100, "go": [0,0,0,2], "gu": [255,255,255,3,3]},
				"32": {"c": 100, "go": [0,1,0,0.5], "gu": [255,255,1,255,255],
					"r": {
						"32": {"c": 100, "go": [0,0,0,1], "gu": [255,255,3,255,255]}
					}
				},
				"33": {"c": 100, "go": [0,1,0,1], "gu": [255,255,1,255,3]},
				"34": {"c": 100, "go": [0,0,0,2], "gu": [255,255,3,255,3]},
				"272": {"c": 100, "go": [0,1,1,0], "gu": [2,255,1,255,255]},
				"273": {"c": 100, "go": [0,1,1,1], "gu": [2,255,1,255,3]},
				"276": {"c": 100, "go": [0,1,1,1], "gu": [2,255,1,3,255]},
				"277": {"c": 100, "go": [0,1,1,2], "gu": [2,255,1,3,3]},
				"288": {"c": 100, "go": [0,1,0,1], "gu": [3,255,1,255,255]},
				"289": {"c": 100, "go": [0,1,0,2], "gu": [3,255,1,255,3]},
				"512": {"c": 100, "go": [0,0,1,0.5], "gu": [2,255,255,255,255],
					"r": {
						"512": {"c": 100, "go": [0,0,0,1], "gu": [3,255,255,255,255]}
					}
				},
				"516": {"c": 100, "go": [0,0,1,1], "gu": [2,255,255,3,255]},
				"520": {"c": 100, "go": [0,0,0,2], "gu": [3,255,255,3,255]},
				"528": {"c": 100, "go": [0,0,1,1], "gu": [2,255,3,255,255]},
				"532": {"c": 100, "go": [0,0,1,2], "gu": [2,255,3,3,255]},
				"544": {"c": 100, "go": [0,0,0,2], "gu": [3,255,3,255,255]}
			}
		},
		"550": {"c": 100, "go": [0,3,0,2.286], "gu": [1,255,1,3,1],
			"r": {
				"2": {"c": 100, "go": [0,0,0,1], "gu": [255,255,255,255,3]},
				"32": {"c": 100, "go": [0,0,0,1], "gu": [255,255,3,255,255]},
				"34": {"c": 100, "go": [0,0,0,2], "gu": [255,255,3,255,3]},
				"512": {"c": 100, "go": [0,0,0,1], "gu": [3,255,255,255,255]},
				"514": {"c": 100, "go": [0,0,0,2], "gu": [3,255,255,255,3]},
				"544": {"c": 100, "go": [0,0,0,2], "gu": [3,255,3,255,255]}
			}
		},
		"552": {"c": 100, "go": [0,0,3,1.5], "gu": [2,255,2,2,255],
			"r": {
				"8": {"c": 100, "go": [0,0,0,1], "gu": [255,255,255,3,255]},
				"32": {"c": 100, "go": [0,0,0,1], "gu": [255,255,3,255,255]},
				"40": {"c": 100, "go": [0,0,0,2], "gu": [255,255,3,3,255]},
				"512": {"c": 100, "go": [0,0,0,1], "gu": [3,255,255,255,255]},
				"520": {"c": 100, "go": [0,0,0,2], "gu": [3,255,255,3,255]},
				"544": {"c": 100, "go": [0,0,0,2], "gu": [3,255,3,255,255]},
				"552": {"c": 100, "go": [0,0,0,3], "gu": [3,255,3,3,255]}
			}
		},
		"553": {"c": 100, "go": [0,0,3,2.286], "gu": [2,255,2,2,3],
			"r": {
				"8": {"c": 100, "go": [0,0,0,1], "gu": [255,255,255,3,255]},
				"32": {"c": 100, "go": [0,0,0,1], "gu": [255,255,3,255,255]},
				"40": {"c": 100, "go": [0,0,0,2], "gu": [255,255,3,3,255]},
				"512": {"c": 100, "go": [0,0,0,1], "gu": [3,255,255,255,255]},
				"520": {"c": 100, "go": [0,0,0,2], "gu": [3,255,255,3,255]},
				"544": {"c": 100, "go": [0,0,0,2], "gu": [3,255,3,255,255]}
			}
		},
		"554": {"c": 100, "go": [0,0,0,4], "gu": [3,255,3,3,3]},
		"640": {"c": 100, "go": [0,1.444,1.444,0.667], "gu": [1,2,255,255,255],
			"r": {
				"128": {"c": 100, "go": [0,1,0,0.5], "gu": [255,1,255,255,255],
					"r": {
						"128": {"c": 100, "go": [0,0,0,1], "gu": [255,3,255,255,255]}
					}
				},
				"320": {"c": 100, "go": [0,1,1,0], "gu": [2,1,255,255,255]},
				"384": {"c": 100, "go": [0,1,0,1], "gu": [3,1,255,255,255]},
				"512": {"c": 100, "go": [0,0,1,0.5], "gu": [2,255,255,255,255],
					"r": {
						"512": {"c": 100, "go": [0,0,0,1], "gu": [3,255,255,255,255]}
					}
				},
				"576": {"c": 100, "go": [0,0,1,1], "gu": [2,3,255,255,255]},
				"640": {"c": 100, "go": [0,0,0,2], "gu": [3,3,255,255,255]}
			}
		},
		"641": {"c": 100, "go": [0,1.6,2,0.9], "gu": [2,2,255,255,1],
			"r": {
				"2": {"c": 100, "go": [0,0,0,1], "gu": [255,255,255,255,3]},
				"128": {"c": 100, "go": [0,1,0,0.5], "gu": [255,1,255,255,255],
					"r": {
						"128": {"c": 100, "go": [0,0,0,1], "gu": [255,3,255,255,255]}
					}
				},
				"129": {"c": 100, "go": [0,1,0,1], "gu": [255,1,255,255,3]},
				"130": {"c": 100, "go": [0,0,0,2], "gu": [255,3,255,255,3]},
				"512": {"c": 100, "go": [0,1,0,0.5], "gu": [1,255,255,255,255],
					"r": {
						"512": {"c": 100, "go": [0,0,0,1], "gu": [3,255,255,255,255]}
					}
				},
				"513": {"c": 100, "go": [0,1,0,1], "gu": [1,255,255,255,3]},
				"514": {"c": 100, "go": [0,0,0,2], "gu": [3,255,255,255,3]}
			}
		},
		"642": {"c": 100, "go": [0,3,0,1.5], "gu": [1,1,255,255,1],
			"r": {
				"2": {"c": 100, "go": [0,0,0,1], "gu": [255,255,255,255,3]},
				"128": {"c": 100, "go": [0,0,0,1], "gu": [255,3,255,255,255]},
				"130": {"c": 100, "go": [0,0,0,2], "gu": [255,3,255,255,3]},
				"512": {"c": 100, "go": [0,0,0,1], "gu": [3,255,255,255,255]},
				"514": {"c": 100, "go": [0,0,0,2], "gu": [3,255,255,255,3]},
				"640": {"c": 100, "go": [0,0,0,2], "gu": [3,3,255,255,255]},
				"642": {"c": 100, "go": [0,0,0,3], "gu": [3,3,255,255,3]}
			}
		},
		"644": {"c": 100, "go": [0,2,1.6,0.9], "gu": [1,1,255,2,255],
			"r": {
				"8": {"c": 100, "go": [0,0,0,1], "gu": [255,255,255,3,255]},
				"128": {"c": 100, "go": [0,0,1,0.5], "gu": [255,2,255,255,255],
					"r": {
						"128": {"c": 100, "go": [0,0,0,1], "gu": [255,3,255,255,255]}
					}
				},
				"132": {"c": 100, "go": [0,0,1,1], "gu": [255,2,255,3,255]},
				"136": {"c": 100, "go": [0,0,0,2], "gu": [255,3,255,3,255]},
				"512": {"c": 100, "go": [0,0,1,0.5], "gu": [2,255,255,255,255],
					"r": {
						"512": {"c": 100, "go": [0,0,0,1], "gu": [3,255,255,255,255]}
					}
				},
				"516": {"c": 100, "go": [0,0,1,1], "gu": [2,255,255,3,255]},
				"520": {"c": 100, "go": [0,0,0,2], "gu": [3,255,255,3,255]}
			}
		},
		"645": {"c": 100, "go": [0,2.429,2.429,1.143], "gu": [1,2,255,2,1],
			"r": {
				"2": {"c": 100, "go": [0,0,0,1], "gu": [255,255,255,255,3]},
				"8": {"c": 100, "go": [0,0,0,1], "gu": [255,255,255,3,255]},
				"10": {"c": 100, "go": [0,0,0,2], "gu": [255,255,255,3,3]},
				"128": {"c": 100, "go": [0,1,0,0.5], "gu": [255,1,255,255,255],
					"r": {
						"128": {"c": 100, "go": [0,0,0,1], "gu": [255,3,255,255,255]}
					}
				},
				"129": {"c": 100, "go": [0,1,0,1], "gu": [255,1,255,255,3]},
				"130": {"c": 100, "go": [0,0,0,2], "gu": [255,3,255,255,3]},
				"320": {"c": 100, "go": [0,1,1,0], "gu": [2,1,255,255,255]},
				"321": {"c": 100, "go": [0,1,1,1], "gu": [2,1,255,255,3]},
				"324": {"c": 100, "go": [0,1,1,1], "gu": [2,1,255,3,255]},
				"325": {"c": 100, "go": [0,1,1,2], "gu": [2,1,255,3,3]},
				"384": {"c": 100, "go": [0,1,0,1], "gu": [3,1,255,255,255]},
				"385": {"c": 100, "go": [0,1,0,2], "gu": [3,1,255,255,3]},
				"512": {"c": 100, "go": [0,0,1,0.5], "gu": [2,255,255,255,255],
					"r": {
						"512": {"c": 100, "go": [0,0,0,1], "gu": [3,255,255,255,255]}
					}
				},
				"516": {"c": 100, "go": [0,0,1,1], "gu": [2,255,255,3,255]},
				"520": {"c": 100, "go": [0,0,0,2], "gu": [3,255,255,3,255]},
				"576": {"c": 100, "go": [0,0,1,1], "gu": [2,3,255,255,255]},
				"580": {"c": 100, "go": [0,0,1,2], "gu": [2,3,255,3,255]},
				"640": {"c": 100, "go": [0,0,0,2], "gu": [3,3,255,255,255]}
			}
		},
		"646": {"c": 100, "go": [0,3,0,2.286], "gu": [1,1,255,3,1],
			"r": {
				"2": {"c": 100, "go": [0,0,0,1], "gu": [255,255,255,255,3]},
				"128": {"c": 100, "go": [0,0,0,1], "gu": [255,3,255,255,255]},
				"130": {"c": 100, "go": [0,0,0,2], "gu": [255,3,255,255,3]},
				"512": {"c": 100, "go": [0,0,0,1], "gu": [3,255,255,255,255]},
				"514": {"c": 100, "go": [0,0,0,2], "gu": [3,255,255,255,3]},
				"640": {"c": 100, "go": [0,0,0,2], "gu": [3,3,255,255,255]}
			}
		},
		"648": {"c": 100, "go": [0,0,3,1.5], "gu": [2,2,255,2,255],
			"r": {
				"8": {"c": 100, "go": [0,0,0,1], "gu": [255,255,255,3,255]},
				"128": {"c": 100, "go": [0,0,0,1], "gu": [255,3,255,255,255]},
				"136": {"c": 100, "go": [0,0,0,2], "gu": [255,3,255,3,255]},
				"512": {"c": 100, "go": [0,0,0,1], "gu": [3,255,255,255,255]},
				"520": {"c": 100, "go": [0,0,0,2], "gu": [3,255,255,3,255]},
				"640": {"c": 100, "go": [0,0,0,2], "gu": [3,3,255,255,255]},
				"648": {"c": 100, "go": [0,0,0,3], "gu": [3,3,255,3,255]}
			}
		},
		"649": {"c": 100, "go": [0,0,3,2.286], "gu": [2,2,255,2,3],
			"r": {
				"8": {"c": 100, "go": [0,0,0,1], "gu": [255,255,255,3,255]},
				"128": {"c": 100, "go": [0,0,0,1], "gu": [255,3,255,255,255]},
				"136": {"c": 100, "go": [0,0,0,2], "gu": [255,3,255,3,255]},
				"512": {"c": 100, "go": [0,0,0,1], "gu": [3,255,255,255,255]},
				"520": {"c": 100, "go": [0,0,0,2], "gu": [3,255,255,3,255]},
				"640": {"c": 100, "go": [0,0,0,2], "gu": [3,3,255,255,255]}
			}
		},
		"650": {"c": 100, "go": [0,0,0,4], "gu": [3,3,255,3,3]},
		"672": {"c": 100, "go": [0,2.37,2.037,1], "gu": [2,1,1,255,255],
			"r": {
				"32": {"c": 100, "go": [0,0,1,0.5], "gu": [255,255,2,255,255],
					"r": {
						"32": {"c": 100, "go": [0,0,0,1], "gu": [255,255,3,255,255]}
					}
				},
				"128": {"c": 100, "go": [0,0,1,0.5], "gu": [255,2,255,255,255],
					"r": {
						"128": {"c": 100, "go": [0,0,0,1], "gu": [255,3,255,255,255]}
					}
				},
				"160": {"c": 100, "go": [0,0,2,1], "gu": [255,2,2,255,255],
					"r": {
						"32": {"c": 100, "go": [0,0,0,1], "gu": [255,255,3,255,255]},
						"128": {"c": 100, "go": [0,0,0,1], "gu": [255,3,255,255,255]},
						"160": {"c": 100, "go": [0,0,0,2], "gu": [255,3,3,255,255]}
					}
				},
				"272": {"c": 100, "go": [0,1,1,0], "gu": [1,255,2,255,255]},
				"288": {"c": 100, "go": [0,0,1,1], "gu": [3,255,2,255,255]},
				"320": {"c": 100, "go": [0,1,1,0], "gu": [1,2,255,255,255]},
				"336": {"c": 100, "go": [0,1,2,0.667], "gu": [1,2,2,255,255],
					"r": {
						"32": {"c": 100, "go": [0,0,0,1], "gu": [255,255,3,255,255]},
						"128": {"c": 100, "go": [0,0,0,1], "gu": [255,3,255,255,255]}
					}
				},
				"384": {"c": 100, "go": [0,0,1,1], "gu": [3,2,255,255,255]},
				"416": {"c": 100, "go": [0,0,2,1.667], "gu": [3,2,2,255,255],
					"r": {
						"32": {"c": 100, "go": [0,0,0,1], "gu": [255,255,3,255,255]},
						"128": {"c": 100, "go": [0,0,0,1], "gu": [255,3,255,255,255]}
					}
				},
				"512": {"c": 100, "go": [0,1,0,0.5], "gu": [1,255,255,255,255],
					"r": {
						"512": {"c": 100, "go": [0,0,0,1], "gu": [3,255,255,255,255]}
					}
				},
				"528": {"c": 100, "go": [0,1,0,1], "gu": [1,255,3,255,255]},
				"544": {"c": 100, "go": [0,0,0,2], "gu": [3,255,3,255,255]},
				"576": {"c": 100, "go": [0,1,0,1], "gu": [1,3,255,255,255]},
				"592": {"c": 100, "go": [0,1,0,2], "gu": [1,3,3,255,255]},
				"640": {"c": 100, "go": [0,0,0,2], "gu": [3,3,255,255,255]},
				"672": {"c": 100, "go": [0,0,0,3], "gu": [3,3,3,255,255]}
			}
		},
		"673": {"c": 100, "go": [0,2.684,2.526,1.289], "gu": [1,2,2,255,1],
			"r": {
				"2": {"c": 100, "go": [0,0,0,1], "gu": [255,255,255,255,3]},
				"32": {"c": 100, "go": [0,1,0,0.5], "gu": [255,255,1,255,255],
					"r": {
						"32": {"c": 100, "go": [0,0,0,1], "gu": [255,255,3,255,255]}
					}
				},
				"33": {"c": 100, "go": [0,1,0,1], "gu": [255,255,1,255,3]},
				"34": {"c": 100, "go": [0,0,0,2], "gu": [255,255,3,255,3]},
				"128": {"c": 100, "go": [0,1,0,0.5], "gu": [255,1,255,255,255],
					"r": {
						"128": {"c": 100, "go": [0,0,0,1], "gu": [255,3,255,255,255]}
					}
				},
				"129": {"c": 100, "go": [0,1,0,1], "gu": [255,1,255,255,3]},
				"130": {"c": 100, "go": [0,0,0,2], "gu": [255,3,255,255,3]},
				"272": {"c": 100, "go": [0,1,1,0], "gu": [2,255,1,255,255]},
				"273": {"c": 100, "go": [0,1,1,1], "gu": [2,255,1,255,3]},
				"288": {"c": 100, "go": [0,1,0,1], "gu": [3,255,1,255,255]},
				"289": {"c": 100, "go": [0,1,0,2], "gu": [3,255,1,255,3]},
				"320": {"c": 100, "go": [0,1,1,0], "gu": [2,1,255,255,255]},
				"321": {"c": 100, "go": [0,1,1,1], "gu": [2,1,255,255,3]},
				"336": {"c": 100, "go": [0,2,1,0.667], "gu": [2,1,1,255,255],
					"r": {
						"32": {"c": 100, "go": [0,0,0,1], "gu": [255,255,3,255,255]},
						"128": {"c": 100, "go": [0,0,0,1], "gu": [255,3,255,255,255]}
					}
				},
				"337": {"c": 100, "go": [0,2,1,1.667], "gu": [2,1,1,255,3],
					"r": {
						"32": {"c": 100, "go": [0,0,0,1], "gu": [255,255,3,255,255]},
						"128": {"c": 100, "go": [0,0,0,1], "gu": [255,3,255,255,255]}
					}
				},
				"384": {"c": 100, "go": [0,1,0,1], "gu": [3,1,255,255,255]},
				"385": {"c": 100, "go": [0,1,0,2], "gu": [3,1,255,255,3]},
				"512": {"c": 100, "go": [0,0,1,0.5], "gu": [2,255,255,255,255],
					"r": {
						"512": {"c": 100, "go": [0,0,0,1], "gu": [3,255,255,255,255]}
					}
				},
				"514": {"c": 100, "go": [0,0,1,1.5], "gu": [2,255,255,255,3],
					"r": {
						"512": {"c": 100, "go": [0,0,0,1], "gu": [3,255,255,255,255]}
					}
				},
				"528": {"c": 100, "go": [0,0,1,1], "gu": [2,255,3,255,255]},
				"530": {"c": 100, "go": [0,0,1,2], "gu": [2,255,3,255,3]},
				"544": {"c": 100, "go": [0,0,0,2], "gu": [3,255,3,255,255]},
				"546": {"c": 100, "go": [0,0,0,3], "gu": [3,255,3,255,3]},
				"576": {"c": 100, "go": [0,0,1,1], "gu": [2,3,255,255,255]},
				"578": {"c": 100, "go": [0,0,1,2], "gu": [2,3,255,255,3]},
				"592": {"c": 100, "go": [0,0,1,2], "gu": [2,3,3,255,255]},
				"594": {"c": 100, "go": [0,0,1,3], "gu": [2,3,3,255,3]},
				"640": {"c": 100, "go": [0,0,0,2], "gu": [3,3,255,255,255]},
				"642": {"c": 100, "go": [0,0,0,3], "gu": [3,3,255,255,3]}
			}
		},
		"674": {"c": 100, "go": [0,4,0,2], "gu": [1,1,1,255,1],
			"r": {
				"2": {"c": 100, "go": [0,0,0,1], "gu": [255,255,255,255,3]},
				"32": {"c": 100, "go": [0,0,0,1], "gu": [255,255,3,255,255]},
				"34": {"c": 100, "go": [0,0,0,2], "gu": [255,255,3,255,3]},
				"128": {"c": 100, "go": [0,0,0,1], "gu": [255,3,255,255,255]},
				"130": {"c": 100, "go": [0,0,0,2], "gu": [255,3,255,255,3]},
				"160": {"c": 100, "go": [0,0,0,2], "gu": [255,3,3,255,255]},
				"162": {"c": 100, "go": [0,0,0,3], "gu": [255,3,3,255,3]},
				"512": {"c": 100, "go": [0,0,0,1], "gu": [3,255,255,255,255]},
				"514": {"c": 100, "go": [0,0,0,2], "gu": [3,255,255,255,3]},
				"544": {"c": 100, "go": [0,0,0,2], "gu": [3,255,3,255,255]},
				"546": {"c": 100, "go": [0,0,0,3], "gu": [3,255,3,255,3]},
				"640": {"c": 100, "go": [0,0,0,2], "gu": [3,3,255,255,255]},
				"642": {"c": 100, "go": [0,0,0,3], "gu": [3,3,255,255,3]},
				"672": {"c": 100, "go": [0,0,0,3], "gu": [3,3,3,255,255]},
				"674": {"c": 100, "go": [0,0,0,4], "gu": [3,3,3,255,3]}
			}
		},
		"676": {"c": 100, "go": [0,3,2.342,1.289], "gu": [1,1,1,2,255],
			"r": {
				"8": {"c": 100, "go": [0,0,0,1], "gu": [255,255,255,3,255]},
				"32": {"c": 100, "go": [0,0,1,0.5], "gu": [255,255,2,255,255],
					"r": {
						"32": {"c": 100, "go": [0,0,0,1], "gu": [255,255,3,255,255]}
					}
				},
				"36": {"c": 100, "go": [0,0,1,1], "gu": [255,255,2,3,255]},
				"40": {"c": 100, "go": [0,0,0,2], "gu": [255,255,3,3,255]},
				"128": {"c": 100, "go": [0,0,1,0.5], "gu": [255,2,255,255,255],
					"r": {
						"128": {"c": 100, "go": [0,0,0,1], "gu": [255,3,255,255,255]}
					}
				},
				"132": {"c": 100, "go": [0,0,1,1], "gu": [255,2,255,3,255]},
				"136": {"c": 100, "go": [0,0,0,2], "gu": [255,3,255,3,255]},
				"160": {"c": 100, "go": [0,0,2,1], "gu": [255,2,2,255,255],
					"r": {
						"32": {"c": 100, "go": [0,0,0,1], "gu": [255,255,3,255,255]},
						"128": {"c": 100, "go": [0,0,0,1], "gu": [255,3,255,255,255]},
						"160": {"c": 100, "go": [0,0,0,2], "gu": [255,3,3,255,255]}
					}
				},
				"164": {"c": 100, "go": [0,0,2,1.667], "gu": [255,2,2,3,255],
					"r": {
						"32": {"c": 100, "go": [0,0,0,1], "gu": [255,255,3,255,255]},
						"128": {"c": 100, "go": [0,0,0,1], "gu": [255,3,255,255,255]}
					}
				},
				"168": {"c": 100, "go": [0,0,0,3], "gu": [255,3,3,3,255]},
				"512": {"c": 100, "go": [0,0,1,0.5], "gu": [2,255,255,255,255],
					"r": {
						"512": {"c": 100, "go": [0,0,0,1], "gu": [3,255,255,255,255]}
					}
				},
				"516": {"c": 100, "go": [0,0,1,1], "gu": [2,255,255,3,255]},
				"520": {"c": 100, "go": [0,0,0,2], "gu": [3,255,255,3,255]},
				"544": {"c": 100, "go": [0,0,2,1], "gu": [2,255,2,255,255],
					"r": {
						"32": {"c": 100, "go": [0,0,0,1], "gu": [255,255,3,255,255]},
						"512": {"c": 100, "go": [0,0,0,1], "gu": [3,255,255,255,255]},
						"544": {"c": 100, "go": [0,0,0,2], "gu": [3,255,3,255,255]}
					}
				},
				"548": {"c": 100, "go": [0,0,2,1.667], "gu": [2,255,2,3,255],
					"r": {
						"32": {"c": 100, "go": [0,0,0,1], "gu": [255,255,3,255,255]},
						"512": {"c": 100, "go": [0,0,0,1], "gu": [3,255,255,255,255]}
					}
				},
				"552": {"c": 100, "go": [0,0,0,3], "gu": [3,255,3,3,255]},
				"640": {"c": 100, "go": [0,0,2,1], "gu": [2,2,255,255,255],
					"r": {
						"128": {"c": 100, "go": [0,0,0,1], "gu": [255,3,255,255,255]},
						"512": {"c": 100, "go": [0,0,0,1], "gu": [3,255,255,255,255]},
						"640": {"c": 100, "go": [0,0,0,2], "gu": [3,3,255,255,255]}
					}
				},
				"644": {"c": 100, "go": [0,0,2,1.667], "gu": [2,2,255,3,255],
					"r": {
						"128": {"c": 100, "go": [0,0,0,1], "gu": [255,3,255,255,255]},
						"512": {"c": 100, "go": [0,0,0,1], "gu": [3,255,255,255,255]}
					}
				},
				"648": {"c": 100, "go": [0,0,0,3], "gu": [3,3,255,3,255]}
			}
		},
		"677": {"c": 100, "go": [0,3.377,3.013,1.623], "gu": [1,1,2,2,1],
			"r": {
				"2": {"c": 100, "go": [0,0,0,1], "gu": [255,255,255,255,3]},
				"8": {"c": 100, "go": [0,0,0,1], "gu": [255,255,255,3,255]},
				"10": {"c": 100, "go": [0,0,0,2], "gu": [255,255,255,3,3]},
				"32": {"c": 100, "go": [0,1,0,0.5], "gu": [255,255,1,255,255],
					"r": {
						"32": {"c": 100, "go": [0,0,0,1], "gu": [255,255,3,255,255]}
					}
				},
				"33": {"c": 100, "go": [0,1,0,1], "gu": [255,255,1,255,3]},
				"34": {"c": 100, "go": [0,0,0,2], "gu": [255,255,3,255,3]},
				"80": {"c": 100, "go": [0,1,1,0], "gu": [255,2,1,255,255]},
				"81": {"c": 100, "go": [0,1,1,1], "gu": [255,2,1,255,3]},
				"84": {"c": 100, "go": [0,1,1,1], "gu": [255,2,1,3,255]},
				"85": {"c": 100, "go": [0,1,1,2], "gu": [255,2,1,3,3]},
				"96": {"c": 100, "go": [0,1,0,1], "gu": [255,3,1,255,255]},
				"97": {"c": 100, "go": [0,1,0,2], "gu": [255,3,1,255,3]},
				"128": {"c": 100, "go": [0,0,1,0.5], "gu": [255,2,255,255,255],
					"r": {
						"128": {"c": 100, "go": [0,0,0,1], "gu": [255,3,255,255,255]}
					}
				},
				"130": {"c": 100, "go": [0,0,1,1.5], "gu": [255,2,255,255,3],
					"r": {
						"128": {"c": 100, "go": [0,0,0,1], "gu": [255,3,255,255,255]}
					}
				},
				"132": {"c": 100, "go": [0,0,1,1], "gu": [255,2,255,3,255]},
				"134": {"c": 100, "go": [0,0,1,2], "gu": [255,2,255,3,3]},
				"136": {"c": 100, "go": [0,0,0,2], "gu": [255,3,255,3,255]},
				"138": {"c": 100, "go": [0,0,0,3], "gu": [255,3,255,3,3]},
				"144": {"c": 100, "go": [0,0,1,1], "gu": [255,2,3,255,255]},
				"146": {"c": 100, "go": [0,0,1,2], "gu": [255,2,3,255,3]},
				"148": {"c": 100, "go": [0,0,1,2], "gu": [255,2,3,3,255]},
				"150": {"c": 100, "go": [0,0,1,3], "gu": [255,2,3,3,3]},
				"160": {"c": 100, "go": [0,0,0,2], "gu": [255,3,3,255,255]},
				"162": {"c": 100, "go": [0,0,0,3], "gu": [255,3,3,255,3]},
				"272": {"c": 100, "go": [0,1,1,0], "gu": [2,255,1,255,255]},
				"273": {"c": 100, "go": [0,1,1,1], "gu": [2,255,1,255,3]},
				"276": {"c": 100, "go": [0,1,1,1], "gu": [2,255,1,3,255]},
				"277": {"c": 100, "go": [0,1,1,2], "gu": [2,255,1,3,3]},
				"288": {"c": 100, "go": [0,1,0,1], "gu": [3,255,1,255,255]},
				"289": {"c": 100, "go": [0,1,0,2], "gu": [3,255,1,255,3]},
				"336": {"c": 100, "go": [0,1,2,0.667], "gu": [2,2,1,255,255],
					"r": {
						"128": {"c": 100, "go": [0,0,0,1], "gu": [255,3,255,255,255]},
						"512": {"c": 100, "go": [0,0,0,1], "gu": [3,255,255,255,255]}
					}
				},
				"337": {"c": 100, "go": [0,1,2,1.667], "gu": [2,2,1,255,3],
					"r": {
						"128": {"c": 100, "go": [0,0,0,1], "gu": [255,3,255,255,255]},
						"512": {"c": 100, "go": [0,0,0,1], "gu": [3,255,255,255,255]}
					}
				},
				"340": {"c": 100, "go": [0,1,2,1.667], "gu": [2,2,1,3,255],
					"r": {
						"128": {"c": 100, "go": [0,0,0,1], "gu": [255,3,255,255,255]},
						"512": {"c": 100, "go": [0,0,0,1], "gu": [3,255,255,255,255]}
					}
				},
				"341": {"c": 100, "go": [0,1,2,2.667], "gu": [2,2,1,3,3],
					"r": {
						"128": {"c": 100, "go": [0,0,0,1], "gu": [255,3,255,255,255]},
						"512": {"c": 100, "go": [0,0,0,1], "gu": [3,255,255,255,255]}
					}
				},
				"352": {"c": 100, "go": [0,1,0,2], "gu": [3,3,1,255,255]},
				"353": {"c": 100, "go": [0,1,0,3], "gu": [3,3,1,255,3]},
				"512": {"c": 100, "go": [0,0,1,0.5], "gu": [2,255,255,255,255],
					"r": {
						"512": {"c": 100, "go": [0,0,0,1], "gu": [3,255,255,255,255]}
					}
				},
				"514": {"c": 100, "go": [0,0,1,1.5], "gu": [2,255,255,255,3],
					"r": {
						"512": {"c": 100, "go": [0,0,0,1], "gu": [3,255,255,255,255]}
					}
				},
				"516": {"c": 100, "go": [0,0,1,1], "gu": [2,255,255,3,255]},
				"518": {"c": 100, "go": [0,0,1,2], "gu": [2,255,255,3,3]},
				"520": {"c": 100, "go": [0,0,0,2], "gu": [3,255,255,3,255]},
				"522": {"c": 100, "go": [0,0,0,3], "gu": [3,255,255,3,3]},
				"528": {"c": 100, "go": [0,0,1,1], "gu": [2,255,3,255,255]},
				"530": {"c": 100, "go": [0,0,1,2], "gu": [2,255,3,255,3]},
				"532": {"c": 100, "go": [0,0,1,2], "gu": [2,255,3,3,255]},
				"534": {"c": 100, "go": [0,0,1,3], "gu": [2,255,3,3,3]},
				"544": {"c": 100, "go": [0,0,0,2], "gu": [3,255,3,255,255]},
				"546": {"c": 100, "go": [0,0,0,3], "gu": [3,255,3,255,3]},
				"640": {"c": 100, "go": [0,0,2,1], "gu": [2,2,255,255,255],
					"r": {
						"128": {"c": 100, "go": [0,0,0,1], "gu": [255,3,255,255,255]},
						"512": {"c": 100, "go": [0,0,0,1], "gu": [3,255,255,255,255]},
						"640": {"c": 100, "go": [0,0,0,2], "gu": [3,3,255,255,255]}
					}
				},
				"644": {"c": 100, "go": [0,0,2,1.667], "gu": [2,2,255,3,255],
					"r": {
						"128": {"c": 100, "go": [0,0,0,1], "gu": [255,3,255,255,255]},
						"512": {"c": 100, "go": [0,0,0,1], "gu": [3,255,255,255,255]}
					}
				},
				"648": {"c": 100, "go": [0,0,0,3], "gu": [3,3,255,3,255]},
				"656": {"c": 100, "go": [0,0,2,1.667], "gu": [2,2,3,255,255],
					"r": {
						"128": {"c": 100, "go": [0,0,0,1], "gu": [255,3,255,255,255]},
						"512": {"c": 100, "go": [0,0,0,1], "gu": [3,255,255,255,255]}
					}
				},
				"660": {"c": 100, "go": [0,0,2,2.667], "gu": [2,2,3,3,255],
					"r": {
						"128": {"c": 100, "go": [0,0,0,1], "gu": [255,3,255,255,255]},
						"512": {"c": 100, "go": [0,0,0,1], "gu": [3,255,255,255,255]}
					}
				},
				"672": {"c": 100, "go": [0,0,0,3], "gu": [3,3,3,255,255]}
			}
		},
		"678": {"c": 100, "go": [0,4,0,2.867], "gu": [1,1,1,3,1],
			"r": {
				"2": {"c": 100, "go": [0,0,0,1], "gu": [255,255,255,255,3]},
				"32": {"c": 100, "go": [0,0,0,1], "gu": [255,255,3,255,255]},
				"34": {"c": 100, "go": [0,0,0,2], "gu": [255,255,3,255,3]},
				"128": {"c": 100, "go": [0,0,0,1], "gu": [255,3,255,255,255]},
				"130": {"c": 100, "go": [0,0,0,2], "gu": [255,3,255,255,3]},
				"160": {"c": 100, "go": [0,0,0,2], "gu": [255,3,3,255,255]},
				"162": {"c": 100, "go": [0,0,0,3], "gu": [255,3,3,255,3]},
				"512": {"c": 100, "go": [0,0,0,1], "gu": [3,255,255,255,255]},
				"514": {"c": 100, "go": [0,0,0,2], "gu": [3,255,255,255,3]},
				"544": {"c": 100, "go": [0,0,0,2], "gu": [3,255,3,255,255]},
				"546": {"c": 100, "go": [0,0,0,3], "gu": [3,255,3,255,3]},
				"640": {"c": 100, "go": [0,0,0,2], "gu": [3,3,255,255,255]},
				"642": {"c": 100, "go": [0,0,0,3], "gu": [3,3,255,255,3]},
				"672": {"c": 100, "go": [0,0,0,3], "gu": [3,3,3,255,255]}
			}
		},
		"680": {"c": 100, "go": [0,0,4,2], "gu": [2,2,2,2,255],
			"r": {
				"8": {"c": 100, "go": [0,0,0,1], "gu": [255,255,255,3,255]},
				"32": {"c": 100, "go": [0,0,0,1], "gu": [255,255,3,255,255]},
				"40": {"c": 100, "go": [0,0,0,2], "gu": [255,255,3,3,255]},
				"128": {"c": 100, "go": [0,0,0,1], "gu": [255,3,255,255,255]},
				"136": {"c": 100, "go": [0,0,0,2], "gu": [255,3,255,3,255]},
				"160": {"c": 100, "go": [0,0,0,2], "gu": [255,3,3,255,255]},
				"168": {"c": 100, "go": [0,0,0,3], "gu": [255,3,3,3,255]},
				"512": {"c": 100, "go": [0,0,0,1], "gu": [3,255,255,255,255]},
				"520": {"c": 100, "go": [0,0,0,2], "gu": [3,255,255,3,255]},
				"544": {"c": 100, "go": [0,0,0,2], "gu": [3,255,3,255,255]},
				"552": {"c": 100, "go": [0,0,0,3], "gu": [3,255,3,3,255]},
				"640": {"c": 100, "go": [0,0,0,2], "gu": [3,3,255,255,255]},
				"648": {"c": 100, "go": [0,0,0,3], "gu": [3,3,255,3,255]},
				"672": {"c": 100, "go": [0,0,0,3], "gu": [3,3,3,255,255]},
				"680": {"c": 100, "go": [0,0,0,4], "gu": [3,3,3,3,255]}
			}
		},
		"681": {"c": 100, "go": [0,0,4,2.867], "gu": [2,2,2,2,3],
			"r": {
				"8": {"c": 100, "go": [0,0,0,1], "gu": [255,255,255,3,255]},
				"32": {"c": 100, "go": [0,0,0,1], "gu": [255,255,3,255,255]},
				"40": {"c": 100, "go": [0,0,0,2], "gu": [255,255,3,3,255]},
				"128": {"c": 100, "go": [0,0,0,1], "gu": [255,3,255,255,255]},
				"136": {"c": 100, "go": [0,0,0,2], "gu": [255,3,255,3,255]},
				"160": {"c": 100, "go": [0,0,0,2], "gu": [255,3,3,255,255]},
				"168": {"c": 100, "go": [0,0,0,3], "gu": [255,3,3,3,255]},
				"512": {"c": 100, "go": [0,0,0,1], "gu": [3,255,255,255,255]},
				"520": {"c": 100, "go": [0,0,0,2], "gu": [3,255,255,3,255]},
				"544": {"c": 100, "go": [0,0,0,2], "gu": [3,255,3,255,255]},
				"552": {"c": 100, "go": [0,0,0,3], "gu": [3,255,3,3,255]},
				"640": {"c": 100, "go": [0,0,0,2], "gu": [3,3,255,255,255]},
				"648": {"c": 100, "go": [0,0,0,3], "gu": [3,3,255,3,255]},
				"672": {"c": 100, "go": [0,0,0,3], "gu": [3,3,3,255,255]}
			}
		},
		"682": {"c": 100, "go": [0,0,0,5], "gu": [3,3,3,3,3]}
	}

}
